# File generated by ImageToStl.com - Free Image and 3D model conversion tools

mtllib doge_coin_sketchfab.mtl

o obj1
v 0.82168317 -0.10139275 -0.5490306
v 0.88224643 -0.09917355 -0.47157007
v 0.83177948 -0.09917355 -0.55577672
v 0.91300529 -0.10139275 -0.37817866
v 0.87153757 -0.10139275 -0.465846
v 0.92422372 -0.09917355 -0.38282537
v 0.88769281 -0.08364105 -0.47448105
v 0.8369143 -0.08364105 -0.55920768
v 0.69878417 -0.10139275 -0.69878393
v 0.77329558 -0.09917355 -0.63462687
v 0.7073704 -0.09917355 -0.7073701
v 0.76390916 -0.10139275 -0.62692362
v 0.77806938 -0.08364105 -0.63854462
v 0.71173722 -0.08364105 -0.71173704
v 0.54903132 -0.10139275 -0.82168311
v 0.6346274 -0.09917355 -0.77329546
v 0.55577749 -0.09917355 -0.83177954
v 0.6269241 -0.10139275 -0.76390904
v 0.6385451 -0.08364105 -0.77806932
v 0.55920845 -0.08364105 -0.83691424
v 0.37817949 -0.10139275 -0.91300529
v 0.47157079 -0.09917355 -0.8822462
v 0.38282633 -0.09917355 -0.92422384
v 0.46584678 -0.10139275 -0.87153763
v 0.47448197 -0.08364105 -0.88769275
v 0.38518971 -0.08364105 -0.92992884
v 0.1927945 -0.10139275 -0.96924144
v 0.2903921 -0.09917355 -0.95729297
v 0.19516337 -0.09917355 -0.98115057
v 0.2868672 -0.10139275 -0.94567353
v 0.29218465 -0.08364105 -0.96320266
v 0.19636816 -0.08364105 -0.98720759
v 0 -0.10139275 -0.98822981
v 0.09805369 -0.09917355 -0.99555153
v 0 -0.09917355 -1.00037253
v 0.09686345 -0.10139275 -0.9834674
v 0.09865898 -0.08364105 -1.00169742
v 0 -0.08364105 -1.00654781
v -0.19279379 -0.10139275 -0.96924156
v -0.09805292 -0.09917355 -0.99555176
v -0.19516259 -0.09917355 -0.98115069
v -0.09686273 -0.10139275 -0.98346764
v -0.09865826 -0.08364105 -1.00169742
v -0.19636744 -0.08364105 -0.98720759
v -0.37817866 -0.10139275 -0.91300529
v -0.29039115 -0.09917355 -0.95729309
v -0.38282567 -0.09917355 -0.92422372
v -0.28686649 -0.10139275 -0.94567341
v -0.29218394 -0.08364105 -0.96320266
v -0.38518876 -0.08364105 -0.92992884
v -0.54903048 -0.10139275 -0.82168311
v -0.47156996 -0.09917355 -0.8822462
v -0.55577689 -0.09917355 -0.83177942
v -0.46584624 -0.10139275 -0.87153751
v -0.47448152 -0.08364105 -0.88769263
v -0.55920774 -0.08364105 -0.83691424
v -0.69878358 -0.10139275 -0.69878399
v -0.63462669 -0.09917355 -0.77329546
v -0.70736986 -0.09917355 -0.70737022
v -0.6269235 -0.10139275 -0.76390892
v -0.6385445 -0.08364105 -0.77806932
v -0.71173662 -0.08364105 -0.71173704
v -0.82168263 -0.10139275 -0.54903084
v -0.77329487 -0.09917355 -0.63462716
v -0.83177906 -0.09917355 -0.55577713
v -0.76390868 -0.10139275 -0.6269238
v -0.77806884 -0.08364105 -0.63854504
v -0.83691376 -0.08364105 -0.55920845
v -0.91300493 -0.10139275 -0.37817895
v -0.88224608 -0.09917355 -0.47157049
v -0.92422348 -0.09917355 -0.38282591
v -0.87153715 -0.10139275 -0.4658463
v -0.88769239 -0.08364105 -0.47448188
v -0.92992872 -0.08364105 -0.38518941
v -0.96924096 -0.10139275 -0.19279429
v -0.95729262 -0.09917355 -0.2903918
v -0.98115033 -0.09917355 -0.19516316
v -0.94567305 -0.10139275 -0.28686684
v -0.9632023 -0.08364105 -0.29218447
v -0.98720723 -0.08364105 -0.19636798
v -0.98822922 -0.10139275 -3.3E-07
v -0.99555093 -0.09917355 -0.09805358
v -1.00037217 -0.09917355 -3E-07
v -0.9834668 -0.10139275 -0.09686337
v -1.00169694 -0.08364105 -0.09865884
v -1.00654757 -0.08364105 -3.3E-07
v -0.96924073 -0.10139275 0.19279376
v -0.99555093 -0.09917355 0.09805285
v -0.98115021 -0.09917355 0.19516259
v -0.9834668 -0.10139275 0.09686274
v -1.00169694 -0.08364105 0.09865817
v -0.98720711 -0.08364105 0.19636735
v -0.18272954 -0.07732414 0.91864341
v -0.27456817 -0.08276878 0.90512973
v -0.18452853 -0.08276878 0.92768741
v -0.35843694 -0.07732414 0.86534315
v -0.27189139 -0.07732414 0.89630568
v -0.36196575 -0.08276878 0.87386245
v -0.27687639 -0.09867096 0.91273946
v -0.1860798 -0.09867096 0.93548673
v 0 -0.07732414 0.93664122
v -0.09271028 -0.08276878 0.94130385
v 0 -0.08276878 0.94586241
v -0.0918065 -0.07732414 0.93212712
v -0.09348983 -0.09867096 0.94921762
v 0 -0.09867096 0.95381451
v -0.91300482 -0.10139275 0.37817889
v -0.95729262 -0.09917355 0.29039133
v -0.92422324 -0.09917355 0.38282567
v -0.94567281 -0.10139275 0.28686658
v -0.96320206 -0.08364105 0.29218397
v -0.9299286 -0.08364105 0.38518897
v -0.82168263 -0.10139275 0.54903054
v -0.88224596 -0.09917355 0.4715701
v -0.83177906 -0.09917355 0.55577672
v -0.87153715 -0.10139275 0.46584606
v -0.88769239 -0.08364105 0.47448134
v -0.83691388 -0.08364105 0.55920786
v 0.19279289 -0.10139275 0.96924096
v 0.09805256 -0.09917355 0.99555099
v 0.1951617 -0.09917355 0.98115027
v 0 -0.10139275 0.98822933
v 0.09686244 -0.10139275 0.98346698
v 0 -0.09917355 1.00037193
v 0.09865785 -0.08364105 1.00169671
v 0.19636655 -0.08364105 0.98720711
v -0.69878358 -0.10139275 0.6987834
v -0.77329499 -0.09917355 0.63462663
v -0.70736986 -0.09917355 0.70736969
v -0.7639088 -0.10139275 0.62692332
v -0.77806896 -0.08364105 0.63854444
v -0.71173662 -0.08364105 0.71173656
v 0.18272859 -0.07732414 0.91864419
v 0.0927098 -0.08276878 0.94130439
v 0.18452738 -0.08276878 0.92768824
v 0.09180584 -0.07732414 0.93212754
v 0.09348911 -0.09867096 0.94921803
v 0.18607891 -0.09867096 0.93548739
v 0.37817782 -0.10139275 0.91300523
v 0.29039031 -0.09917355 0.9572928
v 0.3828246 -0.09917355 0.92422366
v 0.28686541 -0.10139275 0.94567311
v 0.29218286 -0.08364105 0.96320248
v 0.38518786 -0.08364105 0.9299292
v 0.35843575 -0.07732414 0.86534411
v 0.27456698 -0.08276878 0.90513057
v 0.36196455 -0.08276878 0.87386334
v 0.27189022 -0.07732414 0.89630657
v 0.27687532 -0.09867096 0.91274029
v 0.3650077 -0.09867096 0.88121003
v 0.52036893 -0.07732414 0.77878934
v 0.4458735 -0.08276878 0.8341735
v 0.52549189 -0.08276878 0.78645653
v 0.44152668 -0.07732414 0.82604122
v 0.44962204 -0.09867096 0.84118652
v 0.52990979 -0.09867096 0.79306841
v -0.5490306 -0.10139275 0.82168257
v -0.63462681 -0.09917355 0.77329493
v -0.55577701 -0.09917355 0.83177894
v -0.62692362 -0.10139275 0.76390851
v -0.63854462 -0.08364105 0.77806872
v -0.55920786 -0.08364105 0.8369137
v 0.6623044 -0.07732414 0.66230583
v 0.60004538 -0.08276878 0.73115927
v 0.66882479 -0.08276878 0.66882628
v 0.5941956 -0.07732414 0.72403127
v 0.60509008 -0.09867096 0.7373063
v 0.67444772 -0.09867096 0.67444932
v 0.54902977 -0.10139275 0.82168341
v 0.47156909 -0.09917355 0.88224643
v 0.55577588 -0.09917355 0.83177978
v 0.46584511 -0.10139275 0.87153763
v 0.47448024 -0.08364105 0.88769293
v 0.55920684 -0.08364105 0.83691454
v 0.77878809 -0.07732414 0.52037066
v 0.73115784 -0.08276878 0.60004699
v 0.78645515 -0.08276878 0.52549374
v 0.72402978 -0.07732414 0.59419721
v 0.73730487 -0.09867096 0.60509175
v 0.79306704 -0.09867096 0.52991164
v 0.86534321 -0.07732414 0.35843787
v 0.83417225 -0.08276878 0.44587559
v 0.87386245 -0.08276878 0.36196679
v 0.82604003 -0.07732414 0.44152865
v 0.84118545 -0.09867096 0.44962409
v 0.88120925 -0.09867096 0.36500987
v -0.37817889 -0.10139275 0.91300476
v -0.47157019 -0.09917355 0.88224578
v -0.38282603 -0.09917355 0.92422312
v -0.46584636 -0.10139275 0.87153703
v -0.47448164 -0.08364105 0.88769215
v -0.385189 -0.08364105 0.92992842
v 0.91864371 -0.07732414 0.18273047
v 0.90512997 -0.08276878 0.27456918
v 0.9276877 -0.08276878 0.18452947
v 0.89630592 -0.07732414 0.27189234
v 0.91273963 -0.09867096 0.27687752
v 0.93548697 -0.09867096 0.18608081
v 0.69878286 -0.10139275 0.69878441
v 0.63462585 -0.09917355 0.77329582
v 0.70736903 -0.09917355 0.70737064
v 0.62692267 -0.10139275 0.76390946
v 0.63854355 -0.08364105 0.77806967
v 0.71173584 -0.08364105 0.71173751
v 0.93664122 -0.07732414 6.2E-07
v 0.94130403 -0.08276878 0.09271112
v 0.94586241 -0.08276878 6.2E-07
v 0.93212724 -0.07732414 0.09180726
v 0.9492178 -0.09867096 0.0934905
v 0.95381445 -0.09867096 6.2E-07
v 0.91864407 -0.07732414 -0.18272924
v 0.94130421 -0.08276878 -0.09270987
v 0.92768806 -0.08276878 -0.18452823
v 0.93212742 -0.07732414 -0.09180602
v 0.94921798 -0.09867096 -0.0934893
v 0.93548733 -0.09867096 -0.18607956
v -0.19279391 -0.10139275 0.96924084
v -0.29039127 -0.09917355 0.95729256
v -0.19516295 -0.09917355 0.98115021
v -0.28686672 -0.10139275 0.94567281
v -0.29218429 -0.08364105 0.96320218
v -0.19636768 -0.08364105 0.987207
v 0.86534393 -0.07732414 -0.3584367
v 0.90513051 -0.08276878 -0.27456799
v 0.87386316 -0.08276878 -0.36196551
v 0.89630646 -0.07732414 -0.27189124
v 0.91274017 -0.09867096 -0.27687633
v 0.88120991 -0.09867096 -0.36500865
v 0.82168216 -0.10139275 0.54903144
v 0.77329433 -0.09917355 0.63462758
v 0.83177841 -0.09917355 0.55577767
v 0.76390791 -0.10139275 0.62692428
v 0.77806813 -0.08364105 0.63854545
v 0.83691323 -0.08364105 0.55920875
v -0.09508115 -0.10105228 0.96537548
v 0 -0.10105228 0.97005051
v -0.18924731 -0.10105228 0.95141101
v -0.09686297 -0.10139275 0.98346692
v -0.28158957 -0.10105228 0.92827654
v -0.36500889 -0.09867096 0.88120925
v -0.37122232 -0.10105228 0.89620954
v -0.45727652 -0.10105228 0.85550451
v -0.52991062 -0.09867096 0.79306746
v -0.44962293 -0.09867096 0.84118563
v -0.53893107 -0.10105228 0.80656731
v -0.61539096 -0.10105228 0.74985594
v -0.67444843 -0.09867096 0.67444831
v -0.60509092 -0.09867096 0.73730528
v -0.68592912 -0.10105228 0.68592894
v -0.74985605 -0.10105228 0.61539072
v -0.79306751 -0.09867096 0.52991068
v -0.73730546 -0.09867096 0.60509086
v -0.80656749 -0.10105228 0.53893089
v -0.85550469 -0.10105228 0.45727664
v -0.88120943 -0.09867096 0.36500895
v -0.84118587 -0.09867096 0.44962317
v -0.89620978 -0.10105228 0.37122217
v -0.9282766 -0.10105228 0.2815896
v -0.93548697 -0.09867096 0.18607986
v -0.91273969 -0.09867096 0.27687657
v -0.95141107 -0.10105228 0.18924728
v -0.96537536 -0.10105228 0.09508092
v -0.95381421 -0.09867096 -3E-07
v -0.94921774 -0.09867096 0.09348958
v -0.97005051 -0.10105228 -3.3E-07
v -0.96537536 -0.10105228 -0.09508163
v -0.93548709 -0.09867096 -0.18608034
v -0.94921786 -0.09867096 -0.09349022
v -0.95141119 -0.10105228 -0.18924776
v -0.92827672 -0.10105228 -0.28158975
v -0.88120955 -0.09867096 -0.36500889
v -0.91273981 -0.09867096 -0.27687681
v -0.89620978 -0.10105228 -0.37122214
v -0.85550469 -0.10105228 -0.45727682
v -0.7930674 -0.09867096 -0.5299111
v -0.84118575 -0.09867096 -0.44962335
v -0.80656737 -0.10105228 -0.53893119
v -0.74985605 -0.10105228 -0.61539119
v -0.67444855 -0.09867096 -0.67444879
v -0.73730546 -0.09867096 -0.60509133
v -0.68592912 -0.10105228 -0.68592942
v -0.61539096 -0.10105228 -0.74985653
v -0.52991062 -0.09867096 -0.79306787
v -0.60509092 -0.09867096 -0.73730582
v -0.53893095 -0.10105228 -0.80656797
v -0.45727664 -0.10105228 -0.85550505
v -0.36500865 -0.09867096 -0.88120979
v -0.44962305 -0.09867096 -0.84118623
v -0.37122208 -0.10105228 -0.89621025
v -0.28158921 -0.10105228 -0.92827731
v -0.18607968 -0.09867096 -0.93548781
v -0.27687627 -0.09867096 -0.91274029
v -0.18924731 -0.10105228 -0.9514119
v -0.09508079 -0.10105228 -0.96537632
v 0 -0.09867096 -0.9538148
v -0.09348947 -0.09867096 -0.94921857
v 0 -0.10105228 -0.97005099
v 0.09508157 -0.10105228 -0.96537608
v 0.1860804 -0.09867096 -0.93548721
v 0.09349018 -0.09867096 -0.94921821
v 0.18924791 -0.10105228 -0.95141155
v 0.28159022 -0.10105228 -0.92827708
v 0.36500943 -0.09867096 -0.88120979
v 0.27687705 -0.09867096 -0.91274005
v 0.37122267 -0.10105228 -0.89621013
v 0.4572773 -0.10105228 -0.85550505
v 0.52991134 -0.09867096 -0.79306799
v 0.44962367 -0.09867096 -0.84118611
v 0.53893167 -0.10105228 -0.80656785
v 0.61539155 -0.10105228 -0.74985641
v 0.67444909 -0.09867096 -0.67444867
v 0.60509157 -0.09867096 -0.73730582
v 0.68592972 -0.10105228 -0.68592936
v 0.74985665 -0.10105228 -0.6153909
v 0.79306805 -0.09867096 -0.52991056
v 0.73730606 -0.09867096 -0.60509092
v 0.80656791 -0.10105228 -0.53893089
v 0.85550517 -0.10105228 -0.45727664
v 0.84118629 -0.09867096 -0.44962287
v 0.89621013 -0.10105228 -0.3712219
v 0.92827708 -0.10105228 -0.28158939
v 0.95141143 -0.10105228 -0.18924701
v 0.94567323 -0.10139275 -0.28686631
v 0.96537578 -0.10105228 -0.09508071
v 0.97005051 -0.10105228 6.5E-07
v 0.98346716 -0.10139275 -0.09686244
v 0.96924108 -0.10139275 -0.19279343
v 0.9653756 -0.10105228 0.09508192
v 0.95141107 -0.10105228 0.18924825
v 0.98346698 -0.10139275 0.09686366
v 0.98822951 -0.10139275 6.2E-07
v 0.92827654 -0.10105228 0.28159055
v 0.89620942 -0.10105228 0.37122312
v 0.94567269 -0.10139275 0.28686753
v 0.96924078 -0.10139275 0.19279471
v 0.85550433 -0.10105228 0.4572776
v 0.80656689 -0.10105228 0.53893179
v 0.87153667 -0.10139275 0.46584702
v 0.91300464 -0.10139275 0.37817985
v 0.74985546 -0.10105228 0.61539161
v 0.68592834 -0.10105228 0.68592989
v 0.61539012 -0.10105228 0.74985689
v 0.53893012 -0.10105228 0.80656821
v 0.45727563 -0.10105228 0.85550529
v 0.37122101 -0.10105228 0.89621019
v 0.28158844 -0.10105228 0.92827702
v 0.1892463 -0.10105228 0.95141143
v 0.09508055 -0.10105228 0.96537572
v -0.4458746 -0.08276878 0.83417243
v -0.52036977 -0.07732414 0.77878839
v -0.44152784 -0.07732414 0.82604015
v -0.52549273 -0.08276878 0.78645551
v -0.6000461 -0.08276878 0.73115832
v -0.66230512 -0.07732414 0.66230488
v -0.59419644 -0.07732414 0.7240302
v -0.66882551 -0.08276878 0.66882533
v -0.73115861 -0.08276878 0.60004616
v -0.77878857 -0.07732414 0.52036977
v -0.72403038 -0.07732414 0.59419626
v -0.78645557 -0.08276878 0.52549285
v -0.8341729 -0.08276878 0.44587463
v -0.86534339 -0.07732414 0.35843694
v -0.82604045 -0.07732414 0.44152772
v -0.8738628 -0.08276878 0.36196581
v -0.90512997 -0.08276878 0.27456823
v -0.91864371 -0.07732414 0.1827295
v -0.89630592 -0.07732414 0.27189139
v -0.92768759 -0.08276878 0.18452851
v -0.94130373 -0.08276878 0.09271017
v -0.9366411 -0.07732414 -3E-07
v -0.93212706 -0.07732414 0.09180633
v -0.94586223 -0.08276878 -3.3E-07
v -0.09805304 -0.09917355 0.99555099
v -0.0986585 -0.08364105 1.00169671
v 0 -0.08364105 1.00654733
v -0.94130385 -0.08276878 -0.09271079
v -0.91864383 -0.07732414 -0.18272999
v -0.93212718 -0.07732414 -0.09180699
v -0.9276877 -0.08276878 -0.18452898
v 0.88224554 -0.09917355 0.47157109
v 0.92422301 -0.09917355 0.38282663
v 0.88769192 -0.08364105 0.4744823
v 0.92992854 -0.08364105 0.38518989
v -0.90512985 -0.08276878 -0.27456847
v -0.86534351 -0.07732414 -0.358437
v -0.89630604 -0.07732414 -0.27189168
v -0.8738628 -0.08276878 -0.36196586
v -0.8341729 -0.08276878 -0.44587472
v -0.77878845 -0.07732414 -0.52037013
v -0.82604045 -0.07732414 -0.44152802
v -0.78645569 -0.08276878 -0.52549326
v -0.73115849 -0.08276878 -0.60004658
v -0.66230512 -0.07732414 -0.66230541
v -0.72403026 -0.07732414 -0.5941968
v -0.66882551 -0.08276878 -0.66882586
v 0.9572925 -0.09917355 0.29039228
v 0.98115015 -0.09917355 0.19516355
v 0.96320218 -0.08364105 0.29218489
v 0.98720711 -0.08364105 0.19636831
v -0.6000461 -0.08276878 -0.73115873
v -0.52036965 -0.07732414 -0.77878892
v -0.59419632 -0.07732414 -0.72403073
v -0.52549273 -0.08276878 -0.78645605
v -0.44587448 -0.08276878 -0.83417302
v -0.3584367 -0.07732414 -0.86534363
v -0.44152772 -0.07732414 -0.82604069
v -0.36196551 -0.08276878 -0.87386316
v -0.27456793 -0.08276878 -0.9051308
v -0.1827293 -0.07732414 -0.91864455
v -0.27189118 -0.07732414 -0.89630663
v -0.18452841 -0.08276878 -0.92768842
v 0.99555117 -0.09917355 0.09805384
v 1.00037229 -0.09917355 6.2E-07
v 1.00169706 -0.08364105 0.09865912
v 1.00654781 -0.08364105 6.2E-07
v -0.09271004 -0.08276878 -0.9413048
v 0 -0.07732414 -0.93664169
v -0.09180626 -0.07732414 -0.93212801
v 0 -0.08276878 -0.94586295
v 0.09271076 -0.08276878 -0.94130433
v 0.18273008 -0.07732414 -0.91864395
v 0.09180692 -0.07732414 -0.93212765
v 0.18452901 -0.08276878 -0.9276877
v 0.27456865 -0.08276878 -0.90513021
v 0.35843754 -0.07732414 -0.86534375
v 0.27189192 -0.07732414 -0.89630628
v 0.36196637 -0.08276878 -0.87386292
v 0.99555129 -0.09917355 -0.09805266
v 0.98115045 -0.09917355 -0.19516233
v 1.00169718 -0.08364105 -0.09865788
v 0.98720747 -0.08364105 -0.19636703
v 0.44587517 -0.08276878 -0.83417302
v 0.52037042 -0.07732414 -0.77878881
v 0.44152835 -0.07732414 -0.8260408
v 0.52549344 -0.08276878 -0.78645605
v 0.60004681 -0.08276878 -0.73115885
v 0.66230571 -0.07732414 -0.66230518
v 0.59419703 -0.07732414 -0.72403073
v 0.6688261 -0.08276878 -0.66882569
v 0.73115903 -0.08276878 -0.60004622
v 0.77878904 -0.07732414 -0.52036965
v 0.72403097 -0.07732414 -0.59419638
v 0.78645617 -0.08276878 -0.52549267
v 0.95729303 -0.09917355 -0.29039115
v 0.96320271 -0.08364105 -0.29218364
v 0.92992926 -0.08364105 -0.38518864
v 0.83417314 -0.08276878 -0.44587436
v 0.82604092 -0.07732414 -0.44152755
v 0 -0.07460278 0.85323024
v -0.09000287 -0.07494235 0.90772033
v 0 -0.07494235 0.91211236
v -0.08843627 -0.07460278 0.84914988
v -0.17914958 -0.07494235 0.89460337
v -0.17610009 -0.07460278 0.83697504
v -0.26659152 -0.07494235 0.87287778
v -0.26224214 -0.07460278 0.81684339
v -0.35151109 -0.07494235 0.84277737
v -0.34620416 -0.07460278 0.78904831
v -0.43312672 -0.07494235 0.80460215
v -0.42750263 -0.07460278 0.75403321
v -0.51077068 -0.07494235 0.75879955
v -0.50625658 -0.07460278 0.7126838
v -0.58336461 -0.07494235 0.70629644
v -0.58036643 -0.07460278 0.6680215
v -0.64856285 -0.07494235 0.64856261
v -0.66802186 -0.07460278 0.58036613
v -0.6336391 -0.07460278 0.63363874
v -0.71268409 -0.07460278 0.50625628
v -0.70629638 -0.07494235 0.58336431
v -0.75879985 -0.07494235 0.51077044
v -0.75403345 -0.07460278 0.42750201
v -0.78904861 -0.07460278 0.34620366
v -0.80460215 -0.07494235 0.43312648
v -0.84277755 -0.07494235 0.35151085
v -0.81684351 -0.07460278 0.26224166
v -0.8369751 -0.07460278 0.17609994
v -0.87287807 -0.07494235 0.26659137
v -0.89460367 -0.07494235 0.17914948
v -0.84915 -0.07460278 0.0884361
v -0.85323006 -0.07460278 -3E-07
v -0.90772027 -0.07494235 0.09000274
v -0.912112 -0.07494235 -3.3E-07
v -0.90772027 -0.07494235 -0.09000335
v -0.84914988 -0.07460278 -0.08843673
v -0.89460367 -0.07494235 -0.17915004
v -0.83697534 -0.07460278 -0.17610051
v -0.87287784 -0.07494235 -0.26659176
v -0.81684363 -0.07460278 -0.2622422
v -0.84277755 -0.07494235 -0.35151121
v -0.78904861 -0.07460278 -0.34620422
v -0.80460238 -0.07494235 -0.4331269
v -0.75403333 -0.07460182 -0.42750263
v -0.75879961 -0.07494235 -0.51077098
v -0.71268374 -0.07460182 -0.50625682
v -0.70629662 -0.07494235 -0.5833649
v -0.66802162 -0.07460182 -0.58036667
v -0.64856273 -0.07494235 -0.64856309
v -0.58036643 -0.07460182 -0.66802204
v -0.63363898 -0.07460182 -0.63363928
v -0.5062567 -0.07460182 -0.71268421
v -0.58336461 -0.07494235 -0.70629686
v -0.51077056 -0.07494235 -0.75879997
v -0.42750251 -0.07460182 -0.7540338
v -0.34620392 -0.07460182 -0.78904885
v -0.43312648 -0.07494235 -0.80460274
v -0.35151097 -0.07494235 -0.84277791
v -0.26224178 -0.07460182 -0.81684387
v -0.17609997 -0.07460182 -0.83697569
v -0.26659128 -0.07494235 -0.87287855
v -0.17914934 -0.07494235 -0.89460421
v -0.08843615 -0.07460182 -0.84915054
v 0 -0.07460182 -0.85323066
v -0.09000263 -0.07494235 -0.90772122
v 0 -0.07494235 -0.91211271
v 0.0900034 -0.07494235 -0.9077211
v 0.08843675 -0.07460182 -0.84915042
v 0.17915013 -0.07494235 -0.89460379
v 0.17610069 -0.07460182 -0.83697546
v 0.26659206 -0.07494235 -0.87287831
v 0.26224256 -0.07460182 -0.81684375
v 0.35151163 -0.07494235 -0.84277779
v 0.34620458 -0.07460182 -0.78904885
v 0.43312734 -0.07494235 -0.80460262
v 0.42750299 -0.07460182 -0.75403392
v 0.51077127 -0.07494235 -0.75879997
v 0.50625736 -0.07460182 -0.71268433
v 0.5833652 -0.07494235 -0.70629692
v 0.58036715 -0.07460182 -0.6680221
v 0.64856344 -0.07494235 -0.64856303
v 0.66802227 -0.07460182 -0.58036655
v 0.63363963 -0.07460182 -0.63363922
v 0.71268445 -0.07460182 -0.5062567
v 0.70629716 -0.07494235 -0.58336467
v 0.75880015 -0.07494235 -0.51077062
v 0.75403392 -0.07460182 -0.42750239
v 0.78904903 -0.07460278 -0.34620404
v 0.80460274 -0.07494235 -0.43312666
v 0.84277803 -0.07494235 -0.35151091
v 0.81684399 -0.07460278 -0.26224178
v 0.83697563 -0.07460278 -0.17609979
v 0.87287849 -0.07494235 -0.26659134
v 0.89460403 -0.07494235 -0.17914928
v 0.8491503 -0.07460278 -0.08843583
v 0.8532303 -0.07460278 5.6E-07
v 0.90772074 -0.07494235 -0.09000245
v 0.91211236 -0.07494235 6.2E-07
v 0.90772057 -0.07494235 0.09000369
v 0.84915006 -0.07460278 0.088437
v 0.89460367 -0.07494235 0.17915043
v 0.83697528 -0.07460278 0.17610085
v 0.87287796 -0.07494235 0.26659229
v 0.81684351 -0.07460278 0.26224259
v 0.84277737 -0.07494235 0.35151178
v 0.78904837 -0.07460278 0.34620458
v 0.80460191 -0.07494235 0.43312743
v 0.75403315 -0.07460278 0.42750293
v 0.75879925 -0.07494235 0.51077139
v 0.7126835 -0.07460278 0.50625724
v 0.70629603 -0.07494235 0.58336526
v 0.66802114 -0.07460278 0.58036703
v 0.64856219 -0.07494235 0.64856356
v 0.58036578 -0.07460278 0.66802239
v 0.6336385 -0.07460278 0.63363969
v 0.50625587 -0.07460278 0.71268475
v 0.58336389 -0.07494235 0.7062974
v 0.51076984 -0.07494235 0.75880045
v 0.42750156 -0.07460278 0.75403416
v 0.34620309 -0.07460278 0.78904927
v 0.43312579 -0.07494235 0.8046031
v 0.35150987 -0.07494235 0.84277827
v 0.26224089 -0.07460278 0.81684422
v 0.17609927 -0.07460278 0.83697581
v 0.26659039 -0.07494235 0.87287867
v 0.17914851 -0.07494235 0.89460415
v 0.08843573 -0.07460278 0.84915036
v 0.09000245 -0.07494235 0.90772086
v 0.09891176 0 1.00427473
v 0 -0.04591942 1.00881398
v 0 0 1.00913787
v 0.19680864 -0.04591942 0.98943031
v 0.09888005 -0.04591942 1.0039525
v 0.19687188 0 0.98974782
v 0.2928409 -0.04591942 0.96537155
v 0.38617927 0 0.93232256
v 0.29293483 0 0.96568149
v 0.47570142 0 0.88997769
v 0.38605535 -0.04591942 0.93202341
v 0.56046611 -0.04591942 0.8387993
v 0.47554874 -0.04591942 0.88969201
v 0.64018697 0 0.78007221
v 0.56064612 0 0.83906853
v 0.71356761 0 0.71356934
v 0.63998157 -0.04591942 0.77982187
v 0.7800706 0 0.64018893
v 0.71333867 -0.04591942 0.7133404
v 0.83906716 0 0.56064808
v 0.77982032 -0.04591942 0.63998348
v 0.88997656 0 0.47570348
v 0.83879793 -0.04591942 0.5604682
v 0.93202269 -0.04591942 0.38605732
v 0.889691 -0.04591942 0.47555083
v 0.96568114 0 0.29293686
v 0.93232191 0 0.38618124
v 0.98943025 -0.04591942 0.19681051
v 0.96537125 -0.04591942 0.29284286
v 1.00427508 0 0.09891304
v 0.98974788 0 0.19687368
v 1.00881457 -0.04591942 6.2E-07
v 1.00395286 -0.04591942 0.09888128
v 1.00913835 0 6.2E-07
v 1.00395298 -0.04591942 -0.09888
v 1.00427532 0 -0.0989118
v 0.98943061 -0.04591942 -0.19680926
v 0.96568167 0 -0.29293561
v 0.98974824 0 -0.19687241
v 0.93232262 0 -0.38617992
v 0.96537179 -0.04591942 -0.29284167
v 0.88997746 0 -0.47570223
v 0.93202341 -0.04591942 -0.38605601
v 0.83906823 0 -0.56064683
v 0.88969189 -0.04591942 -0.47554952
v 0.78007185 0 -0.64018792
v 0.838799 -0.04591942 -0.56046712
v 0.71356905 0 -0.71356881
v 0.77982157 -0.04591942 -0.63998264
v 0.64018857 0 -0.78007179
v 0.7133401 -0.04591942 -0.71333981
v 0.56064767 0 -0.83906811
v 0.63998312 -0.04591942 -0.77982146
v 0.4755505 -0.04591942 -0.88969153
v 0.56046778 -0.04591942 -0.83879894
v 0.38618106 0 -0.93232208
v 0.47570315 0 -0.88997728
v 0.29293668 0 -0.96568149
v 0.38605708 -0.04591942 -0.93202335
v 0.19681042 -0.04591942 -0.98943049
v 0.29284269 -0.04591942 -0.96537179
v 0.19687361 0 -0.9897483
v 0.09888119 -0.04591942 -1.0039531
v 0.09891289 0 -1.00427544
v 0 -0.04591942 -1.00881493
v 0 0 -1.00913846
v -0.09888035 -0.04591942 -1.0039531
v -0.09891218 0 -1.00427544
v -0.19680959 -0.04591942 -0.98943049
v -0.19687301 0 0.9897477
v -0.09888071 -0.04591942 1.00395238
v -0.19680995 -0.04591942 0.98943013
v -0.09891242 0 1.00427473
v -0.29293627 0 0.96568102
v -0.38605648 -0.04591942 0.93202263
v -0.38618034 0 0.93232167
v -0.29284221 -0.04591942 0.96537113
v -0.47570282 0 0.88997668
v -0.5604673 -0.04591942 0.83879834
v -0.56064695 0 0.83906764
v -0.47554976 -0.04591942 0.88969111
v -0.64018804 0 0.78007126
v -0.71333939 -0.04591942 0.71333945
v -0.71356839 0 0.71356839
v -0.6399824 -0.04591942 0.77982098
v -0.78007144 0 0.64018798
v -0.83879846 -0.04591942 0.56046724
v -0.83906776 0 0.56064713
v -0.77982098 -0.04591942 0.63998258
v -0.93232208 0 0.38618031
v -0.88969153 -0.04591942 0.47554988
v -0.93202287 -0.04591942 0.38605636
v -0.88997692 0 0.47570255
v -0.96568114 0 0.29293591
v -0.98943001 -0.04591942 0.19680956
v -0.98974782 0 0.19687271
v -0.96537131 -0.04591942 0.29284191
v -1.00427496 0 0.09891207
v -1.00881445 -0.04591942 -3E-07
v -1.00913799 0 -3.3E-07
v -1.0039525 -0.04591942 0.09888031
v -1.00427496 0 -0.09891275
v -0.98943025 -0.04591942 -0.19681016
v -0.98974806 0 -0.19687337
v -1.00395262 -0.04591942 -0.09888098
v -0.93232208 0 -0.38618088
v -0.96537131 -0.04591942 -0.29284257
v -0.93202311 -0.04591942 -0.38605702
v -0.96568137 0 -0.2929365
v -0.88997692 0 -0.47570318
v -0.83879846 -0.04591942 -0.56046784
v -0.83906776 0 -0.56064779
v -0.88969141 -0.04591942 -0.47555053
v -0.71356839 0 -0.71356893
v -0.7798211 -0.04591942 -0.63998312
v -0.71333939 -0.04591942 -0.71334004
v -0.78007132 0 -0.64018857
v -0.56064683 0 -0.83906811
v -0.6399824 -0.04591942 -0.77982146
v -0.56046706 -0.04591942 -0.83879894
v -0.64018816 0 -0.78007179
v -0.3861801 0 -0.93232208
v -0.47554976 -0.04591942 -0.88969153
v -0.38605636 -0.04591942 -0.93202323
v -0.4757027 0 -0.88997716
v -0.19687289 0 -0.9897483
v -0.29284197 -0.04591942 -0.96537167
v -0.29293591 0 -0.96568149
v -0.60017729 -0.07460278 0.60017675
v -0.51627463 -0.07460278 0.63252926
v -0.53637993 -0.07460278 0.53637958
v -0.63252944 -0.07460278 0.51627427
v -0.43178618 -0.07460278 0.66523057
v -0.34791538 -0.07460278 0.69427216
v -0.35557824 -0.07460278 0.58156484
v -0.44393715 -0.07460278 0.55945247
v -0.26276046 -0.07460278 0.71777737
v -0.17614302 -0.07460278 0.73497218
v -0.17896013 -0.07460278 0.61369073
v -0.26755801 -0.07460278 0.59999937
v -0.08837403 -0.07460278 0.74541998
v 0 -0.07460278 0.74893105
v 0 -0.07460278 0.62489671
v -0.08967653 -0.07460278 0.6220693
v 0.08837356 -0.07460278 0.7454204
v 0.17614205 -0.07460278 0.73497289
v 0.08967605 -0.07460278 0.62206966
v 0.26275945 -0.07460278 0.71777815
v 0.34791437 -0.07460278 0.69427299
v 0.26755705 -0.07460278 0.60000008
v 0.17895934 -0.07460278 0.61369139
v 0.43178555 -0.07460278 0.66523141
v 0.51627403 -0.07460278 0.63253015
v 0.44393629 -0.07460278 0.55945319
v 0.35557753 -0.07460278 0.5815655
v 0.60017645 -0.07460278 0.60017765
v 0.63252896 -0.07460278 0.51627517
v 0.53637934 -0.07460278 0.53638041
v -0.66523063 -0.07460278 0.43178582
v -0.55945277 -0.07460278 0.44393659
v -0.58156508 -0.07460278 0.35557792
v -0.69427234 -0.07460278 0.34791484
v -0.45981893 -0.07460278 0.45981863
v -0.36653414 -0.07460278 0.47609234
v -0.37822074 -0.07460278 0.37822032
v -0.47609264 -0.07460278 0.36653391
v -0.27489546 -0.07460278 0.49002641
v -0.18348451 -0.07460278 0.50052732
v -0.18853498 -0.07460278 0.39619738
v -0.28293866 -0.07460278 0.38841954
v -0.09183464 -0.07460278 0.50699824
v 0 -0.07460278 0.50919104
v 0 -0.07460278 0.4026579
v -0.09426996 -0.07460278 0.40101829
v 0.09183428 -0.07460278 0.50699848
v 0.18348387 -0.07460278 0.5005278
v 0.09426966 -0.07460278 0.40101853
v 0.27489486 -0.07460278 0.49002701
v 0.36653367 -0.07460278 0.47609299
v 0.2829383 -0.07460278 0.3884201
v 0.18853444 -0.07460278 0.39619783
v 0.45981848 -0.07460278 0.45981938
v 0.55945224 -0.07460278 0.44393733
v 0.47609228 -0.07460278 0.36653456
v 0.3782202 -0.07460278 0.37822095
v 0.66523045 -0.07460278 0.43178672
v 0.6942721 -0.07460278 0.34791568
v 0.58156484 -0.07460278 0.35557866
v -0.71777773 -0.07460278 0.26276004
v -0.59999979 -0.07460278 0.26755759
v -0.61369103 -0.07460278 0.17895977
v -0.73497248 -0.07460278 0.17614275
v -0.49002665 -0.07460278 0.27489516
v -0.38841987 -0.07460278 0.28293857
v -0.39619765 -0.07460278 0.18853472
v -0.50052768 -0.07460278 0.18348424
v -0.29005805 -0.07460278 0.29005796
v -0.19304711 -0.07460278 0.29553667
v -0.19654025 -0.07460278 0.19654013
v -0.29553679 -0.07460278 0.1930469
v -0.09645776 -0.07460278 0.2989479
v 0 -0.07460278 0.30011141
v 0 -0.07460278 0.19946723
v -0.09815778 -0.07460278 0.19872171
v 0.09645764 -0.07460278 0.29894814
v 0.19304667 -0.07460278 0.29553705
v 0.09815778 -0.07460278 0.19872192
v 0.29005781 -0.07460278 0.29005846
v 0.38841945 -0.07460278 0.28293914
v 0.29553655 -0.07460278 0.19304736
v 0.19654001 -0.07460278 0.19654049
v 0.49002644 -0.07460278 0.27489582
v 0.59999943 -0.07460278 0.26755831
v 0.50052732 -0.07460278 0.18348488
v 0.39619741 -0.07460278 0.18853527
v 0.71777749 -0.07460278 0.26276085
v 0.73497242 -0.07460278 0.17614356
v 0.61369103 -0.07460278 0.17896049
v -0.74541992 -0.07460278 0.08837382
v -0.62206954 -0.07460278 0.08967625
v -0.62489676 -0.07460278 -2.1E-07
v -0.74893105 -0.07460278 -2.7E-07
v -0.50699854 -0.07460278 0.09183436
v -0.40101847 -0.07460278 0.09426975
v -0.4026579 -0.07460278 -1.5E-07
v -0.50919122 -0.07460278 -1.8E-07
v -0.29894802 -0.07460278 0.09645776
v -0.19872174 -0.07460278 0.09815774
v -0.19946705 -0.07460278 -9E-08
v -0.30011123 -0.07460278 -1.5E-07
v -0.09922121 -0.07460278 0.09922132
v 0 -0.07460278 0.09958524
v 0 -0.07460278 -0
v -0.09958511 -0.07460278 -6E-08
v 0.09922139 -0.07460278 0.0992215
v 0.19872156 -0.07460278 0.09815807
v 0.09958523 -0.07460278 9E-08
v 0.29894784 -0.07460278 0.09645822
v 0.40101835 -0.07460278 0.09427028
v 0.30011123 -0.07460278 2.6E-07
v 0.19946717 -0.07460278 2E-07
v 0.5069983 -0.07460278 0.09183495
v 0.62206942 -0.07460278 0.08967692
v 0.5091911 -0.07460278 3.8E-07
v 0.4026579 -0.07460278 3.2E-07
v 0.74542016 -0.07460278 0.08837465
v 0.74893105 -0.07460278 5.3E-07
v 0.62489676 -0.07460278 4.1E-07
v -0.74542004 -0.07460278 -0.0883744
v -0.62206954 -0.07460278 -0.08967669
v -0.73497236 -0.07460278 -0.17614329
v -0.50699842 -0.07460278 -0.09183471
v -0.40101823 -0.07460278 -0.09427006
v -0.50052744 -0.07460278 -0.18348467
v -0.61369103 -0.07460278 -0.17896022
v -0.2989479 -0.07460278 -0.09645801
v -0.19872162 -0.07460278 -0.09815791
v -0.29553667 -0.07460278 -0.1930472
v -0.39619753 -0.07460278 -0.18853506
v -0.0992211 -0.07460278 -0.09922142
v 0 -0.07460278 -0.09958526
v -0.09815778 -0.07460278 -0.19872186
v -0.19654013 -0.07460278 -0.19654037
v 0.09922139 -0.07460278 -0.09922127
v 0.19872174 -0.07460278 -0.09815767
v 0.19654031 -0.07460278 -0.1965401
v 0.0981579 -0.07460278 -0.19872174
v 0 -0.07460278 -0.19946732
v 0.29894796 -0.07460278 -0.09645762
v 0.40101847 -0.07460278 -0.09426961
v 0.39619777 -0.07460278 -0.18853468
v 0.29553688 -0.07460278 -0.19304685
v 0.50699854 -0.07460278 -0.09183417
v 0.62206966 -0.07460278 -0.08967606
v 0.61369127 -0.07460278 -0.17895965
v 0.50052768 -0.07460278 -0.18348417
v 0.74542028 -0.07460278 -0.08837365
v 0.73497272 -0.07460278 -0.17614263
v -0.71777761 -0.07460278 -0.26276052
v -0.59999967 -0.07460278 -0.26755801
v -0.69427222 -0.07460278 -0.34791538
v -0.49002665 -0.07460278 -0.27489564
v -0.38841975 -0.07460182 -0.28293908
v -0.47609252 -0.07460182 -0.36653444
v -0.58156508 -0.07460182 -0.35557842
v -0.29005793 -0.07460182 -0.29005828
v -0.19304697 -0.07460182 -0.29553694
v -0.28293866 -0.07460182 -0.38841993
v -0.3782205 -0.07460182 -0.37822086
v -0.09645764 -0.07460182 -0.29894814
v 0 -0.07460182 -0.30011159
v -0.0942696 -0.07460182 -0.40101865
v -0.18853474 -0.07460182 -0.39619777
v 0.09645806 -0.07460182 -0.29894808
v 0.19304711 -0.07460182 -0.29553679
v 0.18853515 -0.07460182 -0.39619759
v 0.09427014 -0.07460182 -0.40101859
v 0 -0.07460182 -0.40265819
v 0.29005828 -0.07460182 -0.29005793
v 0.38841999 -0.07460182 -0.28293872
v 0.37822092 -0.07460182 -0.37822062
v 0.28293896 -0.07460182 -0.38841987
v 0.49002698 -0.07460278 -0.27489534
v 0.60000002 -0.07460278 -0.26755765
v 0.5815655 -0.07460278 -0.3555783
v 0.47609299 -0.07460182 -0.36653432
v 0.71777803 -0.07460278 -0.2627601
v 0.69427282 -0.07460182 -0.3479152
v -0.66523075 -0.07460278 -0.43178636
v -0.55945277 -0.07460182 -0.44393709
v -0.63252944 -0.07460182 -0.51627487
v -0.45981869 -0.07460182 -0.45981905
v -0.36653414 -0.07460182 -0.47609276
v -0.44393691 -0.07460182 -0.55945289
v -0.53637969 -0.07460182 -0.53637999
v -0.27489522 -0.07460182 -0.49002683
v -0.18348439 -0.07460182 -0.50052768
v -0.26755765 -0.07460182 -0.59999985
v -0.35557812 -0.07460182 -0.58156526
v -0.09183428 -0.07460182 -0.50699848
v 0 -0.07460182 -0.50919127
v -0.08967616 -0.07460182 -0.62206978
v -0.17895977 -0.07460182 -0.61369133
v 0.09183482 -0.07460182 -0.50699854
v 0.1834847 -0.07460182 -0.50052768
v 0.17896037 -0.07460182 -0.61369121
v 0.08967677 -0.07460182 -0.62206972
v 0 -0.07460182 -0.62489694
v 0.2748957 -0.07460182 -0.49002683
v 0.3665345 -0.07460182 -0.4760927
v 0.35557866 -0.07460182 -0.5815652
v 0.26755825 -0.07460182 -0.59999979
v 0.45981935 -0.07460182 -0.45981899
v 0.55945313 -0.07460182 -0.44393703
v 0.53638041 -0.07460182 -0.53638017
v 0.44393733 -0.07460182 -0.55945283
v 0.66523135 -0.07460182 -0.43178636
v 0.63252997 -0.07460182 -0.51627475
v -0.60017693 -0.07460182 -0.60017723
v -0.51627451 -0.07460182 -0.63252974
v -0.43178618 -0.07460182 -0.66523111
v -0.34791502 -0.07460182 -0.69427258
v -0.2627601 -0.07460182 -0.71777785
v -0.17614278 -0.07460182 -0.73497272
v -0.08837391 -0.07460182 -0.74542052
v 0 -0.07460182 -0.74893129
v 0.08837445 -0.07460182 -0.74542052
v 0.17614338 -0.07460182 -0.73497272
v 0.26276082 -0.07460182 -0.71777773
v 0.34791574 -0.07460182 -0.69427258
v 0.43178681 -0.07460182 -0.66523117
v 0.51627523 -0.07460182 -0.63252985
v 0.60017759 -0.07460182 -0.60017729
v 0.82168317 0.10139275 -0.5490306
v 0.88224643 0.09917355 -0.47157007
v 0.87153757 0.10139275 -0.465846
v 0.91300529 0.10139275 -0.37817866
v 0.88769281 0.08364105 -0.47448105
v 0.92422372 0.09917355 -0.38282537
v 0.83177948 0.09917355 -0.55577672
v 0.69878417 0.10139275 -0.69878393
v 0.77329558 0.09917355 -0.63462687
v 0.76390916 0.10139275 -0.62692362
v 0.77806938 0.08364105 -0.63854462
v 0.7073704 0.09917355 -0.7073701
v 0.54903132 0.10139275 -0.82168311
v 0.6346274 0.09917355 -0.77329546
v 0.6269241 0.10139275 -0.76390904
v 0.6385451 0.08364105 -0.77806932
v 0.55577749 0.09917355 -0.83177954
v 0.37817949 0.10139275 -0.91300529
v 0.47157079 0.09917355 -0.8822462
v 0.46584678 0.10139275 -0.87153763
v 0.47448197 0.08364105 -0.88769275
v 0.38282633 0.09917355 -0.92422384
v 0.1927945 0.10139275 -0.96924144
v 0.2903921 0.09917355 -0.95729297
v 0.2868672 0.10139275 -0.94567353
v 0.29218465 0.08364105 -0.96320266
v 0.19516337 0.09917355 -0.98115057
v 0 0.10139275 -0.98822981
v 0.09805369 0.09917355 -0.99555153
v 0.09686345 0.10139275 -0.9834674
v 0.09865898 0.08364105 -1.00169742
v 0 0.09917355 -1.00037253
v -0.19279379 0.10139275 -0.96924156
v -0.09805292 0.09917355 -0.99555176
v -0.09686273 0.10139275 -0.98346764
v -0.09865826 0.08364105 -1.00169742
v -0.19516259 0.09917355 -0.98115069
v -0.37817866 0.10139275 -0.91300529
v -0.29039115 0.09917355 -0.95729309
v -0.28686649 0.10139275 -0.94567341
v -0.29218394 0.08364105 -0.96320266
v -0.38282567 0.09917355 -0.92422372
v -0.54903048 0.10139275 -0.82168311
v -0.47156996 0.09917355 -0.8822462
v -0.46584624 0.10139275 -0.87153751
v -0.47448152 0.08364105 -0.88769263
v -0.55577689 0.09917355 -0.83177942
v -0.69878358 0.10139275 -0.69878399
v -0.63462669 0.09917355 -0.77329546
v -0.6269235 0.10139275 -0.76390892
v -0.6385445 0.08364105 -0.77806932
v -0.70736986 0.09917355 -0.70737022
v -0.82168263 0.10139275 -0.54903084
v -0.77329487 0.09917355 -0.63462716
v -0.76390868 0.10139275 -0.6269238
v -0.77806884 0.08364105 -0.63854504
v -0.83177906 0.09917355 -0.55577713
v -0.91300493 0.10139275 -0.37817895
v -0.88224608 0.09917355 -0.47157049
v -0.87153715 0.10139275 -0.4658463
v -0.88769239 0.08364105 -0.47448188
v -0.92992872 0.08364105 -0.38518941
v -0.92422348 0.09917355 -0.38282591
v -0.96924096 0.10139275 -0.19279429
v -0.95729262 0.09917355 -0.2903918
v -0.94567305 0.10139275 -0.28686684
v -0.9632023 0.08364105 -0.29218447
v -0.98115033 0.09917355 -0.19516316
v -0.98822922 0.10139275 -3.3E-07
v -0.99555093 0.09917355 -0.09805358
v -0.9834668 0.10139275 -0.09686337
v -1.00169694 0.08364105 -0.09865884
v -1.00037217 0.09917355 -3E-07
v -0.96924073 0.10139275 0.19279376
v -0.99555093 0.09917355 0.09805285
v -0.9834668 0.10139275 0.09686274
v -1.00169694 0.08364105 0.09865817
v -0.98115021 0.09917355 0.19516259
v -0.18272954 0.07732414 0.91864341
v -0.27456817 0.08276878 0.90512973
v -0.27189139 0.07732414 0.89630568
v -0.35843694 0.07732414 0.86534315
v -0.27687639 0.09867096 0.91273946
v -0.36196575 0.08276878 0.87386245
v -0.18452853 0.08276878 0.92768741
v 0 0.07732414 0.93664122
v -0.09271028 0.08276878 0.94130385
v -0.0918065 0.07732414 0.93212712
v -0.09348983 0.09867096 0.94921762
v 0 0.08276878 0.94586241
v -0.91300482 0.10139275 0.37817889
v -0.95729262 0.09917355 0.29039133
v -0.94567281 0.10139275 0.28686658
v -0.96320206 0.08364105 0.29218397
v -0.92422324 0.09917355 0.38282567
v -0.82168263 0.10139275 0.54903054
v -0.88224596 0.09917355 0.4715701
v -0.87153715 0.10139275 0.46584606
v -0.88769239 0.08364105 0.47448134
v -0.83177906 0.09917355 0.55577672
v 0.19279289 0.10139275 0.96924096
v 0.09805256 0.09917355 0.99555099
v 0.09686244 0.10139275 0.98346698
v 0 0.10139275 0.98822933
v 0.09865785 0.08364105 1.00169671
v 0 0.09917355 1.00037193
v 0.1951617 0.09917355 0.98115027
v -0.69878358 0.10139275 0.6987834
v -0.77329499 0.09917355 0.63462663
v -0.7639088 0.10139275 0.62692332
v -0.77806896 0.08364105 0.63854444
v -0.70736986 0.09917355 0.70736969
v 0.18272859 0.07732414 0.91864419
v 0.0927098 0.08276878 0.94130439
v 0.09180584 0.07732414 0.93212754
v 0.09348911 0.09867096 0.94921803
v 0.18452738 0.08276878 0.92768824
v 0.37817782 0.10139275 0.91300523
v 0.29039031 0.09917355 0.9572928
v 0.28686541 0.10139275 0.94567311
v 0.29218286 0.08364105 0.96320248
v 0.3828246 0.09917355 0.92422366
v 0.35843575 0.07732414 0.86534411
v 0.27456698 0.08276878 0.90513057
v 0.27189022 0.07732414 0.89630657
v 0.27687532 0.09867096 0.91274029
v 0.36196455 0.08276878 0.87386334
v 0.52036893 0.07732414 0.77878934
v 0.4458735 0.08276878 0.8341735
v 0.44152668 0.07732414 0.82604122
v 0.44962204 0.09867096 0.84118652
v 0.52549189 0.08276878 0.78645653
v -0.5490306 0.10139275 0.82168257
v -0.63462681 0.09917355 0.77329493
v -0.62692362 0.10139275 0.76390851
v -0.63854462 0.08364105 0.77806872
v -0.55577701 0.09917355 0.83177894
v 0.6623044 0.07732414 0.66230583
v 0.60004538 0.08276878 0.73115927
v 0.5941956 0.07732414 0.72403127
v 0.60509008 0.09867096 0.7373063
v 0.66882479 0.08276878 0.66882628
v 0.54902977 0.10139275 0.82168341
v 0.47156909 0.09917355 0.88224643
v 0.46584511 0.10139275 0.87153763
v 0.47448024 0.08364105 0.88769293
v 0.55577588 0.09917355 0.83177978
v 0.77878809 0.07732414 0.52037066
v 0.73115784 0.08276878 0.60004699
v 0.72402978 0.07732414 0.59419721
v 0.73730487 0.09867096 0.60509175
v 0.78645515 0.08276878 0.52549374
v 0.86534321 0.07732414 0.35843787
v 0.83417225 0.08276878 0.44587559
v 0.82604003 0.07732414 0.44152865
v 0.84118545 0.09867096 0.44962409
v 0.87386245 0.08276878 0.36196679
v -0.37817889 0.10139275 0.91300476
v -0.47157019 0.09917355 0.88224578
v -0.46584636 0.10139275 0.87153703
v -0.47448164 0.08364105 0.88769215
v -0.38282603 0.09917355 0.92422312
v 0.91864371 0.07732414 0.18273047
v 0.90512997 0.08276878 0.27456918
v 0.89630592 0.07732414 0.27189234
v 0.91273963 0.09867096 0.27687752
v 0.9276877 0.08276878 0.18452947
v 0.69878286 0.10139275 0.69878441
v 0.63462585 0.09917355 0.77329582
v 0.62692267 0.10139275 0.76390946
v 0.63854355 0.08364105 0.77806967
v 0.70736903 0.09917355 0.70737064
v 0.93664122 0.07732414 6.2E-07
v 0.94130403 0.08276878 0.09271112
v 0.93212724 0.07732414 0.09180726
v 0.9492178 0.09867096 0.0934905
v 0.94586241 0.08276878 6.2E-07
v 0.91864407 0.07732414 -0.18272924
v 0.94130421 0.08276878 -0.09270987
v 0.93212742 0.07732414 -0.09180602
v 0.94921798 0.09867096 -0.0934893
v 0.92768806 0.08276878 -0.18452823
v -0.19279391 0.10139275 0.96924084
v -0.29039127 0.09917355 0.95729256
v -0.28686672 0.10139275 0.94567281
v -0.29218429 0.08364105 0.96320218
v -0.19516295 0.09917355 0.98115021
v 0.86534393 0.07732414 -0.3584367
v 0.90513051 0.08276878 -0.27456799
v 0.89630646 0.07732414 -0.27189124
v 0.91274017 0.09867096 -0.27687633
v 0.87386316 0.08276878 -0.36196551
v 0.82168216 0.10139275 0.54903144
v 0.77329433 0.09917355 0.63462758
v 0.76390791 0.10139275 0.62692428
v 0.77806813 0.08364105 0.63854545
v 0.83177841 0.09917355 0.55577767
v 0 0.09867096 0.95381451
v -0.09508115 0.10105228 0.96537548
v -0.1860798 0.09867096 0.93548673
v -0.09686297 0.10139275 0.98346692
v -0.18924731 0.10105228 0.95141101
v 0 0.10105228 0.97005051
v -0.28158957 0.10105228 0.92827654
v -0.36500889 0.09867096 0.88120925
v -0.37122232 0.10105228 0.89620954
v -0.45727652 0.10105228 0.85550451
v -0.44962293 0.09867096 0.84118563
v -0.52991062 0.09867096 0.79306746
v -0.53893107 0.10105228 0.80656731
v -0.61539096 0.10105228 0.74985594
v -0.60509092 0.09867096 0.73730528
v -0.67444843 0.09867096 0.67444831
v -0.68592912 0.10105228 0.68592894
v -0.74985605 0.10105228 0.61539072
v -0.73730546 0.09867096 0.60509086
v -0.79306751 0.09867096 0.52991068
v -0.80656749 0.10105228 0.53893089
v -0.85550469 0.10105228 0.45727664
v -0.84118587 0.09867096 0.44962317
v -0.88120943 0.09867096 0.36500895
v -0.89620978 0.10105228 0.37122217
v -0.9282766 0.10105228 0.2815896
v -0.91273969 0.09867096 0.27687657
v -0.93548697 0.09867096 0.18607986
v -0.95141107 0.10105228 0.18924728
v -0.96537536 0.10105228 0.09508092
v -0.94921774 0.09867096 0.09348958
v -0.95381421 0.09867096 -3E-07
v -0.97005051 0.10105228 -3.3E-07
v -0.96537536 0.10105228 -0.09508163
v -0.94921786 0.09867096 -0.09349022
v -0.93548709 0.09867096 -0.18608034
v -0.95141119 0.10105228 -0.18924776
v -0.92827672 0.10105228 -0.28158975
v -0.91273981 0.09867096 -0.27687681
v -0.88120955 0.09867096 -0.36500889
v -0.89620978 0.10105228 -0.37122214
v -0.85550469 0.10105228 -0.45727682
v -0.84118575 0.09867096 -0.44962335
v -0.7930674 0.09867096 -0.5299111
v -0.80656737 0.10105228 -0.53893119
v -0.74985605 0.10105228 -0.61539119
v -0.73730546 0.09867096 -0.60509133
v -0.67444855 0.09867096 -0.67444879
v -0.68592912 0.10105228 -0.68592942
v -0.61539096 0.10105228 -0.74985653
v -0.60509092 0.09867096 -0.73730582
v -0.52991062 0.09867096 -0.79306787
v -0.53893095 0.10105228 -0.80656797
v -0.45727664 0.10105228 -0.85550505
v -0.44962305 0.09867096 -0.84118623
v -0.36500865 0.09867096 -0.88120979
v -0.37122208 0.10105228 -0.89621025
v -0.28158921 0.10105228 -0.92827731
v -0.27687627 0.09867096 -0.91274029
v -0.18607968 0.09867096 -0.93548781
v -0.18924731 0.10105228 -0.9514119
v -0.09508079 0.10105228 -0.96537632
v -0.09348947 0.09867096 -0.94921857
v 0 0.09867096 -0.9538148
v 0 0.10105228 -0.97005099
v 0.09508157 0.10105228 -0.96537608
v 0.09349018 0.09867096 -0.94921821
v 0.1860804 0.09867096 -0.93548721
v 0.18924791 0.10105228 -0.95141155
v 0.28159022 0.10105228 -0.92827708
v 0.27687705 0.09867096 -0.91274005
v 0.36500943 0.09867096 -0.88120979
v 0.37122267 0.10105228 -0.89621013
v 0.4572773 0.10105228 -0.85550505
v 0.44962367 0.09867096 -0.84118611
v 0.52991134 0.09867096 -0.79306799
v 0.53893167 0.10105228 -0.80656785
v 0.61539155 0.10105228 -0.74985641
v 0.60509157 0.09867096 -0.73730582
v 0.67444909 0.09867096 -0.67444867
v 0.68592972 0.10105228 -0.68592936
v 0.74985665 0.10105228 -0.6153909
v 0.73730606 0.09867096 -0.60509092
v 0.79306805 0.09867096 -0.52991056
v 0.80656791 0.10105228 -0.53893089
v 0.85550517 0.10105228 -0.45727664
v 0.84118629 0.09867096 -0.44962287
v 0.88120991 0.09867096 -0.36500865
v 0.89621013 0.10105228 -0.3712219
v 0.92827708 0.10105228 -0.28158939
v 0.93548733 0.09867096 -0.18607956
v 0.94567323 0.10139275 -0.28686631
v 0.95141143 0.10105228 -0.18924701
v 0.96537578 0.10105228 -0.09508071
v 0.95381445 0.09867096 6.2E-07
v 0.98346716 0.10139275 -0.09686244
v 0.97005051 0.10105228 6.5E-07
v 0.9653756 0.10105228 0.09508192
v 0.93548697 0.09867096 0.18608081
v 0.98346698 0.10139275 0.09686366
v 0.95141107 0.10105228 0.18924825
v 0.92827654 0.10105228 0.28159055
v 0.88120925 0.09867096 0.36500987
v 0.94567269 0.10139275 0.28686753
v 0.89620942 0.10105228 0.37122312
v 0.85550433 0.10105228 0.4572776
v 0.79306704 0.09867096 0.52991164
v 0.87153667 0.10139275 0.46584702
v 0.80656689 0.10105228 0.53893179
v 0.74985546 0.10105228 0.61539161
v 0.67444772 0.09867096 0.67444932
v 0.68592834 0.10105228 0.68592989
v 0.61539012 0.10105228 0.74985689
v 0.52990979 0.09867096 0.79306841
v 0.53893012 0.10105228 0.80656821
v 0.45727563 0.10105228 0.85550529
v 0.3650077 0.09867096 0.88121003
v 0.37122101 0.10105228 0.89621019
v 0.28158844 0.10105228 0.92827702
v 0.18607891 0.09867096 0.93548739
v 0.1892463 0.10105228 0.95141143
v 0.09508055 0.10105228 0.96537572
v -0.4458746 0.08276878 0.83417243
v -0.44152784 0.07732414 0.82604015
v -0.52036977 0.07732414 0.77878839
v -0.52549273 0.08276878 0.78645551
v -0.6000461 0.08276878 0.73115832
v -0.59419644 0.07732414 0.7240302
v -0.66230512 0.07732414 0.66230488
v -0.66882551 0.08276878 0.66882533
v -0.73115861 0.08276878 0.60004616
v -0.72403038 0.07732414 0.59419626
v -0.77878857 0.07732414 0.52036977
v -0.78645557 0.08276878 0.52549285
v -0.8341729 0.08276878 0.44587463
v -0.82604045 0.07732414 0.44152772
v -0.86534339 0.07732414 0.35843694
v -0.8738628 0.08276878 0.36196581
v -0.90512997 0.08276878 0.27456823
v -0.89630592 0.07732414 0.27189139
v -0.91864371 0.07732414 0.1827295
v -0.92768759 0.08276878 0.18452851
v -0.94130373 0.08276878 0.09271017
v -0.93212706 0.07732414 0.09180633
v -0.9366411 0.07732414 -3E-07
v -0.94586223 0.08276878 -3.3E-07
v -0.09805304 0.09917355 0.99555099
v -0.0986585 0.08364105 1.00169671
v -0.94130385 0.08276878 -0.09271079
v -0.93212718 0.07732414 -0.09180699
v -0.91864383 0.07732414 -0.18272999
v -0.9276877 0.08276878 -0.18452898
v 0.91300464 0.10139275 0.37817985
v 0.88224554 0.09917355 0.47157109
v 0.88769192 0.08364105 0.4744823
v 0.92422301 0.09917355 0.38282663
v -0.90512985 0.08276878 -0.27456847
v -0.89630604 0.07732414 -0.27189168
v -0.86534351 0.07732414 -0.358437
v -0.8738628 0.08276878 -0.36196586
v -0.8341729 0.08276878 -0.44587472
v -0.82604045 0.07732414 -0.44152802
v -0.77878845 0.07732414 -0.52037013
v -0.78645569 0.08276878 -0.52549326
v -0.73115849 0.08276878 -0.60004658
v -0.72403026 0.07732414 -0.5941968
v -0.66230512 0.07732414 -0.66230541
v -0.66882551 0.08276878 -0.66882586
v 0.96924078 0.10139275 0.19279471
v 0.9572925 0.09917355 0.29039228
v 0.96320218 0.08364105 0.29218489
v 0.98115015 0.09917355 0.19516355
v -0.6000461 0.08276878 -0.73115873
v -0.59419632 0.07732414 -0.72403073
v -0.52036965 0.07732414 -0.77878892
v -0.52549273 0.08276878 -0.78645605
v -0.44587448 0.08276878 -0.83417302
v -0.44152772 0.07732414 -0.82604069
v -0.3584367 0.07732414 -0.86534363
v -0.36196551 0.08276878 -0.87386316
v -0.27456793 0.08276878 -0.9051308
v -0.27189118 0.07732414 -0.89630663
v -0.1827293 0.07732414 -0.91864455
v -0.18452841 0.08276878 -0.92768842
v 0.98822951 0.10139275 6.2E-07
v 0.99555117 0.09917355 0.09805384
v 1.00169706 0.08364105 0.09865912
v 1.00037229 0.09917355 6.2E-07
v -0.09271004 0.08276878 -0.9413048
v -0.09180626 0.07732414 -0.93212801
v 0 0.07732414 -0.93664169
v 0 0.08276878 -0.94586295
v 0.09271076 0.08276878 -0.94130433
v 0.09180692 0.07732414 -0.93212765
v 0.18273008 0.07732414 -0.91864395
v 0.18452901 0.08276878 -0.9276877
v 0.27456865 0.08276878 -0.90513021
v 0.27189192 0.07732414 -0.89630628
v 0.35843754 0.07732414 -0.86534375
v 0.36196637 0.08276878 -0.87386292
v 0.96924108 0.10139275 -0.19279343
v 0.99555129 0.09917355 -0.09805266
v 1.00169718 0.08364105 -0.09865788
v 0.98115045 0.09917355 -0.19516233
v 0.44587517 0.08276878 -0.83417302
v 0.44152835 0.07732414 -0.8260408
v 0.52037042 0.07732414 -0.77878881
v 0.52549344 0.08276878 -0.78645605
v 0.60004681 0.08276878 -0.73115885
v 0.59419703 0.07732414 -0.72403073
v 0.66230571 0.07732414 -0.66230518
v 0.6688261 0.08276878 -0.66882569
v 0.73115903 0.08276878 -0.60004622
v 0.72403097 0.07732414 -0.59419638
v 0.77878904 0.07732414 -0.52036965
v 0.78645617 0.08276878 -0.52549267
v 0.95729303 0.09917355 -0.29039115
v 0.96320271 0.08364105 -0.29218364
v 0.83417314 0.08276878 -0.44587436
v 0.82604092 0.07732414 -0.44152755
v 0 0.07460278 0.85323024
v -0.09000287 0.07494235 0.90772033
v -0.08843627 0.07460278 0.84914988
v -0.17914958 0.07494235 0.89460337
v -0.17610009 0.07460278 0.83697504
v 0 0.07494235 0.91211236
v -0.26659152 0.07494235 0.87287778
v -0.26224214 0.07460278 0.81684339
v -0.35151109 0.07494235 0.84277737
v -0.34620416 0.07460278 0.78904831
v -0.43312672 0.07494235 0.80460215
v -0.42750263 0.07460278 0.75403321
v -0.51077068 0.07494235 0.75879955
v -0.50625658 0.07460278 0.7126838
v -0.58336461 0.07494235 0.70629644
v -0.58036643 0.07460278 0.6680215
v -0.64856285 0.07494235 0.64856261
v -0.6336391 0.07460278 0.63363874
v -0.66802186 0.07460278 0.58036613
v -0.70629638 0.07494235 0.58336431
v -0.71268409 0.07460278 0.50625628
v -0.75879985 0.07494235 0.51077044
v -0.75403345 0.07460278 0.42750201
v -0.80460215 0.07494235 0.43312648
v -0.78904861 0.07460278 0.34620366
v -0.84277755 0.07494235 0.35151085
v -0.81684351 0.07460278 0.26224166
v -0.87287807 0.07494235 0.26659137
v -0.8369751 0.07460278 0.17609994
v -0.89460367 0.07494235 0.17914948
v -0.84915 0.07460278 0.0884361
v -0.90772027 0.07494235 0.09000274
v -0.85323006 0.07460278 -3E-07
v -0.912112 0.07494235 -3.3E-07
v -0.90772027 0.07494235 -0.09000335
v -0.84914988 0.07460278 -0.08843673
v -0.89460367 0.07494235 -0.17915004
v -0.83697534 0.07460278 -0.17610051
v -0.87287784 0.07494235 -0.26659176
v -0.81684363 0.07460278 -0.2622422
v -0.84277755 0.07494235 -0.35151121
v -0.78904861 0.07460278 -0.34620422
v -0.80460238 0.07494235 -0.4331269
v -0.75403333 0.07460182 -0.42750263
v -0.75879961 0.07494235 -0.51077098
v -0.71268374 0.07460182 -0.50625682
v -0.70629662 0.07494235 -0.5833649
v -0.66802162 0.07460182 -0.58036667
v -0.64856273 0.07494235 -0.64856309
v -0.63363898 0.07460182 -0.63363928
v -0.58036643 0.07460182 -0.66802204
v -0.58336461 0.07494235 -0.70629686
v -0.5062567 0.07460182 -0.71268421
v -0.51077056 0.07494235 -0.75879997
v -0.42750251 0.07460182 -0.7540338
v -0.43312648 0.07494235 -0.80460274
v -0.34620392 0.07460182 -0.78904885
v -0.35151097 0.07494235 -0.84277791
v -0.26224178 0.07460182 -0.81684387
v -0.26659128 0.07494235 -0.87287855
v -0.17609997 0.07460182 -0.83697569
v -0.17914934 0.07494235 -0.89460421
v -0.08843615 0.07460182 -0.84915054
v -0.09000263 0.07494235 -0.90772122
v 0 0.07460182 -0.85323066
v 0 0.07494235 -0.91211271
v 0.0900034 0.07494235 -0.9077211
v 0.08843675 0.07460182 -0.84915042
v 0.17915013 0.07494235 -0.89460379
v 0.17610069 0.07460182 -0.83697546
v 0.26659206 0.07494235 -0.87287831
v 0.26224256 0.07460182 -0.81684375
v 0.35151163 0.07494235 -0.84277779
v 0.34620458 0.07460182 -0.78904885
v 0.43312734 0.07494235 -0.80460262
v 0.42750299 0.07460182 -0.75403392
v 0.51077127 0.07494235 -0.75879997
v 0.50625736 0.07460182 -0.71268433
v 0.5833652 0.07494235 -0.70629692
v 0.58036715 0.07460182 -0.6680221
v 0.64856344 0.07494235 -0.64856303
v 0.63363963 0.07460182 -0.63363922
v 0.66802227 0.07460182 -0.58036655
v 0.70629716 0.07494235 -0.58336467
v 0.71268445 0.07460182 -0.5062567
v 0.75880015 0.07494235 -0.51077062
v 0.75403392 0.07460182 -0.42750239
v 0.80460274 0.07494235 -0.43312666
v 0.78904903 0.07460278 -0.34620404
v 0.84277803 0.07494235 -0.35151091
v 0.81684399 0.07460278 -0.26224178
v 0.87287849 0.07494235 -0.26659134
v 0.83697563 0.07460278 -0.17609979
v 0.89460403 0.07494235 -0.17914928
v 0.8491503 0.07460278 -0.08843583
v 0.90772074 0.07494235 -0.09000245
v 0.8532303 0.07460278 5.6E-07
v 0.91211236 0.07494235 6.2E-07
v 0.90772057 0.07494235 0.09000369
v 0.84915006 0.07460278 0.088437
v 0.89460367 0.07494235 0.17915043
v 0.83697528 0.07460278 0.17610085
v 0.87287796 0.07494235 0.26659229
v 0.81684351 0.07460278 0.26224259
v 0.84277737 0.07494235 0.35151178
v 0.78904837 0.07460278 0.34620458
v 0.80460191 0.07494235 0.43312743
v 0.75403315 0.07460278 0.42750293
v 0.75879925 0.07494235 0.51077139
v 0.7126835 0.07460278 0.50625724
v 0.70629603 0.07494235 0.58336526
v 0.66802114 0.07460278 0.58036703
v 0.64856219 0.07494235 0.64856356
v 0.6336385 0.07460278 0.63363969
v 0.58036578 0.07460278 0.66802239
v 0.58336389 0.07494235 0.7062974
v 0.50625587 0.07460278 0.71268475
v 0.51076984 0.07494235 0.75880045
v 0.42750156 0.07460278 0.75403416
v 0.43312579 0.07494235 0.8046031
v 0.34620309 0.07460278 0.78904927
v 0.35150987 0.07494235 0.84277827
v 0.26224089 0.07460278 0.81684422
v 0.26659039 0.07494235 0.87287867
v 0.17609927 0.07460278 0.83697581
v 0.17914851 0.07494235 0.89460415
v 0.08843573 0.07460278 0.84915036
v 0.09000245 0.07494235 0.90772086
v 0 0.04591942 1.00881398
v 0.19680864 0.04591942 0.98943031
v 0.09888005 0.04591942 1.0039525
v 0.19636655 0.08364105 0.98720711
v 0 0.08364105 1.00654733
v 0.2928409 0.04591942 0.96537155
v 0.38518786 0.08364105 0.9299292
v 0.38605535 0.04591942 0.93202341
v 0.56046611 0.04591942 0.8387993
v 0.47554874 0.04591942 0.88969201
v 0.55920684 0.08364105 0.83691454
v 0.63998157 0.04591942 0.77982187
v 0.71173584 0.08364105 0.71173751
v 0.71333867 0.04591942 0.7133404
v 0.77982032 0.04591942 0.63998348
v 0.83691323 0.08364105 0.55920875
v 0.83879793 0.04591942 0.5604682
v 0.889691 0.04591942 0.47555083
v 0.93202269 0.04591942 0.38605732
v 0.92992854 0.08364105 0.38518989
v 0.98943025 0.04591942 0.19681051
v 0.96537125 0.04591942 0.29284286
v 0.98720711 0.08364105 0.19636831
v 1.00395286 0.04591942 0.09888128
v 1.00654781 0.08364105 6.2E-07
v 1.00881457 0.04591942 6.2E-07
v 0.98943061 0.04591942 -0.19680926
v 1.00395298 0.04591942 -0.09888
v 0.98720747 0.08364105 -0.19636703
v 0.96537179 0.04591942 -0.29284167
v 0.92992926 0.08364105 -0.38518864
v 0.93202341 0.04591942 -0.38605601
v 0.88969189 0.04591942 -0.47554952
v 0.8369143 0.08364105 -0.55920768
v 0.838799 0.04591942 -0.56046712
v 0.77982157 0.04591942 -0.63998264
v 0.71173722 0.08364105 -0.71173704
v 0.7133401 0.04591942 -0.71333981
v 0.56046778 0.04591942 -0.83879894
v 0.63998312 0.04591942 -0.77982146
v 0.55920845 0.08364105 -0.83691424
v 0.4755505 0.04591942 -0.88969153
v 0.38518971 0.08364105 -0.92992884
v 0.38605708 0.04591942 -0.93202335
v 0.19681042 0.04591942 -0.98943049
v 0.29284269 0.04591942 -0.96537179
v 0.09888119 0.04591942 -1.0039531
v 0 0.04591942 -1.00881493
v 0 0.08364105 -1.00654781
v 0.19636816 0.08364105 -0.98720759
v -0.09888035 0.04591942 -1.0039531
v -0.19680959 0.04591942 -0.98943049
v -0.19636744 0.08364105 -0.98720759
v -0.09888071 0.04591942 1.00395238
v -0.19636768 0.08364105 0.987207
v -0.19680995 0.04591942 0.98943013
v -0.38605648 0.04591942 0.93202263
v -0.29284221 0.04591942 0.96537113
v -0.385189 0.08364105 0.92992842
v -0.5604673 0.04591942 0.83879834
v -0.47554976 0.04591942 0.88969111
v -0.71333939 0.04591942 0.71333945
v -0.6399824 0.04591942 0.77982098
v -0.55920786 0.08364105 0.8369137
v -0.83879846 0.04591942 0.56046724
v -0.77982098 0.04591942 0.63998258
v -0.71173662 0.08364105 0.71173656
v -0.88969153 0.04591942 0.47554988
v -0.83691388 0.08364105 0.55920786
v -0.9299286 0.08364105 0.38518897
v -0.93202287 0.04591942 0.38605636
v -0.98943001 0.04591942 0.19680956
v -0.96537131 0.04591942 0.29284191
v -0.98720711 0.08364105 0.19636735
v -1.00881445 0.04591942 -3E-07
v -1.0039525 0.04591942 0.09888031
v -1.00654757 0.08364105 -3.3E-07
v -0.98943025 0.04591942 -0.19681016
v -1.00395262 0.04591942 -0.09888098
v -0.98720723 0.08364105 -0.19636798
v -0.96537131 0.04591942 -0.29284257
v -0.93202311 0.04591942 -0.38605702
v -0.83879846 0.04591942 -0.56046784
v -0.88969141 0.04591942 -0.47555053
v -0.83691376 0.08364105 -0.55920845
v -0.71333939 0.04591942 -0.71334004
v -0.7798211 0.04591942 -0.63998312
v -0.71173662 0.08364105 -0.71173704
v -0.6399824 0.04591942 -0.77982146
v -0.55920774 0.08364105 -0.83691424
v -0.56046706 0.04591942 -0.83879894
v -0.47554976 0.04591942 -0.88969153
v -0.38518876 0.08364105 -0.92992884
v -0.38605636 0.04591942 -0.93202323
v -0.29284197 0.04591942 -0.96537167
v -0.60017729 0.07460278 0.60017675
v -0.51627463 0.07460278 0.63252926
v -0.53637993 0.07460278 0.53637958
v -0.63252944 0.07460278 0.51627427
v -0.43178618 0.07460278 0.66523057
v -0.34791538 0.07460278 0.69427216
v -0.35557824 0.07460278 0.58156484
v -0.44393715 0.07460278 0.55945247
v -0.26276046 0.07460278 0.71777737
v -0.17614302 0.07460278 0.73497218
v -0.17896013 0.07460278 0.61369073
v -0.26755801 0.07460278 0.59999937
v -0.08837403 0.07460278 0.74541998
v 0 0.07460278 0.74893105
v 0 0.07460278 0.62489671
v -0.08967653 0.07460278 0.6220693
v 0.08837356 0.07460278 0.7454204
v 0.08967605 0.07460278 0.62206966
v 0.17614205 0.07460278 0.73497289
v 0.26275945 0.07460278 0.71777815
v 0.26755705 0.07460278 0.60000008
v 0.34791437 0.07460278 0.69427299
v 0.17895934 0.07460278 0.61369139
v 0.43178555 0.07460278 0.66523141
v 0.44393629 0.07460278 0.55945319
v 0.51627403 0.07460278 0.63253015
v 0.35557753 0.07460278 0.5815655
v 0.60017645 0.07460278 0.60017765
v 0.63252896 0.07460278 0.51627517
v 0.53637934 0.07460278 0.53638041
v -0.66523063 0.07460278 0.43178582
v -0.55945277 0.07460278 0.44393659
v -0.58156508 0.07460278 0.35557792
v -0.69427234 0.07460278 0.34791484
v -0.45981893 0.07460278 0.45981863
v -0.36653414 0.07460278 0.47609234
v -0.37822074 0.07460278 0.37822032
v -0.47609264 0.07460278 0.36653391
v -0.27489546 0.07460278 0.49002641
v -0.18348451 0.07460278 0.50052732
v -0.18853498 0.07460278 0.39619738
v -0.28293866 0.07460278 0.38841954
v -0.09183464 0.07460278 0.50699824
v 0 0.07460278 0.50919104
v 0 0.07460278 0.4026579
v -0.09426996 0.07460278 0.40101829
v 0.09183428 0.07460278 0.50699848
v 0.09426966 0.07460278 0.40101853
v 0.18348387 0.07460278 0.5005278
v 0.27489486 0.07460278 0.49002701
v 0.2829383 0.07460278 0.3884201
v 0.36653367 0.07460278 0.47609299
v 0.18853444 0.07460278 0.39619783
v 0.45981848 0.07460278 0.45981938
v 0.47609228 0.07460278 0.36653456
v 0.55945224 0.07460278 0.44393733
v 0.3782202 0.07460278 0.37822095
v 0.66523045 0.07460278 0.43178672
v 0.6942721 0.07460278 0.34791568
v 0.58156484 0.07460278 0.35557866
v -0.71777773 0.07460278 0.26276004
v -0.59999979 0.07460278 0.26755759
v -0.61369103 0.07460278 0.17895977
v -0.73497248 0.07460278 0.17614275
v -0.49002665 0.07460278 0.27489516
v -0.38841987 0.07460278 0.28293857
v -0.39619765 0.07460278 0.18853472
v -0.50052768 0.07460278 0.18348424
v -0.29005805 0.07460278 0.29005796
v -0.19304711 0.07460278 0.29553667
v -0.19654025 0.07460278 0.19654013
v -0.29553679 0.07460278 0.1930469
v -0.09645776 0.07460278 0.2989479
v 0 0.07460278 0.30011141
v 0 0.07460278 0.19946723
v -0.09815778 0.07460278 0.19872171
v 0.09645764 0.07460278 0.29894814
v 0.09815778 0.07460278 0.19872192
v 0.19304667 0.07460278 0.29553705
v 0.29005781 0.07460278 0.29005846
v 0.29553655 0.07460278 0.19304736
v 0.38841945 0.07460278 0.28293914
v 0.19654001 0.07460278 0.19654049
v 0.49002644 0.07460278 0.27489582
v 0.50052732 0.07460278 0.18348488
v 0.59999943 0.07460278 0.26755831
v 0.39619741 0.07460278 0.18853527
v 0.71777749 0.07460278 0.26276085
v 0.73497242 0.07460278 0.17614356
v 0.61369103 0.07460278 0.17896049
v -0.74541992 0.07460278 0.08837382
v -0.62206954 0.07460278 0.08967625
v -0.62489676 0.07460278 -2.1E-07
v -0.74893105 0.07460278 -2.7E-07
v -0.50699854 0.07460278 0.09183436
v -0.40101847 0.07460278 0.09426975
v -0.4026579 0.07460278 -1.5E-07
v -0.50919122 0.07460278 -1.8E-07
v -0.29894802 0.07460278 0.09645776
v -0.19872174 0.07460278 0.09815774
v -0.19946705 0.07460278 -9E-08
v -0.30011123 0.07460278 -1.5E-07
v -0.09922121 0.07460278 0.09922132
v 0 0.07460278 0.09958524
v 0 0.07460278 -0
v -0.09958511 0.07460278 -6E-08
v 0.09922139 0.07460278 0.0992215
v 0.09958523 0.07460278 9E-08
v 0.19872156 0.07460278 0.09815807
v 0.29894784 0.07460278 0.09645822
v 0.30011123 0.07460278 2.6E-07
v 0.40101835 0.07460278 0.09427028
v 0.19946717 0.07460278 2E-07
v 0.5069983 0.07460278 0.09183495
v 0.5091911 0.07460278 3.8E-07
v 0.62206942 0.07460278 0.08967692
v 0.4026579 0.07460278 3.2E-07
v 0.74542016 0.07460278 0.08837465
v 0.74893105 0.07460278 5.3E-07
v 0.62489676 0.07460278 4.1E-07
v -0.74542004 0.07460278 -0.0883744
v -0.73497236 0.07460278 -0.17614329
v -0.62206954 0.07460278 -0.08967669
v -0.50699842 0.07460278 -0.09183471
v -0.50052744 0.07460278 -0.18348467
v -0.40101823 0.07460278 -0.09427006
v -0.61369103 0.07460278 -0.17896022
v -0.2989479 0.07460278 -0.09645801
v -0.29553667 0.07460278 -0.1930472
v -0.19872162 0.07460278 -0.09815791
v -0.39619753 0.07460278 -0.18853506
v -0.0992211 0.07460278 -0.09922142
v -0.09815778 0.07460278 -0.19872186
v 0 0.07460278 -0.09958526
v -0.19654013 0.07460278 -0.19654037
v 0.09922139 0.07460278 -0.09922127
v 0.19872174 0.07460278 -0.09815767
v 0.19654031 0.07460278 -0.1965401
v 0.0981579 0.07460278 -0.19872174
v 0.29894796 0.07460278 -0.09645762
v 0.40101847 0.07460278 -0.09426961
v 0.39619777 0.07460278 -0.18853468
v 0.29553688 0.07460278 -0.19304685
v 0.50699854 0.07460278 -0.09183417
v 0.62206966 0.07460278 -0.08967606
v 0.61369127 0.07460278 -0.17895965
v 0.50052768 0.07460278 -0.18348417
v 0.74542028 0.07460278 -0.08837365
v 0.73497272 0.07460278 -0.17614263
v -0.71777761 0.07460278 -0.26276052
v -0.69427222 0.07460278 -0.34791538
v -0.59999967 0.07460278 -0.26755801
v -0.49002665 0.07460278 -0.27489564
v -0.47609252 0.07460182 -0.36653444
v -0.38841975 0.07460182 -0.28293908
v -0.58156508 0.07460182 -0.35557842
v -0.29005793 0.07460182 -0.29005828
v -0.28293866 0.07460182 -0.38841993
v -0.19304697 0.07460182 -0.29553694
v -0.3782205 0.07460182 -0.37822086
v -0.09645764 0.07460182 -0.29894814
v 0 0.07460278 -0.19946732
v -0.0942696 0.07460182 -0.40101865
v 0 0.07460182 -0.30011159
v -0.18853474 0.07460182 -0.39619777
v 0.09645806 0.07460182 -0.29894808
v 0.19304711 0.07460182 -0.29553679
v 0.18853515 0.07460182 -0.39619759
v 0.09427014 0.07460182 -0.40101859
v 0.29005828 0.07460182 -0.29005793
v 0.38841999 0.07460182 -0.28293872
v 0.37822092 0.07460182 -0.37822062
v 0.28293896 0.07460182 -0.38841987
v 0.49002698 0.07460278 -0.27489534
v 0.60000002 0.07460278 -0.26755765
v 0.5815655 0.07460278 -0.3555783
v 0.47609299 0.07460182 -0.36653432
v 0.71777803 0.07460278 -0.2627601
v 0.69427282 0.07460182 -0.3479152
v -0.66523075 0.07460278 -0.43178636
v -0.63252944 0.07460182 -0.51627487
v -0.55945277 0.07460182 -0.44393709
v -0.45981869 0.07460182 -0.45981905
v -0.44393691 0.07460182 -0.55945289
v -0.36653414 0.07460182 -0.47609276
v -0.53637969 0.07460182 -0.53637999
v -0.27489522 0.07460182 -0.49002683
v -0.26755765 0.07460182 -0.59999985
v -0.18348439 0.07460182 -0.50052768
v -0.35557812 0.07460182 -0.58156526
v -0.09183428 0.07460182 -0.50699848
v 0 0.07460182 -0.40265819
v -0.08967616 0.07460182 -0.62206978
v 0 0.07460182 -0.50919127
v -0.17895977 0.07460182 -0.61369133
v 0.09183482 0.07460182 -0.50699854
v 0.1834847 0.07460182 -0.50052768
v 0.17896037 0.07460182 -0.61369121
v 0.08967677 0.07460182 -0.62206972
v 0.2748957 0.07460182 -0.49002683
v 0.3665345 0.07460182 -0.4760927
v 0.35557866 0.07460182 -0.5815652
v 0.26755825 0.07460182 -0.59999979
v 0.45981935 0.07460182 -0.45981899
v 0.55945313 0.07460182 -0.44393703
v 0.53638041 0.07460182 -0.53638017
v 0.44393733 0.07460182 -0.55945283
v 0.66523135 0.07460182 -0.43178636
v 0.63252997 0.07460182 -0.51627475
v -0.60017693 0.07460182 -0.60017723
v -0.51627451 0.07460182 -0.63252974
v -0.43178618 0.07460182 -0.66523111
v -0.34791502 0.07460182 -0.69427258
v -0.2627601 0.07460182 -0.71777785
v -0.17614278 0.07460182 -0.73497272
v -0.08837391 0.07460182 -0.74542052
v 0 0.07460182 -0.62489694
v 0 0.07460182 -0.74893129
v 0.08837445 0.07460182 -0.74542052
v 0.17614338 0.07460182 -0.73497272
v 0.26276082 0.07460182 -0.71777773
v 0.34791574 0.07460182 -0.69427258
v 0.43178681 0.07460182 -0.66523117
v 0.51627523 0.07460182 -0.63252985
v 0.60017759 0.07460182 -0.60017729
vn -0.06986 0.99646 0.04668
vn -0.56687 0.76606 0.303
vn -0.53445 0.76606 0.3571
vn -0.07763 0.99646 0.03215
vn -0.0741 0.99646 0.03961
vn -0.59384 0.76606 0.24598
vn -0.86102 0.21643 0.46022
vn -0.81176 0.21643 0.5424
vn -0.05941 0.99646 0.05941
vn -0.49686 0.76606 0.40776
vn -0.45451 0.76606 0.45451
vn -0.06495 0.99646 0.0533
vn -0.75469 0.21643 0.61936
vn -0.69035 0.21644 0.69035
vn -0.04668 0.99646 0.06986
vn -0.40777 0.76606 0.49686
vn -0.35711 0.76606 0.53445
vn -0.0533 0.99646 0.06495
vn -0.61936 0.21643 0.75469
vn -0.5424 0.21643 0.81176
vn -0.03215 0.99646 0.07763
vn -0.303 0.76607 0.56687
vn -0.24598 0.76605 0.59385
vn -0.03961 0.99646 0.0741
vn -0.46022 0.21643 0.86102
vn -0.37361 0.21642 0.90198
vn -0.01639 0.99646 0.08241
vn -0.18658 0.76606 0.61509
vn -0.1254 0.76606 0.63042
vn -0.02439 0.99646 0.0804
vn -0.28341 0.21643 0.93426
vn -0.19047 0.21643 0.95754
vn -0 0.99646 0.08402
vn -0.063 0.76606 0.63967
vn -0 0.76605 0.64278
vn -0.00824 0.99646 0.08361
vn -0.09569 0.21643 0.9716
vn 0 0.21643 0.9763
vn 0.01639 0.99646 0.08241
vn 0.063 0.76606 0.63967
vn 0.1254 0.76606 0.63042
vn 0.00824 0.99646 0.08362
vn 0.09569 0.21642 0.9716
vn 0.19047 0.21643 0.95754
vn 0.03215 0.99646 0.07763
vn 0.18659 0.76606 0.61509
vn 0.24598 0.76605 0.59385
vn 0.02439 0.99646 0.0804
vn 0.28341 0.21642 0.93426
vn 0.37361 0.21642 0.90198
vn 0.04668 0.99646 0.06986
vn 0.30299 0.76607 0.56686
vn 0.35711 0.76606 0.53445
vn 0.03961 0.99646 0.0741
vn 0.46022 0.21643 0.86102
vn 0.5424 0.21643 0.81176
vn 0.05941 0.99646 0.05941
vn 0.40776 0.76607 0.49686
vn 0.45451 0.76606 0.45451
vn 0.0533 0.99646 0.06495
vn 0.61936 0.21643 0.75469
vn 0.69035 0.21643 0.69035
vn 0.06986 0.99646 0.04668
vn 0.49686 0.76607 0.40776
vn 0.53444 0.76606 0.3571
vn 0.06495 0.99646 0.0533
vn 0.75469 0.21643 0.61936
vn 0.81176 0.21644 0.5424
vn 0.07763 0.99646 0.03215
vn 0.56687 0.76606 0.303
vn 0.59385 0.76606 0.24598
vn 0.0741 0.99646 0.03961
vn 0.86102 0.21643 0.46022
vn 0.90198 0.21643 0.37361
vn 0.08241 0.99646 0.01639
vn 0.61509 0.76606 0.18658
vn 0.63042 0.76606 0.1254
vn 0.0804 0.99646 0.02439
vn 0.93426 0.21643 0.2834
vn 0.95754 0.21643 0.19047
vn 0.08402 0.99646 0
vn 0.63967 0.76607 0.063
vn 0.64277 0.76606 -0
vn 0.08361 0.99646 0.00824
vn 0.9716 0.21643 0.09569
vn 0.9763 0.21643 -0
vn 0.08241 0.99646 -0.01639
vn 0.63967 0.76607 -0.063
vn 0.63042 0.76606 -0.1254
vn 0.08362 0.99646 -0.00824
vn 0.9716 0.21643 -0.09569
vn 0.95754 0.21643 -0.19047
vn -0.06164 0.94862 0.31037
vn -0.21346 0.67767 0.7037
vn -0.14346 0.67767 0.72123
vn -0.12145 0.94813 0.29375
vn -0.09188 0.94843 0.30339
vn -0.28141 0.67767 0.67939
vn -0.16737 0.81705 0.55174
vn -0.11248 0.81706 0.56548
vn -0 0.94876 0.31599
vn -0.07208 0.67767 0.73182
vn -0 0.67767 0.73536
vn -0.03094 0.94873 0.31457
vn -0.05652 0.81705 0.57379
vn -0 0.81706 0.57656
vn 0.07763 0.99646 -0.03215
vn 0.61509 0.76606 -0.18659
vn 0.59385 0.76606 -0.24598
vn 0.0804 0.99646 -0.02439
vn 0.93426 0.21642 -0.28341
vn 0.90198 0.21643 -0.37361
vn 0.06986 0.99646 -0.04668
vn 0.56687 0.76607 -0.303
vn 0.53444 0.76606 -0.3571
vn 0.0741 0.99646 -0.03961
vn 0.86102 0.21643 -0.46022
vn 0.81176 0.21643 -0.5424
vn -0.01639 0.99646 -0.08241
vn -0.063 0.76606 -0.63967
vn -0.1254 0.76606 -0.63042
vn -0 0.99646 -0.08402
vn -0.00824 0.99646 -0.08362
vn -0 0.76605 -0.64278
vn -0.09569 0.21642 -0.9716
vn -0.19047 0.21643 -0.95754
vn 0.05941 0.99646 -0.05941
vn 0.49686 0.76607 -0.40776
vn 0.45451 0.76606 -0.45451
vn 0.06495 0.99646 -0.0533
vn 0.75469 0.21643 -0.61936
vn 0.69035 0.21643 -0.69035
vn 0.06164 0.94862 0.31037
vn 0.07208 0.67767 0.73182
vn 0.14346 0.67767 0.72124
vn 0.03094 0.94873 0.31457
vn 0.05651 0.81705 0.57379
vn 0.11248 0.81706 0.56548
vn -0.03215 0.99646 -0.07763
vn -0.18658 0.76606 -0.61509
vn -0.24598 0.76606 -0.59384
vn -0.02439 0.99646 -0.0804
vn -0.2834 0.21643 -0.93426
vn -0.37361 0.21643 -0.90198
vn 0.12145 0.94813 0.29375
vn 0.21346 0.67767 0.7037
vn 0.28141 0.67767 0.67939
vn 0.09188 0.94843 0.30339
vn 0.16737 0.81705 0.55174
vn 0.22064 0.81706 0.53267
vn 0.17802 0.94708 0.26712
vn 0.34665 0.67767 0.64853
vn 0.40855 0.67767 0.61143
vn 0.15018 0.94772 0.28155
vn 0.27179 0.81705 0.50849
vn 0.32032 0.81706 0.47939
vn 0.04668 0.99646 -0.06986
vn 0.40777 0.76606 -0.49686
vn 0.35711 0.76606 -0.53445
vn 0.0533 0.99646 -0.06495
vn 0.61936 0.21643 -0.75469
vn 0.5424 0.21643 -0.81176
vn 0.23131 0.94498 0.23131
vn 0.46651 0.67767 0.56844
vn 0.51998 0.67767 0.51998
vn 0.20523 0.946 0.25092
vn 0.36577 0.81705 0.44569
vn 0.40769 0.81706 0.40769
vn -0.04668 0.99646 -0.06986
vn -0.30299 0.76607 -0.56687
vn -0.3571 0.76606 -0.53445
vn -0.03961 0.99646 -0.0741
vn -0.46022 0.21643 -0.86102
vn -0.5424 0.21643 -0.81176
vn 0.26712 0.94708 0.17802
vn 0.56844 0.67767 0.46651
vn 0.61143 0.67767 0.40855
vn 0.25092 0.946 0.20523
vn 0.44569 0.81705 0.36577
vn 0.47939 0.81706 0.32032
vn 0.29375 0.94813 0.12145
vn 0.64853 0.67768 0.34665
vn 0.67939 0.67767 0.28141
vn 0.28155 0.94772 0.15018
vn 0.50849 0.81705 0.27179
vn 0.53267 0.81706 0.22064
vn 0.03215 0.99646 -0.07763
vn 0.303 0.76607 -0.56687
vn 0.24598 0.76605 -0.59385
vn 0.03961 0.99646 -0.0741
vn 0.46022 0.21643 -0.86102
vn 0.37361 0.21642 -0.90198
vn 0.31037 0.94861 0.06164
vn 0.7037 0.67767 0.21347
vn 0.72124 0.67767 0.14346
vn 0.30339 0.94843 0.09188
vn 0.55174 0.81705 0.16737
vn 0.56548 0.81706 0.11248
vn -0.05941 0.99646 -0.05941
vn -0.40777 0.76606 -0.49686
vn -0.45451 0.76606 -0.45451
vn -0.0533 0.99646 -0.06495
vn -0.61936 0.21643 -0.75469
vn -0.69035 0.21643 -0.69035
vn 0.31599 0.94876 0
vn 0.73182 0.67768 0.07208
vn 0.73537 0.67767 0
vn 0.31457 0.94873 0.03094
vn 0.57379 0.81705 0.05651
vn 0.57656 0.81706 0
vn 0.31037 0.94861 -0.06164
vn 0.73182 0.67768 -0.07208
vn 0.72124 0.67767 -0.14346
vn 0.31457 0.94873 -0.03094
vn 0.57379 0.81705 -0.05651
vn 0.56548 0.81706 -0.11248
vn 0.01639 0.99646 -0.08241
vn 0.18658 0.76606 -0.61509
vn 0.1254 0.76605 -0.63042
vn 0.02439 0.99646 -0.0804
vn 0.28341 0.21643 -0.93426
vn 0.19047 0.21643 -0.95754
vn 0.29375 0.94813 -0.12145
vn 0.7037 0.67767 -0.21346
vn 0.67939 0.67767 -0.28141
vn 0.30339 0.94843 -0.09188
vn 0.55174 0.81705 -0.16737
vn 0.53267 0.81706 -0.22064
vn -0.06986 0.99646 -0.04668
vn -0.49686 0.76607 -0.40776
vn -0.53444 0.76606 -0.3571
vn -0.06495 0.99646 -0.0533
vn -0.75469 0.21643 -0.61936
vn -0.81176 0.21643 -0.5424
vn -0.00785 0.99679 0.07973
vn -0 0.99679 0.08012
vn -0.01563 0.99679 0.07858
vn 0.00824 0.99646 -0.08362
vn -0.02326 0.99679 0.07667
vn -0.22064 0.81706 0.53267
vn -0.03066 0.99679 0.07402
vn -0.03777 0.99679 0.07066
vn -0.32032 0.81706 0.47939
vn -0.27179 0.81705 0.50849
vn -0.04451 0.99679 0.06661
vn -0.05083 0.99679 0.06193
vn -0.40769 0.81706 0.40769
vn -0.36577 0.81705 0.44569
vn -0.05665 0.99679 0.05665
vn -0.06193 0.99679 0.05083
vn -0.47939 0.81706 0.32032
vn -0.4457 0.81705 0.36577
vn -0.06661 0.99679 0.04451
vn -0.07066 0.99679 0.03777
vn -0.53267 0.81706 0.22064
vn -0.50849 0.81705 0.27179
vn -0.07402 0.99679 0.03066
vn -0.07667 0.99679 0.02326
vn -0.56548 0.81706 0.11248
vn -0.55174 0.81705 0.16737
vn -0.07858 0.99679 0.01563
vn -0.07973 0.99679 0.00785
vn -0.57656 0.81706 0
vn -0.57379 0.81705 0.05651
vn -0.08012 0.99679 -0
vn -0.07973 0.99679 -0.00785
vn -0.56548 0.81706 -0.11248
vn -0.57379 0.81705 -0.05651
vn -0.07858 0.99679 -0.01563
vn -0.07667 0.99679 -0.02326
vn -0.53267 0.81706 -0.22064
vn -0.55174 0.81705 -0.16737
vn -0.07402 0.99679 -0.03066
vn -0.07066 0.99679 -0.03777
vn -0.47939 0.81705 -0.32032
vn -0.50849 0.81705 -0.27179
vn -0.06661 0.99679 -0.04451
vn -0.06193 0.99679 -0.05083
vn -0.40769 0.81706 -0.40769
vn -0.44569 0.81705 -0.36577
vn -0.05665 0.99679 -0.05665
vn -0.05083 0.99679 -0.06193
vn -0.32032 0.81706 -0.47939
vn -0.36577 0.81705 -0.44569
vn -0.04451 0.99679 -0.06661
vn -0.03777 0.99679 -0.07066
vn -0.22064 0.81706 -0.53267
vn -0.27179 0.81705 -0.50849
vn -0.03066 0.99679 -0.07402
vn -0.02326 0.99679 -0.07667
vn -0.11248 0.81706 -0.56548
vn -0.16737 0.81705 -0.55174
vn -0.01563 0.99679 -0.07858
vn -0.00785 0.99679 -0.07973
vn 0 0.81705 -0.57656
vn -0.05651 0.81705 -0.57379
vn 0 0.99679 -0.08012
vn 0.00785 0.99679 -0.07973
vn 0.11248 0.81706 -0.56547
vn 0.05652 0.81705 -0.57379
vn 0.01563 0.99679 -0.07858
vn 0.02326 0.99679 -0.07667
vn 0.22064 0.81706 -0.53267
vn 0.16737 0.81705 -0.55174
vn 0.03066 0.99679 -0.07402
vn 0.03777 0.99679 -0.07066
vn 0.32032 0.81706 -0.47939
vn 0.27179 0.81705 -0.50849
vn 0.04451 0.99679 -0.06661
vn 0.05083 0.99679 -0.06193
vn 0.40769 0.81706 -0.40769
vn 0.36577 0.81705 -0.44569
vn 0.05665 0.99679 -0.05665
vn 0.06193 0.99679 -0.05083
vn 0.47939 0.81706 -0.32032
vn 0.44569 0.81705 -0.36577
vn 0.06661 0.99679 -0.04451
vn 0.07066 0.99679 -0.03777
vn 0.50849 0.81705 -0.27179
vn 0.07402 0.99679 -0.03066
vn 0.07667 0.99679 -0.02326
vn 0.07858 0.99679 -0.01563
vn -0.0804 0.99646 0.02439
vn 0.07973 0.99679 -0.00785
vn 0.08012 0.99679 0
vn -0.08361 0.99646 0.00824
vn -0.08241 0.99646 0.01639
vn 0.07973 0.99679 0.00785
vn 0.07858 0.99679 0.01563
vn -0.08361 0.99646 -0.00824
vn -0.08402 0.99646 -0
vn 0.07667 0.99679 0.02326
vn 0.07402 0.99679 0.03066
vn -0.0804 0.99646 -0.02439
vn -0.08241 0.99646 -0.01639
vn 0.07066 0.99679 0.03777
vn 0.06661 0.99679 0.04451
vn -0.0741 0.99646 -0.03961
vn -0.07763 0.99646 -0.03215
vn 0.06193 0.99679 0.05083
vn 0.05665 0.99679 0.05665
vn 0.05083 0.99679 0.06193
vn 0.04451 0.99679 0.06661
vn 0.03777 0.99679 0.07066
vn 0.03066 0.99679 0.07402
vn 0.02326 0.99679 0.07667
vn 0.01563 0.99679 0.07858
vn 0.00785 0.99679 0.07973
vn -0.34665 0.67767 0.64853
vn -0.17802 0.94708 0.26712
vn -0.15018 0.94772 0.28155
vn -0.40855 0.67767 0.61143
vn -0.46651 0.67767 0.56844
vn -0.23131 0.94498 0.23131
vn -0.20523 0.946 0.25092
vn -0.51998 0.67767 0.51998
vn -0.56844 0.67767 0.46651
vn -0.26712 0.94708 0.17802
vn -0.25092 0.946 0.20523
vn -0.61143 0.67767 0.40855
vn -0.64853 0.67767 0.34665
vn -0.29375 0.94814 0.12145
vn -0.28154 0.94772 0.15017
vn -0.67939 0.67767 0.28141
vn -0.7037 0.67768 0.21346
vn -0.31037 0.94861 0.06164
vn -0.30339 0.94843 0.09188
vn -0.72124 0.67767 0.14346
vn -0.73182 0.67768 0.07208
vn -0.31599 0.94876 0
vn -0.31457 0.94873 0.03094
vn -0.73537 0.67767 0
vn 0.063 0.76606 -0.63967
vn 0.09569 0.21642 -0.9716
vn 0 0.21643 -0.9763
vn -0.73182 0.67768 -0.07208
vn -0.31037 0.94861 -0.06164
vn -0.31457 0.94873 -0.03094
vn -0.72123 0.67767 -0.14346
vn -0.56687 0.76606 -0.303
vn -0.59384 0.76606 -0.24598
vn -0.86102 0.21643 -0.46023
vn -0.90198 0.21643 -0.37361
vn -0.7037 0.67768 -0.21346
vn -0.29375 0.94814 -0.12145
vn -0.30339 0.94842 -0.09188
vn -0.67939 0.67767 -0.28141
vn -0.64853 0.67767 -0.34665
vn -0.26712 0.94708 -0.17802
vn -0.28154 0.94772 -0.15018
vn -0.61143 0.67767 -0.40855
vn -0.56844 0.67768 -0.46651
vn -0.23131 0.94498 -0.23131
vn -0.25092 0.946 -0.20523
vn -0.51998 0.67767 -0.51998
vn -0.61509 0.76606 -0.18659
vn -0.63042 0.76606 -0.1254
vn -0.93426 0.21643 -0.28341
vn -0.95754 0.21643 -0.19047
vn -0.46651 0.67768 -0.56844
vn -0.17802 0.94708 -0.26712
vn -0.20523 0.946 -0.25092
vn -0.40855 0.67767 -0.61143
vn -0.34665 0.67768 -0.64853
vn -0.12145 0.94814 -0.29375
vn -0.15018 0.94772 -0.28155
vn -0.28141 0.67767 -0.67939
vn -0.21347 0.67767 -0.7037
vn -0.06164 0.94861 -0.31037
vn -0.09188 0.94843 -0.30339
vn -0.14346 0.67767 -0.72124
vn -0.63967 0.76606 -0.063
vn -0.64277 0.76606 -0
vn -0.9716 0.21643 -0.09569
vn -0.9763 0.21643 -0
vn -0.07208 0.67768 -0.73182
vn 0 0.94876 -0.31599
vn -0.03094 0.94873 -0.31457
vn 0 0.67767 -0.73537
vn 0.07208 0.67768 -0.73182
vn 0.06164 0.94861 -0.31038
vn 0.03094 0.94873 -0.31457
vn 0.14346 0.67767 -0.72123
vn 0.21346 0.67768 -0.7037
vn 0.12145 0.94813 -0.29375
vn 0.09188 0.94843 -0.30339
vn 0.28141 0.67767 -0.67939
vn -0.63967 0.76606 0.063
vn -0.63042 0.76606 0.1254
vn -0.9716 0.21643 0.09569
vn -0.95754 0.21643 0.19047
vn 0.34665 0.67767 -0.64853
vn 0.17802 0.94708 -0.26712
vn 0.15018 0.94772 -0.28155
vn 0.40855 0.67767 -0.61143
vn 0.46651 0.67767 -0.56844
vn 0.23131 0.94498 -0.23131
vn 0.20523 0.946 -0.25092
vn 0.51998 0.67767 -0.51998
vn 0.56844 0.67767 -0.46651
vn 0.26712 0.94708 -0.17802
vn 0.25092 0.946 -0.20523
vn 0.61143 0.67767 -0.40855
vn -0.61509 0.76606 0.18658
vn -0.93426 0.21643 0.2834
vn -0.90198 0.21643 0.37361
vn 0.64853 0.67767 -0.34665
vn 0.28155 0.94772 -0.15018
vn -0 1 0.00297
vn -0.00519 0.9986 0.05257
vn -0 0.99861 0.05268
vn -0.00029 1 0.00298
vn -0.01041 0.99858 0.05226
vn -0.00059 1 0.00301
vn -0.01571 0.99854 0.05174
vn -0.00091 0.99999 0.00307
vn -0.02115 0.99847 0.05105
vn -0.00127 0.99999 0.00316
vn -0.02682 0.99838 0.05026
vn -0.00171 0.99999 0.00331
vn -0.03303 0.99822 0.04971
vn -0.0023 0.99999 0.00364
vn -0.04049 0.99793 0.05006
vn -0.00339 0.99998 0.00448
vn -0.0497 0.99753 0.0497
vn -0.00448 0.99998 0.00339
vn -0.00646 0.99996 0.00646
vn -0.00364 0.99999 0.0023
vn -0.05006 0.99793 0.04049
vn -0.04971 0.99822 0.03303
vn -0.00331 0.99999 0.00171
vn -0.00316 0.99999 0.00127
vn -0.05026 0.99838 0.02682
vn -0.05105 0.99847 0.02115
vn -0.00307 0.99999 0.00091
vn -0.00301 1 0.00059
vn -0.05174 0.99854 0.01571
vn -0.05226 0.99858 0.01041
vn -0.00298 1 0.00029
vn -0.00297 1 -0
vn -0.05257 0.9986 0.00519
vn -0.05268 0.99861 0
vn -0.05257 0.9986 -0.00519
vn -0.00298 1 -0.00029
vn -0.05226 0.99858 -0.01041
vn -0.00301 1 -0.00059
vn -0.05174 0.99854 -0.01571
vn -0.00307 0.99999 -0.00091
vn -0.05105 0.99847 -0.02115
vn -0.00316 0.99999 -0.00127
vn -0.05026 0.99838 -0.02683
vn -0.00332 0.99999 -0.00171
vn -0.04972 0.99822 -0.03304
vn -0.00365 0.99999 -0.0023
vn -0.05007 0.99792 -0.0405
vn -0.00449 0.99998 -0.0034
vn -0.04971 0.99753 -0.04971
vn -0.0034 0.99998 -0.00449
vn -0.00647 0.99996 -0.00647
vn -0.0023 0.99999 -0.00365
vn -0.0405 0.99792 -0.05007
vn -0.03304 0.99822 -0.04972
vn -0.00171 0.99999 -0.00332
vn -0.00128 0.99999 -0.00316
vn -0.02683 0.99838 -0.05027
vn -0.02115 0.99847 -0.05105
vn -0.00091 0.99999 -0.00308
vn -0.00059 1 -0.00302
vn -0.01572 0.99854 -0.05175
vn -0.01042 0.99858 -0.05227
vn -0.00029 1 -0.00299
vn 0 1 -0.00298
vn -0.00519 0.9986 -0.05258
vn 0 0.99861 -0.05269
vn 0.00519 0.9986 -0.05258
vn 0.00029 1 -0.00299
vn 0.01042 0.99858 -0.05227
vn 0.00059 1 -0.00302
vn 0.01572 0.99854 -0.05175
vn 0.00091 0.99999 -0.00308
vn 0.02115 0.99847 -0.05105
vn 0.00128 0.99999 -0.00316
vn 0.02683 0.99838 -0.05027
vn 0.00171 0.99999 -0.00332
vn 0.03304 0.99822 -0.04972
vn 0.0023 0.99999 -0.00365
vn 0.0405 0.99792 -0.05007
vn 0.0034 0.99998 -0.00449
vn 0.04971 0.99753 -0.04971
vn 0.00449 0.99998 -0.0034
vn 0.00647 0.99996 -0.00647
vn 0.00365 0.99999 -0.0023
vn 0.05007 0.99792 -0.0405
vn 0.04972 0.99822 -0.03304
vn 0.00332 0.99999 -0.00171
vn 0.00316 0.99999 -0.00127
vn 0.05026 0.99838 -0.02683
vn 0.05105 0.99847 -0.02115
vn 0.00307 0.99999 -0.00091
vn 0.00301 1 -0.00059
vn 0.05174 0.99854 -0.01571
vn 0.05226 0.99858 -0.01041
vn 0.00298 1 -0.00029
vn 0.00297 1 0
vn 0.05257 0.9986 -0.00519
vn 0.05268 0.99861 0
vn 0.05257 0.9986 0.00519
vn 0.00298 1 0.00029
vn 0.05226 0.99858 0.01041
vn 0.00301 1 0.00059
vn 0.05174 0.99854 0.01571
vn 0.00307 0.99999 0.00091
vn 0.05105 0.99847 0.02115
vn 0.00316 0.99999 0.00127
vn 0.05026 0.99838 0.02682
vn 0.00331 0.99999 0.00171
vn 0.04971 0.99822 0.03303
vn 0.00364 0.99999 0.0023
vn 0.05006 0.99793 0.04049
vn 0.00448 0.99998 0.00339
vn 0.0497 0.99753 0.0497
vn 0.00339 0.99998 0.00448
vn 0.00646 0.99996 0.00646
vn 0.0023 0.99999 0.00364
vn 0.04049 0.99793 0.05006
vn 0.03303 0.99822 0.04971
vn 0.00171 0.99999 0.00331
vn 0.00127 0.99999 0.00316
vn 0.02682 0.99838 0.05026
vn 0.02115 0.99847 0.05105
vn 0.00091 0.99999 0.00307
vn 0.00059 1 0.00301
vn 0.01571 0.99854 0.05174
vn 0.01041 0.99858 0.05226
vn 0.00029 1 0.00298
vn 0.00519 0.9986 0.05257
vn -0.09802 -0 -0.99518
vn 0 0.0335 -0.99944
vn -0 0 -1
vn -0.19498 0.0335 -0.98023
vn -0.09796 0.0335 -0.99463
vn -0.19509 -0 -0.98079
vn -0.29012 0.0335 -0.9564
vn -0.38268 -0 -0.92388
vn -0.29028 -0 -0.95694
vn -0.4714 -0 -0.88192
vn -0.38247 0.0335 -0.92336
vn -0.55526 0.0335 -0.831
vn -0.47113 0.0335 -0.88143
vn -0.63439 0 -0.77301
vn -0.55557 0 -0.83147
vn -0.70711 0 -0.70711
vn -0.63404 0.0335 -0.77258
vn -0.77301 0 -0.63439
vn -0.70671 0.0335 -0.70671
vn -0.83147 0 -0.55557
vn -0.77258 0.0335 -0.63404
vn -0.88192 -0 -0.4714
vn -0.831 0.0335 -0.55526
vn -0.92336 0.0335 -0.38247
vn -0.88143 0.0335 -0.47113
vn -0.95694 -0 -0.29029
vn -0.92388 -0 -0.38268
vn -0.98023 0.0335 -0.19498
vn -0.9564 0.0335 -0.29012
vn -0.99518 -0 -0.09802
vn -0.98079 -0 -0.19509
vn -0.99944 0.0335 -0
vn -0.99463 0.0335 -0.09796
vn -1 0 -0
vn -0.99463 0.0335 0.09796
vn -0.99518 0 0.09802
vn -0.98023 0.0335 0.19498
vn -0.95694 -0 0.29028
vn -0.98079 0 0.19509
vn -0.92388 -0 0.38268
vn -0.9564 0.0335 0.29012
vn -0.88192 0 0.4714
vn -0.92336 0.0335 0.38247
vn -0.83147 0 0.55557
vn -0.88143 0.0335 0.47113
vn -0.77301 0 0.63439
vn -0.831 0.0335 0.55526
vn -0.70711 0 0.70711
vn -0.77258 0.0335 0.63403
vn -0.63439 0 0.77301
vn -0.70671 0.0335 0.70671
vn -0.55557 0 0.83147
vn -0.63404 0.0335 0.77258
vn -0.47113 0.0335 0.88143
vn -0.55526 0.0335 0.831
vn -0.38268 0 0.92388
vn -0.4714 0 0.88192
vn -0.29028 0 0.95694
vn -0.38247 0.0335 0.92336
vn -0.19498 0.0335 0.98023
vn -0.29012 0.0335 0.9564
vn -0.19509 0 0.98078
vn -0.09796 0.0335 0.99463
vn -0.09802 0 0.99518
vn 0 0.0335 0.99944
vn 0 0 1
vn 0.09796 0.0335 0.99463
vn 0.09802 0 0.99518
vn 0.19498 0.0335 0.98023
vn 0.19509 0 -0.98079
vn 0.09796 0.0335 -0.99463
vn 0.19498 0.0335 -0.98023
vn 0.09802 -0 -0.99518
vn 0.29029 -0 -0.95694
vn 0.38247 0.0335 -0.92336
vn 0.38268 -0 -0.92388
vn 0.29012 0.0335 -0.9564
vn 0.47139 -0 -0.88192
vn 0.55526 0.0335 -0.831
vn 0.55557 -0 -0.83147
vn 0.47113 0.0335 -0.88143
vn 0.63439 0 -0.77301
vn 0.70671 0.0335 -0.70671
vn 0.70711 -0 -0.70711
vn 0.63404 0.0335 -0.77258
vn 0.77301 -0 -0.63439
vn 0.831 0.0335 -0.55526
vn 0.83147 -0 -0.55557
vn 0.77258 0.0335 -0.63404
vn 0.92388 -0 -0.38268
vn 0.88143 0.0335 -0.47113
vn 0.92336 0.0335 -0.38247
vn 0.88192 -0 -0.4714
vn 0.95694 0 -0.29028
vn 0.98023 0.0335 -0.19498
vn 0.98079 0 -0.19509
vn 0.9564 0.0335 -0.29012
vn 0.99518 -0 -0.09802
vn 0.99944 0.0335 0
vn 1 0 0
vn 0.99463 0.0335 -0.09796
vn 0.99518 -0 0.09801
vn 0.98023 0.0335 0.19498
vn 0.98079 -0 0.19509
vn 0.99463 0.0335 0.09796
vn 0.92388 0 0.38268
vn 0.9564 0.0335 0.29012
vn 0.92336 0.0335 0.38247
vn 0.95694 0 0.29029
vn 0.88192 -0 0.4714
vn 0.831 0.0335 0.55526
vn 0.83147 -0 0.55557
vn 0.88143 0.0335 0.47113
vn 0.70711 -0 0.70711
vn 0.77258 0.0335 0.63404
vn 0.70671 0.0335 0.70671
vn 0.77301 0 0.63439
vn 0.55557 -0 0.83147
vn 0.63404 0.0335 0.77258
vn 0.55526 0.0335 0.831
vn 0.63439 0 0.77301
vn 0.38268 0 0.92388
vn 0.47113 0.0335 0.88143
vn 0.38247 0.0335 0.92336
vn 0.47139 0 0.88192
vn 0.19509 -0 0.98079
vn 0.29012 0.0335 0.9564
vn 0.29029 -0 0.95694
vn 0 1 0
vn 0 1 0
vn 0 1 0
vn 0 1 0
vn 0 1 0
vn 0 1 0
vn 0 1 0
vn 0 1 0
vn 0 1 0
vn 0 1 0
vn 0 1 0
vn 0 1 0
vn 0 1 0
vn 0 1 0
vn 0 1 0
vn 0 1 0
vn 0 1 0
vn 0 1 0
vn 0 1 0
vn 0 1 0
vn 0 1 0
vn 0 1 0
vn 0 1 0
vn 0 1 0
vn 0 1 0
vn 0 1 0
vn 0 1 0
vn 0 1 0
vn 0 1 0
vn 0 1 0
vn 0 1 0
vn 0 1 0
vn 0 1 0
vn 0 1 0
vn 0 1 0
vn 0 1 0
vn 0 1 0
vn 0 1 0
vn 0 1 0
vn 0 1 0
vn 0 1 0
vn 0 1 0
vn 0 1 0
vn 0 1 0
vn 0 1 0
vn 0 1 0
vn 0 1 0
vn 0 1 0
vn 0 1 0
vn 0 1 0
vn 0 1 0
vn 0 1 0
vn 0 1 0
vn 0 1 0
vn 0 1 0
vn 0 1 0
vn 0 1 0
vn 0 1 0
vn 0 1 0
vn 0 1 0
vn 0 1 0
vn 0 1 0
vn 0 1 0
vn 0 1 0
vn 0 1 0
vn 0 1 0
vn 0 1 0
vn 0 1 0
vn 0 1 0
vn 0 1 0
vn 0 1 0
vn 0 1 0
vn 0 1 0
vn 0 1 0
vn 0 1 0
vn 0 1 0
vn 0 1 0
vn 0 1 0
vn 0 1 0
vn 0 1 0
vn 0 1 0
vn 0 1 0
vn 0 1 0
vn 0 1 0
vn 0 1 0
vn 0 1 0
vn 0 1 0
vn 0 1 0
vn 0 1 0
vn 0 1 0
vn 0 1 0
vn 0 1 0
vn 0 1 0
vn 0 1 0
vn 0 1 0
vn 0 1 0
vn 0 1 0
vn 0 1 0
vn 0 1 0
vn 0 1 0
vn 0 1 0
vn 0 1 0
vn 0 1 0
vn 0 1 0
vn 0 1 0
vn 0 1 0
vn 0 1 0
vn 0 1 0
vn 0 1 0
vn 0 1 0
vn 0 1 0
vn 0 1 0
vn 0 1 0
vn 0 1 0
vn 0 1 0
vn 0 1 0
vn 0 1 0
vn 0 1 0
vn 0 1 0
vn 0 1 0
vn 0 1 0
vn 0 1 0
vn 0 1 0
vn 0 1 0
vn 0 1 0
vn 0 1 0
vn 0 1 0
vn 0 1 0
vn 0 1 0
vn 0 1 1E-05
vn -0 1 0
vn 0 1 0
vn 0 1 0
vn 0 1 0
vn 0 1 0
vn 0 1 0
vn 0 1 0
vn -0 1 0
vn -0 1 0
vn -0 1 0
vn 0 1 0
vn 0 1 0
vn 0 1 0
vn -0 1 1E-05
vn 0 1 0
vn 0 1 0
vn 0 1 0
vn 0 1 0
vn 0 1 0
vn 0 1 0
vn 0 1 0
vn -0 1 0
vn -0 1 0
vn -0 1 1E-05
vn -0 1 1E-05
vn -0 1 0
vn -0 1 0
vn 0 1 0
vn 0 1 0
vn 0 1 0
vn 0 1 0
vn 0 1 0
vn -0 1 0
vn 0 1 0
vn 0 1 0
vn -0 1 0
vn -0 1 0
vn 0 1 0
vn 0 1 0
vn 0 1 0
vn -0 1 0
vn 0 1 1E-05
vn 0 1 0
vn 0 1 0
vn 0 1 0
vn -0 1 0
vn -0 1 1E-05
vn 0 1 0
vn 0 1 0
vn 0 1 1E-05
vn -0 1 0
vn -0 1 0
vn -0 1 0
vn 0 1 0
vn 0 1 0
vn 0 1 0
vn 0 1 0
vn 0 1 0
vn 0 1 0
vn 0 1 0
vn 0 1 0
vn 0 1 0
vn 0 1 0
vn 0 1 0
vn 0 1 0
vn 0 1 0
vn 0 1 0
vn 0 1 0
vn 0 1 0
vn 0 1 0
vn 0 1 0
vn 0 1 0
vn 0 1 0
vn 0 1 0
vn 0 1 0
vn 0 1 0
vn 0 1 0
vn 0 1 0
vn -0 1 0
vn 0 1 0
vn 0 1 0
vn 0 1 0
vn 0 1 0
vn 0 1 0
vn 0 1 0
vn 0 1 0
vn 0 1 0
vn 0 1 0
vn 0 1 0
vn 0 1 0
vn 0 1 0
vn 0 1 0
vn 0 1 0
vn 0 1 0
vn 0 1 0
vn -0.06986 -0.99646 0.04668
vn -0.56687 -0.76606 0.303
vn -0.0741 -0.99646 0.03961
vn -0.07763 -0.99646 0.03215
vn -0.86102 -0.21643 0.46022
vn -0.59384 -0.76606 0.24598
vn -0.53445 -0.76606 0.3571
vn -0.05941 -0.99646 0.05941
vn -0.49686 -0.76606 0.40776
vn -0.06495 -0.99646 0.0533
vn -0.75469 -0.21643 0.61936
vn -0.45451 -0.76606 0.45451
vn -0.04668 -0.99646 0.06986
vn -0.40777 -0.76606 0.49686
vn -0.0533 -0.99646 0.06495
vn -0.61936 -0.21643 0.75469
vn -0.35711 -0.76606 0.53445
vn -0.03215 -0.99646 0.07763
vn -0.303 -0.76607 0.56687
vn -0.03961 -0.99646 0.0741
vn -0.46022 -0.21643 0.86102
vn -0.24598 -0.76605 0.59385
vn -0.01639 -0.99646 0.08241
vn -0.18658 -0.76606 0.61509
vn -0.02439 -0.99646 0.0804
vn -0.2834 -0.21643 0.93426
vn -0.1254 -0.76606 0.63042
vn -0 -0.99646 0.08402
vn -0.063 -0.76606 0.63967
vn -0.00824 -0.99646 0.08361
vn -0.09569 -0.21643 0.9716
vn -0 -0.76605 0.64278
vn 0.01639 -0.99646 0.08241
vn 0.063 -0.76606 0.63967
vn 0.00824 -0.99646 0.08362
vn 0.09569 -0.21642 0.9716
vn 0.1254 -0.76606 0.63042
vn 0.03215 -0.99646 0.07763
vn 0.18659 -0.76606 0.61509
vn 0.02439 -0.99646 0.0804
vn 0.28341 -0.21642 0.93426
vn 0.24598 -0.76605 0.59385
vn 0.04668 -0.99646 0.06986
vn 0.30299 -0.76607 0.56686
vn 0.03961 -0.99646 0.0741
vn 0.46022 -0.21643 0.86102
vn 0.35711 -0.76606 0.53445
vn 0.05941 -0.99646 0.05941
vn 0.40776 -0.76607 0.49686
vn 0.0533 -0.99646 0.06495
vn 0.61936 -0.21643 0.75469
vn 0.45451 -0.76606 0.45451
vn 0.06986 -0.99646 0.04668
vn 0.49686 -0.76607 0.40776
vn 0.06495 -0.99646 0.0533
vn 0.75469 -0.21643 0.61936
vn 0.53444 -0.76606 0.3571
vn 0.07763 -0.99646 0.03215
vn 0.56687 -0.76606 0.303
vn 0.0741 -0.99646 0.03961
vn 0.86102 -0.21643 0.46022
vn 0.90198 -0.21643 0.37361
vn 0.59385 -0.76606 0.24598
vn 0.08241 -0.99646 0.01639
vn 0.61509 -0.76606 0.18658
vn 0.0804 -0.99646 0.02439
vn 0.93426 -0.21643 0.2834
vn 0.63042 -0.76606 0.1254
vn 0.08402 -0.99646 0
vn 0.63967 -0.76607 0.063
vn 0.08361 -0.99646 0.00824
vn 0.9716 -0.21643 0.09569
vn 0.64277 -0.76606 -0
vn 0.08241 -0.99646 -0.01639
vn 0.63967 -0.76607 -0.063
vn 0.08362 -0.99646 -0.00824
vn 0.9716 -0.21643 -0.09569
vn 0.63042 -0.76606 -0.1254
vn -0.06164 -0.94862 0.31037
vn -0.21346 -0.67768 0.7037
vn -0.09188 -0.94843 0.30339
vn -0.12145 -0.94813 0.29375
vn -0.16737 -0.81705 0.55174
vn -0.28141 -0.67767 0.67939
vn -0.14346 -0.67767 0.72123
vn -0 -0.94876 0.31599
vn -0.07208 -0.67767 0.73182
vn -0.03094 -0.94873 0.31457
vn -0.05652 -0.81705 0.57379
vn -0 -0.67767 0.73536
vn 0.07763 -0.99646 -0.03215
vn 0.61509 -0.76606 -0.18659
vn 0.0804 -0.99646 -0.02439
vn 0.93426 -0.21642 -0.28341
vn 0.59385 -0.76606 -0.24598
vn 0.06986 -0.99646 -0.04668
vn 0.56687 -0.76607 -0.303
vn 0.0741 -0.99646 -0.03961
vn 0.86102 -0.21643 -0.46022
vn 0.53444 -0.76606 -0.3571
vn -0.01639 -0.99646 -0.08241
vn -0.063 -0.76606 -0.63967
vn -0.00824 -0.99646 -0.08362
vn -0 -0.99646 -0.08402
vn -0.09569 -0.21642 -0.9716
vn -0 -0.76605 -0.64278
vn -0.1254 -0.76606 -0.63042
vn 0.05941 -0.99646 -0.05941
vn 0.49686 -0.76607 -0.40776
vn 0.06495 -0.99646 -0.0533
vn 0.75469 -0.21643 -0.61936
vn 0.45451 -0.76606 -0.45451
vn 0.06164 -0.94862 0.31037
vn 0.07208 -0.67767 0.73182
vn 0.03094 -0.94873 0.31457
vn 0.05651 -0.81705 0.57379
vn 0.14346 -0.67767 0.72124
vn -0.03215 -0.99646 -0.07763
vn -0.18658 -0.76606 -0.61509
vn -0.02439 -0.99646 -0.0804
vn -0.2834 -0.21643 -0.93426
vn -0.24598 -0.76606 -0.59384
vn 0.12145 -0.94813 0.29375
vn 0.21346 -0.67767 0.7037
vn 0.09188 -0.94843 0.30339
vn 0.16737 -0.81705 0.55174
vn 0.28141 -0.67767 0.67939
vn 0.17802 -0.94708 0.26712
vn 0.34665 -0.67767 0.64853
vn 0.15018 -0.94772 0.28155
vn 0.27179 -0.81705 0.50849
vn 0.40855 -0.67767 0.61143
vn 0.04668 -0.99646 -0.06986
vn 0.40777 -0.76606 -0.49686
vn 0.0533 -0.99646 -0.06495
vn 0.61936 -0.21643 -0.75469
vn 0.35711 -0.76606 -0.53445
vn 0.23131 -0.94498 0.23131
vn 0.46651 -0.67767 0.56844
vn 0.20523 -0.946 0.25092
vn 0.36577 -0.81705 0.44569
vn 0.51998 -0.67767 0.51998
vn -0.04668 -0.99646 -0.06986
vn -0.30299 -0.76607 -0.56687
vn -0.03961 -0.99646 -0.0741
vn -0.46022 -0.21643 -0.86102
vn -0.3571 -0.76606 -0.53445
vn 0.26712 -0.94708 0.17802
vn 0.56844 -0.67767 0.46651
vn 0.25092 -0.946 0.20523
vn 0.44569 -0.81705 0.36577
vn 0.61143 -0.67767 0.40855
vn 0.29375 -0.94813 0.12145
vn 0.64853 -0.67768 0.34665
vn 0.28155 -0.94772 0.15018
vn 0.50849 -0.81705 0.27179
vn 0.67939 -0.67767 0.28141
vn 0.03215 -0.99646 -0.07763
vn 0.303 -0.76607 -0.56687
vn 0.03961 -0.99646 -0.0741
vn 0.46022 -0.21643 -0.86102
vn 0.24598 -0.76605 -0.59385
vn 0.31037 -0.94861 0.06164
vn 0.7037 -0.67767 0.21347
vn 0.30339 -0.94843 0.09188
vn 0.55174 -0.81705 0.16737
vn 0.72124 -0.67767 0.14346
vn -0.05941 -0.99646 -0.05941
vn -0.40777 -0.76606 -0.49686
vn -0.0533 -0.99646 -0.06495
vn -0.61936 -0.21643 -0.75469
vn -0.45451 -0.76606 -0.45451
vn 0.31599 -0.94876 0
vn 0.73182 -0.67768 0.07208
vn 0.31457 -0.94873 0.03094
vn 0.57379 -0.81705 0.05651
vn 0.73537 -0.67767 0
vn 0.31037 -0.94861 -0.06164
vn 0.73182 -0.67768 -0.07208
vn 0.31457 -0.94873 -0.03094
vn 0.57379 -0.81705 -0.05651
vn 0.72124 -0.67767 -0.14346
vn 0.01639 -0.99646 -0.08241
vn 0.18658 -0.76606 -0.61509
vn 0.02439 -0.99646 -0.0804
vn 0.28341 -0.21643 -0.93426
vn 0.1254 -0.76605 -0.63042
vn 0.29375 -0.94813 -0.12145
vn 0.7037 -0.67767 -0.21346
vn 0.30339 -0.94843 -0.09188
vn 0.55174 -0.81705 -0.16737
vn 0.67939 -0.67767 -0.28141
vn -0.06986 -0.99646 -0.04668
vn -0.49686 -0.76607 -0.40776
vn -0.06495 -0.99646 -0.0533
vn -0.75469 -0.21643 -0.61936
vn -0.53444 -0.76606 -0.3571
vn -0 -0.81706 0.57656
vn -0.00785 -0.99679 0.07973
vn -0.11248 -0.81706 0.56548
vn 0.00824 -0.99646 -0.08362
vn -0.01563 -0.99679 0.07858
vn -0 -0.99679 0.08012
vn -0.02326 -0.99679 0.07667
vn -0.22064 -0.81706 0.53267
vn -0.03066 -0.99679 0.07402
vn -0.03777 -0.99679 0.07066
vn -0.27179 -0.81705 0.50849
vn -0.32032 -0.81706 0.47939
vn -0.04451 -0.99679 0.06661
vn -0.05083 -0.99679 0.06193
vn -0.36577 -0.81705 0.44569
vn -0.40769 -0.81706 0.40769
vn -0.05665 -0.99679 0.05665
vn -0.06193 -0.99679 0.05083
vn -0.4457 -0.81705 0.36577
vn -0.47939 -0.81706 0.32032
vn -0.06661 -0.99679 0.04451
vn -0.07066 -0.99679 0.03777
vn -0.50849 -0.81705 0.27179
vn -0.53267 -0.81706 0.22064
vn -0.07402 -0.99679 0.03066
vn -0.07667 -0.99679 0.02326
vn -0.55174 -0.81705 0.16737
vn -0.56548 -0.81706 0.11248
vn -0.07858 -0.99679 0.01563
vn -0.07973 -0.99679 0.00785
vn -0.57379 -0.81705 0.05651
vn -0.57656 -0.81706 0
vn -0.08012 -0.99679 -0
vn -0.07973 -0.99679 -0.00785
vn -0.57379 -0.81705 -0.05651
vn -0.56548 -0.81706 -0.11248
vn -0.07858 -0.99679 -0.01563
vn -0.07667 -0.99679 -0.02326
vn -0.55174 -0.81705 -0.16737
vn -0.53267 -0.81706 -0.22064
vn -0.07402 -0.99679 -0.03066
vn -0.07066 -0.99679 -0.03777
vn -0.50849 -0.81705 -0.27179
vn -0.47939 -0.81705 -0.32032
vn -0.06661 -0.99679 -0.04451
vn -0.06193 -0.99679 -0.05083
vn -0.44569 -0.81705 -0.36577
vn -0.40769 -0.81706 -0.40769
vn -0.05665 -0.99679 -0.05665
vn -0.05083 -0.99679 -0.06193
vn -0.36577 -0.81705 -0.44569
vn -0.32032 -0.81706 -0.47939
vn -0.04451 -0.99679 -0.06661
vn -0.03777 -0.99679 -0.07066
vn -0.27179 -0.81705 -0.50849
vn -0.22064 -0.81706 -0.53267
vn -0.03066 -0.99679 -0.07402
vn -0.02326 -0.99679 -0.07667
vn -0.16737 -0.81705 -0.55174
vn -0.11248 -0.81706 -0.56548
vn -0.01563 -0.99679 -0.07858
vn -0.00785 -0.99679 -0.07973
vn -0.05651 -0.81705 -0.57379
vn 0 -0.81705 -0.57656
vn 0 -0.99679 -0.08012
vn 0.00785 -0.99679 -0.07973
vn 0.05652 -0.81705 -0.57379
vn 0.11248 -0.81706 -0.56547
vn 0.01563 -0.99679 -0.07858
vn 0.02326 -0.99679 -0.07667
vn 0.16737 -0.81705 -0.55174
vn 0.22064 -0.81706 -0.53267
vn 0.03066 -0.99679 -0.07402
vn 0.03777 -0.99679 -0.07066
vn 0.27179 -0.81705 -0.50849
vn 0.32032 -0.81706 -0.47939
vn 0.04451 -0.99679 -0.06661
vn 0.05083 -0.99679 -0.06193
vn 0.36577 -0.81705 -0.44569
vn 0.40769 -0.81706 -0.40769
vn 0.05665 -0.99679 -0.05665
vn 0.06193 -0.99679 -0.05083
vn 0.44569 -0.81705 -0.36577
vn 0.47939 -0.81706 -0.32032
vn 0.06661 -0.99679 -0.04451
vn 0.07066 -0.99679 -0.03777
vn 0.50849 -0.81705 -0.27179
vn 0.53267 -0.81706 -0.22064
vn 0.07402 -0.99679 -0.03066
vn 0.07667 -0.99679 -0.02326
vn 0.56548 -0.81706 -0.11248
vn -0.0804 -0.99646 0.02439
vn 0.07858 -0.99679 -0.01563
vn 0.07973 -0.99679 -0.00785
vn 0.57656 -0.81706 0
vn -0.08361 -0.99646 0.00824
vn 0.08012 -0.99679 0
vn 0.07973 -0.99679 0.00785
vn 0.56548 -0.81706 0.11248
vn -0.08361 -0.99646 -0.00824
vn 0.07858 -0.99679 0.01563
vn 0.07667 -0.99679 0.02326
vn 0.53267 -0.81706 0.22064
vn -0.0804 -0.99646 -0.02439
vn 0.07402 -0.99679 0.03066
vn 0.07066 -0.99679 0.03777
vn 0.47939 -0.81706 0.32032
vn -0.0741 -0.99646 -0.03961
vn 0.06661 -0.99679 0.04451
vn 0.06193 -0.99679 0.05083
vn 0.40769 -0.81706 0.40769
vn 0.05665 -0.99679 0.05665
vn 0.05083 -0.99679 0.06193
vn 0.32032 -0.81706 0.47939
vn 0.04451 -0.99679 0.06661
vn 0.03777 -0.99679 0.07066
vn 0.22064 -0.81706 0.53267
vn 0.03066 -0.99679 0.07402
vn 0.02326 -0.99679 0.07667
vn 0.11248 -0.81706 0.56548
vn 0.01563 -0.99679 0.07858
vn 0.00785 -0.99679 0.07973
vn -0.34665 -0.67767 0.64853
vn -0.15018 -0.94772 0.28155
vn -0.17802 -0.94708 0.26712
vn -0.40855 -0.67767 0.61143
vn -0.46651 -0.67767 0.56844
vn -0.20523 -0.946 0.25092
vn -0.23131 -0.94498 0.23131
vn -0.51998 -0.67767 0.51998
vn -0.56844 -0.67767 0.46651
vn -0.25092 -0.946 0.20523
vn -0.26712 -0.94708 0.17802
vn -0.61143 -0.67767 0.40855
vn -0.64853 -0.67767 0.34665
vn -0.28154 -0.94772 0.15017
vn -0.29375 -0.94814 0.12145
vn -0.67939 -0.67767 0.28141
vn -0.7037 -0.67768 0.21346
vn -0.30339 -0.94843 0.09188
vn -0.31037 -0.94861 0.06164
vn -0.72124 -0.67767 0.14346
vn -0.73182 -0.67768 0.07208
vn -0.31457 -0.94873 0.03094
vn -0.31599 -0.94876 0
vn -0.73537 -0.67767 0
vn 0.063 -0.76606 -0.63967
vn 0.09569 -0.21642 -0.9716
vn -0.73182 -0.67768 -0.07208
vn -0.31457 -0.94873 -0.03094
vn -0.31037 -0.94861 -0.06164
vn -0.72123 -0.67767 -0.14346
vn -0.07763 -0.99646 -0.03215
vn -0.56687 -0.76606 -0.303
vn -0.86102 -0.21643 -0.46023
vn -0.59384 -0.76606 -0.24598
vn -0.7037 -0.67768 -0.21346
vn -0.30339 -0.94842 -0.09188
vn -0.29375 -0.94814 -0.12145
vn -0.67939 -0.67767 -0.28141
vn -0.64853 -0.67767 -0.34665
vn -0.28154 -0.94772 -0.15018
vn -0.26712 -0.94708 -0.17802
vn -0.61143 -0.67767 -0.40855
vn -0.56844 -0.67768 -0.46651
vn -0.25092 -0.946 -0.20523
vn -0.23131 -0.94498 -0.23131
vn -0.51998 -0.67767 -0.51998
vn -0.08241 -0.99646 -0.01639
vn -0.61509 -0.76606 -0.18659
vn -0.93426 -0.21643 -0.28341
vn -0.63042 -0.76606 -0.1254
vn -0.46651 -0.67768 -0.56844
vn -0.20523 -0.946 -0.25092
vn -0.17802 -0.94708 -0.26712
vn -0.40855 -0.67767 -0.61143
vn -0.34665 -0.67768 -0.64853
vn -0.15018 -0.94772 -0.28155
vn -0.12145 -0.94814 -0.29375
vn -0.28141 -0.67767 -0.67939
vn -0.21347 -0.67767 -0.7037
vn -0.09188 -0.94843 -0.30339
vn -0.06164 -0.94861 -0.31037
vn -0.14346 -0.67767 -0.72124
vn -0.08402 -0.99646 -0
vn -0.63967 -0.76606 -0.063
vn -0.9716 -0.21643 -0.09569
vn -0.64277 -0.76606 -0
vn -0.07208 -0.67768 -0.73182
vn -0.03094 -0.94873 -0.31457
vn 0 -0.94876 -0.31599
vn 0 -0.67767 -0.73537
vn 0.07208 -0.67768 -0.73182
vn 0.03094 -0.94873 -0.31457
vn 0.06164 -0.94861 -0.31038
vn 0.14346 -0.67767 -0.72123
vn 0.21346 -0.67768 -0.7037
vn 0.09188 -0.94843 -0.30339
vn 0.12145 -0.94813 -0.29375
vn 0.28141 -0.67767 -0.67939
vn -0.08241 -0.99646 0.01639
vn -0.63967 -0.76606 0.063
vn -0.9716 -0.21643 0.09569
vn -0.63042 -0.76606 0.1254
vn 0.34665 -0.67767 -0.64853
vn 0.15018 -0.94772 -0.28155
vn 0.17802 -0.94708 -0.26712
vn 0.40855 -0.67767 -0.61143
vn 0.46651 -0.67767 -0.56844
vn 0.20523 -0.946 -0.25092
vn 0.23131 -0.94498 -0.23131
vn 0.51998 -0.67767 -0.51998
vn 0.56844 -0.67767 -0.46651
vn 0.25092 -0.946 -0.20523
vn 0.26712 -0.94708 -0.17802
vn 0.61143 -0.67767 -0.40855
vn -0.61509 -0.76606 0.18658
vn -0.93426 -0.21643 0.2834
vn 0.64853 -0.67767 -0.34665
vn 0.28155 -0.94772 -0.15018
vn -0 -1 0.00297
vn -0.00519 -0.9986 0.05257
vn -0.00029 -1 0.00298
vn -0.01041 -0.99858 0.05226
vn -0.00059 -1 0.00301
vn -0 -0.99861 0.05268
vn -0.01571 -0.99854 0.05174
vn -0.00091 -0.99999 0.00307
vn -0.02115 -0.99847 0.05105
vn -0.00127 -0.99999 0.00316
vn -0.02682 -0.99838 0.05026
vn -0.00171 -0.99999 0.00331
vn -0.03303 -0.99822 0.04971
vn -0.0023 -0.99999 0.00364
vn -0.04049 -0.99793 0.05006
vn -0.00339 -0.99998 0.00448
vn -0.0497 -0.99753 0.0497
vn -0.00646 -0.99996 0.00646
vn -0.00448 -0.99998 0.00339
vn -0.05006 -0.99793 0.04049
vn -0.00364 -0.99999 0.0023
vn -0.04971 -0.99822 0.03303
vn -0.00331 -0.99999 0.00171
vn -0.05026 -0.99838 0.02682
vn -0.00316 -0.99999 0.00127
vn -0.05105 -0.99847 0.02115
vn -0.00307 -0.99999 0.00091
vn -0.05174 -0.99854 0.01571
vn -0.00301 -1 0.00059
vn -0.05226 -0.99858 0.01041
vn -0.00298 -1 0.00029
vn -0.05257 -0.9986 0.00519
vn -0.00297 -1 -0
vn -0.05268 -0.99861 0
vn -0.05257 -0.9986 -0.00519
vn -0.00298 -1 -0.00029
vn -0.05226 -0.99858 -0.01041
vn -0.00301 -1 -0.00059
vn -0.05174 -0.99854 -0.01571
vn -0.00307 -0.99999 -0.00091
vn -0.05105 -0.99847 -0.02115
vn -0.00316 -0.99999 -0.00127
vn -0.05026 -0.99838 -0.02683
vn -0.00332 -0.99999 -0.00171
vn -0.04972 -0.99822 -0.03304
vn -0.00365 -0.99999 -0.0023
vn -0.05007 -0.99792 -0.0405
vn -0.00449 -0.99998 -0.0034
vn -0.04971 -0.99753 -0.04971
vn -0.00647 -0.99996 -0.00647
vn -0.0034 -0.99998 -0.00449
vn -0.0405 -0.99792 -0.05007
vn -0.0023 -0.99999 -0.00365
vn -0.03304 -0.99822 -0.04972
vn -0.00171 -0.99999 -0.00332
vn -0.02683 -0.99838 -0.05027
vn -0.00128 -0.99999 -0.00316
vn -0.02115 -0.99847 -0.05105
vn -0.00091 -0.99999 -0.00308
vn -0.01572 -0.99854 -0.05175
vn -0.00059 -1 -0.00302
vn -0.01042 -0.99858 -0.05227
vn -0.00029 -1 -0.00299
vn -0.00519 -0.9986 -0.05258
vn 0 -1 -0.00298
vn 0 -0.99861 -0.05269
vn 0.00519 -0.9986 -0.05258
vn 0.00029 -1 -0.00299
vn 0.01042 -0.99858 -0.05227
vn 0.00059 -1 -0.00302
vn 0.01572 -0.99854 -0.05175
vn 0.00091 -0.99999 -0.00308
vn 0.02115 -0.99847 -0.05105
vn 0.00128 -0.99999 -0.00316
vn 0.02683 -0.99838 -0.05027
vn 0.00171 -0.99999 -0.00332
vn 0.03304 -0.99822 -0.04972
vn 0.0023 -0.99999 -0.00365
vn 0.0405 -0.99792 -0.05007
vn 0.0034 -0.99998 -0.00449
vn 0.04971 -0.99753 -0.04971
vn 0.00647 -0.99996 -0.00647
vn 0.00449 -0.99998 -0.0034
vn 0.05007 -0.99792 -0.0405
vn 0.00365 -0.99999 -0.0023
vn 0.04972 -0.99822 -0.03304
vn 0.00332 -0.99999 -0.00171
vn 0.05026 -0.99838 -0.02683
vn 0.00316 -0.99999 -0.00127
vn 0.05105 -0.99847 -0.02115
vn 0.00307 -0.99999 -0.00091
vn 0.05174 -0.99854 -0.01571
vn 0.00301 -1 -0.00059
vn 0.05226 -0.99858 -0.01041
vn 0.00298 -1 -0.00029
vn 0.05257 -0.9986 -0.00519
vn 0.00297 -1 0
vn 0.05268 -0.99861 0
vn 0.05257 -0.9986 0.00519
vn 0.00298 -1 0.00029
vn 0.05226 -0.99858 0.01041
vn 0.00301 -1 0.00059
vn 0.05174 -0.99854 0.01571
vn 0.00307 -0.99999 0.00091
vn 0.05105 -0.99847 0.02115
vn 0.00316 -0.99999 0.00127
vn 0.05026 -0.99838 0.02682
vn 0.00331 -0.99999 0.00171
vn 0.04971 -0.99822 0.03303
vn 0.00364 -0.99999 0.0023
vn 0.05006 -0.99793 0.04049
vn 0.00448 -0.99998 0.00339
vn 0.0497 -0.99753 0.0497
vn 0.00646 -0.99996 0.00646
vn 0.00339 -0.99998 0.00448
vn 0.04049 -0.99793 0.05006
vn 0.0023 -0.99999 0.00364
vn 0.03303 -0.99822 0.04971
vn 0.00171 -0.99999 0.00331
vn 0.02682 -0.99838 0.05026
vn 0.00127 -0.99999 0.00316
vn 0.02115 -0.99847 0.05105
vn 0.00091 -0.99999 0.00307
vn 0.01571 -0.99854 0.05174
vn 0.00059 -1 0.00301
vn 0.01041 -0.99858 0.05226
vn 0.00029 -1 0.00298
vn 0.00519 -0.9986 0.05257
vn 0 -0.0335 -0.99944
vn -0.19498 -0.0335 -0.98023
vn -0.09796 -0.0335 -0.99463
vn -0.19047 -0.21643 -0.95754
vn 0 -0.21643 -0.9763
vn -0.29012 -0.0335 -0.9564
vn -0.37361 -0.21643 -0.90198
vn -0.38247 -0.0335 -0.92336
vn -0.55526 -0.0335 -0.831
vn -0.47113 -0.0335 -0.88143
vn -0.5424 -0.21643 -0.81176
vn -0.63404 -0.0335 -0.77258
vn -0.69035 -0.21643 -0.69035
vn -0.70671 -0.0335 -0.70671
vn -0.77258 -0.0335 -0.63404
vn -0.81176 -0.21643 -0.5424
vn -0.831 -0.0335 -0.55526
vn -0.88143 -0.0335 -0.47113
vn -0.92336 -0.0335 -0.38247
vn -0.90198 -0.21643 -0.37361
vn -0.98023 -0.0335 -0.19498
vn -0.9564 -0.0335 -0.29012
vn -0.95754 -0.21643 -0.19047
vn -0.99463 -0.0335 -0.09796
vn -0.9763 -0.21643 -0
vn -0.99944 -0.0335 -0
vn -0.98023 -0.0335 0.19498
vn -0.99463 -0.0335 0.09796
vn -0.95754 -0.21643 0.19047
vn -0.9564 -0.0335 0.29012
vn -0.90198 -0.21643 0.37361
vn -0.92336 -0.0335 0.38247
vn -0.88143 -0.0335 0.47113
vn -0.81176 -0.21643 0.5424
vn -0.831 -0.0335 0.55526
vn -0.77258 -0.0335 0.63403
vn -0.69035 -0.21644 0.69035
vn -0.70671 -0.0335 0.70671
vn -0.55526 -0.0335 0.831
vn -0.63404 -0.0335 0.77258
vn -0.5424 -0.21643 0.81176
vn -0.47113 -0.0335 0.88143
vn -0.37361 -0.21642 0.90198
vn -0.38247 -0.0335 0.92336
vn -0.19498 -0.0335 0.98023
vn -0.29012 -0.0335 0.9564
vn -0.09796 -0.0335 0.99463
vn 0 -0.0335 0.99944
vn 0 -0.21643 0.9763
vn -0.19047 -0.21643 0.95754
vn 0.09796 -0.0335 0.99463
vn 0.19498 -0.0335 0.98023
vn 0.19047 -0.21643 0.95754
vn 0.09796 -0.0335 -0.99463
vn 0.19047 -0.21643 -0.95754
vn 0.19498 -0.0335 -0.98023
vn 0.38247 -0.0335 -0.92336
vn 0.29012 -0.0335 -0.9564
vn 0.37361 -0.21642 -0.90198
vn 0.55526 -0.0335 -0.831
vn 0.47113 -0.0335 -0.88143
vn 0.70671 -0.0335 -0.70671
vn 0.63404 -0.0335 -0.77258
vn 0.5424 -0.21643 -0.81176
vn 0.831 -0.0335 -0.55526
vn 0.77258 -0.0335 -0.63404
vn 0.69035 -0.21643 -0.69035
vn 0.88143 -0.0335 -0.47113
vn 0.81176 -0.21643 -0.5424
vn 0.90198 -0.21643 -0.37361
vn 0.92336 -0.0335 -0.38247
vn 0.98023 -0.0335 -0.19498
vn 0.9564 -0.0335 -0.29012
vn 0.95754 -0.21643 -0.19047
vn 0.99944 -0.0335 0
vn 0.99463 -0.0335 -0.09796
vn 0.9763 -0.21643 -0
vn 0.98023 -0.0335 0.19498
vn 0.99463 -0.0335 0.09796
vn 0.95754 -0.21643 0.19047
vn 0.9564 -0.0335 0.29012
vn 0.92336 -0.0335 0.38247
vn 0.831 -0.0335 0.55526
vn 0.88143 -0.0335 0.47113
vn 0.81176 -0.21644 0.5424
vn 0.70671 -0.0335 0.70671
vn 0.77258 -0.0335 0.63404
vn 0.69035 -0.21643 0.69035
vn 0.63404 -0.0335 0.77258
vn 0.5424 -0.21643 0.81176
vn 0.55526 -0.0335 0.831
vn 0.47113 -0.0335 0.88143
vn 0.37361 -0.21642 0.90198
vn 0.38247 -0.0335 0.92336
vn 0.29012 -0.0335 0.9564
vn 0 -1 0
vn 0 -1 0
vn 0 -1 0
vn 0 -1 0
vn 0 -1 0
vn 0 -1 0
vn 0 -1 0
vn 0 -1 0
vn 0 -1 0
vn 0 -1 0
vn 0 -1 0
vn 0 -1 0
vn 0 -1 0
vn 0 -1 0
vn 0 -1 0
vn 0 -1 0
vn 0 -1 0
vn 0 -1 0
vn 0 -1 0
vn 0 -1 0
vn 0 -1 0
vn 0 -1 0
vn 0 -1 0
vn 0 -1 0
vn 0 -1 0
vn 0 -1 0
vn 0 -1 0
vn 0 -1 0
vn 0 -1 0
vn 0 -1 0
vn 0 -1 0
vn 0 -1 0
vn 0 -1 0
vn 0 -1 0
vn 0 -1 0
vn 0 -1 0
vn 0 -1 0
vn 0 -1 0
vn 0 -1 0
vn 0 -1 0
vn 0 -1 0
vn 0 -1 0
vn 0 -1 0
vn 0 -1 0
vn 0 -1 0
vn 0 -1 0
vn 0 -1 0
vn 0 -1 0
vn 0 -1 0
vn 0 -1 0
vn 0 -1 0
vn 0 -1 0
vn 0 -1 0
vn 0 -1 0
vn 0 -1 0
vn 0 -1 0
vn 0 -1 0
vn 0 -1 0
vn 0 -1 0
vn 0 -1 0
vn 0 -1 0
vn 0 -1 0
vn 0 -1 0
vn 0 -1 0
vn 0 -1 0
vn 0 -1 0
vn 0 -1 0
vn 0 -1 0
vn 0 -1 0
vn 0 -1 0
vn 0 -1 0
vn 0 -1 0
vn 0 -1 0
vn 0 -1 0
vn 0 -1 0
vn 0 -1 0
vn 0 -1 0
vn 0 -1 0
vn 0 -1 0
vn 0 -1 0
vn 0 -1 0
vn 0 -1 0
vn 0 -1 0
vn 0 -1 0
vn 0 -1 0
vn 0 -1 0
vn 0 -1 0
vn 0 -1 0
vn 0 -1 0
vn 0 -1 0
vn 0 -1 0
vn 0 -1 0
vn 0 -1 0
vn 0 -1 0
vn 0 -1 0
vn 0 -1 0
vn 0 -1 0
vn 0 -1 0
vn 0 -1 0
vn 0 -1 0
vn 0 -1 0
vn 0 -1 0
vn 0 -1 0
vn 0 -1 0
vn 0 -1 0
vn 0 -1 0
vn 0 -1 0
vn 0 -1 0
vn 0 -1 0
vn 0 -1 0
vn 0 -1 0
vn 0 -1 0
vn 0 -1 0
vn 0 -1 0
vn 0 -1 0
vn 0 -1 0
vn 0 -1 0
vn 0 -1 0
vn 0 -1 0
vn 0 -1 0
vn 0 -1 0
vn 0 -1 0
vn 0 -1 0
vn 0 -1 0
vn 0 -1 0
vn 0 -1 0
vn 0 -1 0
vn 0 -1 0
vn 0 -1 1E-05
vn 0 -1 0
vn -0 -1 0
vn 0 -1 0
vn 0 -1 0
vn 0 -1 0
vn 0 -1 0
vn 0 -1 0
vn 0 -1 0
vn -0 -1 0
vn -0 -1 0
vn 0 -1 0
vn 0 -1 0
vn 0 -1 0
vn -0 -1 1E-05
vn 0 -1 0
vn 0 -1 0
vn 0 -1 0
vn 0 -1 0
vn 0 -1 0
vn 0 -1 0
vn 0 -1 0
vn -0 -1 0
vn -0 -1 0
vn -0 -1 1E-05
vn -0 -1 0
vn -0 -1 1E-05
vn -0 -1 0
vn 0 -1 0
vn 0 -1 0
vn 0 -1 0
vn 0 -1 0
vn 0 -1 0
vn -0 -1 0
vn 0 -1 0
vn -0 -1 0
vn 0 -1 0
vn -0 -1 0
vn -0 -1 0
vn 0 -1 0
vn 0 -1 0
vn -0 -1 0
vn 0 -1 1E-05
vn 0 -1 0
vn 0 -1 0
vn 0 -1 0
vn -0 -1 0
vn -0 -1 1E-05
vn 0 -1 0
vn 0 -1 0
vn 0 -1 1E-05
vn -0 -1 0
vn -0 -1 0
vn -0 -1 0
vn 0 -1 0
vn 0 -1 0
vn 0 -1 0
vn 0 -1 0
vn 0 -1 0
vn 0 -1 0
vn 0 -1 0
vn 0 -1 0
vn 0 -1 0
vn 0 -1 0
vn 0 -1 0
vn 0 -1 0
vn 0 -1 0
vn 0 -1 0
vn 0 -1 0
vn 0 -1 0
vn 0 -1 0
vn 0 -1 0
vn 0 -1 0
vn 0 -1 0
vn 0 -1 0
vn 0 -1 0
vn 0 -1 0
vn 0 -1 0
vn 0 -1 0
vn -0 -1 0
vn 0 -1 0
vn 0 -1 0
vn 0 -1 0
vn 0 -1 0
vn 0 -1 0
vn 0 -1 0
vn 0 -1 0
vn 0 -1 0
vn 0 -1 0
vn 0 -1 0
vn 0 -1 0
vn 0 -1 0
vn 0 -1 0
vn 0 -1 0
vn 0 -1 0
vn 0 -1 0
vn 0 -1 0
vt 0.40757 0.95347
vt 0.36199 0.94727
vt 0.40651 0.95866
vt 0.32088 0.92668
vt 0.36356 0.9422
vt 0.49786 0.96283
vt 0.45193 0.96565
vt 0.49783 0.96813
vt 0.45248 0.96036
vt 0.58823 0.95431
vt 0.54376 0.96607
vt 0.58925 0.95951
vt 0.54326 0.96078
vt 0.67517 0.92832
vt 0.63386 0.94853
vt 0.67717 0.93322
vt 0.63234 0.94344
vt 0.75533 0.88589
vt 0.71877 0.91376
vt 0.75825 0.8903
vt 0.71629 0.90907
vt 0.82565 0.82868
vt 0.79524 0.86311
vt 0.82937 0.83244
vt 0.79189 0.859
vt 0.88351 0.75889
vt 0.86037 0.79859
vt 0.8879 0.76185
vt 0.85628 0.7952
vt 0.92668 0.67912
vt 0.91171 0.72259
vt 0.93156 0.68118
vt 0.90705 0.72007
vt 0.95347 0.59243
vt 0.94727 0.63801
vt 0.95866 0.59349
vt 0.9422 0.63644
vt 0.96283 0.50214
vt 0.96565 0.54807
vt 0.96813 0.50217
vt 0.96036 0.54752
vt 0.95431 0.41177
vt 0.96607 0.45624
vt 0.95951 0.41075
vt 0.96078 0.45674
vt 0.92832 0.32483
vt 0.94853 0.36614
vt 0.93322 0.32282
vt 0.94344 0.36766
vt 0.27741 0.91171
vt 0.31882 0.93156
vt 0.24111 0.88351
vt 0.27993 0.90705
vt 0.20141 0.86037
vt 0.23815 0.8879
vt 0.17132 0.82565
vt 0.2048 0.85628
vt 0.13689 0.79524
vt 0.16756 0.82937
vt 0.11411 0.75533
vt 0.141 0.7919
vt 0.08624 0.71878
vt 0.1097 0.75825
vt 0.07168 0.67517
vt 0.09093 0.71629
vt 0.05147 0.63386
vt 0.06678 0.67718
vt 0.04569 0.58824
vt 0.05656 0.63234
vt 0.03393 0.54376
vt 0.04049 0.58925
vt 0.03717 0.49786
vt 0.03922 0.54326
vt 0.03435 0.45193
vt 0.03187 0.49783
vt 0.04653 0.40757
vt 0.03964 0.45248
vt 0.05273 0.36199
vt 0.04134 0.40651
vt 0.07332 0.32088
vt 0.0578 0.36356
vt 0.08829 0.27741
vt 0.06844 0.31883
vt 0.11649 0.24111
vt 0.09295 0.27993
vt 0.13963 0.20141
vt 0.1121 0.23815
vt 0.17435 0.17132
vt 0.14372 0.2048
vt 0.20476 0.13689
vt 0.17063 0.16757
vt 0.24467 0.11411
vt 0.2081 0.141
vt 0.28122 0.08624
vt 0.24175 0.1097
vt 0.32483 0.07168
vt 0.28371 0.09094
vt 0.36614 0.05147
vt 0.32282 0.06678
vt 0.41176 0.04569
vt 0.36766 0.05656
vt 0.45624 0.03393
vt 0.41075 0.04049
vt 0.50214 0.03717
vt 0.45674 0.03922
vt 0.54807 0.03435
vt 0.50216 0.03187
vt 0.59243 0.04653
vt 0.54752 0.03964
vt 0.63801 0.05273
vt 0.59349 0.04134
vt 0.67912 0.07332
vt 0.63644 0.0578
vt 0.72259 0.08829
vt 0.68117 0.06844
vt 0.75889 0.11649
vt 0.72007 0.09295
vt 0.79859 0.13963
vt 0.76185 0.1121
vt 0.82868 0.17435
vt 0.7952 0.14372
vt 0.86311 0.20476
vt 0.83244 0.17063
vt 0.88589 0.24467
vt 0.859 0.2081
vt 0.91376 0.28123
vt 0.8903 0.24175
vt 0.90907 0.28371
vt 0.49805 0.92152
vt 0.45343 0.94824
vt 0.49792 0.95062
vt 0.45435 0.91929
vt 0.40941 0.94153
vt 0.41106 0.91306
vt 0.36626 0.93057
vt 0.36855 0.9029
vt 0.32438 0.91549
vt 0.32714 0.88896
vt 0.28417 0.89642
vt 0.28707 0.87146
vt 0.24594 0.8736
vt 0.24829 0.85084
vt 0.21023 0.8475
vt 0.21181 0.82861
vt 0.17819 0.81885
vt 0.16874 0.78514
vt 0.18559 0.81151
vt 0.14685 0.74846
vt 0.14984 0.78654
vt 0.12406 0.75059
vt 0.12659 0.70948
vt 0.10946 0.66925
vt 0.1016 0.71215
vt 0.08291 0.67177
vt 0.0959 0.62772
vt 0.08613 0.58512
vt 0.06821 0.62975
vt 0.05765 0.5865
vt 0.0803 0.54177
vt 0.07848 0.49805
vt 0.05135 0.54242
vt 0.04938 0.49792
vt 0.05176 0.45343
vt 0.08071 0.45435
vt 0.05847 0.40941
vt 0.08694 0.41106
vt 0.06943 0.36626
vt 0.0971 0.36855
vt 0.08451 0.32438
vt 0.11104 0.32714
vt 0.10358 0.28417
vt 0.12854 0.28708
vt 0.1264 0.24594
vt 0.14916 0.24829
vt 0.1525 0.21023
vt 0.17139 0.21181
vt 0.18115 0.17819
vt 0.21486 0.16874
vt 0.18849 0.18559
vt 0.25154 0.14685
vt 0.21346 0.14984
vt 0.24941 0.12406
vt 0.29052 0.12659
vt 0.33075 0.10946
vt 0.28784 0.1016
vt 0.32823 0.08291
vt 0.37228 0.0959
vt 0.41488 0.08613
vt 0.37025 0.06821
vt 0.4135 0.05765
vt 0.45823 0.0803
vt 0.50195 0.07848
vt 0.45758 0.05135
vt 0.50208 0.04938
vt 0.54657 0.05176
vt 0.54565 0.08071
vt 0.59059 0.05847
vt 0.58894 0.08694
vt 0.63374 0.06943
vt 0.63145 0.0971
vt 0.67562 0.08451
vt 0.67286 0.11104
vt 0.71583 0.10358
vt 0.71292 0.12854
vt 0.75406 0.1264
vt 0.75171 0.14916
vt 0.78977 0.1525
vt 0.78819 0.17139
vt 0.82181 0.18115
vt 0.83126 0.21486
vt 0.81441 0.18849
vt 0.85315 0.25154
vt 0.85016 0.21346
vt 0.87594 0.24941
vt 0.87341 0.29052
vt 0.89054 0.33075
vt 0.8984 0.28785
vt 0.91709 0.32823
vt 0.9041 0.37228
vt 0.91387 0.41488
vt 0.93179 0.37025
vt 0.94235 0.4135
vt 0.9197 0.45823
vt 0.92152 0.50195
vt 0.94865 0.45758
vt 0.95062 0.50208
vt 0.94824 0.54657
vt 0.91929 0.54565
vt 0.94153 0.59059
vt 0.91306 0.58894
vt 0.93057 0.63374
vt 0.9029 0.63145
vt 0.91549 0.67562
vt 0.88896 0.67286
vt 0.89642 0.71583
vt 0.87146 0.71293
vt 0.8736 0.75406
vt 0.85084 0.75171
vt 0.8475 0.78977
vt 0.82861 0.78819
vt 0.81885 0.82181
vt 0.78514 0.83126
vt 0.81151 0.81441
vt 0.74846 0.85315
vt 0.78654 0.85016
vt 0.75059 0.87594
vt 0.70948 0.87341
vt 0.66925 0.89054
vt 0.71215 0.8984
vt 0.67177 0.91709
vt 0.62772 0.9041
vt 0.58512 0.91387
vt 0.62975 0.93179
vt 0.5865 0.94235
vt 0.54177 0.9197
vt 0.54242 0.94865
vt 0.20219 0.79507
vt 0.24354 0.81124
vt 0.23383 0.76372
vt 0.1864 0.75357
vt 0.28518 0.82759
vt 0.32653 0.84214
vt 0.32302 0.78645
vt 0.27943 0.77532
vt 0.36854 0.85396
vt 0.41129 0.86266
vt 0.41018 0.80274
vt 0.36645 0.79577
vt 0.45463 0.86803
vt 0.49829 0.86997
vt 0.49857 0.80869
vt 0.45427 0.80709
vt 0.54197 0.86844
vt 0.58535 0.86347
vt 0.54288 0.8075
vt 0.62818 0.85516
vt 0.6703 0.84373
vt 0.63081 0.79699
vt 0.58701 0.80356
vt 0.71178 0.82956
vt 0.75357 0.8136
vt 0.71801 0.77735
vt 0.67432 0.78808
vt 0.79507 0.79781
vt 0.81124 0.75646
vt 0.76372 0.76617
vt 0.17044 0.71178
vt 0.22265 0.71801
vt 0.21192 0.67432
vt 0.15627 0.6703
vt 0.27182 0.72608
vt 0.31785 0.73433
vt 0.31231 0.68596
vt 0.26399 0.67997
vt 0.36309 0.74143
vt 0.40821 0.74683
vt 0.40596 0.69528
vt 0.35935 0.69122
vt 0.45347 0.75024
vt 0.49884 0.75153
vt 0.49908 0.6989
vt 0.45252 0.69788
vt 0.54421 0.75066
vt 0.5895 0.74767
vt 0.54565 0.69831
vt 0.63468 0.74268
vt 0.67997 0.73601
vt 0.63888 0.69251
vt 0.59223 0.69614
vt 0.72608 0.72818
vt 0.77532 0.72057
vt 0.73433 0.68215
vt 0.68596 0.68769
vt 0.82759 0.71482
vt 0.84214 0.67347
vt 0.78645 0.67698
vt 0.14484 0.62818
vt 0.20301 0.63081
vt 0.19644 0.58701
vt 0.13653 0.58535
vt 0.25732 0.63468
vt 0.30749 0.63888
vt 0.30386 0.59223
vt 0.25233 0.5895
vt 0.35606 0.64262
vt 0.40396 0.64555
vt 0.40246 0.59664
vt 0.35357 0.59469
vt 0.45167 0.64745
vt 0.49931 0.64825
vt 0.49954 0.59853
vt 0.45106 0.59794
vt 0.54696 0.64789
vt 0.59469 0.64643
vt 0.54803 0.59839
vt 0.64262 0.64394
vt 0.69122 0.64065
vt 0.64555 0.59604
vt 0.59664 0.59754
vt 0.74143 0.63691
vt 0.79577 0.63355
vt 0.74683 0.59179
vt 0.69528 0.59404
vt 0.85396 0.63146
vt 0.86266 0.58871
vt 0.80274 0.58982
vt 0.13156 0.54197
vt 0.1925 0.54288
vt 0.19131 0.49857
vt 0.13003 0.49829
vt 0.24934 0.54421
vt 0.30169 0.54565
vt 0.3011 0.49908
vt 0.24847 0.49884
vt 0.35211 0.54697
vt 0.40161 0.54803
vt 0.40147 0.49954
vt 0.35175 0.49931
vt 0.45076 0.54879
vt 0.49977 0.54919
vt 0.5 0.5
vt 0.45081 0.49977
vt 0.54879 0.54924
vt 0.59794 0.54894
vt 0.54919 0.50023
vt 0.64745 0.54833
vt 0.69788 0.54748
vt 0.64825 0.50069
vt 0.59853 0.50046
vt 0.75024 0.54653
vt 0.80709 0.54573
vt 0.75153 0.50116
vt 0.6989 0.50092
vt 0.86803 0.54537
vt 0.86997 0.50171
vt 0.80869 0.50143
vt 0.13197 0.45463
vt 0.19291 0.45427
vt 0.13734 0.41129
vt 0.24976 0.45347
vt 0.30212 0.45252
vt 0.25317 0.40822
vt 0.19726 0.41019
vt 0.35255 0.45167
vt 0.40206 0.45106
vt 0.35445 0.40396
vt 0.30472 0.40596
vt 0.45121 0.45076
vt 0.50023 0.45081
vt 0.45197 0.40161
vt 0.40336 0.40247
vt 0.54924 0.45121
vt 0.59839 0.45197
vt 0.59753 0.40336
vt 0.54894 0.40206
vt 0.50046 0.40147
vt 0.64789 0.45303
vt 0.69831 0.45435
vt 0.69614 0.40777
vt 0.64643 0.40531
vt 0.75066 0.45579
vt 0.8075 0.45712
vt 0.80356 0.41299
vt 0.74767 0.4105
vt 0.86844 0.45803
vt 0.86347 0.41465
vt 0.14604 0.36854
vt 0.20423 0.36645
vt 0.15786 0.32653
vt 0.25857 0.36309
vt 0.30878 0.35935
vt 0.26567 0.31785
vt 0.21355 0.32302
vt 0.35738 0.35606
vt 0.40531 0.35357
vt 0.36112 0.30749
vt 0.31404 0.31231
vt 0.45303 0.35211
vt 0.50069 0.35175
vt 0.45435 0.30169
vt 0.40777 0.30386
vt 0.54833 0.35255
vt 0.59604 0.35445
vt 0.59404 0.30472
vt 0.54748 0.30212
vt 0.50092 0.3011
vt 0.64394 0.35738
vt 0.69251 0.36112
vt 0.68769 0.31404
vt 0.64065 0.30878
vt 0.74268 0.36532
vt 0.79699 0.36919
vt 0.78808 0.32568
vt 0.73601 0.32003
vt 0.85516 0.37182
vt 0.84373 0.3297
vt 0.17241 0.28518
vt 0.22468 0.27943
vt 0.18876 0.24354
vt 0.27392 0.27182
vt 0.32003 0.26399
vt 0.28199 0.22265
vt 0.23628 0.23383
vt 0.36532 0.25732
vt 0.4105 0.25233
vt 0.36919 0.20301
vt 0.32568 0.21192
vt 0.45579 0.24934
vt 0.50116 0.24847
vt 0.45712 0.1925
vt 0.41299 0.19644
vt 0.54653 0.24976
vt 0.59178 0.25317
vt 0.58981 0.19726
vt 0.54573 0.19291
vt 0.50143 0.19131
vt 0.63691 0.25857
vt 0.68215 0.26567
vt 0.67698 0.21355
vt 0.63355 0.20423
vt 0.72818 0.27392
vt 0.77735 0.28199
vt 0.76617 0.23628
vt 0.72057 0.22468
vt 0.82956 0.28822
vt 0.8136 0.24643
vt 0.20493 0.20219
vt 0.24643 0.1864
vt 0.28822 0.17044
vt 0.3297 0.15627
vt 0.37182 0.14484
vt 0.41465 0.13653
vt 0.45803 0.13156
vt 0.50171 0.13003
vt 0.54537 0.13197
vt 0.58871 0.13734
vt 0.63146 0.14604
vt 0.67347 0.15786
vt 0.71482 0.17241
vt 0.75646 0.18876
vt 0.79781 0.20493
vt 0.57047 0.90068
vt 0.61065 0.89633
vt 0.6094 0.89184
vt 0.64728 0.87924
vt 0.49094 0.90673
vt 0.53121 0.9103
vt 0.53085 0.90566
vt 0.41177 0.89715
vt 0.45056 0.9085
vt 0.45112 0.90388
vt 0.33598 0.87231
vt 0.37182 0.89101
vt 0.37327 0.88659
vt 0.2665 0.83316
vt 0.298 0.85849
vt 0.30028 0.85444
vt 0.20598 0.78121
vt 0.23193 0.8122
vt 0.23497 0.80867
vt 0.15678 0.71844
vt 0.17618 0.7539
vt 0.17984 0.75103
vt 0.12076 0.64729
vt 0.13287 0.68585
vt 0.13702 0.68375
vt 0.09932 0.57047
vt 0.10367 0.61066
vt 0.10815 0.6094
vt 0.09327 0.49095
vt 0.0897 0.53121
vt 0.09434 0.53086
vt 0.10285 0.41177
vt 0.09149 0.45057
vt 0.09612 0.45113
vt 0.12769 0.33599
vt 0.10899 0.37182
vt 0.11341 0.37327
vt 0.68585 0.86713
vt 0.68374 0.86297
vt 0.71844 0.84322
vt 0.7539 0.82382
vt 0.75103 0.82015
vt 0.7812 0.79401
vt 0.8122 0.76806
vt 0.80867 0.76503
vt 0.83315 0.7335
vt 0.85849 0.702
vt 0.85443 0.69971
vt 0.8723 0.66401
vt 0.89101 0.62818
vt 0.88658 0.62673
vt 0.89714 0.58823
vt 0.9085 0.54943
vt 0.90388 0.54888
vt 0.90672 0.50905
vt 0.91029 0.46879
vt 0.90565 0.46914
vt 0.90068 0.42953
vt 0.89632 0.38934
vt 0.89184 0.3906
vt 0.87923 0.35272
vt 0.86712 0.31415
vt 0.86297 0.31625
vt 0.84321 0.28156
vt 0.82381 0.2461
vt 0.82015 0.24897
vt 0.79401 0.21879
vt 0.76806 0.1878
vt 0.76503 0.19133
vt 0.73349 0.16684
vt 0.702 0.14151
vt 0.69971 0.14556
vt 0.66401 0.12769
vt 0.62818 0.10899
vt 0.62673 0.11341
vt 0.58822 0.10285
vt 0.54943 0.0915
vt 0.54887 0.09612
vt 0.50905 0.09327
vt 0.46878 0.0897
vt 0.46914 0.09434
vt 0.42952 0.09932
vt 0.38934 0.10367
vt 0.39059 0.10816
vt 0.35271 0.12077
vt 0.31414 0.13287
vt 0.31625 0.13703
vt 0.28155 0.15678
vt 0.24609 0.17618
vt 0.24896 0.17985
vt 0.21879 0.20599
vt 0.18779 0.23194
vt 0.19133 0.23497
vt 0.16684 0.26651
vt 0.1415 0.298
vt 0.14556 0.30029
vt 0.49175 0.87046
vt 0.5303 0.89499
vt 0.53019 0.86955
vt 0.56914 0.89016
vt 0.56837 0.86511
vt 0.49118 0.89603
vt 0.60731 0.88157
vt 0.60597 0.8572
vt 0.64447 0.86932
vt 0.64269 0.84594
vt 0.68028 0.85353
vt 0.67833 0.83152
vt 0.71443 0.8344
vt 0.71292 0.81433
vt 0.74646 0.8123
vt 0.74553 0.79565
vt 0.77533 0.78786
vt 0.76899 0.78124
vt 0.78443 0.75844
vt 0.80102 0.76011
vt 0.80454 0.7267
vt 0.82452 0.7291
vt 0.82326 0.6929
vt 0.84516 0.69583
vt 0.83924 0.65794
vt 0.86252 0.66077
vt 0.85212 0.62176
vt 0.87641 0.62419
vt 0.8617 0.58455
vt 0.88669 0.58643
vt 0.86783 0.5466
vt 0.89325 0.54785
vt 0.87046 0.50825
vt 0.89602 0.50881
vt 0.89499 0.46969
vt 0.86954 0.46981
vt 0.89015 0.43086
vt 0.8651 0.43163
vt 0.88156 0.39269
vt 0.85719 0.39403
vt 0.86932 0.35552
vt 0.84594 0.35731
vt 0.85353 0.31972
vt 0.83152 0.32167
vt 0.83439 0.28556
vt 0.81433 0.28708
vt 0.8123 0.25354
vt 0.79565 0.25447
vt 0.78786 0.22467
vt 0.78124 0.23101
vt 0.75844 0.21556
vt 0.76011 0.19897
vt 0.72669 0.19545
vt 0.7291 0.17547
vt 0.6929 0.17674
vt 0.69583 0.15484
vt 0.65794 0.16075
vt 0.66076 0.13747
vt 0.62175 0.14787
vt 0.62418 0.12358
vt 0.58455 0.1383
vt 0.58643 0.1133
vt 0.5466 0.13216
vt 0.54785 0.10675
vt 0.50824 0.12954
vt 0.50881 0.10397
vt 0.46969 0.10501
vt 0.4698 0.13045
vt 0.43086 0.10984
vt 0.43162 0.13489
vt 0.39268 0.11843
vt 0.39403 0.1428
vt 0.35552 0.13068
vt 0.3573 0.15406
vt 0.31971 0.14647
vt 0.32167 0.16848
vt 0.28556 0.1656
vt 0.28707 0.18567
vt 0.25353 0.1877
vt 0.25446 0.20435
vt 0.22466 0.21214
vt 0.231 0.21876
vt 0.21556 0.24156
vt 0.19897 0.23989
vt 0.19545 0.2733
vt 0.17547 0.2709
vt 0.17674 0.3071
vt 0.15483 0.30417
vt 0.16075 0.34206
vt 0.13747 0.33924
vt 0.14787 0.37825
vt 0.12358 0.37581
vt 0.13829 0.41545
vt 0.1133 0.41357
vt 0.13216 0.4534
vt 0.10675 0.45215
vt 0.12954 0.49176
vt 0.10397 0.49119
vt 0.10501 0.53031
vt 0.13045 0.53019
vt 0.10984 0.56914
vt 0.13489 0.56837
vt 0.11843 0.60732
vt 0.1428 0.60597
vt 0.13068 0.64448
vt 0.15406 0.64269
vt 0.14646 0.68028
vt 0.16847 0.67833
vt 0.1656 0.71444
vt 0.18567 0.71292
vt 0.18769 0.74646
vt 0.20434 0.74553
vt 0.21213 0.77533
vt 0.21875 0.76899
vt 0.24155 0.78444
vt 0.23988 0.80103
vt 0.2733 0.80455
vt 0.27089 0.82453
vt 0.30709 0.82326
vt 0.30416 0.84516
vt 0.34205 0.83925
vt 0.33923 0.86253
vt 0.37824 0.85213
vt 0.37581 0.87642
vt 0.41545 0.8617
vt 0.41357 0.8867
vt 0.45339 0.86784
vt 0.45215 0.89325
vt 0.75479 0.76639
vt 0.71804 0.77962
vt 0.7277 0.73807
vt 0.76964 0.73027
vt 0.68104 0.79301
vt 0.64435 0.80481
vt 0.64876 0.75594
vt 0.68734 0.7472
vt 0.60715 0.81419
vt 0.56937 0.82082
vt 0.57177 0.76819
vt 0.61037 0.7631
vt 0.53116 0.82451
vt 0.49276 0.82518
vt 0.49396 0.77132
vt 0.53292 0.77096
vt 0.45442 0.8228
vt 0.45505 0.76923
vt 0.41641 0.81741
vt 0.37897 0.80911
vt 0.37803 0.75793
vt 0.34223 0.79808
vt 0.41636 0.76473
vt 0.30609 0.78466
vt 0.30184 0.73862
vt 0.26972 0.76965
vt 0.33999 0.74907
vt 0.23361 0.75479
vt 0.22037 0.71805
vt 0.26192 0.72771
vt 0.78466 0.6939
vt 0.73861 0.69816
vt 0.74907 0.66001
vt 0.79808 0.65777
vt 0.6952 0.70409
vt 0.65454 0.71026
vt 0.66056 0.66787
vt 0.70317 0.66375
vt 0.61462 0.71542
vt 0.57483 0.7191
vt 0.57803 0.67385
vt 0.61909 0.67138
vt 0.53497 0.72102
vt 0.49508 0.72108
vt 0.4961 0.67483
vt 0.53705 0.67503
vt 0.45522 0.71925
vt 0.45519 0.67321
vt 0.41549 0.71555
vt 0.3759 0.71011
vt 0.37339 0.66591
vt 0.33625 0.70317
vt 0.41431 0.6702
vt 0.2959 0.6952
vt 0.28974 0.65454
vt 0.2528 0.68735
vt 0.33212 0.66056
vt 0.20699 0.68105
vt 0.19519 0.64435
vt 0.24405 0.64877
vt 0.80911 0.62102
vt 0.75792 0.62197
vt 0.76472 0.58363
vt 0.81741 0.58358
vt 0.7101 0.62409
vt 0.66591 0.6266
vt 0.6702 0.58569
vt 0.71555 0.5845
vt 0.62313 0.62874
vt 0.58096 0.63018
vt 0.58343 0.58723
vt 0.62645 0.58667
vt 0.53899 0.63073
vt 0.4971 0.6303
vt 0.49807 0.58661
vt 0.54069 0.58723
vt 0.45523 0.62887
vt 0.45546 0.58533
vt 0.41332 0.62645
vt 0.37125 0.62314
vt 0.36981 0.58096
vt 0.32861 0.61909
vt 0.41276 0.58344
vt 0.28458 0.61462
vt 0.2809 0.57483
vt 0.2369 0.61037
vt 0.32615 0.57803
vt 0.18581 0.60715
vt 0.17918 0.56938
vt 0.23181 0.57177
vt 0.82279 0.54557
vt 0.76922 0.54495
vt 0.77132 0.50604
vt 0.82517 0.50724
vt 0.71924 0.54477
vt 0.6732 0.54481
vt 0.67482 0.50389
vt 0.72108 0.50492
vt 0.62886 0.54477
vt 0.58533 0.54454
vt 0.5866 0.50193
vt 0.6303 0.5029
vt 0.54212 0.54404
vt 0.49903 0.54324
vt 0.5 0.5
vt 0.54323 0.50096
vt 0.45596 0.54212
vt 0.45676 0.49904
vt 0.41276 0.5407
vt 0.36926 0.53899
vt 0.36969 0.4971
vt 0.32497 0.53706
vt 0.41339 0.49807
vt 0.27898 0.53497
vt 0.27891 0.49508
vt 0.22904 0.53293
vt 0.32517 0.49611
vt 0.17549 0.53117
vt 0.17482 0.49276
vt 0.22867 0.49396
vt 0.8245 0.46883
vt 0.82081 0.43062
vt 0.77096 0.46708
vt 0.72102 0.46503
vt 0.71909 0.42517
vt 0.67502 0.46294
vt 0.76818 0.42823
vt 0.63073 0.46101
vt 0.63018 0.41904
vt 0.58723 0.4593
vt 0.67384 0.42197
vt 0.54404 0.45788
vt 0.54454 0.41467
vt 0.50096 0.45676
vt 0.58723 0.41656
vt 0.45787 0.45596
vt 0.41466 0.45546
vt 0.41656 0.41277
vt 0.4593 0.41277
vt 0.37113 0.45523
vt 0.32679 0.45519
vt 0.32979 0.41431
vt 0.37354 0.41333
vt 0.28075 0.45523
vt 0.23077 0.45505
vt 0.23527 0.41637
vt 0.28445 0.4155
vt 0.1772 0.45443
vt 0.18258 0.41642
vt 0.81418 0.39285
vt 0.8048 0.35565
vt 0.76309 0.38963
vt 0.71542 0.38538
vt 0.71025 0.34546
vt 0.67138 0.38091
vt 0.75594 0.35123
vt 0.62874 0.37686
vt 0.6266 0.33409
vt 0.58667 0.37355
vt 0.66787 0.33944
vt 0.54477 0.37113
vt 0.50192 0.41339
vt 0.5448 0.32679
vt 0.5029 0.3697
vt 0.58568 0.3298
vt 0.461 0.36927
vt 0.41903 0.36982
vt 0.42196 0.32615
vt 0.46294 0.32497
vt 0.37686 0.37126
vt 0.33408 0.3734
vt 0.33943 0.33213
vt 0.3809 0.32862
vt 0.28989 0.37591
vt 0.24207 0.37803
vt 0.25092 0.33999
vt 0.29682 0.33626
vt 0.19089 0.37898
vt 0.20191 0.34223
vt 0.793 0.31895
vt 0.77962 0.28195
vt 0.74719 0.31266
vt 0.70409 0.3048
vt 0.69815 0.26138
vt 0.66374 0.29683
vt 0.73807 0.27229
vt 0.62409 0.28989
vt 0.62196 0.24207
vt 0.5845 0.28445
vt 0.66 0.25093
vt 0.54477 0.28076
vt 0.50389 0.32517
vt 0.54494 0.23077
vt 0.50492 0.27892
vt 0.58363 0.23527
vt 0.46502 0.27898
vt 0.42517 0.2809
vt 0.42822 0.23181
vt 0.46707 0.22904
vt 0.38537 0.28458
vt 0.34545 0.28975
vt 0.35123 0.24406
vt 0.38962 0.2369
vt 0.30479 0.29591
vt 0.26138 0.30184
vt 0.27229 0.26193
vt 0.31265 0.2528
vt 0.21533 0.3061
vt 0.23035 0.26973
vt 0.76639 0.24521
vt 0.73027 0.23035
vt 0.6939 0.21534
vt 0.65777 0.20192
vt 0.62102 0.19089
vt 0.58358 0.18259
vt 0.54557 0.1772
vt 0.50603 0.22868
vt 0.50723 0.17482
vt 0.46883 0.17549
vt 0.43062 0.17918
vt 0.39284 0.18581
vt 0.35564 0.19519
vt 0.31895 0.20699
vt 0.28195 0.22038
vt 0.24521 0.23361
vt 0.57127 0.90527
vt 0.64897 0.88357
vt 0.49084 0.91138
vt 0.41076 0.90169
vt 0.33411 0.87657
vt 0.26383 0.83697
vt 0.20262 0.78443
vt 0.15285 0.72094
vt 0.11642 0.64897
vt 0.09473 0.57128
vt 0.08861 0.49084
vt 0.0983 0.41076
vt 0.12343 0.33411
vt 0.72094 0.84714
vt 0.78442 0.79737
vt 0.83697 0.73617
vt 0.87656 0.66589
vt 0.90169 0.58924
vt 0.91138 0.50916
vt 0.90526 0.42872
vt 0.88357 0.35103
vt 0.84714 0.27906
vt 0.79737 0.21558
vt 0.73616 0.16303
vt 0.66589 0.12343
vt 0.58923 0.09831
vt 0.50915 0.08862
vt 0.42872 0.09473
vt 0.35102 0.11643
vt 0.27905 0.15286
vt 0.21557 0.20263
vt 0.16303 0.26383
vt 0.84375 0.46746
vt 0.82812 0.46855
vt 0.84375 0.46855
vt 0.8125 0.46746
vt 0.82812 0.46746
vt 0.8125 0.46855
vt 0.82812 0.47361
vt 0.84375 0.47361
vt 0.875 0.46746
vt 0.85937 0.46855
vt 0.875 0.46855
vt 0.85937 0.46746
vt 0.85937 0.47361
vt 0.875 0.47361
vt 0.90625 0.46746
vt 0.89062 0.46855
vt 0.90625 0.46855
vt 0.89062 0.46746
vt 0.89062 0.47361
vt 0.90625 0.47361
vt 0.9375 0.46746
vt 0.92187 0.46855
vt 0.9375 0.46855
vt 0.92188 0.46746
vt 0.92187 0.47361
vt 0.9375 0.47361
vt 0.96875 0.46746
vt 0.95312 0.46855
vt 0.96875 0.46855
vt 0.95312 0.46746
vt 0.95312 0.47361
vt 0.96875 0.47361
vt 1 0.46746
vt 0.98438 0.46855
vt 1 0.46855
vt 0.98438 0.46746
vt 0.98438 0.47361
vt 1 0.47361
vt 0.03125 0.46746
vt 0.01562 0.46855
vt 0.03125 0.46855
vt 0 0.46746
vt 0.01562 0.46746
vt 0 0.46855
vt 0.01562 0.47361
vt 0.03125 0.47361
vt 0.0625 0.46746
vt 0.04687 0.46855
vt 0.0625 0.46855
vt 0.04687 0.46746
vt 0.04687 0.47361
vt 0.0625 0.47361
vt 0.09375 0.46746
vt 0.07812 0.46855
vt 0.09375 0.46855
vt 0.07813 0.46746
vt 0.07813 0.47361
vt 0.09375 0.47361
vt 0.125 0.46746
vt 0.10938 0.46855
vt 0.125 0.46855
vt 0.10938 0.46746
vt 0.10938 0.47361
vt 0.125 0.47361
vt 0.15625 0.46746
vt 0.14063 0.46855
vt 0.15625 0.46855
vt 0.14063 0.46746
vt 0.14063 0.47361
vt 0.15625 0.47361
vt 0.1875 0.46746
vt 0.17188 0.46855
vt 0.1875 0.46855
vt 0.17188 0.46746
vt 0.17188 0.47361
vt 0.1875 0.47361
vt 0.21875 0.46746
vt 0.20313 0.46855
vt 0.21875 0.46855
vt 0.20313 0.46746
vt 0.20313 0.47361
vt 0.21875 0.47361
vt 0.25 0.46746
vt 0.23438 0.46855
vt 0.25 0.46855
vt 0.23438 0.46746
vt 0.23438 0.47361
vt 0.25 0.47361
vt 0.28125 0.46746
vt 0.26562 0.46855
vt 0.28125 0.46855
vt 0.26562 0.46746
vt 0.26562 0.47361
vt 0.28125 0.47361
vt 0.4375 0.47222
vt 0.45312 0.46719
vt 0.45312 0.47222
vt 0.46875 0.47222
vt 0.46875 0.46719
vt 0.48437 0.46719
vt 0.48437 0.47222
vt 0.5 0.47222
vt 0.5 0.46719
vt 0.3125 0.46746
vt 0.29688 0.46855
vt 0.3125 0.46855
vt 0.29688 0.46746
vt 0.29688 0.47361
vt 0.3125 0.47361
vt 0.34375 0.46746
vt 0.32812 0.46855
vt 0.34375 0.46855
vt 0.32812 0.46746
vt 0.32812 0.47361
vt 0.34375 0.47361
vt 0.53125 0.46746
vt 0.51562 0.46855
vt 0.53125 0.46855
vt 0.5 0.46746
vt 0.51562 0.46746
vt 0.5 0.46855
vt 0.51562 0.47361
vt 0.53125 0.47361
vt 0.375 0.46746
vt 0.35938 0.46855
vt 0.375 0.46855
vt 0.35937 0.46746
vt 0.35938 0.47361
vt 0.375 0.47361
vt 0.51562 0.46719
vt 0.51562 0.47222
vt 0.53125 0.47222
vt 0.53125 0.46719
vt 0.5625 0.46746
vt 0.54687 0.46855
vt 0.5625 0.46855
vt 0.54687 0.46746
vt 0.54687 0.47361
vt 0.5625 0.47361
vt 0.54687 0.46719
vt 0.54687 0.47222
vt 0.5625 0.47222
vt 0.5625 0.46719
vt 0.57812 0.46719
vt 0.57812 0.47222
vt 0.59375 0.47222
vt 0.59375 0.46719
vt 0.40625 0.46746
vt 0.39062 0.46855
vt 0.40625 0.46855
vt 0.39062 0.46746
vt 0.39062 0.47361
vt 0.40625 0.47361
vt 0.60937 0.46719
vt 0.60937 0.47222
vt 0.625 0.47222
vt 0.625 0.46719
vt 0.59375 0.46746
vt 0.57812 0.46855
vt 0.59375 0.46855
vt 0.57812 0.46746
vt 0.57812 0.47361
vt 0.59375 0.47361
vt 0.64062 0.46719
vt 0.64062 0.47222
vt 0.65625 0.47222
vt 0.65625 0.46719
vt 0.67187 0.46719
vt 0.67187 0.47222
vt 0.6875 0.47222
vt 0.6875 0.46719
vt 0.4375 0.46746
vt 0.42188 0.46855
vt 0.4375 0.46855
vt 0.42188 0.46746
vt 0.42187 0.47361
vt 0.4375 0.47361
vt 0.70312 0.46719
vt 0.70312 0.47222
vt 0.71875 0.47222
vt 0.71875 0.46719
vt 0.625 0.46746
vt 0.60937 0.46855
vt 0.625 0.46855
vt 0.60937 0.46746
vt 0.60937 0.47361
vt 0.625 0.47361
vt 0.73437 0.46719
vt 0.73437 0.47222
vt 0.75 0.47222
vt 0.75 0.46719
vt 0.76562 0.46719
vt 0.76562 0.47222
vt 0.78125 0.47222
vt 0.78125 0.46719
vt 0.46875 0.46746
vt 0.45313 0.46855
vt 0.46875 0.46855
vt 0.45312 0.46746
vt 0.45312 0.47361
vt 0.46875 0.47361
vt 0.79687 0.46719
vt 0.79687 0.47222
vt 0.8125 0.47222
vt 0.8125 0.46719
vt 0.65625 0.46746
vt 0.64062 0.46855
vt 0.65625 0.46855
vt 0.64062 0.46746
vt 0.64062 0.47361
vt 0.65625 0.47361
vt 0.48437 0.46696
vt 0.5 0.46696
vt 0.46875 0.46696
vt 0.48438 0.46746
vt 0.45312 0.46696
vt 0.4375 0.46719
vt 0.4375 0.46696
vt 0.42188 0.46696
vt 0.40625 0.46719
vt 0.42188 0.46719
vt 0.40625 0.46696
vt 0.39062 0.46696
vt 0.375 0.46719
vt 0.39062 0.46719
vt 0.375 0.46696
vt 0.35938 0.46696
vt 0.34375 0.46719
vt 0.35938 0.46719
vt 0.34375 0.46696
vt 0.32812 0.46696
vt 0.3125 0.46719
vt 0.32813 0.46719
vt 0.3125 0.46696
vt 0.29688 0.46696
vt 0.28125 0.46719
vt 0.29688 0.46719
vt 0.28125 0.46696
vt 0.26562 0.46696
vt 0.25 0.46719
vt 0.26563 0.46719
vt 0.25 0.46696
vt 0.23437 0.46696
vt 0.21875 0.46719
vt 0.23438 0.46719
vt 0.21875 0.46696
vt 0.20313 0.46696
vt 0.1875 0.46719
vt 0.20313 0.46719
vt 0.1875 0.46696
vt 0.17188 0.46696
vt 0.15625 0.46719
vt 0.17188 0.46719
vt 0.15625 0.46696
vt 0.14063 0.46696
vt 0.125 0.46719
vt 0.14063 0.46719
vt 0.125 0.46696
vt 0.10938 0.46696
vt 0.09375 0.46719
vt 0.10938 0.46719
vt 0.09375 0.46696
vt 0.07813 0.46696
vt 0.0625 0.46719
vt 0.07812 0.46719
vt 0.0625 0.46696
vt 0.04687 0.46696
vt 0.03125 0.46719
vt 0.04687 0.46719
vt 0.03125 0.46696
vt 0.01562 0.46696
vt 0 0.46719
vt 0.01562 0.46719
vt 0 0.46696
vt 1 0.46719
vt 0.98438 0.46696
vt 1 0.46696
vt 0.96875 0.46719
vt 0.98438 0.46719
vt 0.96875 0.46696
vt 0.95312 0.46696
vt 0.9375 0.46719
vt 0.95312 0.46719
vt 0.9375 0.46696
vt 0.92187 0.46696
vt 0.90625 0.46719
vt 0.92187 0.46719
vt 0.90625 0.46696
vt 0.89062 0.46696
vt 0.875 0.46719
vt 0.89062 0.46719
vt 0.875 0.46696
vt 0.85937 0.46696
vt 0.84375 0.46719
vt 0.85937 0.46719
vt 0.84375 0.46696
vt 0.82812 0.46696
vt 0.82812 0.46719
vt 0.8125 0.46696
vt 0.79687 0.46696
vt 0.78125 0.46696
vt 0.79687 0.46746
vt 0.76562 0.46696
vt 0.75 0.46696
vt 0.76562 0.46746
vt 0.78125 0.46746
vt 0.73437 0.46696
vt 0.71875 0.46696
vt 0.73437 0.46746
vt 0.75 0.46746
vt 0.70312 0.46696
vt 0.6875 0.46696
vt 0.70312 0.46746
vt 0.71875 0.46746
vt 0.67187 0.46696
vt 0.65625 0.46696
vt 0.67187 0.46746
vt 0.6875 0.46746
vt 0.64062 0.46696
vt 0.625 0.46696
vt 0.60937 0.46696
vt 0.59375 0.46696
vt 0.57812 0.46696
vt 0.5625 0.46696
vt 0.54687 0.46696
vt 0.53125 0.46696
vt 0.51562 0.46696
vt 0.40625 0.47222
vt 0.42187 0.47222
vt 0.375 0.47222
vt 0.39062 0.47222
vt 0.34375 0.47222
vt 0.35938 0.47222
vt 0.3125 0.47222
vt 0.32813 0.47222
vt 0.28125 0.47222
vt 0.29688 0.47222
vt 0.25 0.47222
vt 0.26563 0.47222
vt 0.48438 0.46855
vt 0.48437 0.47361
vt 0.5 0.47361
vt 0.21875 0.47222
vt 0.23437 0.47222
vt 0.67187 0.46855
vt 0.6875 0.46855
vt 0.67187 0.47361
vt 0.6875 0.47361
vt 0.1875 0.47222
vt 0.20313 0.47222
vt 0.15625 0.47222
vt 0.17188 0.47222
vt 0.125 0.47222
vt 0.14063 0.47222
vt 0.70312 0.46855
vt 0.71875 0.46855
vt 0.70312 0.47361
vt 0.71875 0.47361
vt 0.09375 0.47222
vt 0.10938 0.47222
vt 0.0625 0.47222
vt 0.07813 0.47222
vt 0.03125 0.47222
vt 0.04687 0.47222
vt 0.73437 0.46855
vt 0.75 0.46855
vt 0.73437 0.47361
vt 0.75 0.47361
vt 0 0.47222
vt 0.01562 0.47222
vt 0.96875 0.47222
vt 0.98438 0.47222
vt 1 0.47222
vt 0.9375 0.47222
vt 0.95312 0.47222
vt 0.76562 0.46855
vt 0.78125 0.46855
vt 0.76562 0.47361
vt 0.78125 0.47361
vt 0.90625 0.47222
vt 0.92187 0.47222
vt 0.875 0.47222
vt 0.89062 0.47222
vt 0.84375 0.47222
vt 0.85937 0.47222
vt 0.79687 0.46855
vt 0.79687 0.47361
vt 0.8125 0.47361
vt 0.82812 0.47222
vt 0.51562 0.5
vt 0.5 0.48552
vt 0.5 0.5
vt 0.53125 0.48552
vt 0.51562 0.48552
vt 0.53125 0.5
vt 0.54687 0.48552
vt 0.5625 0.5
vt 0.54687 0.5
vt 0.57812 0.5
vt 0.5625 0.48552
vt 0.59375 0.48552
vt 0.57812 0.48552
vt 0.60937 0.5
vt 0.59375 0.5
vt 0.625 0.5
vt 0.60937 0.48552
vt 0.64062 0.5
vt 0.625 0.48552
vt 0.65625 0.5
vt 0.64062 0.48552
vt 0.67187 0.5
vt 0.65625 0.48552
vt 0.6875 0.48552
vt 0.67187 0.48552
vt 0.70312 0.5
vt 0.6875 0.5
vt 0.71875 0.48552
vt 0.70312 0.48552
vt 0.73437 0.5
vt 0.71875 0.5
vt 0.75 0.48552
vt 0.73437 0.48552
vt 0.75 0.5
vt 0.76562 0.48552
vt 0.76562 0.5
vt 0.78125 0.48552
vt 0.79687 0.5
vt 0.78125 0.5
vt 0.8125 0.5
vt 0.79687 0.48552
vt 0.82812 0.5
vt 0.8125 0.48552
vt 0.84375 0.5
vt 0.82812 0.48552
vt 0.85937 0.5
vt 0.84375 0.48552
vt 0.875 0.5
vt 0.85937 0.48552
vt 0.89062 0.5
vt 0.875 0.48552
vt 0.90625 0.5
vt 0.89062 0.48552
vt 0.92187 0.48552
vt 0.90625 0.48552
vt 0.9375 0.5
vt 0.92187 0.5
vt 0.95312 0.5
vt 0.9375 0.48552
vt 0.96875 0.48552
vt 0.95312 0.48552
vt 0.96875 0.5
vt 0.98438 0.48552
vt 0.98438 0.5
vt 1 0.48552
vt 0 0.5
vt 0.01562 0.48552
vt 0 0.48552
vt 0.01562 0.5
vt 0.03125 0.48552
vt 0 0.47361
vt 0.46875 0.5
vt 0.48437 0.48552
vt 0.46875 0.48552
vt 0.48437 0.5
vt 0.45312 0.5
vt 0.4375 0.48552
vt 0.4375 0.5
vt 0.45312 0.48552
vt 0.42187 0.5
vt 0.40625 0.48552
vt 0.40625 0.5
vt 0.42188 0.48552
vt 0.39062 0.5
vt 0.375 0.48552
vt 0.375 0.5
vt 0.39063 0.48552
vt 0.35938 0.5
vt 0.34375 0.48552
vt 0.34375 0.5
vt 0.35938 0.48552
vt 0.3125 0.5
vt 0.32812 0.48552
vt 0.3125 0.48552
vt 0.32813 0.5
vt 0.29688 0.5
vt 0.28125 0.48552
vt 0.28125 0.5
vt 0.29688 0.48552
vt 0.26562 0.5
vt 0.25 0.48552
vt 0.25 0.5
vt 0.26562 0.48552
vt 0.23438 0.5
vt 0.21875 0.48552
vt 0.21875 0.5
vt 0.23438 0.48552
vt 0.1875 0.5
vt 0.20312 0.48552
vt 0.1875 0.48552
vt 0.20313 0.5
vt 0.17188 0.5
vt 0.15625 0.48552
vt 0.15625 0.5
vt 0.17188 0.48552
vt 0.125 0.5
vt 0.14063 0.48552
vt 0.125 0.48552
vt 0.14062 0.5
vt 0.09375 0.5
vt 0.10938 0.48552
vt 0.09375 0.48552
vt 0.10938 0.5
vt 0.0625 0.5
vt 0.07813 0.48552
vt 0.0625 0.48552
vt 0.07813 0.5
vt 0.03125 0.5
vt 0.04688 0.48552
vt 0.04687 0.5
vt 0.84375 0.53254
vt 0.82812 0.53145
vt 0.82812 0.53254
vt 0.8125 0.53254
vt 0.82812 0.52639
vt 0.8125 0.53145
vt 0.84375 0.53145
vt 0.875 0.53254
vt 0.85937 0.53145
vt 0.85937 0.53254
vt 0.85937 0.52639
vt 0.875 0.53145
vt 0.90625 0.53254
vt 0.89062 0.53145
vt 0.89062 0.53254
vt 0.89062 0.52639
vt 0.90625 0.53145
vt 0.9375 0.53254
vt 0.92187 0.53145
vt 0.92188 0.53254
vt 0.92187 0.52639
vt 0.9375 0.53145
vt 0.96875 0.53254
vt 0.95312 0.53145
vt 0.95312 0.53254
vt 0.95312 0.52639
vt 0.96875 0.53145
vt 1 0.53254
vt 0.98438 0.53145
vt 0.98438 0.53254
vt 0.98438 0.52639
vt 1 0.53145
vt 0.03125 0.53254
vt 0.01562 0.53145
vt 0.01562 0.53254
vt 0 0.53254
vt 0.01562 0.52639
vt 0 0.53145
vt 0.03125 0.53145
vt 0.0625 0.53254
vt 0.04687 0.53145
vt 0.04687 0.53255
vt 0.04687 0.52639
vt 0.0625 0.53145
vt 0.09375 0.53254
vt 0.07812 0.53145
vt 0.07813 0.53255
vt 0.07813 0.52639
vt 0.09375 0.53145
vt 0.125 0.53254
vt 0.10938 0.53145
vt 0.10938 0.53255
vt 0.10938 0.52639
vt 0.125 0.53145
vt 0.15625 0.53254
vt 0.14063 0.53145
vt 0.14063 0.53255
vt 0.14063 0.52639
vt 0.15625 0.53145
vt 0.1875 0.53254
vt 0.17188 0.53145
vt 0.17188 0.53255
vt 0.17188 0.52639
vt 0.1875 0.52639
vt 0.1875 0.53145
vt 0.21875 0.53254
vt 0.20313 0.53145
vt 0.20313 0.53255
vt 0.20313 0.52639
vt 0.21875 0.53145
vt 0.25 0.53254
vt 0.23438 0.53145
vt 0.23438 0.53255
vt 0.23438 0.52639
vt 0.25 0.53145
vt 0.28125 0.53254
vt 0.26562 0.53145
vt 0.26562 0.53255
vt 0.26562 0.52639
vt 0.28125 0.53145
vt 0.45312 0.53281
vt 0.4375 0.52778
vt 0.45312 0.52778
vt 0.46875 0.52778
vt 0.48437 0.53281
vt 0.48438 0.52778
vt 0.5 0.52778
vt 0.3125 0.53254
vt 0.29688 0.53145
vt 0.29688 0.53255
vt 0.29688 0.52639
vt 0.3125 0.53145
vt 0.34375 0.53254
vt 0.32812 0.53145
vt 0.32812 0.53254
vt 0.32812 0.52639
vt 0.34375 0.53145
vt 0.53125 0.53254
vt 0.51562 0.53145
vt 0.51562 0.53254
vt 0.5 0.53254
vt 0.51562 0.52639
vt 0.5 0.53145
vt 0.53125 0.53145
vt 0.375 0.53254
vt 0.35938 0.53145
vt 0.35937 0.53254
vt 0.35938 0.52639
vt 0.375 0.53145
vt 0.51562 0.53281
vt 0.51562 0.52778
vt 0.53125 0.52778
vt 0.5625 0.53254
vt 0.54687 0.53145
vt 0.54687 0.53254
vt 0.54687 0.52639
vt 0.5625 0.53145
vt 0.54687 0.53281
vt 0.54687 0.52778
vt 0.5625 0.52778
vt 0.57812 0.53281
vt 0.57812 0.52778
vt 0.59375 0.52778
vt 0.40625 0.53254
vt 0.39062 0.53145
vt 0.39062 0.53254
vt 0.39062 0.52639
vt 0.40625 0.53145
vt 0.60937 0.53281
vt 0.60937 0.52778
vt 0.625 0.52778
vt 0.59375 0.53254
vt 0.57812 0.53145
vt 0.57812 0.53254
vt 0.57812 0.52639
vt 0.59375 0.53145
vt 0.64062 0.53281
vt 0.64062 0.52778
vt 0.65625 0.52778
vt 0.67187 0.53281
vt 0.67187 0.52778
vt 0.6875 0.52778
vt 0.4375 0.53254
vt 0.42188 0.53145
vt 0.42188 0.53254
vt 0.42187 0.52639
vt 0.4375 0.53145
vt 0.70312 0.53281
vt 0.70312 0.52778
vt 0.71875 0.52778
vt 0.625 0.53254
vt 0.60937 0.53145
vt 0.60937 0.53254
vt 0.60937 0.52639
vt 0.625 0.53145
vt 0.73437 0.53281
vt 0.73437 0.52778
vt 0.75 0.52778
vt 0.76562 0.53281
vt 0.76562 0.52778
vt 0.78125 0.52778
vt 0.46875 0.53254
vt 0.45313 0.53145
vt 0.45312 0.53254
vt 0.45312 0.52639
vt 0.46875 0.53145
vt 0.79687 0.53281
vt 0.79687 0.52778
vt 0.8125 0.52778
vt 0.65625 0.53254
vt 0.64062 0.53145
vt 0.64062 0.53254
vt 0.64062 0.52639
vt 0.65625 0.53145
vt 0.5 0.53281
vt 0.48437 0.53304
vt 0.46875 0.53281
vt 0.48438 0.53254
vt 0.46875 0.53304
vt 0.5 0.53304
vt 0.45312 0.53304
vt 0.4375 0.53281
vt 0.4375 0.53304
vt 0.42188 0.53304
vt 0.42188 0.53281
vt 0.40625 0.53281
vt 0.40625 0.53304
vt 0.39062 0.53304
vt 0.39062 0.53281
vt 0.375 0.53281
vt 0.375 0.53304
vt 0.35938 0.53304
vt 0.35938 0.53281
vt 0.34375 0.53281
vt 0.34375 0.53304
vt 0.32812 0.53304
vt 0.32813 0.53281
vt 0.3125 0.53281
vt 0.3125 0.53304
vt 0.29688 0.53304
vt 0.29688 0.53281
vt 0.28125 0.53281
vt 0.28125 0.53304
vt 0.26562 0.53304
vt 0.26563 0.53281
vt 0.25 0.53281
vt 0.25 0.53304
vt 0.23438 0.53304
vt 0.23438 0.53281
vt 0.21875 0.53281
vt 0.21875 0.53304
vt 0.20313 0.53304
vt 0.20313 0.53281
vt 0.1875 0.53281
vt 0.1875 0.53304
vt 0.17188 0.53304
vt 0.17188 0.53281
vt 0.15625 0.53281
vt 0.15625 0.53304
vt 0.14063 0.53304
vt 0.14063 0.53281
vt 0.125 0.53281
vt 0.125 0.53304
vt 0.10938 0.53304
vt 0.10938 0.53281
vt 0.09375 0.53281
vt 0.09375 0.53304
vt 0.07813 0.53304
vt 0.07812 0.53281
vt 0.0625 0.53281
vt 0.0625 0.53304
vt 0.04687 0.53304
vt 0.04687 0.53281
vt 0.03125 0.53281
vt 0.03125 0.53304
vt 0.01562 0.53304
vt 0.01562 0.53281
vt 0 0.53281
vt 0 0.53304
vt 1 0.53281
vt 0.98438 0.53304
vt 0.98438 0.53281
vt 0.96875 0.53281
vt 0.96875 0.53304
vt 1 0.53304
vt 0.95312 0.53304
vt 0.95312 0.53281
vt 0.9375 0.53281
vt 0.9375 0.53304
vt 0.92187 0.53304
vt 0.92187 0.53281
vt 0.90625 0.53281
vt 0.90625 0.53304
vt 0.89062 0.53304
vt 0.89062 0.53281
vt 0.875 0.53281
vt 0.875 0.53304
vt 0.85937 0.53304
vt 0.85937 0.53281
vt 0.84375 0.53281
vt 0.84375 0.53304
vt 0.82812 0.53304
vt 0.82812 0.53281
vt 0.8125 0.53281
vt 0.8125 0.53304
vt 0.79687 0.53304
vt 0.78125 0.53281
vt 0.79687 0.53254
vt 0.78125 0.53304
vt 0.76562 0.53304
vt 0.75 0.53281
vt 0.76562 0.53254
vt 0.75 0.53304
vt 0.73437 0.53304
vt 0.71875 0.53281
vt 0.73437 0.53254
vt 0.71875 0.53304
vt 0.70312 0.53304
vt 0.6875 0.53281
vt 0.70312 0.53254
vt 0.6875 0.53304
vt 0.67187 0.53304
vt 0.65625 0.53281
vt 0.67187 0.53254
vt 0.65625 0.53304
vt 0.64062 0.53304
vt 0.625 0.53281
vt 0.625 0.53304
vt 0.60937 0.53304
vt 0.59375 0.53281
vt 0.59375 0.53304
vt 0.57812 0.53304
vt 0.5625 0.53281
vt 0.5625 0.53304
vt 0.54687 0.53304
vt 0.53125 0.53281
vt 0.53125 0.53304
vt 0.51562 0.53304
vt 0.40625 0.52778
vt 0.42187 0.52778
vt 0.375 0.52778
vt 0.39062 0.52778
vt 0.34375 0.52778
vt 0.35938 0.52778
vt 0.3125 0.52778
vt 0.32813 0.52778
vt 0.28125 0.52778
vt 0.29688 0.52778
vt 0.25 0.52778
vt 0.26563 0.52778
vt 0.48438 0.53145
vt 0.48437 0.52639
vt 0.21875 0.52778
vt 0.23437 0.52778
vt 0.6875 0.53254
vt 0.67187 0.53145
vt 0.67187 0.52639
vt 0.6875 0.53145
vt 0.1875 0.52778
vt 0.20313 0.52778
vt 0.15625 0.52778
vt 0.17188 0.52778
vt 0.125 0.52778
vt 0.14063 0.52778
vt 0.71875 0.53254
vt 0.70312 0.53145
vt 0.70312 0.52639
vt 0.71875 0.53145
vt 0.09375 0.52778
vt 0.10938 0.52778
vt 0.0625 0.52778
vt 0.07813 0.52778
vt 0.03125 0.52778
vt 0.04687 0.52778
vt 0.75 0.53254
vt 0.73437 0.53145
vt 0.73437 0.52639
vt 0.75 0.53145
vt 0 0.52778
vt 0.01562 0.52778
vt 0.96875 0.52778
vt 0.98438 0.52778
vt 1 0.52778
vt 0.9375 0.52778
vt 0.95312 0.52778
vt 0.78125 0.53254
vt 0.76562 0.53145
vt 0.76562 0.52639
vt 0.78125 0.53145
vt 0.90625 0.52778
vt 0.92187 0.52778
vt 0.875 0.52778
vt 0.89062 0.52778
vt 0.84375 0.52778
vt 0.85937 0.52778
vt 0.79687 0.53145
vt 0.79687 0.52639
vt 0.82812 0.52778
vt 0.5 0.51448
vt 0.53125 0.51448
vt 0.51562 0.51448
vt 0.53125 0.52639
vt 0.5 0.52639
vt 0.54687 0.51448
vt 0.5625 0.52639
vt 0.5625 0.51448
vt 0.59375 0.51448
vt 0.57812 0.51448
vt 0.59375 0.52639
vt 0.60937 0.51448
vt 0.625 0.52639
vt 0.625 0.51448
vt 0.64062 0.51448
vt 0.65625 0.52639
vt 0.65625 0.51448
vt 0.67187 0.51448
vt 0.6875 0.51448
vt 0.6875 0.52639
vt 0.71875 0.51448
vt 0.70312 0.51448
vt 0.71875 0.52639
vt 0.73437 0.51448
vt 0.75 0.52639
vt 0.75 0.51448
vt 0.78125 0.51448
vt 0.76562 0.51448
vt 0.78125 0.52639
vt 0.79687 0.51448
vt 0.8125 0.52639
vt 0.8125 0.51448
vt 0.82812 0.51448
vt 0.84375 0.52639
vt 0.84375 0.51448
vt 0.85937 0.51448
vt 0.875 0.52639
vt 0.875 0.51448
vt 0.90625 0.51448
vt 0.89062 0.51448
vt 0.90625 0.52639
vt 0.92187 0.51448
vt 0.9375 0.52639
vt 0.9375 0.51448
vt 0.96875 0.51448
vt 0.95312 0.51448
vt 0.98438 0.51448
vt 1 0.51448
vt 1 0.5
vt 1 0.52639
vt 0.96875 0.52639
vt 0.01562 0.51448
vt 0.03125 0.51448
vt 0.03125 0.52639
vt 0 0.52639
vt 0 0.51448
vt 0.48437 0.51448
vt 0.46875 0.52639
vt 0.46875 0.51448
vt 0.4375 0.51448
vt 0.45312 0.51448
vt 0.4375 0.52639
vt 0.40625 0.51448
vt 0.42188 0.51448
vt 0.375 0.51448
vt 0.39063 0.51448
vt 0.40625 0.52639
vt 0.34375 0.51448
vt 0.35938 0.51448
vt 0.375 0.52639
vt 0.32812 0.51448
vt 0.34375 0.52639
vt 0.3125 0.52639
vt 0.3125 0.51448
vt 0.28125 0.51448
vt 0.29688 0.51448
vt 0.28125 0.52639
vt 0.25 0.51448
vt 0.26562 0.51448
vt 0.25 0.52639
vt 0.21875 0.51448
vt 0.23438 0.51448
vt 0.21875 0.52639
vt 0.20312 0.51448
vt 0.1875 0.51448
vt 0.15625 0.51448
vt 0.17188 0.51448
vt 0.15625 0.52639
vt 0.125 0.51448
vt 0.14063 0.51448
vt 0.125 0.52639
vt 0.10938 0.51448
vt 0.09375 0.52639
vt 0.09375 0.51448
vt 0.07813 0.51448
vt 0.0625 0.52639
vt 0.0625 0.51448
vt 0.04688 0.51448
usemtl mat0
f 93/1/93 94/2/94 95/3/95
f 96/4/96 94/2/94 97/5/97
f 101/6/101 102/7/102 103/8/103
f 93/1/93 102/7/102 104/9/104
f 133/10/133 134/11/134 135/12/135
f 101/6/101 134/11/134 136/13/136
f 145/14/145 146/15/146 147/16/147
f 133/10/133 146/15/146 148/17/148
f 151/18/151 152/19/152 153/20/153
f 145/14/145 152/19/152 154/21/154
f 163/22/163 164/23/164 165/24/165
f 151/18/151 164/23/164 166/25/166
f 175/26/175 176/27/176 177/28/177
f 163/22/163 176/27/176 178/29/178
f 181/30/181 182/31/182 183/32/183
f 175/26/175 182/31/182 184/33/184
f 193/34/193 194/35/194 195/36/195
f 181/30/181 194/35/194 196/37/196
f 205/38/205 206/39/206 207/40/207
f 193/34/193 206/39/206 208/41/208
f 211/42/211 212/43/212 213/44/213
f 205/38/205 212/43/212 214/45/214
f 223/46/223 224/47/224 225/48/225
f 211/42/211 224/47/224 226/49/226
f 96/4/96 349/50/349 98/51/98
f 350/52/350 349/50/349 351/53/351
f 350/52/350 353/54/353 352/55/352
f 354/56/354 353/54/353 355/57/355
f 354/56/354 357/58/357 356/59/356
f 358/60/358 357/58/357 359/61/359
f 358/60/358 361/62/361 360/63/360
f 362/64/362 361/62/361 363/65/363
f 362/64/362 365/66/365 364/67/364
f 366/68/366 365/66/365 367/69/367
f 366/68/366 369/70/369 368/71/368
f 370/72/370 369/70/369 371/73/371
f 370/72/370 376/74/376 372/75/372
f 377/76/377 376/74/376 378/77/378
f 377/76/377 384/78/384 379/79/379
f 385/80/385 384/78/384 386/81/386
f 385/80/385 388/82/388 387/83/387
f 389/84/389 388/82/388 390/85/390
f 389/84/389 392/86/392 391/87/391
f 393/88/393 392/86/392 394/89/394
f 393/88/393 400/90/400 395/91/395
f 401/92/401 400/90/400 402/93/402
f 401/92/401 404/94/404 403/95/403
f 405/96/405 404/94/404 406/97/406
f 405/96/405 408/98/408 407/99/407
f 409/100/409 408/98/408 410/101/410
f 409/100/409 416/102/416 411/103/411
f 417/104/417 416/102/416 418/105/418
f 417/104/417 420/106/420 419/107/419
f 421/108/421 420/106/420 422/109/422
f 421/108/421 424/110/424 423/111/423
f 425/112/425 424/110/424 426/113/426
f 425/112/425 432/114/432 427/115/427
f 433/116/433 432/114/432 434/117/434
f 433/116/433 436/118/436 435/119/435
f 437/120/437 436/118/436 438/121/438
f 437/120/437 440/122/440 439/123/439
f 441/124/441 440/122/440 442/125/442
f 441/124/441 447/126/447 443/127/443
f 223/46/223 447/126/447 448/128/448
f 449/129/449 450/130/450 451/131/451
f 452/132/452 453/133/453 450/130/450
f 450/130/450 93/1/93 104/9/104
f 451/131/451 104/9/104 101/6/101
f 454/134/454 455/135/455 453/133/453
f 456/136/456 457/137/457 455/135/455
f 455/135/455 96/4/96 97/5/97
f 453/133/453 97/5/97 93/1/93
f 458/138/458 459/139/459 457/137/457
f 460/140/460 461/141/461 459/139/459
f 459/139/459 350/52/350 351/53/351
f 457/137/457 351/53/351 96/4/96
f 462/142/462 463/143/463 461/141/461
f 464/144/464 465/145/465 463/143/463
f 463/143/463 354/56/354 355/57/355
f 461/141/461 355/57/355 350/52/350
f 466/146/466 465/145/465 467/147/467
f 468/148/468 469/149/469 466/146/466
f 470/150/470 359/61/359 469/149/469
f 469/149/469 354/56/354 465/145/465
f 471/151/471 470/150/470 468/148/468
f 472/152/472 473/153/473 471/151/471
f 474/154/474 363/65/363 473/153/473
f 473/153/473 358/60/358 470/150/470
f 475/155/475 474/154/474 472/152/472
f 476/156/476 477/157/477 475/155/475
f 478/158/478 367/69/367 477/157/477
f 477/157/477 362/64/362 474/154/474
f 479/159/479 478/158/478 476/156/476
f 480/160/480 481/161/481 479/159/479
f 482/162/482 371/73/371 481/161/481
f 481/161/481 366/68/366 478/158/478
f 480/160/480 483/163/483 482/162/482
f 484/164/484 485/165/485 483/163/483
f 483/163/483 377/76/377 378/77/378
f 482/162/482 378/77/378 370/72/370
f 486/166/486 487/167/487 485/165/485
f 488/168/488 489/169/489 487/167/487
f 487/167/487 385/80/385 386/81/386
f 485/165/485 386/81/386 377/76/377
f 490/170/490 491/171/491 489/169/489
f 492/172/492 493/173/493 491/171/491
f 491/171/491 389/84/389 390/85/390
f 489/169/489 390/85/390 385/80/385
f 494/174/494 495/175/495 493/173/493
f 496/176/496 497/177/497 495/175/495
f 495/175/495 393/88/393 394/89/394
f 493/173/493 394/89/394 389/84/389
f 498/178/498 497/177/497 499/179/499
f 500/180/500 501/181/501 498/178/498
f 502/182/502 402/93/402 501/181/501
f 501/181/501 393/88/393 497/177/497
f 503/183/503 502/182/502 500/180/500
f 504/184/504 505/185/505 503/183/503
f 506/186/506 406/97/406 505/185/505
f 505/185/505 401/92/401 502/182/502
f 507/187/507 506/186/506 504/184/504
f 508/188/508 509/189/509 507/187/507
f 510/190/510 410/101/410 509/189/509
f 509/189/509 405/96/405 506/186/506
f 511/191/511 510/190/510 508/188/508
f 512/192/512 513/193/513 511/191/511
f 514/194/514 418/105/418 513/193/513
f 513/193/513 409/100/409 510/190/510
f 512/192/512 515/195/515 514/194/514
f 516/196/516 517/197/517 515/195/515
f 515/195/515 421/108/421 422/109/422
f 514/194/514 422/109/422 417/104/417
f 518/198/518 519/199/519 517/197/517
f 520/200/520 521/201/521 519/199/519
f 519/199/519 425/112/425 426/113/426
f 517/197/517 426/113/426 421/108/421
f 522/202/522 523/203/523 521/201/521
f 524/204/524 525/205/525 523/203/523
f 523/203/523 433/116/433 434/117/434
f 521/201/521 434/117/434 425/112/425
f 526/206/526 527/207/527 525/205/525
f 528/208/528 529/209/529 527/207/527
f 527/207/527 437/120/437 438/121/438
f 525/205/525 438/121/438 433/116/433
f 530/210/530 529/209/529 531/211/531
f 532/212/532 533/213/533 530/210/530
f 534/214/534 442/125/442 533/213/533
f 533/213/533 437/120/437 529/209/529
f 535/215/535 534/214/534 532/212/532
f 536/216/536 537/217/537 535/215/535
f 538/218/538 448/128/448 537/217/537
f 537/217/537 441/124/441 534/214/534
f 539/219/539 538/218/538 536/216/536
f 540/220/540 541/221/541 539/219/539
f 542/222/542 226/49/226 541/221/541
f 541/221/541 223/46/223 538/218/538
f 543/223/543 542/222/542 540/220/540
f 544/224/544 545/225/545 543/223/543
f 546/226/546 214/45/214 545/225/545
f 545/225/545 211/42/211 542/222/542
f 544/224/544 547/227/547 546/226/546
f 548/228/548 549/229/549 547/227/547
f 547/227/547 193/34/193 208/41/208
f 546/226/546 208/41/208 205/38/205
f 550/230/550 551/231/551 549/229/549
f 552/232/552 553/233/553 551/231/551
f 551/231/551 181/30/181 196/37/196
f 549/229/549 196/37/196 193/34/193
f 554/234/554 555/235/555 553/233/553
f 556/236/556 557/237/557 555/235/555
f 555/235/555 175/26/175 184/33/184
f 553/233/553 184/33/184 181/30/181
f 558/238/558 559/239/559 557/237/557
f 560/240/560 561/241/561 559/239/559
f 559/239/559 163/22/163 178/29/178
f 557/237/557 178/29/178 175/26/175
f 562/242/562 561/241/561 563/243/563
f 564/244/564 565/245/565 562/242/562
f 566/246/566 166/25/166 565/245/565
f 565/245/565 163/22/163 561/241/561
f 567/247/567 566/246/566 564/244/564
f 568/248/568 569/249/569 567/247/567
f 570/250/570 154/21/154 569/249/569
f 569/249/569 151/18/151 566/246/566
f 571/251/571 570/250/570 568/248/568
f 572/252/572 573/253/573 571/251/571
f 574/254/574 148/17/148 573/253/573
f 573/253/573 145/14/145 570/250/570
f 575/255/575 574/254/574 572/252/572
f 449/129/449 576/256/576 575/255/575
f 451/131/451 136/13/136 576/256/576
f 576/256/576 133/10/133 574/254/574
f 467/147/467 705/257/705 466/146/466
f 464/144/464 706/258/706 705/257/705
f 705/257/705 707/259/707 708/260/708
f 466/146/466 708/260/708 468/148/468
f 462/142/462 709/261/709 706/258/706
f 460/140/460 710/262/710 709/261/709
f 709/261/709 711/263/711 712/264/712
f 706/258/706 712/264/712 707/259/707
f 458/138/458 713/265/713 710/262/710
f 456/136/456 714/266/714 713/265/713
f 713/265/713 715/267/715 716/268/716
f 710/262/710 716/268/716 711/263/711
f 454/134/454 717/269/717 714/266/714
f 452/132/452 718/270/718 717/269/717
f 717/269/717 719/271/719 720/272/720
f 714/266/714 720/272/720 715/267/715
f 575/255/575 718/270/718 449/129/449
f 572/252/572 721/273/721 575/255/575
f 722/274/722 723/275/723 721/273/721
f 721/273/721 719/271/719 718/270/718
f 571/251/571 722/274/722 572/252/572
f 568/248/568 724/276/724 571/251/571
f 725/277/725 726/278/726 724/276/724
f 724/276/724 727/279/727 722/274/722
f 567/247/567 725/277/725 568/248/568
f 564/244/564 728/280/728 567/247/567
f 729/281/729 730/282/730 728/280/728
f 728/280/728 731/283/731 725/277/725
f 562/242/562 729/281/729 564/244/564
f 563/243/563 732/284/732 562/242/562
f 560/240/560 733/285/733 732/284/732
f 732/284/732 734/286/734 729/281/729
f 468/148/468 735/287/735 471/151/471
f 708/260/708 736/288/736 735/287/735
f 735/287/735 737/289/737 738/290/738
f 471/151/471 738/290/738 472/152/472
f 707/259/707 739/291/739 736/288/736
f 712/264/712 740/292/740 739/291/739
f 739/291/739 741/293/741 742/294/742
f 736/288/736 742/294/742 737/289/737
f 711/263/711 743/295/743 740/292/740
f 716/268/716 744/296/744 743/295/743
f 743/295/743 745/297/745 746/298/746
f 740/292/740 746/298/746 741/293/741
f 715/267/715 747/299/747 744/296/744
f 720/272/720 748/300/748 747/299/747
f 747/299/747 749/301/749 750/302/750
f 744/296/744 750/302/750 745/297/745
f 723/275/723 748/300/748 719/271/719
f 727/279/727 751/303/751 723/275/723
f 752/304/752 753/305/753 751/303/751
f 751/303/751 749/301/749 748/300/748
f 726/278/726 752/304/752 727/279/727
f 731/283/731 754/306/754 726/278/726
f 755/307/755 756/308/756 754/306/754
f 754/306/754 757/309/757 752/304/752
f 730/282/730 755/307/755 731/283/731
f 734/286/734 758/310/758 730/282/730
f 759/311/759 760/312/760 758/310/758
f 758/310/758 761/313/761 755/307/755
f 733/285/733 759/311/759 734/286/734
f 558/238/558 762/314/762 733/285/733
f 556/236/556 763/315/763 762/314/762
f 762/314/762 764/316/764 759/311/759
f 472/152/472 765/317/765 475/155/475
f 738/290/738 766/318/766 765/317/765
f 765/317/765 767/319/767 768/320/768
f 475/155/475 768/320/768 476/156/476
f 737/289/737 769/321/769 766/318/766
f 742/294/742 770/322/770 769/321/769
f 769/321/769 771/323/771 772/324/772
f 766/318/766 772/324/772 767/319/767
f 741/293/741 773/325/773 770/322/770
f 746/298/746 774/326/774 773/325/773
f 773/325/773 775/327/775 776/328/776
f 770/322/770 776/328/776 771/323/771
f 745/297/745 777/329/777 774/326/774
f 750/302/750 778/330/778 777/329/777
f 777/329/777 779/331/779 780/332/780
f 774/326/774 780/332/780 775/327/775
f 753/305/753 778/330/778 749/301/749
f 757/309/757 781/333/781 753/305/753
f 782/334/782 783/335/783 781/333/781
f 781/333/781 779/331/779 778/330/778
f 756/308/756 782/334/782 757/309/757
f 761/313/761 784/336/784 756/308/756
f 785/337/785 786/338/786 784/336/784
f 784/336/784 787/339/787 782/334/782
f 760/312/760 785/337/785 761/313/761
f 764/316/764 788/340/788 760/312/760
f 789/341/789 790/342/790 788/340/788
f 788/340/788 791/343/791 785/337/785
f 763/315/763 789/341/789 764/316/764
f 554/234/554 792/344/792 763/315/763
f 552/232/552 793/345/793 792/344/792
f 792/344/792 794/346/794 789/341/789
f 476/156/476 795/347/795 479/159/479
f 768/320/768 796/348/796 795/347/795
f 795/347/795 797/349/797 798/350/798
f 479/159/479 798/350/798 480/160/480
f 767/319/767 799/351/799 796/348/796
f 772/324/772 800/352/800 799/351/799
f 799/351/799 801/353/801 802/354/802
f 796/348/796 802/354/802 797/349/797
f 771/323/771 803/355/803 800/352/800
f 776/328/776 804/356/804 803/355/803
f 803/355/803 805/357/805 806/358/806
f 800/352/800 806/358/806 801/353/801
f 775/327/775 807/359/807 804/356/804
f 780/332/780 808/360/808 807/359/807
f 807/359/807 809/361/809 810/362/810
f 804/356/804 810/362/810 805/357/805
f 783/335/783 808/360/808 779/331/779
f 787/339/787 811/363/811 783/335/783
f 812/364/812 813/365/813 811/363/811
f 811/363/811 809/361/809 808/360/808
f 786/338/786 812/364/812 787/339/787
f 791/343/791 814/366/814 786/338/786
f 815/367/815 816/368/816 814/366/814
f 814/366/814 817/369/817 812/364/812
f 790/342/790 815/367/815 791/343/791
f 794/346/794 818/370/818 790/342/790
f 819/371/819 820/372/820 818/370/818
f 818/370/818 821/373/821 815/367/815
f 793/345/793 819/371/819 794/346/794
f 550/230/550 822/374/822 793/345/793
f 548/228/548 823/375/823 822/374/822
f 822/374/822 824/376/824 819/371/819
f 798/350/798 484/164/484 480/160/480
f 797/349/797 825/377/825 798/350/798
f 826/378/826 827/379/827 825/377/825
f 825/377/825 486/166/486 484/164/484
f 802/354/802 826/378/826 797/349/797
f 801/353/801 828/380/828 802/354/802
f 829/381/829 830/382/830 828/380/828
f 828/380/828 831/383/831 826/378/826
f 806/358/806 829/381/829 801/353/801
f 805/357/805 832/384/832 806/358/806
f 833/385/833 834/386/834 832/384/832
f 832/384/832 835/387/835 829/381/829
f 810/362/810 833/385/833 805/357/805
f 809/361/809 836/388/836 810/362/810
f 837/389/837 838/390/838 836/388/836
f 836/388/836 839/391/839 833/385/833
f 809/361/809 840/392/840 837/389/837
f 813/365/813 841/393/841 840/392/840
f 840/392/840 842/394/842 843/395/843
f 837/389/837 843/395/843 844/396/844
f 817/369/817 845/397/845 841/393/841
f 816/368/816 846/398/846 845/397/845
f 845/397/845 847/399/847 848/400/848
f 841/393/841 848/400/848 842/394/842
f 821/373/821 849/401/849 846/398/846
f 820/372/820 850/402/850 849/401/849
f 849/401/849 851/403/851 852/404/852
f 846/398/846 852/404/852 847/399/847
f 824/376/824 853/405/853 850/402/850
f 823/375/823 543/223/543 853/405/853
f 853/405/853 540/220/540 854/406/854
f 850/402/850 854/406/854 851/403/851
f 827/379/827 488/168/488 486/166/486
f 831/383/831 855/407/855 827/379/827
f 856/408/856 857/409/857 855/407/855
f 855/407/855 490/170/490 488/168/488
f 830/382/830 856/408/856 831/383/831
f 835/387/835 858/410/858 830/382/830
f 859/411/859 860/412/860 858/410/858
f 858/410/858 861/413/861 856/408/856
f 834/386/834 859/411/859 835/387/835
f 839/391/839 862/414/862 834/386/834
f 863/415/863 864/416/864 862/414/862
f 862/414/862 865/417/865 859/411/859
f 838/390/838 863/415/863 839/391/839
f 844/396/844 866/418/866 838/390/838
f 867/419/867 868/420/868 866/418/866
f 866/418/866 869/421/869 863/415/863
f 844/396/844 870/422/870 867/419/867
f 843/395/843 871/423/871 870/422/870
f 870/422/870 872/424/872 873/425/873
f 867/419/867 873/425/873 874/426/874
f 842/394/842 875/427/875 871/423/871
f 848/400/848 876/428/876 875/427/875
f 875/427/875 877/429/877 878/430/878
f 871/423/871 878/430/878 872/424/872
f 847/399/847 879/431/879 876/428/876
f 852/404/852 880/432/880 879/431/879
f 879/431/879 881/433/881 882/434/882
f 876/428/876 882/434/882 877/429/877
f 851/403/851 883/435/883 880/432/880
f 854/406/854 539/219/539 883/435/883
f 883/435/883 536/216/536 884/436/884
f 880/432/880 884/436/884 881/433/881
f 857/409/857 492/172/492 490/170/490
f 861/413/861 885/437/885 857/409/857
f 886/438/886 887/439/887 885/437/885
f 885/437/885 494/174/494 492/172/492
f 860/412/860 886/438/886 861/413/861
f 865/417/865 888/440/888 860/412/860
f 889/441/889 890/442/890 888/440/888
f 888/440/888 891/443/891 886/438/886
f 864/416/864 889/441/889 865/417/865
f 869/421/869 892/444/892 864/416/864
f 893/445/893 894/446/894 892/444/892
f 892/444/892 895/447/895 889/441/889
f 868/420/868 893/445/893 869/421/869
f 874/426/874 896/448/896 868/420/868
f 897/449/897 898/450/898 896/448/896
f 896/448/896 899/451/899 893/445/893
f 874/426/874 900/452/900 897/449/897
f 873/425/873 901/453/901 900/452/900
f 900/452/900 902/454/902 903/455/903
f 897/449/897 903/455/903 904/456/904
f 872/424/872 905/457/905 901/453/901
f 878/430/878 906/458/906 905/457/905
f 905/457/905 907/459/907 908/460/908
f 901/453/901 908/460/908 902/454/902
f 877/429/877 909/461/909 906/458/906
f 882/434/882 910/462/910 909/461/909
f 909/461/909 911/463/911 912/464/912
f 906/458/906 912/464/912 907/459/907
f 881/433/881 913/465/913 910/462/910
f 884/436/884 535/215/535 913/465/913
f 913/465/913 532/212/532 914/466/914
f 910/462/910 914/466/914 911/463/911
f 887/439/887 496/176/496 494/174/494
f 891/443/891 915/467/915 887/439/887
f 916/468/916 498/178/498 915/467/915
f 915/467/915 499/179/499 496/176/496
f 890/442/890 916/468/916 891/443/891
f 895/447/895 917/469/917 890/442/890
f 918/470/918 503/183/503 917/469/917
f 917/469/917 500/180/500 916/468/916
f 894/446/894 918/470/918 895/447/895
f 899/451/899 919/471/919 894/446/894
f 920/472/920 507/187/507 919/471/919
f 919/471/919 504/184/504 918/470/918
f 898/450/898 920/472/920 899/451/899
f 904/456/904 921/473/921 898/450/898
f 922/474/922 511/191/511 921/473/921
f 921/473/921 508/188/508 920/472/920
f 904/456/904 923/475/923 922/474/922
f 903/455/903 924/476/924 923/475/923
f 923/475/923 518/198/518 516/196/516
f 922/474/922 516/196/516 512/192/512
f 902/454/902 925/477/925 924/476/924
f 908/460/908 926/478/926 925/477/925
f 925/477/925 522/202/522 520/200/520
f 924/476/924 520/200/520 518/198/518
f 907/459/907 927/479/927 926/478/926
f 912/464/912 928/480/928 927/479/927
f 927/479/927 526/206/526 524/204/524
f 926/478/926 524/204/524 522/202/522
f 911/463/911 929/481/929 928/480/928
f 914/466/914 530/210/530 929/481/929
f 929/481/929 531/211/531 528/208/528
f 928/480/928 528/208/528 526/206/526
f 93/1/93 97/5/97 94/2/94
f 96/4/96 98/51/98 94/2/94
f 101/6/101 104/9/104 102/7/102
f 93/1/93 95/3/95 102/7/102
f 133/10/133 136/13/136 134/11/134
f 101/6/101 103/8/103 134/11/134
f 145/14/145 148/17/148 146/15/146
f 133/10/133 135/12/135 146/15/146
f 151/18/151 154/21/154 152/19/152
f 145/14/145 147/16/147 152/19/152
f 163/22/163 166/25/166 164/23/164
f 151/18/151 153/20/153 164/23/164
f 175/26/175 178/29/178 176/27/176
f 163/22/163 165/24/165 176/27/176
f 181/30/181 184/33/184 182/31/182
f 175/26/175 177/28/177 182/31/182
f 193/34/193 196/37/196 194/35/194
f 181/30/181 183/32/183 194/35/194
f 205/38/205 208/41/208 206/39/206
f 193/34/193 195/36/195 206/39/206
f 211/42/211 214/45/214 212/43/212
f 205/38/205 207/40/207 212/43/212
f 223/46/223 226/49/226 224/47/224
f 211/42/211 213/44/213 224/47/224
f 96/4/96 351/53/351 349/50/349
f 350/52/350 352/55/352 349/50/349
f 350/52/350 355/57/355 353/54/353
f 354/56/354 356/59/356 353/54/353
f 354/56/354 359/61/359 357/58/357
f 358/60/358 360/63/360 357/58/357
f 358/60/358 363/65/363 361/62/361
f 362/64/362 364/67/364 361/62/361
f 362/64/362 367/69/367 365/66/365
f 366/68/366 368/71/368 365/66/365
f 366/68/366 371/73/371 369/70/369
f 370/72/370 372/75/372 369/70/369
f 370/72/370 378/77/378 376/74/376
f 377/76/377 379/79/379 376/74/376
f 377/76/377 386/81/386 384/78/384
f 385/80/385 387/83/387 384/78/384
f 385/80/385 390/85/390 388/82/388
f 389/84/389 391/87/391 388/82/388
f 389/84/389 394/89/394 392/86/392
f 393/88/393 395/91/395 392/86/392
f 393/88/393 402/93/402 400/90/400
f 401/92/401 403/95/403 400/90/400
f 401/92/401 406/97/406 404/94/404
f 405/96/405 407/99/407 404/94/404
f 405/96/405 410/101/410 408/98/408
f 409/100/409 411/103/411 408/98/408
f 409/100/409 418/105/418 416/102/416
f 417/104/417 419/107/419 416/102/416
f 417/104/417 422/109/422 420/106/420
f 421/108/421 423/111/423 420/106/420
f 421/108/421 426/113/426 424/110/424
f 425/112/425 427/115/427 424/110/424
f 425/112/425 434/117/434 432/114/432
f 433/116/433 435/119/435 432/114/432
f 433/116/433 438/121/438 436/118/436
f 437/120/437 439/123/439 436/118/436
f 437/120/437 442/125/442 440/122/440
f 441/124/441 443/127/443 440/122/440
f 441/124/441 448/128/448 447/126/447
f 223/46/223 225/48/225 447/126/447
f 449/129/449 452/132/452 450/130/450
f 452/132/452 454/134/454 453/133/453
f 450/130/450 453/133/453 93/1/93
f 451/131/451 450/130/450 104/9/104
f 454/134/454 456/136/456 455/135/455
f 456/136/456 458/138/458 457/137/457
f 455/135/455 457/137/457 96/4/96
f 453/133/453 455/135/455 97/5/97
f 458/138/458 460/140/460 459/139/459
f 460/140/460 462/142/462 461/141/461
f 459/139/459 461/141/461 350/52/350
f 457/137/457 459/139/459 351/53/351
f 462/142/462 464/144/464 463/143/463
f 464/144/464 467/147/467 465/145/465
f 463/143/463 465/145/465 354/56/354
f 461/141/461 463/143/463 355/57/355
f 466/146/466 469/149/469 465/145/465
f 468/148/468 470/150/470 469/149/469
f 470/150/470 358/60/358 359/61/359
f 469/149/469 359/61/359 354/56/354
f 471/151/471 473/153/473 470/150/470
f 472/152/472 474/154/474 473/153/473
f 474/154/474 362/64/362 363/65/363
f 473/153/473 363/65/363 358/60/358
f 475/155/475 477/157/477 474/154/474
f 476/156/476 478/158/478 477/157/477
f 478/158/478 366/68/366 367/69/367
f 477/157/477 367/69/367 362/64/362
f 479/159/479 481/161/481 478/158/478
f 480/160/480 482/162/482 481/161/481
f 482/162/482 370/72/370 371/73/371
f 481/161/481 371/73/371 366/68/366
f 480/160/480 484/164/484 483/163/483
f 484/164/484 486/166/486 485/165/485
f 483/163/483 485/165/485 377/76/377
f 482/162/482 483/163/483 378/77/378
f 486/166/486 488/168/488 487/167/487
f 488/168/488 490/170/490 489/169/489
f 487/167/487 489/169/489 385/80/385
f 485/165/485 487/167/487 386/81/386
f 490/170/490 492/172/492 491/171/491
f 492/172/492 494/174/494 493/173/493
f 491/171/491 493/173/493 389/84/389
f 489/169/489 491/171/491 390/85/390
f 494/174/494 496/176/496 495/175/495
f 496/176/496 499/179/499 497/177/497
f 495/175/495 497/177/497 393/88/393
f 493/173/493 495/175/495 394/89/394
f 498/178/498 501/181/501 497/177/497
f 500/180/500 502/182/502 501/181/501
f 502/182/502 401/92/401 402/93/402
f 501/181/501 402/93/402 393/88/393
f 503/183/503 505/185/505 502/182/502
f 504/184/504 506/186/506 505/185/505
f 506/186/506 405/96/405 406/97/406
f 505/185/505 406/97/406 401/92/401
f 507/187/507 509/189/509 506/186/506
f 508/188/508 510/190/510 509/189/509
f 510/190/510 409/100/409 410/101/410
f 509/189/509 410/101/410 405/96/405
f 511/191/511 513/193/513 510/190/510
f 512/192/512 514/194/514 513/193/513
f 514/194/514 417/104/417 418/105/418
f 513/193/513 418/105/418 409/100/409
f 512/192/512 516/196/516 515/195/515
f 516/196/516 518/198/518 517/197/517
f 515/195/515 517/197/517 421/108/421
f 514/194/514 515/195/515 422/109/422
f 518/198/518 520/200/520 519/199/519
f 520/200/520 522/202/522 521/201/521
f 519/199/519 521/201/521 425/112/425
f 517/197/517 519/199/519 426/113/426
f 522/202/522 524/204/524 523/203/523
f 524/204/524 526/206/526 525/205/525
f 523/203/523 525/205/525 433/116/433
f 521/201/521 523/203/523 434/117/434
f 526/206/526 528/208/528 527/207/527
f 528/208/528 531/211/531 529/209/529
f 527/207/527 529/209/529 437/120/437
f 525/205/525 527/207/527 438/121/438
f 530/210/530 533/213/533 529/209/529
f 532/212/532 534/214/534 533/213/533
f 534/214/534 441/124/441 442/125/442
f 533/213/533 442/125/442 437/120/437
f 535/215/535 537/217/537 534/214/534
f 536/216/536 538/218/538 537/217/537
f 538/218/538 223/46/223 448/128/448
f 537/217/537 448/128/448 441/124/441
f 539/219/539 541/221/541 538/218/538
f 540/220/540 542/222/542 541/221/541
f 542/222/542 211/42/211 226/49/226
f 541/221/541 226/49/226 223/46/223
f 543/223/543 545/225/545 542/222/542
f 544/224/544 546/226/546 545/225/545
f 546/226/546 205/38/205 214/45/214
f 545/225/545 214/45/214 211/42/211
f 544/224/544 548/228/548 547/227/547
f 548/228/548 550/230/550 549/229/549
f 547/227/547 549/229/549 193/34/193
f 546/226/546 547/227/547 208/41/208
f 550/230/550 552/232/552 551/231/551
f 552/232/552 554/234/554 553/233/553
f 551/231/551 553/233/553 181/30/181
f 549/229/549 551/231/551 196/37/196
f 554/234/554 556/236/556 555/235/555
f 556/236/556 558/238/558 557/237/557
f 555/235/555 557/237/557 175/26/175
f 553/233/553 555/235/555 184/33/184
f 558/238/558 560/240/560 559/239/559
f 560/240/560 563/243/563 561/241/561
f 559/239/559 561/241/561 163/22/163
f 557/237/557 559/239/559 178/29/178
f 562/242/562 565/245/565 561/241/561
f 564/244/564 566/246/566 565/245/565
f 566/246/566 151/18/151 166/25/166
f 565/245/565 166/25/166 163/22/163
f 567/247/567 569/249/569 566/246/566
f 568/248/568 570/250/570 569/249/569
f 570/250/570 145/14/145 154/21/154
f 569/249/569 154/21/154 151/18/151
f 571/251/571 573/253/573 570/250/570
f 572/252/572 574/254/574 573/253/573
f 574/254/574 133/10/133 148/17/148
f 573/253/573 148/17/148 145/14/145
f 575/255/575 576/256/576 574/254/574
f 449/129/449 451/131/451 576/256/576
f 451/131/451 101/6/101 136/13/136
f 576/256/576 136/13/136 133/10/133
f 467/147/467 464/144/464 705/257/705
f 464/144/464 462/142/462 706/258/706
f 705/257/705 706/258/706 707/259/707
f 466/146/466 705/257/705 708/260/708
f 462/142/462 460/140/460 709/261/709
f 460/140/460 458/138/458 710/262/710
f 709/261/709 710/262/710 711/263/711
f 706/258/706 709/261/709 712/264/712
f 458/138/458 456/136/456 713/265/713
f 456/136/456 454/134/454 714/266/714
f 713/265/713 714/266/714 715/267/715
f 710/262/710 713/265/713 716/268/716
f 454/134/454 452/132/452 717/269/717
f 452/132/452 449/129/449 718/270/718
f 717/269/717 718/270/718 719/271/719
f 714/266/714 717/269/717 720/272/720
f 575/255/575 721/273/721 718/270/718
f 572/252/572 722/274/722 721/273/721
f 722/274/722 727/279/727 723/275/723
f 721/273/721 723/275/723 719/271/719
f 571/251/571 724/276/724 722/274/722
f 568/248/568 725/277/725 724/276/724
f 725/277/725 731/283/731 726/278/726
f 724/276/724 726/278/726 727/279/727
f 567/247/567 728/280/728 725/277/725
f 564/244/564 729/281/729 728/280/728
f 729/281/729 734/286/734 730/282/730
f 728/280/728 730/282/730 731/283/731
f 562/242/562 732/284/732 729/281/729
f 563/243/563 560/240/560 732/284/732
f 560/240/560 558/238/558 733/285/733
f 732/284/732 733/285/733 734/286/734
f 468/148/468 708/260/708 735/287/735
f 708/260/708 707/259/707 736/288/736
f 735/287/735 736/288/736 737/289/737
f 471/151/471 735/287/735 738/290/738
f 707/259/707 712/264/712 739/291/739
f 712/264/712 711/263/711 740/292/740
f 739/291/739 740/292/740 741/293/741
f 736/288/736 739/291/739 742/294/742
f 711/263/711 716/268/716 743/295/743
f 716/268/716 715/267/715 744/296/744
f 743/295/743 744/296/744 745/297/745
f 740/292/740 743/295/743 746/298/746
f 715/267/715 720/272/720 747/299/747
f 720/272/720 719/271/719 748/300/748
f 747/299/747 748/300/748 749/301/749
f 744/296/744 747/299/747 750/302/750
f 723/275/723 751/303/751 748/300/748
f 727/279/727 752/304/752 751/303/751
f 752/304/752 757/309/757 753/305/753
f 751/303/751 753/305/753 749/301/749
f 726/278/726 754/306/754 752/304/752
f 731/283/731 755/307/755 754/306/754
f 755/307/755 761/313/761 756/308/756
f 754/306/754 756/308/756 757/309/757
f 730/282/730 758/310/758 755/307/755
f 734/286/734 759/311/759 758/310/758
f 759/311/759 764/316/764 760/312/760
f 758/310/758 760/312/760 761/313/761
f 733/285/733 762/314/762 759/311/759
f 558/238/558 556/236/556 762/314/762
f 556/236/556 554/234/554 763/315/763
f 762/314/762 763/315/763 764/316/764
f 472/152/472 738/290/738 765/317/765
f 738/290/738 737/289/737 766/318/766
f 765/317/765 766/318/766 767/319/767
f 475/155/475 765/317/765 768/320/768
f 737/289/737 742/294/742 769/321/769
f 742/294/742 741/293/741 770/322/770
f 769/321/769 770/322/770 771/323/771
f 766/318/766 769/321/769 772/324/772
f 741/293/741 746/298/746 773/325/773
f 746/298/746 745/297/745 774/326/774
f 773/325/773 774/326/774 775/327/775
f 770/322/770 773/325/773 776/328/776
f 745/297/745 750/302/750 777/329/777
f 750/302/750 749/301/749 778/330/778
f 777/329/777 778/330/778 779/331/779
f 774/326/774 777/329/777 780/332/780
f 753/305/753 781/333/781 778/330/778
f 757/309/757 782/334/782 781/333/781
f 782/334/782 787/339/787 783/335/783
f 781/333/781 783/335/783 779/331/779
f 756/308/756 784/336/784 782/334/782
f 761/313/761 785/337/785 784/336/784
f 785/337/785 791/343/791 786/338/786
f 784/336/784 786/338/786 787/339/787
f 760/312/760 788/340/788 785/337/785
f 764/316/764 789/341/789 788/340/788
f 789/341/789 794/346/794 790/342/790
f 788/340/788 790/342/790 791/343/791
f 763/315/763 792/344/792 789/341/789
f 554/234/554 552/232/552 792/344/792
f 552/232/552 550/230/550 793/345/793
f 792/344/792 793/345/793 794/346/794
f 476/156/476 768/320/768 795/347/795
f 768/320/768 767/319/767 796/348/796
f 795/347/795 796/348/796 797/349/797
f 479/159/479 795/347/795 798/350/798
f 767/319/767 772/324/772 799/351/799
f 772/324/772 771/323/771 800/352/800
f 799/351/799 800/352/800 801/353/801
f 796/348/796 799/351/799 802/354/802
f 771/323/771 776/328/776 803/355/803
f 776/328/776 775/327/775 804/356/804
f 803/355/803 804/356/804 805/357/805
f 800/352/800 803/355/803 806/358/806
f 775/327/775 780/332/780 807/359/807
f 780/332/780 779/331/779 808/360/808
f 807/359/807 808/360/808 809/361/809
f 804/356/804 807/359/807 810/362/810
f 783/335/783 811/363/811 808/360/808
f 787/339/787 812/364/812 811/363/811
f 812/364/812 817/369/817 813/365/813
f 811/363/811 813/365/813 809/361/809
f 786/338/786 814/366/814 812/364/812
f 791/343/791 815/367/815 814/366/814
f 815/367/815 821/373/821 816/368/816
f 814/366/814 816/368/816 817/369/817
f 790/342/790 818/370/818 815/367/815
f 794/346/794 819/371/819 818/370/818
f 819/371/819 824/376/824 820/372/820
f 818/370/818 820/372/820 821/373/821
f 793/345/793 822/374/822 819/371/819
f 550/230/550 548/228/548 822/374/822
f 548/228/548 544/224/544 823/375/823
f 822/374/822 823/375/823 824/376/824
f 798/350/798 825/377/825 484/164/484
f 797/349/797 826/378/826 825/377/825
f 826/378/826 831/383/831 827/379/827
f 825/377/825 827/379/827 486/166/486
f 802/354/802 828/380/828 826/378/826
f 801/353/801 829/381/829 828/380/828
f 829/381/829 835/387/835 830/382/830
f 828/380/828 830/382/830 831/383/831
f 806/358/806 832/384/832 829/381/829
f 805/357/805 833/385/833 832/384/832
f 833/385/833 839/391/839 834/386/834
f 832/384/832 834/386/834 835/387/835
f 810/362/810 836/388/836 833/385/833
f 809/361/809 837/389/837 836/388/836
f 837/389/837 844/396/844 838/390/838
f 836/388/836 838/390/838 839/391/839
f 809/361/809 813/365/813 840/392/840
f 813/365/813 817/369/817 841/393/841
f 840/392/840 841/393/841 842/394/842
f 837/389/837 840/392/840 843/395/843
f 817/369/817 816/368/816 845/397/845
f 816/368/816 821/373/821 846/398/846
f 845/397/845 846/398/846 847/399/847
f 841/393/841 845/397/845 848/400/848
f 821/373/821 820/372/820 849/401/849
f 820/372/820 824/376/824 850/402/850
f 849/401/849 850/402/850 851/403/851
f 846/398/846 849/401/849 852/404/852
f 824/376/824 823/375/823 853/405/853
f 823/375/823 544/224/544 543/223/543
f 853/405/853 543/223/543 540/220/540
f 850/402/850 853/405/853 854/406/854
f 827/379/827 855/407/855 488/168/488
f 831/383/831 856/408/856 855/407/855
f 856/408/856 861/413/861 857/409/857
f 855/407/855 857/409/857 490/170/490
f 830/382/830 858/410/858 856/408/856
f 835/387/835 859/411/859 858/410/858
f 859/411/859 865/417/865 860/412/860
f 858/410/858 860/412/860 861/413/861
f 834/386/834 862/414/862 859/411/859
f 839/391/839 863/415/863 862/414/862
f 863/415/863 869/421/869 864/416/864
f 862/414/862 864/416/864 865/417/865
f 838/390/838 866/418/866 863/415/863
f 844/396/844 867/419/867 866/418/866
f 867/419/867 874/426/874 868/420/868
f 866/418/866 868/420/868 869/421/869
f 844/396/844 843/395/843 870/422/870
f 843/395/843 842/394/842 871/423/871
f 870/422/870 871/423/871 872/424/872
f 867/419/867 870/422/870 873/425/873
f 842/394/842 848/400/848 875/427/875
f 848/400/848 847/399/847 876/428/876
f 875/427/875 876/428/876 877/429/877
f 871/423/871 875/427/875 878/430/878
f 847/399/847 852/404/852 879/431/879
f 852/404/852 851/403/851 880/432/880
f 879/431/879 880/432/880 881/433/881
f 876/428/876 879/431/879 882/434/882
f 851/403/851 854/406/854 883/435/883
f 854/406/854 540/220/540 539/219/539
f 883/435/883 539/219/539 536/216/536
f 880/432/880 883/435/883 884/436/884
f 857/409/857 885/437/885 492/172/492
f 861/413/861 886/438/886 885/437/885
f 886/438/886 891/443/891 887/439/887
f 885/437/885 887/439/887 494/174/494
f 860/412/860 888/440/888 886/438/886
f 865/417/865 889/441/889 888/440/888
f 889/441/889 895/447/895 890/442/890
f 888/440/888 890/442/890 891/443/891
f 864/416/864 892/444/892 889/441/889
f 869/421/869 893/445/893 892/444/892
f 893/445/893 899/451/899 894/446/894
f 892/444/892 894/446/894 895/447/895
f 868/420/868 896/448/896 893/445/893
f 874/426/874 897/449/897 896/448/896
f 897/449/897 904/456/904 898/450/898
f 896/448/896 898/450/898 899/451/899
f 874/426/874 873/425/873 900/452/900
f 873/425/873 872/424/872 901/453/901
f 900/452/900 901/453/901 902/454/902
f 897/449/897 900/452/900 903/455/903
f 872/424/872 878/430/878 905/457/905
f 878/430/878 877/429/877 906/458/906
f 905/457/905 906/458/906 907/459/907
f 901/453/901 905/457/905 908/460/908
f 877/429/877 882/434/882 909/461/909
f 882/434/882 881/433/881 910/462/910
f 909/461/909 910/462/910 911/463/911
f 906/458/906 909/461/909 912/464/912
f 881/433/881 884/436/884 913/465/913
f 884/436/884 536/216/536 535/215/535
f 913/465/913 535/215/535 532/212/532
f 910/462/910 913/465/913 914/466/914
f 887/439/887 915/467/915 496/176/496
f 891/443/891 916/468/916 915/467/915
f 916/468/916 500/180/500 498/178/498
f 915/467/915 498/178/498 499/179/499
f 890/442/890 917/469/917 916/468/916
f 895/447/895 918/470/918 917/469/917
f 918/470/918 504/184/504 503/183/503
f 917/469/917 503/183/503 500/180/500
f 894/446/894 919/471/919 918/470/918
f 899/451/899 920/472/920 919/471/919
f 920/472/920 508/188/508 507/187/507
f 919/471/919 507/187/507 504/184/504
f 898/450/898 921/473/921 920/472/920
f 904/456/904 922/474/922 921/473/921
f 922/474/922 512/192/512 511/191/511
f 921/473/921 511/191/511 508/188/508
f 904/456/904 903/455/903 923/475/923
f 903/455/903 902/454/902 924/476/924
f 923/475/923 924/476/924 518/198/518
f 922/474/922 923/475/923 516/196/516
f 902/454/902 908/460/908 925/477/925
f 908/460/908 907/459/907 926/478/926
f 925/477/925 926/478/926 522/202/522
f 924/476/924 925/477/925 520/200/520
f 907/459/907 912/464/912 927/479/927
f 912/464/912 911/463/911 928/480/928
f 927/479/927 928/480/928 526/206/526
f 926/478/926 927/479/927 524/204/524
f 911/463/911 914/466/914 929/481/929
f 914/466/914 532/212/532 530/210/530
f 929/481/929 530/210/530 531/211/531
f 928/480/928 929/481/929 528/208/528
usemtl mat1
f 1008/482/1008 1009/483/1009 1010/484/1010
f 1009/483/1009 1011/485/1011 1010/484/1010
f 1015/486/1015 1016/487/1016 1017/488/1017
f 1016/487/1016 1008/482/1008 1017/488/1017
f 1042/489/1042 1043/490/1043 1044/491/1044
f 1043/490/1043 1015/486/1015 1044/491/1044
f 1052/492/1052 1053/493/1053 1054/494/1054
f 1053/493/1053 1042/489/1042 1054/494/1054
f 1057/495/1057 1058/496/1058 1059/497/1059
f 1058/496/1058 1052/492/1052 1059/497/1059
f 1067/498/1067 1068/499/1068 1069/500/1069
f 1068/499/1068 1057/495/1057 1069/500/1069
f 1077/501/1077 1078/502/1078 1079/503/1079
f 1078/502/1078 1067/498/1067 1079/503/1079
f 1082/504/1082 1083/505/1083 1084/506/1084
f 1083/505/1083 1077/501/1077 1084/506/1084
f 1092/507/1092 1093/508/1093 1094/509/1094
f 1093/508/1093 1082/504/1082 1094/509/1094
f 1102/510/1102 1103/511/1103 1104/512/1104
f 1103/511/1103 1092/507/1092 1104/512/1104
f 1107/513/1107 1108/514/1108 1109/515/1109
f 1108/514/1108 1102/510/1102 1109/515/1109
f 1117/516/1117 1118/517/1118 1119/518/1119
f 1118/517/1118 1107/513/1107 1119/518/1119
f 1011/485/1011 1249/519/1249 1250/520/1250
f 1249/519/1249 1251/521/1251 1250/520/1250
f 1251/521/1251 1253/522/1253 1254/523/1254
f 1253/522/1253 1255/524/1255 1254/523/1254
f 1255/524/1255 1257/525/1257 1258/526/1258
f 1257/525/1257 1259/527/1259 1258/526/1258
f 1259/527/1259 1261/528/1261 1262/529/1262
f 1261/528/1261 1263/530/1263 1262/529/1262
f 1263/530/1263 1265/531/1265 1266/532/1266
f 1265/531/1265 1267/533/1267 1266/532/1266
f 1267/533/1267 1269/534/1269 1270/535/1270
f 1269/534/1269 1271/536/1271 1270/535/1270
f 1271/536/1271 1275/537/1275 1276/538/1276
f 1275/537/1275 1277/539/1277 1276/538/1276
f 1277/539/1277 1283/540/1283 1284/541/1284
f 1283/540/1283 1285/542/1285 1284/541/1284
f 1285/542/1285 1287/543/1287 1288/544/1288
f 1287/543/1287 1289/545/1289 1288/544/1288
f 1289/545/1289 1291/546/1291 1292/547/1292
f 1291/546/1291 1293/548/1293 1292/547/1292
f 1293/548/1293 1299/549/1299 1300/550/1300
f 1299/549/1299 1301/551/1301 1300/550/1300
f 1301/551/1301 1303/552/1303 1304/553/1304
f 1303/552/1303 1305/554/1305 1304/553/1304
f 1305/554/1305 1307/555/1307 1308/556/1308
f 1307/555/1307 1309/557/1309 1308/556/1308
f 1309/557/1309 1315/558/1315 1316/559/1316
f 1315/558/1315 1317/560/1317 1316/559/1316
f 1317/560/1317 1319/561/1319 1320/562/1320
f 1319/561/1319 1321/563/1321 1320/562/1320
f 1321/563/1321 1323/564/1323 1324/565/1324
f 1323/564/1323 1325/566/1325 1324/565/1324
f 1325/566/1325 1331/567/1331 1332/568/1332
f 1331/567/1331 1333/569/1333 1332/568/1332
f 1333/569/1333 1335/570/1335 1336/571/1336
f 1335/570/1335 1337/572/1337 1336/571/1336
f 1337/572/1337 1339/573/1339 1340/574/1340
f 1339/573/1339 1341/575/1341 1340/574/1340
f 1341/575/1341 1345/576/1345 1346/577/1346
f 1345/576/1345 1117/516/1117 1346/577/1346
f 1347/578/1347 1348/579/1348 1349/580/1349
f 1349/580/1349 1350/581/1350 1351/582/1351
f 1348/579/1348 1008/482/1008 1350/581/1350
f 1352/583/1352 1017/488/1017 1348/579/1348
f 1351/582/1351 1353/584/1353 1354/585/1354
f 1354/585/1354 1355/586/1355 1356/587/1356
f 1353/584/1353 1011/485/1011 1355/586/1355
f 1350/581/1350 1010/484/1010 1353/584/1353
f 1356/587/1356 1357/588/1357 1358/589/1358
f 1358/589/1358 1359/590/1359 1360/591/1360
f 1357/588/1357 1251/521/1251 1359/590/1359
f 1355/586/1355 1250/520/1250 1357/588/1357
f 1360/591/1360 1361/592/1361 1362/593/1362
f 1362/593/1362 1363/594/1363 1364/595/1364
f 1361/592/1361 1255/524/1255 1363/594/1363
f 1359/590/1359 1254/523/1254 1361/592/1361
f 1363/594/1363 1365/596/1365 1364/595/1364
f 1366/597/1366 1367/598/1367 1365/596/1365
f 1258/526/1258 1368/599/1368 1366/597/1366
f 1255/524/1255 1366/597/1366 1363/594/1363
f 1368/599/1368 1369/600/1369 1367/598/1367
f 1370/601/1370 1371/602/1371 1369/600/1369
f 1262/529/1262 1372/603/1372 1370/601/1370
f 1259/527/1259 1370/601/1370 1368/599/1368
f 1372/603/1372 1373/604/1373 1371/602/1371
f 1374/605/1374 1375/606/1375 1373/604/1373
f 1266/532/1266 1376/607/1376 1374/605/1374
f 1263/530/1263 1374/605/1374 1372/603/1372
f 1376/607/1376 1377/608/1377 1375/606/1375
f 1378/609/1378 1379/610/1379 1377/608/1377
f 1270/535/1270 1380/611/1380 1378/609/1378
f 1267/533/1267 1378/609/1378 1376/607/1376
f 1379/610/1379 1381/612/1381 1382/613/1382
f 1382/613/1382 1383/614/1383 1384/615/1384
f 1381/612/1381 1277/539/1277 1383/614/1383
f 1380/611/1380 1276/538/1276 1381/612/1381
f 1384/615/1384 1385/616/1385 1386/617/1386
f 1386/617/1386 1387/618/1387 1388/619/1388
f 1385/616/1385 1285/542/1285 1387/618/1387
f 1383/614/1383 1284/541/1284 1385/616/1385
f 1388/619/1388 1389/620/1389 1390/621/1390
f 1390/621/1390 1391/622/1391 1392/623/1392
f 1389/620/1389 1289/545/1289 1391/622/1391
f 1387/618/1387 1288/544/1288 1389/620/1389
f 1392/623/1392 1393/624/1393 1394/625/1394
f 1394/625/1394 1395/626/1395 1396/627/1396
f 1393/624/1393 1293/548/1293 1395/626/1395
f 1391/622/1391 1292/547/1292 1393/624/1393
f 1395/626/1395 1397/628/1397 1396/627/1396
f 1398/629/1398 1399/630/1399 1397/628/1397
f 1300/550/1300 1400/631/1400 1398/629/1398
f 1293/548/1293 1398/629/1398 1395/626/1395
f 1400/631/1400 1401/632/1401 1399/630/1399
f 1402/633/1402 1403/634/1403 1401/632/1401
f 1304/553/1304 1404/635/1404 1402/633/1402
f 1301/551/1301 1402/633/1402 1400/631/1400
f 1404/635/1404 1405/636/1405 1403/634/1403
f 1406/637/1406 1407/638/1407 1405/636/1405
f 1308/556/1308 1408/639/1408 1406/637/1406
f 1305/554/1305 1406/637/1406 1404/635/1404
f 1408/639/1408 1409/640/1409 1407/638/1407
f 1410/641/1410 1411/642/1411 1409/640/1409
f 1316/559/1316 1412/643/1412 1410/641/1410
f 1309/557/1309 1410/641/1410 1408/639/1408
f 1411/642/1411 1413/644/1413 1414/645/1414
f 1414/645/1414 1415/646/1415 1416/647/1416
f 1413/644/1413 1321/563/1321 1415/646/1415
f 1412/643/1412 1320/562/1320 1413/644/1413
f 1416/647/1416 1417/648/1417 1418/649/1418
f 1418/649/1418 1419/650/1419 1420/651/1420
f 1417/648/1417 1325/566/1325 1419/650/1419
f 1415/646/1415 1324/565/1324 1417/648/1417
f 1420/651/1420 1421/652/1421 1422/653/1422
f 1422/653/1422 1423/654/1423 1424/655/1424
f 1421/652/1421 1333/569/1333 1423/654/1423
f 1419/650/1419 1332/568/1332 1421/652/1421
f 1424/655/1424 1425/656/1425 1426/657/1426
f 1426/657/1426 1427/658/1427 1428/659/1428
f 1425/656/1425 1337/572/1337 1427/658/1427
f 1423/654/1423 1336/571/1336 1425/656/1425
f 1427/658/1427 1429/660/1429 1428/659/1428
f 1430/661/1430 1431/662/1431 1429/660/1429
f 1340/574/1340 1432/663/1432 1430/661/1430
f 1337/572/1337 1430/661/1430 1427/658/1427
f 1432/663/1432 1433/664/1433 1431/662/1431
f 1434/665/1434 1435/666/1435 1433/664/1433
f 1346/577/1346 1436/667/1436 1434/665/1434
f 1341/575/1341 1434/665/1434 1432/663/1432
f 1436/667/1436 1437/668/1437 1435/666/1435
f 1438/669/1438 1439/670/1439 1437/668/1437
f 1119/518/1119 1440/671/1440 1438/669/1438
f 1117/516/1117 1438/669/1438 1436/667/1436
f 1440/671/1440 1441/672/1441 1439/670/1439
f 1442/673/1442 1443/674/1443 1441/672/1441
f 1109/515/1109 1444/675/1444 1442/673/1442
f 1107/513/1107 1442/673/1442 1440/671/1440
f 1443/674/1443 1445/676/1445 1446/677/1446
f 1446/677/1446 1447/678/1447 1448/679/1448
f 1445/676/1445 1092/507/1092 1447/678/1447
f 1444/675/1444 1104/512/1104 1445/676/1445
f 1448/679/1448 1449/680/1449 1450/681/1450
f 1450/681/1450 1451/682/1451 1452/683/1452
f 1449/680/1449 1082/504/1082 1451/682/1451
f 1447/678/1447 1094/509/1094 1449/680/1449
f 1452/683/1452 1453/684/1453 1454/685/1454
f 1454/685/1454 1455/686/1455 1456/687/1456
f 1453/684/1453 1077/501/1077 1455/686/1455
f 1451/682/1451 1084/506/1084 1453/684/1453
f 1456/687/1456 1457/688/1457 1458/689/1458
f 1458/689/1458 1459/690/1459 1460/691/1460
f 1457/688/1457 1067/498/1067 1459/690/1459
f 1455/686/1455 1079/503/1079 1457/688/1457
f 1459/690/1459 1461/692/1461 1460/691/1460
f 1462/693/1462 1463/694/1463 1461/692/1461
f 1069/500/1069 1464/695/1464 1462/693/1462
f 1067/498/1067 1462/693/1462 1459/690/1459
f 1464/695/1464 1465/696/1465 1463/694/1463
f 1466/697/1466 1467/698/1467 1465/696/1465
f 1059/497/1059 1468/699/1468 1466/697/1466
f 1057/495/1057 1466/697/1466 1464/695/1464
f 1468/699/1468 1469/700/1469 1467/698/1467
f 1470/701/1470 1471/702/1471 1469/700/1469
f 1054/494/1054 1472/703/1472 1470/701/1470
f 1052/492/1052 1470/701/1470 1468/699/1468
f 1472/703/1472 1473/704/1473 1471/702/1471
f 1474/705/1474 1347/578/1347 1473/704/1473
f 1044/491/1044 1352/583/1352 1474/705/1474
f 1042/489/1042 1474/705/1474 1472/703/1472
f 1364/595/1364 1570/706/1570 1362/593/1362
f 1362/593/1362 1571/707/1571 1360/591/1360
f 1570/706/1570 1572/708/1572 1571/707/1571
f 1365/596/1365 1573/709/1573 1570/706/1570
f 1360/591/1360 1574/710/1574 1358/589/1358
f 1358/589/1358 1575/711/1575 1356/587/1356
f 1574/710/1574 1576/712/1576 1575/711/1575
f 1571/707/1571 1577/713/1577 1574/710/1574
f 1356/587/1356 1578/714/1578 1354/585/1354
f 1354/585/1354 1579/715/1579 1351/582/1351
f 1578/714/1578 1580/716/1580 1579/715/1579
f 1575/711/1575 1581/717/1581 1578/714/1578
f 1351/582/1351 1582/718/1582 1349/580/1349
f 1349/580/1349 1583/719/1583 1347/578/1347
f 1582/718/1582 1584/720/1584 1583/719/1583
f 1579/715/1579 1585/721/1585 1582/718/1582
f 1583/719/1583 1473/704/1473 1347/578/1347
f 1586/722/1586 1471/702/1471 1473/704/1473
f 1587/723/1587 1588/724/1588 1586/722/1586
f 1584/720/1584 1586/722/1586 1583/719/1583
f 1588/724/1588 1469/700/1469 1471/702/1471
f 1589/725/1589 1467/698/1467 1469/700/1469
f 1590/726/1590 1591/727/1591 1589/725/1589
f 1592/728/1592 1589/725/1589 1588/724/1588
f 1591/727/1591 1465/696/1465 1467/698/1467
f 1593/729/1593 1463/694/1463 1465/696/1465
f 1594/730/1594 1595/731/1595 1593/729/1593
f 1596/732/1596 1593/729/1593 1591/727/1591
f 1595/731/1595 1461/692/1461 1463/694/1463
f 1597/733/1597 1460/691/1460 1461/692/1461
f 1598/734/1598 1458/689/1458 1597/733/1597
f 1599/735/1599 1597/733/1597 1595/731/1595
f 1367/598/1367 1600/736/1600 1573/709/1573
f 1573/709/1573 1601/737/1601 1572/708/1572
f 1600/736/1600 1602/738/1602 1601/737/1601
f 1369/600/1369 1603/739/1603 1600/736/1600
f 1572/708/1572 1604/740/1604 1577/713/1577
f 1577/713/1577 1605/741/1605 1576/712/1576
f 1604/740/1604 1606/742/1606 1605/741/1605
f 1601/737/1601 1607/743/1607 1604/740/1604
f 1576/712/1576 1608/744/1608 1581/717/1581
f 1581/717/1581 1609/745/1609 1580/716/1580
f 1608/744/1608 1610/746/1610 1609/745/1609
f 1605/741/1605 1611/747/1611 1608/744/1608
f 1580/716/1580 1612/748/1612 1585/721/1585
f 1585/721/1585 1613/749/1613 1584/720/1584
f 1612/748/1612 1614/750/1614 1613/749/1613
f 1609/745/1609 1615/751/1615 1612/748/1612
f 1613/749/1613 1587/723/1587 1584/720/1584
f 1616/752/1616 1592/728/1592 1587/723/1587
f 1617/753/1617 1618/754/1618 1616/752/1616
f 1614/750/1614 1616/752/1616 1613/749/1613
f 1618/754/1618 1590/726/1590 1592/728/1592
f 1619/755/1619 1596/732/1596 1590/726/1590
f 1620/756/1620 1621/757/1621 1619/755/1619
f 1622/758/1622 1619/755/1619 1618/754/1618
f 1621/757/1621 1594/730/1594 1596/732/1596
f 1623/759/1623 1599/735/1599 1594/730/1594
f 1624/760/1624 1625/761/1625 1623/759/1623
f 1626/762/1626 1623/759/1623 1621/757/1621
f 1625/761/1625 1598/734/1598 1599/735/1599
f 1627/763/1627 1456/687/1456 1598/734/1598
f 1628/764/1628 1454/685/1454 1627/763/1627
f 1629/765/1629 1627/763/1627 1625/761/1625
f 1371/602/1371 1630/766/1630 1603/739/1603
f 1603/739/1603 1631/767/1631 1602/738/1602
f 1630/766/1630 1632/768/1632 1631/767/1631
f 1373/604/1373 1633/769/1633 1630/766/1630
f 1602/738/1602 1634/770/1634 1607/743/1607
f 1607/743/1607 1635/771/1635 1606/742/1606
f 1634/770/1634 1636/772/1636 1635/771/1635
f 1631/767/1631 1637/773/1637 1634/770/1634
f 1606/742/1606 1638/774/1638 1611/747/1611
f 1611/747/1611 1639/775/1639 1610/746/1610
f 1638/774/1638 1640/776/1640 1639/775/1639
f 1635/771/1635 1641/777/1641 1638/774/1638
f 1610/746/1610 1642/778/1642 1615/751/1615
f 1615/751/1615 1643/779/1643 1614/750/1614
f 1642/778/1642 1644/780/1644 1643/779/1643
f 1639/775/1639 1645/781/1645 1642/778/1642
f 1643/779/1643 1617/753/1617 1614/750/1614
f 1646/782/1646 1622/758/1622 1617/753/1617
f 1647/783/1647 1648/784/1648 1646/782/1646
f 1644/780/1644 1646/782/1646 1643/779/1643
f 1648/784/1648 1620/756/1620 1622/758/1622
f 1649/785/1649 1626/762/1626 1620/756/1620
f 1650/786/1650 1651/787/1651 1649/785/1649
f 1652/788/1652 1649/785/1649 1648/784/1648
f 1651/787/1651 1624/760/1624 1626/762/1626
f 1653/789/1653 1629/765/1629 1624/760/1624
f 1654/790/1654 1655/791/1655 1653/789/1653
f 1656/792/1656 1653/789/1653 1651/787/1651
f 1655/791/1655 1628/764/1628 1629/765/1629
f 1657/793/1657 1452/683/1452 1628/764/1628
f 1658/794/1658 1450/681/1450 1657/793/1657
f 1659/795/1659 1657/793/1657 1655/791/1655
f 1375/606/1375 1660/796/1660 1633/769/1633
f 1633/769/1633 1661/797/1661 1632/768/1632
f 1660/796/1660 1662/798/1662 1661/797/1661
f 1377/608/1377 1663/799/1663 1660/796/1660
f 1632/768/1632 1664/800/1664 1637/773/1637
f 1637/773/1637 1665/801/1665 1636/772/1636
f 1664/800/1664 1666/802/1666 1665/801/1665
f 1661/797/1661 1667/803/1667 1664/800/1664
f 1636/772/1636 1668/804/1668 1641/777/1641
f 1641/777/1641 1669/805/1669 1640/776/1640
f 1668/804/1668 1670/806/1670 1669/805/1669
f 1665/801/1665 1671/807/1671 1668/804/1668
f 1640/776/1640 1672/808/1672 1645/781/1645
f 1645/781/1645 1673/809/1673 1644/780/1644
f 1672/808/1672 1674/810/1674 1673/809/1673
f 1669/805/1669 1675/811/1675 1672/808/1672
f 1673/809/1673 1647/783/1647 1644/780/1644
f 1676/812/1676 1652/788/1652 1647/783/1647
f 1677/813/1677 1678/814/1678 1676/812/1676
f 1674/810/1674 1676/812/1676 1673/809/1673
f 1678/814/1678 1650/786/1650 1652/788/1652
f 1679/815/1679 1656/792/1656 1650/786/1650
f 1680/816/1680 1681/817/1681 1679/815/1679
f 1682/818/1682 1679/815/1679 1678/814/1678
f 1681/817/1681 1654/790/1654 1656/792/1656
f 1683/819/1683 1659/795/1659 1654/790/1654
f 1684/820/1684 1685/821/1685 1683/819/1683
f 1686/822/1686 1683/819/1683 1681/817/1681
f 1685/821/1685 1658/794/1658 1659/795/1659
f 1687/823/1687 1448/679/1448 1658/794/1658
f 1688/824/1688 1446/677/1446 1687/823/1687
f 1689/825/1689 1687/823/1687 1685/821/1685
f 1382/613/1382 1663/799/1663 1379/610/1379
f 1690/826/1690 1662/798/1662 1663/799/1663
f 1691/827/1691 1692/828/1692 1690/826/1690
f 1384/615/1384 1690/826/1690 1382/613/1382
f 1692/828/1692 1667/803/1667 1662/798/1662
f 1693/829/1693 1666/802/1666 1667/803/1667
f 1694/830/1694 1695/831/1695 1693/829/1693
f 1696/832/1696 1693/829/1693 1692/828/1692
f 1695/831/1695 1671/807/1671 1666/802/1666
f 1697/833/1697 1670/806/1670 1671/807/1671
f 1698/834/1698 1699/835/1699 1697/833/1697
f 1700/836/1700 1697/833/1697 1695/831/1695
f 1699/835/1699 1675/811/1675 1670/806/1670
f 1701/837/1701 1674/810/1674 1675/811/1675
f 1702/838/1702 1703/839/1703 1701/837/1701
f 1704/840/1704 1701/837/1701 1699/835/1699
f 1674/810/1674 1705/841/1705 1677/813/1677
f 1677/813/1677 1706/842/1706 1682/818/1682
f 1705/841/1705 1707/843/1707 1706/842/1706
f 1703/839/1703 1708/844/1708 1705/841/1705
f 1682/818/1682 1709/845/1709 1680/816/1680
f 1680/816/1680 1710/846/1710 1686/822/1686
f 1709/845/1709 1711/847/1711 1710/846/1710
f 1706/842/1706 1712/848/1712 1709/845/1709
f 1686/822/1686 1713/849/1713 1684/820/1684
f 1684/820/1684 1714/850/1714 1689/825/1689
f 1713/849/1713 1715/851/1715 1714/850/1714
f 1710/846/1710 1716/852/1716 1713/849/1713
f 1689/825/1689 1717/853/1717 1688/824/1688
f 1688/824/1688 1441/672/1441 1443/674/1443
f 1717/853/1717 1439/670/1439 1441/672/1441
f 1714/850/1714 1718/854/1718 1717/853/1717
f 1386/617/1386 1691/827/1691 1384/615/1384
f 1719/855/1719 1696/832/1696 1691/827/1691
f 1720/856/1720 1721/857/1721 1719/855/1719
f 1388/619/1388 1719/855/1719 1386/617/1386
f 1721/857/1721 1694/830/1694 1696/832/1696
f 1722/858/1722 1700/836/1700 1694/830/1694
f 1723/859/1723 1724/860/1724 1722/858/1722
f 1725/861/1725 1722/858/1722 1721/857/1721
f 1724/860/1724 1698/834/1698 1700/836/1700
f 1726/862/1726 1704/840/1704 1698/834/1698
f 1727/863/1727 1728/864/1728 1726/862/1726
f 1729/865/1729 1726/862/1726 1724/860/1724
f 1728/864/1728 1702/838/1702 1704/840/1704
f 1730/866/1730 1731/867/1731 1702/838/1702
f 1732/868/1732 1733/869/1733 1730/866/1730
f 1734/870/1734 1730/866/1730 1728/864/1728
f 1731/867/1731 1735/871/1735 1708/844/1708
f 1708/844/1708 1736/872/1736 1707/843/1707
f 1735/871/1735 1737/873/1737 1736/872/1736
f 1733/869/1733 1738/874/1738 1735/871/1735
f 1707/843/1707 1739/875/1739 1712/848/1712
f 1712/848/1712 1740/876/1740 1711/847/1711
f 1739/875/1739 1741/877/1741 1740/876/1740
f 1736/872/1736 1742/878/1742 1739/875/1739
f 1711/847/1711 1743/879/1743 1716/852/1716
f 1716/852/1716 1744/880/1744 1715/851/1715
f 1743/879/1743 1745/881/1745 1744/880/1744
f 1740/876/1740 1746/882/1746 1743/879/1743
f 1715/851/1715 1747/883/1747 1718/854/1718
f 1718/854/1718 1437/668/1437 1439/670/1439
f 1747/883/1747 1435/666/1435 1437/668/1437
f 1744/880/1744 1748/884/1748 1747/883/1747
f 1390/621/1390 1720/856/1720 1388/619/1388
f 1749/885/1749 1725/861/1725 1720/856/1720
f 1750/886/1750 1751/887/1751 1749/885/1749
f 1392/623/1392 1749/885/1749 1390/621/1390
f 1751/887/1751 1723/859/1723 1725/861/1725
f 1752/888/1752 1729/865/1729 1723/859/1723
f 1753/889/1753 1754/890/1754 1752/888/1752
f 1755/891/1755 1752/888/1752 1751/887/1751
f 1754/890/1754 1727/863/1727 1729/865/1729
f 1756/892/1756 1734/870/1734 1727/863/1727
f 1757/893/1757 1758/894/1758 1756/892/1756
f 1759/895/1759 1756/892/1756 1754/890/1754
f 1758/894/1758 1732/868/1732 1734/870/1734
f 1760/896/1760 1761/897/1761 1732/868/1732
f 1762/898/1762 1763/899/1763 1760/896/1760
f 1764/900/1764 1760/896/1760 1758/894/1758
f 1761/897/1761 1765/901/1765 1738/874/1738
f 1738/874/1738 1766/902/1766 1737/873/1737
f 1765/901/1765 1767/903/1767 1766/902/1766
f 1763/899/1763 1768/904/1768 1765/901/1765
f 1737/873/1737 1769/905/1769 1742/878/1742
f 1742/878/1742 1770/906/1770 1741/877/1741
f 1769/905/1769 1771/907/1771 1770/906/1770
f 1766/902/1766 1772/908/1772 1769/905/1769
f 1741/877/1741 1773/909/1773 1746/882/1746
f 1746/882/1746 1774/910/1774 1745/881/1745
f 1773/909/1773 1775/911/1775 1774/910/1774
f 1770/906/1770 1776/912/1776 1773/909/1773
f 1745/881/1745 1777/913/1777 1748/884/1748
f 1748/884/1748 1433/664/1433 1435/666/1435
f 1777/913/1777 1431/662/1431 1433/664/1433
f 1774/910/1774 1778/914/1778 1777/913/1777
f 1394/625/1394 1750/886/1750 1392/623/1392
f 1779/915/1779 1755/891/1755 1750/886/1750
f 1397/628/1397 1780/916/1780 1779/915/1779
f 1396/627/1396 1779/915/1779 1394/625/1394
f 1780/916/1780 1753/889/1753 1755/891/1755
f 1781/917/1781 1759/895/1759 1753/889/1753
f 1401/632/1401 1782/918/1782 1781/917/1781
f 1399/630/1399 1781/917/1781 1780/916/1780
f 1782/918/1782 1757/893/1757 1759/895/1759
f 1783/919/1783 1764/900/1764 1757/893/1757
f 1405/636/1405 1784/920/1784 1783/919/1783
f 1403/634/1403 1783/919/1783 1782/918/1782
f 1784/920/1784 1762/898/1762 1764/900/1764
f 1785/921/1785 1786/922/1786 1762/898/1762
f 1409/640/1409 1787/923/1787 1785/921/1785
f 1407/638/1407 1785/921/1785 1784/920/1784
f 1786/922/1786 1788/924/1788 1768/904/1768
f 1768/904/1768 1789/925/1789 1767/903/1767
f 1788/924/1788 1416/647/1416 1789/925/1789
f 1787/923/1787 1414/645/1414 1788/924/1788
f 1767/903/1767 1790/926/1790 1772/908/1772
f 1772/908/1772 1791/927/1791 1771/907/1771
f 1790/926/1790 1420/651/1420 1791/927/1791
f 1789/925/1789 1418/649/1418 1790/926/1790
f 1771/907/1771 1792/928/1792 1776/912/1776
f 1776/912/1776 1793/929/1793 1775/911/1775
f 1792/928/1792 1424/655/1424 1793/929/1793
f 1791/927/1791 1422/653/1422 1792/928/1792
f 1775/911/1775 1794/930/1794 1778/914/1778
f 1778/914/1778 1429/660/1429 1431/662/1431
f 1794/930/1794 1428/659/1428 1429/660/1429
f 1793/929/1793 1426/657/1426 1794/930/1794
f 1008/482/1008 1014/931/1014 1009/483/1009
f 1009/483/1009 1013/932/1013 1011/485/1011
f 1015/486/1015 1019/933/1019 1016/487/1016
f 1016/487/1016 1014/931/1014 1008/482/1008
f 1042/489/1042 1046/934/1046 1043/490/1043
f 1043/490/1043 1019/933/1019 1015/486/1015
f 1052/492/1052 1056/935/1056 1053/493/1053
f 1053/493/1053 1046/934/1046 1042/489/1042
f 1057/495/1057 1061/936/1061 1058/496/1058
f 1058/496/1058 1056/935/1056 1052/492/1052
f 1067/498/1067 1071/937/1071 1068/499/1068
f 1068/499/1068 1061/936/1061 1057/495/1057
f 1077/501/1077 1081/938/1081 1078/502/1078
f 1078/502/1078 1071/937/1071 1067/498/1067
f 1082/504/1082 1086/939/1086 1083/505/1083
f 1083/505/1083 1081/938/1081 1077/501/1077
f 1092/507/1092 1096/940/1096 1093/508/1093
f 1093/508/1093 1086/939/1086 1082/504/1082
f 1102/510/1102 1106/941/1106 1103/511/1103
f 1103/511/1103 1096/940/1096 1092/507/1092
f 1107/513/1107 1111/942/1111 1108/514/1108
f 1108/514/1108 1106/941/1106 1102/510/1102
f 1117/516/1117 1121/943/1121 1118/517/1118
f 1118/517/1118 1111/942/1111 1107/513/1107
f 1011/485/1011 1013/932/1013 1249/519/1249
f 1249/519/1249 1252/944/1252 1251/521/1251
f 1251/521/1251 1252/944/1252 1253/522/1253
f 1253/522/1253 1256/945/1256 1255/524/1255
f 1255/524/1255 1256/945/1256 1257/525/1257
f 1257/525/1257 1260/946/1260 1259/527/1259
f 1259/527/1259 1260/946/1260 1261/528/1261
f 1261/528/1261 1264/947/1264 1263/530/1263
f 1263/530/1263 1264/947/1264 1265/531/1265
f 1265/531/1265 1268/948/1268 1267/533/1267
f 1267/533/1267 1268/948/1268 1269/534/1269
f 1269/534/1269 1272/949/1272 1271/536/1271
f 1271/536/1271 1272/949/1272 1275/537/1275
f 1275/537/1275 1278/950/1278 1277/539/1277
f 1277/539/1277 1278/950/1278 1283/540/1283
f 1283/540/1283 1286/951/1286 1285/542/1285
f 1285/542/1285 1286/951/1286 1287/543/1287
f 1287/543/1287 1290/952/1290 1289/545/1289
f 1289/545/1289 1290/952/1290 1291/546/1291
f 1291/546/1291 1294/953/1294 1293/548/1293
f 1293/548/1293 1294/953/1294 1299/549/1299
f 1299/549/1299 1302/954/1302 1301/551/1301
f 1301/551/1301 1302/954/1302 1303/552/1303
f 1303/552/1303 1306/955/1306 1305/554/1305
f 1305/554/1305 1306/955/1306 1307/555/1307
f 1307/555/1307 1310/956/1310 1309/557/1309
f 1309/557/1309 1310/956/1310 1315/558/1315
f 1315/558/1315 1318/957/1318 1317/560/1317
f 1317/560/1317 1318/957/1318 1319/561/1319
f 1319/561/1319 1322/958/1322 1321/563/1321
f 1321/563/1321 1322/958/1322 1323/564/1323
f 1323/564/1323 1326/959/1326 1325/566/1325
f 1325/566/1325 1326/959/1326 1331/567/1331
f 1331/567/1331 1334/960/1334 1333/569/1333
f 1333/569/1333 1334/960/1334 1335/570/1335
f 1335/570/1335 1338/961/1338 1337/572/1337
f 1337/572/1337 1338/961/1338 1339/573/1339
f 1339/573/1339 1342/962/1342 1341/575/1341
f 1341/575/1341 1342/962/1342 1345/576/1345
f 1345/576/1345 1121/943/1121 1117/516/1117
f 1347/578/1347 1352/583/1352 1348/579/1348
f 1349/580/1349 1348/579/1348 1350/581/1350
f 1348/579/1348 1017/488/1017 1008/482/1008
f 1352/583/1352 1015/486/1015 1017/488/1017
f 1351/582/1351 1350/581/1350 1353/584/1353
f 1354/585/1354 1353/584/1353 1355/586/1355
f 1353/584/1353 1010/484/1010 1011/485/1011
f 1350/581/1350 1008/482/1008 1010/484/1010
f 1356/587/1356 1355/586/1355 1357/588/1357
f 1358/589/1358 1357/588/1357 1359/590/1359
f 1357/588/1357 1250/520/1250 1251/521/1251
f 1355/586/1355 1011/485/1011 1250/520/1250
f 1360/591/1360 1359/590/1359 1361/592/1361
f 1362/593/1362 1361/592/1361 1363/594/1363
f 1361/592/1361 1254/523/1254 1255/524/1255
f 1359/590/1359 1251/521/1251 1254/523/1254
f 1363/594/1363 1366/597/1366 1365/596/1365
f 1366/597/1366 1368/599/1368 1367/598/1367
f 1258/526/1258 1259/527/1259 1368/599/1368
f 1255/524/1255 1258/526/1258 1366/597/1366
f 1368/599/1368 1370/601/1370 1369/600/1369
f 1370/601/1370 1372/603/1372 1371/602/1371
f 1262/529/1262 1263/530/1263 1372/603/1372
f 1259/527/1259 1262/529/1262 1370/601/1370
f 1372/603/1372 1374/605/1374 1373/604/1373
f 1374/605/1374 1376/607/1376 1375/606/1375
f 1266/532/1266 1267/533/1267 1376/607/1376
f 1263/530/1263 1266/532/1266 1374/605/1374
f 1376/607/1376 1378/609/1378 1377/608/1377
f 1378/609/1378 1380/611/1380 1379/610/1379
f 1270/535/1270 1271/536/1271 1380/611/1380
f 1267/533/1267 1270/535/1270 1378/609/1378
f 1379/610/1379 1380/611/1380 1381/612/1381
f 1382/613/1382 1381/612/1381 1383/614/1383
f 1381/612/1381 1276/538/1276 1277/539/1277
f 1380/611/1380 1271/536/1271 1276/538/1276
f 1384/615/1384 1383/614/1383 1385/616/1385
f 1386/617/1386 1385/616/1385 1387/618/1387
f 1385/616/1385 1284/541/1284 1285/542/1285
f 1383/614/1383 1277/539/1277 1284/541/1284
f 1388/619/1388 1387/618/1387 1389/620/1389
f 1390/621/1390 1389/620/1389 1391/622/1391
f 1389/620/1389 1288/544/1288 1289/545/1289
f 1387/618/1387 1285/542/1285 1288/544/1288
f 1392/623/1392 1391/622/1391 1393/624/1393
f 1394/625/1394 1393/624/1393 1395/626/1395
f 1393/624/1393 1292/547/1292 1293/548/1293
f 1391/622/1391 1289/545/1289 1292/547/1292
f 1395/626/1395 1398/629/1398 1397/628/1397
f 1398/629/1398 1400/631/1400 1399/630/1399
f 1300/550/1300 1301/551/1301 1400/631/1400
f 1293/548/1293 1300/550/1300 1398/629/1398
f 1400/631/1400 1402/633/1402 1401/632/1401
f 1402/633/1402 1404/635/1404 1403/634/1403
f 1304/553/1304 1305/554/1305 1404/635/1404
f 1301/551/1301 1304/553/1304 1402/633/1402
f 1404/635/1404 1406/637/1406 1405/636/1405
f 1406/637/1406 1408/639/1408 1407/638/1407
f 1308/556/1308 1309/557/1309 1408/639/1408
f 1305/554/1305 1308/556/1308 1406/637/1406
f 1408/639/1408 1410/641/1410 1409/640/1409
f 1410/641/1410 1412/643/1412 1411/642/1411
f 1316/559/1316 1317/560/1317 1412/643/1412
f 1309/557/1309 1316/559/1316 1410/641/1410
f 1411/642/1411 1412/643/1412 1413/644/1413
f 1414/645/1414 1413/644/1413 1415/646/1415
f 1413/644/1413 1320/562/1320 1321/563/1321
f 1412/643/1412 1317/560/1317 1320/562/1320
f 1416/647/1416 1415/646/1415 1417/648/1417
f 1418/649/1418 1417/648/1417 1419/650/1419
f 1417/648/1417 1324/565/1324 1325/566/1325
f 1415/646/1415 1321/563/1321 1324/565/1324
f 1420/651/1420 1419/650/1419 1421/652/1421
f 1422/653/1422 1421/652/1421 1423/654/1423
f 1421/652/1421 1332/568/1332 1333/569/1333
f 1419/650/1419 1325/566/1325 1332/568/1332
f 1424/655/1424 1423/654/1423 1425/656/1425
f 1426/657/1426 1425/656/1425 1427/658/1427
f 1425/656/1425 1336/571/1336 1337/572/1337
f 1423/654/1423 1333/569/1333 1336/571/1336
f 1427/658/1427 1430/661/1430 1429/660/1429
f 1430/661/1430 1432/663/1432 1431/662/1431
f 1340/574/1340 1341/575/1341 1432/663/1432
f 1337/572/1337 1340/574/1340 1430/661/1430
f 1432/663/1432 1434/665/1434 1433/664/1433
f 1434/665/1434 1436/667/1436 1435/666/1435
f 1346/577/1346 1117/516/1117 1436/667/1436
f 1341/575/1341 1346/577/1346 1434/665/1434
f 1436/667/1436 1438/669/1438 1437/668/1437
f 1438/669/1438 1440/671/1440 1439/670/1439
f 1119/518/1119 1107/513/1107 1440/671/1440
f 1117/516/1117 1119/518/1119 1438/669/1438
f 1440/671/1440 1442/673/1442 1441/672/1441
f 1442/673/1442 1444/675/1444 1443/674/1443
f 1109/515/1109 1102/510/1102 1444/675/1444
f 1107/513/1107 1109/515/1109 1442/673/1442
f 1443/674/1443 1444/675/1444 1445/676/1445
f 1446/677/1446 1445/676/1445 1447/678/1447
f 1445/676/1445 1104/512/1104 1092/507/1092
f 1444/675/1444 1102/510/1102 1104/512/1104
f 1448/679/1448 1447/678/1447 1449/680/1449
f 1450/681/1450 1449/680/1449 1451/682/1451
f 1449/680/1449 1094/509/1094 1082/504/1082
f 1447/678/1447 1092/507/1092 1094/509/1094
f 1452/683/1452 1451/682/1451 1453/684/1453
f 1454/685/1454 1453/684/1453 1455/686/1455
f 1453/684/1453 1084/506/1084 1077/501/1077
f 1451/682/1451 1082/504/1082 1084/506/1084
f 1456/687/1456 1455/686/1455 1457/688/1457
f 1458/689/1458 1457/688/1457 1459/690/1459
f 1457/688/1457 1079/503/1079 1067/498/1067
f 1455/686/1455 1077/501/1077 1079/503/1079
f 1459/690/1459 1462/693/1462 1461/692/1461
f 1462/693/1462 1464/695/1464 1463/694/1463
f 1069/500/1069 1057/495/1057 1464/695/1464
f 1067/498/1067 1069/500/1069 1462/693/1462
f 1464/695/1464 1466/697/1466 1465/696/1465
f 1466/697/1466 1468/699/1468 1467/698/1467
f 1059/497/1059 1052/492/1052 1468/699/1468
f 1057/495/1057 1059/497/1059 1466/697/1466
f 1468/699/1468 1470/701/1470 1469/700/1469
f 1470/701/1470 1472/703/1472 1471/702/1471
f 1054/494/1054 1042/489/1042 1472/703/1472
f 1052/492/1052 1054/494/1054 1470/701/1470
f 1472/703/1472 1474/705/1474 1473/704/1473
f 1474/705/1474 1352/583/1352 1347/578/1347
f 1044/491/1044 1015/486/1015 1352/583/1352
f 1042/489/1042 1044/491/1044 1474/705/1474
f 1364/595/1364 1365/596/1365 1570/706/1570
f 1362/593/1362 1570/706/1570 1571/707/1571
f 1570/706/1570 1573/709/1573 1572/708/1572
f 1365/596/1365 1367/598/1367 1573/709/1573
f 1360/591/1360 1571/707/1571 1574/710/1574
f 1358/589/1358 1574/710/1574 1575/711/1575
f 1574/710/1574 1577/713/1577 1576/712/1576
f 1571/707/1571 1572/708/1572 1577/713/1577
f 1356/587/1356 1575/711/1575 1578/714/1578
f 1354/585/1354 1578/714/1578 1579/715/1579
f 1578/714/1578 1581/717/1581 1580/716/1580
f 1575/711/1575 1576/712/1576 1581/717/1581
f 1351/582/1351 1579/715/1579 1582/718/1582
f 1349/580/1349 1582/718/1582 1583/719/1583
f 1582/718/1582 1585/721/1585 1584/720/1584
f 1579/715/1579 1580/716/1580 1585/721/1585
f 1583/719/1583 1586/722/1586 1473/704/1473
f 1586/722/1586 1588/724/1588 1471/702/1471
f 1587/723/1587 1592/728/1592 1588/724/1588
f 1584/720/1584 1587/723/1587 1586/722/1586
f 1588/724/1588 1589/725/1589 1469/700/1469
f 1589/725/1589 1591/727/1591 1467/698/1467
f 1590/726/1590 1596/732/1596 1591/727/1591
f 1592/728/1592 1590/726/1590 1589/725/1589
f 1591/727/1591 1593/729/1593 1465/696/1465
f 1593/729/1593 1595/731/1595 1463/694/1463
f 1594/730/1594 1599/735/1599 1595/731/1595
f 1596/732/1596 1594/730/1594 1593/729/1593
f 1595/731/1595 1597/733/1597 1461/692/1461
f 1597/733/1597 1458/689/1458 1460/691/1460
f 1598/734/1598 1456/687/1456 1458/689/1458
f 1599/735/1599 1598/734/1598 1597/733/1597
f 1367/598/1367 1369/600/1369 1600/736/1600
f 1573/709/1573 1600/736/1600 1601/737/1601
f 1600/736/1600 1603/739/1603 1602/738/1602
f 1369/600/1369 1371/602/1371 1603/739/1603
f 1572/708/1572 1601/737/1601 1604/740/1604
f 1577/713/1577 1604/740/1604 1605/741/1605
f 1604/740/1604 1607/743/1607 1606/742/1606
f 1601/737/1601 1602/738/1602 1607/743/1607
f 1576/712/1576 1605/741/1605 1608/744/1608
f 1581/717/1581 1608/744/1608 1609/745/1609
f 1608/744/1608 1611/747/1611 1610/746/1610
f 1605/741/1605 1606/742/1606 1611/747/1611
f 1580/716/1580 1609/745/1609 1612/748/1612
f 1585/721/1585 1612/748/1612 1613/749/1613
f 1612/748/1612 1615/751/1615 1614/750/1614
f 1609/745/1609 1610/746/1610 1615/751/1615
f 1613/749/1613 1616/752/1616 1587/723/1587
f 1616/752/1616 1618/754/1618 1592/728/1592
f 1617/753/1617 1622/758/1622 1618/754/1618
f 1614/750/1614 1617/753/1617 1616/752/1616
f 1618/754/1618 1619/755/1619 1590/726/1590
f 1619/755/1619 1621/757/1621 1596/732/1596
f 1620/756/1620 1626/762/1626 1621/757/1621
f 1622/758/1622 1620/756/1620 1619/755/1619
f 1621/757/1621 1623/759/1623 1594/730/1594
f 1623/759/1623 1625/761/1625 1599/735/1599
f 1624/760/1624 1629/765/1629 1625/761/1625
f 1626/762/1626 1624/760/1624 1623/759/1623
f 1625/761/1625 1627/763/1627 1598/734/1598
f 1627/763/1627 1454/685/1454 1456/687/1456
f 1628/764/1628 1452/683/1452 1454/685/1454
f 1629/765/1629 1628/764/1628 1627/763/1627
f 1371/602/1371 1373/604/1373 1630/766/1630
f 1603/739/1603 1630/766/1630 1631/767/1631
f 1630/766/1630 1633/769/1633 1632/768/1632
f 1373/604/1373 1375/606/1375 1633/769/1633
f 1602/738/1602 1631/767/1631 1634/770/1634
f 1607/743/1607 1634/770/1634 1635/771/1635
f 1634/770/1634 1637/773/1637 1636/772/1636
f 1631/767/1631 1632/768/1632 1637/773/1637
f 1606/742/1606 1635/771/1635 1638/774/1638
f 1611/747/1611 1638/774/1638 1639/775/1639
f 1638/774/1638 1641/777/1641 1640/776/1640
f 1635/771/1635 1636/772/1636 1641/777/1641
f 1610/746/1610 1639/775/1639 1642/778/1642
f 1615/751/1615 1642/778/1642 1643/779/1643
f 1642/778/1642 1645/781/1645 1644/780/1644
f 1639/775/1639 1640/776/1640 1645/781/1645
f 1643/779/1643 1646/782/1646 1617/753/1617
f 1646/782/1646 1648/784/1648 1622/758/1622
f 1647/783/1647 1652/788/1652 1648/784/1648
f 1644/780/1644 1647/783/1647 1646/782/1646
f 1648/784/1648 1649/785/1649 1620/756/1620
f 1649/785/1649 1651/787/1651 1626/762/1626
f 1650/786/1650 1656/792/1656 1651/787/1651
f 1652/788/1652 1650/786/1650 1649/785/1649
f 1651/787/1651 1653/789/1653 1624/760/1624
f 1653/789/1653 1655/791/1655 1629/765/1629
f 1654/790/1654 1659/795/1659 1655/791/1655
f 1656/792/1656 1654/790/1654 1653/789/1653
f 1655/791/1655 1657/793/1657 1628/764/1628
f 1657/793/1657 1450/681/1450 1452/683/1452
f 1658/794/1658 1448/679/1448 1450/681/1450
f 1659/795/1659 1658/794/1658 1657/793/1657
f 1375/606/1375 1377/608/1377 1660/796/1660
f 1633/769/1633 1660/796/1660 1661/797/1661
f 1660/796/1660 1663/799/1663 1662/798/1662
f 1377/608/1377 1379/610/1379 1663/799/1663
f 1632/768/1632 1661/797/1661 1664/800/1664
f 1637/773/1637 1664/800/1664 1665/801/1665
f 1664/800/1664 1667/803/1667 1666/802/1666
f 1661/797/1661 1662/798/1662 1667/803/1667
f 1636/772/1636 1665/801/1665 1668/804/1668
f 1641/777/1641 1668/804/1668 1669/805/1669
f 1668/804/1668 1671/807/1671 1670/806/1670
f 1665/801/1665 1666/802/1666 1671/807/1671
f 1640/776/1640 1669/805/1669 1672/808/1672
f 1645/781/1645 1672/808/1672 1673/809/1673
f 1672/808/1672 1675/811/1675 1674/810/1674
f 1669/805/1669 1670/806/1670 1675/811/1675
f 1673/809/1673 1676/812/1676 1647/783/1647
f 1676/812/1676 1678/814/1678 1652/788/1652
f 1677/813/1677 1682/818/1682 1678/814/1678
f 1674/810/1674 1677/813/1677 1676/812/1676
f 1678/814/1678 1679/815/1679 1650/786/1650
f 1679/815/1679 1681/817/1681 1656/792/1656
f 1680/816/1680 1686/822/1686 1681/817/1681
f 1682/818/1682 1680/816/1680 1679/815/1679
f 1681/817/1681 1683/819/1683 1654/790/1654
f 1683/819/1683 1685/821/1685 1659/795/1659
f 1684/820/1684 1689/825/1689 1685/821/1685
f 1686/822/1686 1684/820/1684 1683/819/1683
f 1685/821/1685 1687/823/1687 1658/794/1658
f 1687/823/1687 1446/677/1446 1448/679/1448
f 1688/824/1688 1443/674/1443 1446/677/1446
f 1689/825/1689 1688/824/1688 1687/823/1687
f 1382/613/1382 1690/826/1690 1663/799/1663
f 1690/826/1690 1692/828/1692 1662/798/1662
f 1691/827/1691 1696/832/1696 1692/828/1692
f 1384/615/1384 1691/827/1691 1690/826/1690
f 1692/828/1692 1693/829/1693 1667/803/1667
f 1693/829/1693 1695/831/1695 1666/802/1666
f 1694/830/1694 1700/836/1700 1695/831/1695
f 1696/832/1696 1694/830/1694 1693/829/1693
f 1695/831/1695 1697/833/1697 1671/807/1671
f 1697/833/1697 1699/835/1699 1670/806/1670
f 1698/834/1698 1704/840/1704 1699/835/1699
f 1700/836/1700 1698/834/1698 1697/833/1697
f 1699/835/1699 1701/837/1701 1675/811/1675
f 1701/837/1701 1703/839/1703 1674/810/1674
f 1702/838/1702 1731/867/1731 1703/839/1703
f 1704/840/1704 1702/838/1702 1701/837/1701
f 1674/810/1674 1703/839/1703 1705/841/1705
f 1677/813/1677 1705/841/1705 1706/842/1706
f 1705/841/1705 1708/844/1708 1707/843/1707
f 1703/839/1703 1731/867/1731 1708/844/1708
f 1682/818/1682 1706/842/1706 1709/845/1709
f 1680/816/1680 1709/845/1709 1710/846/1710
f 1709/845/1709 1712/848/1712 1711/847/1711
f 1706/842/1706 1707/843/1707 1712/848/1712
f 1686/822/1686 1710/846/1710 1713/849/1713
f 1684/820/1684 1713/849/1713 1714/850/1714
f 1713/849/1713 1716/852/1716 1715/851/1715
f 1710/846/1710 1711/847/1711 1716/852/1716
f 1689/825/1689 1714/850/1714 1717/853/1717
f 1688/824/1688 1717/853/1717 1441/672/1441
f 1717/853/1717 1718/854/1718 1439/670/1439
f 1714/850/1714 1715/851/1715 1718/854/1718
f 1386/617/1386 1719/855/1719 1691/827/1691
f 1719/855/1719 1721/857/1721 1696/832/1696
f 1720/856/1720 1725/861/1725 1721/857/1721
f 1388/619/1388 1720/856/1720 1719/855/1719
f 1721/857/1721 1722/858/1722 1694/830/1694
f 1722/858/1722 1724/860/1724 1700/836/1700
f 1723/859/1723 1729/865/1729 1724/860/1724
f 1725/861/1725 1723/859/1723 1722/858/1722
f 1724/860/1724 1726/862/1726 1698/834/1698
f 1726/862/1726 1728/864/1728 1704/840/1704
f 1727/863/1727 1734/870/1734 1728/864/1728
f 1729/865/1729 1727/863/1727 1726/862/1726
f 1728/864/1728 1730/866/1730 1702/838/1702
f 1730/866/1730 1733/869/1733 1731/867/1731
f 1732/868/1732 1761/897/1761 1733/869/1733
f 1734/870/1734 1732/868/1732 1730/866/1730
f 1731/867/1731 1733/869/1733 1735/871/1735
f 1708/844/1708 1735/871/1735 1736/872/1736
f 1735/871/1735 1738/874/1738 1737/873/1737
f 1733/869/1733 1761/897/1761 1738/874/1738
f 1707/843/1707 1736/872/1736 1739/875/1739
f 1712/848/1712 1739/875/1739 1740/876/1740
f 1739/875/1739 1742/878/1742 1741/877/1741
f 1736/872/1736 1737/873/1737 1742/878/1742
f 1711/847/1711 1740/876/1740 1743/879/1743
f 1716/852/1716 1743/879/1743 1744/880/1744
f 1743/879/1743 1746/882/1746 1745/881/1745
f 1740/876/1740 1741/877/1741 1746/882/1746
f 1715/851/1715 1744/880/1744 1747/883/1747
f 1718/854/1718 1747/883/1747 1437/668/1437
f 1747/883/1747 1748/884/1748 1435/666/1435
f 1744/880/1744 1745/881/1745 1748/884/1748
f 1390/621/1390 1749/885/1749 1720/856/1720
f 1749/885/1749 1751/887/1751 1725/861/1725
f 1750/886/1750 1755/891/1755 1751/887/1751
f 1392/623/1392 1750/886/1750 1749/885/1749
f 1751/887/1751 1752/888/1752 1723/859/1723
f 1752/888/1752 1754/890/1754 1729/865/1729
f 1753/889/1753 1759/895/1759 1754/890/1754
f 1755/891/1755 1753/889/1753 1752/888/1752
f 1754/890/1754 1756/892/1756 1727/863/1727
f 1756/892/1756 1758/894/1758 1734/870/1734
f 1757/893/1757 1764/900/1764 1758/894/1758
f 1759/895/1759 1757/893/1757 1756/892/1756
f 1758/894/1758 1760/896/1760 1732/868/1732
f 1760/896/1760 1763/899/1763 1761/897/1761
f 1762/898/1762 1786/922/1786 1763/899/1763
f 1764/900/1764 1762/898/1762 1760/896/1760
f 1761/897/1761 1763/899/1763 1765/901/1765
f 1738/874/1738 1765/901/1765 1766/902/1766
f 1765/901/1765 1768/904/1768 1767/903/1767
f 1763/899/1763 1786/922/1786 1768/904/1768
f 1737/873/1737 1766/902/1766 1769/905/1769
f 1742/878/1742 1769/905/1769 1770/906/1770
f 1769/905/1769 1772/908/1772 1771/907/1771
f 1766/902/1766 1767/903/1767 1772/908/1772
f 1741/877/1741 1770/906/1770 1773/909/1773
f 1746/882/1746 1773/909/1773 1774/910/1774
f 1773/909/1773 1776/912/1776 1775/911/1775
f 1770/906/1770 1771/907/1771 1776/912/1776
f 1745/881/1745 1774/910/1774 1777/913/1777
f 1748/884/1748 1777/913/1777 1433/664/1433
f 1777/913/1777 1778/914/1778 1431/662/1431
f 1774/910/1774 1775/911/1775 1778/914/1778
f 1394/625/1394 1779/915/1779 1750/886/1750
f 1779/915/1779 1780/916/1780 1755/891/1755
f 1397/628/1397 1399/630/1399 1780/916/1780
f 1396/627/1396 1397/628/1397 1779/915/1779
f 1780/916/1780 1781/917/1781 1753/889/1753
f 1781/917/1781 1782/918/1782 1759/895/1759
f 1401/632/1401 1403/634/1403 1782/918/1782
f 1399/630/1399 1401/632/1401 1781/917/1781
f 1782/918/1782 1783/919/1783 1757/893/1757
f 1783/919/1783 1784/920/1784 1764/900/1764
f 1405/636/1405 1407/638/1407 1784/920/1784
f 1403/634/1403 1405/636/1405 1783/919/1783
f 1784/920/1784 1785/921/1785 1762/898/1762
f 1785/921/1785 1787/923/1787 1786/922/1786
f 1409/640/1409 1411/642/1411 1787/923/1787
f 1407/638/1407 1409/640/1409 1785/921/1785
f 1786/922/1786 1787/923/1787 1788/924/1788
f 1768/904/1768 1788/924/1788 1789/925/1789
f 1788/924/1788 1414/645/1414 1416/647/1416
f 1787/923/1787 1411/642/1411 1414/645/1414
f 1767/903/1767 1789/925/1789 1790/926/1790
f 1772/908/1772 1790/926/1790 1791/927/1791
f 1790/926/1790 1418/649/1418 1420/651/1420
f 1789/925/1789 1416/647/1416 1418/649/1418
f 1771/907/1771 1791/927/1791 1792/928/1792
f 1776/912/1776 1792/928/1792 1793/929/1793
f 1792/928/1792 1422/653/1422 1424/655/1424
f 1791/927/1791 1420/651/1420 1422/653/1422
f 1775/911/1775 1793/929/1793 1794/930/1794
f 1778/914/1778 1794/930/1794 1429/660/1429
f 1794/930/1794 1426/657/1426 1428/659/1428
f 1793/929/1793 1424/655/1424 1426/657/1426
usemtl mat2
f 1/963/1 2/964/2 3/965/3
f 4/966/4 2/964/2 5/967/5
f 6/968/6 7/969/7 2/964/2
f 3/965/3 7/969/7 8/970/8
f 9/971/9 10/972/10 11/973/11
f 1/963/1 10/972/10 12/974/12
f 3/965/3 13/975/13 10/972/10
f 11/973/11 13/975/13 14/976/14
f 15/977/15 16/978/16 17/979/17
f 9/971/9 16/978/16 18/980/18
f 11/973/11 19/981/19 16/978/16
f 17/979/17 19/981/19 20/982/20
f 21/983/21 22/984/22 23/985/23
f 15/977/15 22/984/22 24/986/24
f 17/979/17 25/987/25 22/984/22
f 23/985/23 25/987/25 26/988/26
f 27/989/27 28/990/28 29/991/29
f 21/983/21 28/990/28 30/992/30
f 23/985/23 31/993/31 28/990/28
f 29/991/29 31/993/31 32/994/32
f 33/995/33 34/996/34 35/997/35
f 27/989/27 34/996/34 36/998/36
f 29/991/29 37/999/37 34/996/34
f 35/997/35 37/999/37 38/1000/38
f 39/1001/39 40/1002/40 41/1003/41
f 33/1004/33 40/1002/40 42/1005/42
f 35/1006/35 43/1007/43 40/1002/40
f 41/1003/41 43/1007/43 44/1008/44
f 45/1009/45 46/1010/46 47/1011/47
f 39/1001/39 46/1010/46 48/1012/48
f 41/1003/41 49/1013/49 46/1010/46
f 47/1011/47 49/1013/49 50/1014/50
f 51/1015/51 52/1016/52 53/1017/53
f 45/1009/45 52/1016/52 54/1018/54
f 47/1011/47 55/1019/55 52/1016/52
f 53/1017/53 55/1019/55 56/1020/56
f 57/1021/57 58/1022/58 59/1023/59
f 51/1015/51 58/1022/58 60/1024/60
f 53/1017/53 61/1025/61 58/1022/58
f 59/1023/59 61/1025/61 62/1026/62
f 63/1027/63 64/1028/64 65/1029/65
f 57/1021/57 64/1028/64 66/1030/66
f 59/1023/59 67/1031/67 64/1028/64
f 65/1029/65 67/1031/67 68/1032/68
f 69/1033/69 70/1034/70 71/1035/71
f 63/1027/63 70/1034/70 72/1036/72
f 65/1029/65 73/1037/73 70/1034/70
f 70/1034/70 74/1038/74 71/1035/71
f 75/1039/75 76/1040/76 77/1041/77
f 69/1033/69 76/1040/76 78/1042/78
f 71/1035/71 79/1043/79 76/1040/76
f 77/1041/77 79/1043/79 80/1044/80
f 81/1045/81 82/1046/82 83/1047/83
f 75/1039/75 82/1046/82 84/1048/84
f 77/1041/77 85/1049/85 82/1046/82
f 83/1047/83 85/1049/85 86/1050/86
f 87/1051/87 88/1052/88 89/1053/89
f 81/1045/81 88/1052/88 90/1054/90
f 83/1047/83 91/1055/91 88/1052/88
f 89/1053/89 91/1055/91 92/1056/92
f 98/1057/98 99/1058/99 94/1059/94
f 95/1060/95 99/1058/99 100/1061/100
f 95/1060/95 105/1062/105 102/1063/102
f 103/1064/103 105/1062/105 106/1065/106
f 107/1066/107 108/1067/108 109/1068/109
f 87/1051/87 108/1067/108 110/1069/110
f 89/1053/89 111/1070/111 108/1067/108
f 109/1068/109 111/1070/111 112/1071/112
f 113/1072/113 114/1073/114 115/1074/115
f 107/1066/107 114/1073/114 116/1075/116
f 109/1068/109 117/1076/117 114/1073/114
f 115/1074/115 117/1076/117 118/1077/118
f 119/1078/119 120/1079/120 121/1080/121
f 122/1081/122 120/1079/120 123/1082/123
f 124/1083/124 125/1084/125 120/1079/120
f 121/1080/121 125/1084/125 126/1085/126
f 127/1086/127 128/1087/128 129/1088/129
f 113/1072/113 128/1087/128 130/1089/130
f 115/1074/115 131/1090/131 128/1087/128
f 129/1088/129 131/1090/131 132/1091/132
f 103/1064/103 137/1092/137 134/1093/134
f 135/1094/135 137/1092/137 138/1095/138
f 139/1096/139 140/1097/140 141/1098/141
f 119/1078/119 140/1097/140 142/1099/142
f 121/1080/121 143/1100/143 140/1097/140
f 141/1098/141 143/1100/143 144/1101/144
f 135/1094/135 149/1102/149 146/1103/146
f 147/1104/147 149/1102/149 150/1105/150
f 147/1104/147 155/1106/155 152/1107/152
f 153/1108/153 155/1106/155 156/1109/156
f 157/1110/157 158/1111/158 159/1112/159
f 127/1086/127 158/1111/158 160/1113/160
f 129/1088/129 161/1114/161 158/1111/158
f 159/1112/159 161/1114/161 162/1115/162
f 153/1108/153 167/1116/167 164/1117/164
f 165/1118/165 167/1116/167 168/1119/168
f 169/1120/169 170/1121/170 171/1122/171
f 139/1096/139 170/1121/170 172/1123/172
f 141/1098/141 173/1124/173 170/1121/170
f 171/1122/171 173/1124/173 174/1125/174
f 165/1118/165 179/1126/179 176/1127/176
f 177/1128/177 179/1126/179 180/1129/180
f 177/1128/177 185/1130/185 182/1131/182
f 183/1132/183 185/1130/185 186/1133/186
f 187/1134/187 188/1135/188 189/1136/189
f 157/1110/157 188/1135/188 190/1137/190
f 159/1112/159 191/1138/191 188/1135/188
f 189/1136/189 191/1138/191 192/1139/192
f 183/1132/183 197/1140/197 194/1141/194
f 195/1142/195 197/1140/197 198/1143/198
f 199/1144/199 200/1145/200 201/1146/201
f 169/1120/169 200/1145/200 202/1147/202
f 171/1122/171 203/1148/203 200/1145/200
f 201/1146/201 203/1148/203 204/1149/204
f 195/1142/195 209/1150/209 206/1151/206
f 207/1152/207 209/1150/209 210/1153/210
f 207/1152/207 215/1154/215 212/1155/212
f 213/1156/213 215/1154/215 216/1157/216
f 217/1158/217 218/1159/218 219/1160/219
f 187/1134/187 218/1159/218 220/1161/220
f 189/1136/189 221/1162/221 218/1159/218
f 219/1160/219 221/1162/221 222/1163/222
f 213/1156/213 227/1164/227 224/1165/224
f 225/1166/225 227/1164/227 228/1167/228
f 229/1168/229 230/1169/230 231/1170/231
f 199/1144/199 230/1169/230 232/1171/232
f 201/1146/201 233/1172/233 230/1169/230
f 231/1170/231 233/1172/233 234/1173/234
f 106/1065/106 235/1174/235 236/1175/236
f 100/1061/100 235/1174/235 105/1062/105
f 237/1176/237 238/1177/238 235/1174/235
f 236/1175/236 238/1177/238 122/1081/122
f 100/1061/100 239/1178/239 237/1176/237
f 240/1179/240 239/1178/239 99/1058/99
f 241/1180/241 220/1161/220 239/1178/239
f 237/1176/237 220/1161/220 217/1158/217
f 240/1179/240 242/1181/242 241/1180/241
f 243/1182/243 242/1181/242 244/1183/244
f 245/1184/245 190/1137/190 242/1181/242
f 241/1180/241 190/1137/190 187/1134/187
f 243/1182/243 246/1185/246 245/1184/245
f 247/1186/247 246/1185/246 248/1187/248
f 249/1188/249 160/1113/160 246/1185/246
f 245/1184/245 160/1113/160 157/1110/157
f 247/1186/247 250/1189/250 249/1188/249
f 251/1190/251 250/1189/250 252/1191/252
f 253/1192/253 130/1089/130 250/1189/250
f 249/1188/249 130/1089/130 127/1086/127
f 251/1190/251 254/1193/254 253/1192/253
f 255/1194/255 254/1193/254 256/1195/256
f 257/1196/257 116/1075/116 254/1193/254
f 253/1192/253 116/1075/116 113/1072/113
f 255/1194/255 258/1197/258 257/1196/257
f 259/1198/259 258/1197/258 260/1199/260
f 261/1200/261 110/1069/110 258/1197/258
f 257/1196/257 110/1069/110 107/1066/107
f 259/1198/259 262/1201/262 261/1200/261
f 263/1202/263 262/1201/262 264/1203/264
f 265/1204/265 90/1054/90 262/1201/262
f 261/1200/261 90/1054/90 87/1051/87
f 263/1202/263 266/1205/266 265/1204/265
f 267/1206/267 266/1205/266 268/1207/268
f 269/1208/269 84/1048/84 266/1205/266
f 265/1204/265 84/1048/84 81/1045/81
f 267/1206/267 270/1209/270 269/1208/269
f 271/1210/271 270/1209/270 272/1211/272
f 273/1212/273 78/1042/78 270/1209/270
f 269/1208/269 78/1042/78 75/1039/75
f 271/1210/271 274/1213/274 273/1212/273
f 275/1214/275 274/1213/274 276/1215/276
f 277/1216/277 72/1036/72 274/1213/274
f 273/1212/273 72/1036/72 69/1033/69
f 275/1214/275 278/1217/278 277/1216/277
f 279/1218/279 278/1217/278 280/1219/280
f 281/1220/281 66/1030/66 278/1217/278
f 277/1216/277 66/1030/66 63/1027/63
f 279/1218/279 282/1221/282 281/1220/281
f 283/1222/283 282/1221/282 284/1223/284
f 285/1224/285 60/1024/60 282/1221/282
f 281/1220/281 60/1024/60 57/1021/57
f 283/1222/283 286/1225/286 285/1224/285
f 287/1226/287 286/1225/286 288/1227/288
f 289/1228/289 54/1018/54 286/1225/286
f 285/1224/285 54/1018/54 51/1015/51
f 287/1226/287 290/1229/290 289/1228/289
f 291/1230/291 290/1229/290 292/1231/292
f 293/1232/293 48/1012/48 290/1229/290
f 289/1228/289 48/1012/48 45/1009/45
f 291/1230/291 294/1233/294 293/1232/293
f 295/1234/295 294/1233/294 296/1235/296
f 297/1236/297 42/1005/42 294/1233/294
f 293/1232/293 42/1005/42 39/1001/39
f 295/1237/295 298/1238/298 297/1239/297
f 299/1240/299 298/1238/298 300/1241/300
f 301/1242/301 36/998/36 298/1238/298
f 297/1239/297 36/998/36 33/995/33
f 299/1240/299 302/1243/302 301/1242/301
f 303/1244/303 302/1243/302 304/1245/304
f 305/1246/305 30/992/30 302/1243/302
f 301/1242/301 30/992/30 27/989/27
f 303/1244/303 306/1247/306 305/1246/305
f 307/1248/307 306/1247/306 308/1249/308
f 309/1250/309 24/986/24 306/1247/306
f 305/1246/305 24/986/24 21/983/21
f 307/1248/307 310/1251/310 309/1250/309
f 311/1252/311 310/1251/310 312/1253/312
f 313/1254/313 18/980/18 310/1251/310
f 309/1250/309 18/980/18 15/977/15
f 311/1252/311 314/1255/314 313/1254/313
f 315/1256/315 314/1255/314 316/1257/316
f 317/1258/317 12/974/12 314/1255/314
f 313/1254/313 12/974/12 9/971/9
f 315/1256/315 318/1259/318 317/1258/317
f 228/1167/228 318/1259/318 319/1260/319
f 320/1261/320 5/967/5 318/1259/318
f 317/1258/317 5/967/5 1/963/1
f 228/1167/228 321/1262/321 320/1261/320
f 216/1157/216 321/1262/321 227/1164/227
f 322/1263/322 323/1264/323 321/1262/321
f 320/1261/320 323/1264/323 4/966/4
f 216/1157/216 324/1265/324 322/1263/322
f 210/1153/210 324/1265/324 215/1154/215
f 325/1266/325 326/1267/326 324/1265/324
f 322/1263/322 326/1267/326 327/1268/327
f 210/1153/210 328/1269/328 325/1266/325
f 198/1143/198 328/1269/328 209/1150/209
f 329/1270/329 330/1271/330 328/1269/328
f 325/1266/325 330/1271/330 331/1272/331
f 198/1143/198 332/1273/332 329/1270/329
f 186/1133/186 332/1273/332 197/1140/197
f 333/1274/333 334/1275/334 332/1273/332
f 329/1270/329 334/1275/334 335/1276/335
f 186/1133/186 336/1277/336 333/1274/333
f 180/1129/180 336/1277/336 185/1130/185
f 337/1278/337 338/1279/338 336/1277/336
f 333/1274/333 338/1279/338 339/1280/339
f 180/1129/180 340/1281/340 337/1278/337
f 168/1119/168 340/1281/340 179/1126/179
f 341/1282/341 232/1171/232 340/1281/340
f 337/1278/337 232/1171/232 229/1168/229
f 168/1119/168 342/1283/342 341/1282/341
f 156/1109/156 342/1283/342 167/1116/167
f 343/1284/343 202/1147/202 342/1283/342
f 341/1282/341 202/1147/202 199/1144/199
f 156/1109/156 344/1285/344 343/1284/343
f 150/1105/150 344/1285/344 155/1106/155
f 345/1286/345 172/1123/172 344/1285/344
f 343/1284/343 172/1123/172 169/1120/169
f 150/1105/150 346/1287/346 345/1286/345
f 138/1095/138 346/1287/346 149/1102/149
f 347/1288/347 142/1099/142 346/1287/346
f 345/1286/345 142/1099/142 139/1096/139
f 138/1095/138 348/1289/348 347/1288/347
f 106/1065/106 348/1289/348 137/1092/137
f 236/1175/236 123/1082/123 348/1289/348
f 347/1288/347 123/1082/123 119/1078/119
f 352/1290/352 244/1183/244 349/1291/349
f 98/1057/98 244/1183/244 240/1179/240
f 356/1292/356 248/1187/248 353/1293/353
f 352/1290/352 248/1187/248 243/1182/243
f 360/1294/360 252/1191/252 357/1295/357
f 356/1292/356 252/1191/252 247/1186/247
f 364/1296/364 256/1195/256 361/1297/361
f 360/1294/360 256/1195/256 251/1190/251
f 368/1298/368 260/1199/260 365/1299/365
f 364/1296/364 260/1199/260 255/1194/255
f 372/1300/372 264/1203/264 369/1301/369
f 368/1298/368 264/1203/264 259/1198/259
f 122/1081/122 373/1302/373 124/1083/124
f 217/1158/217 373/1302/373 238/1177/238
f 219/1160/219 374/1303/374 373/1302/373
f 124/1083/124 374/1303/374 375/1304/375
f 379/1305/379 268/1207/268 376/1306/376
f 372/1300/372 268/1207/268 263/1202/263
f 339/1280/339 380/1307/380 381/1308/381
f 229/1168/229 380/1307/380 338/1279/338
f 231/1170/231 382/1309/382 380/1307/380
f 381/1308/381 382/1309/382 383/1310/383
f 387/1311/387 272/1211/272 384/1312/384
f 379/1305/379 272/1211/272 267/1206/267
f 391/1313/391 276/1215/276 388/1314/388
f 387/1311/387 276/1215/276 271/1210/271
f 395/1315/395 280/1219/280 392/1316/392
f 391/1313/391 280/1219/280 275/1214/275
f 335/1276/335 396/1317/396 397/1318/397
f 339/1280/339 396/1317/396 334/1275/334
f 381/1308/381 398/1319/398 396/1317/396
f 397/1318/397 398/1319/398 399/1320/399
f 403/1321/403 284/1223/284 400/1322/400
f 395/1315/395 284/1223/284 279/1218/279
f 407/1323/407 288/1227/288 404/1324/404
f 403/1321/403 288/1227/288 283/1222/283
f 411/1325/411 292/1231/292 408/1326/408
f 407/1323/407 292/1231/292 287/1226/287
f 331/1272/331 412/1327/412 413/1328/413
f 335/1276/335 412/1327/412 330/1271/330
f 397/1318/397 414/1329/414 412/1327/412
f 413/1328/413 414/1329/414 415/1330/415
f 419/1331/419 296/1235/296 416/1332/416
f 411/1325/411 296/1235/296 291/1230/291
f 423/1333/423 300/1241/300 420/1334/420
f 419/1335/419 300/1241/300 295/1237/295
f 427/1336/427 304/1245/304 424/1337/424
f 423/1333/423 304/1245/304 299/1240/299
f 327/1268/327 428/1338/428 429/1339/429
f 331/1272/331 428/1338/428 326/1267/326
f 413/1328/413 430/1340/430 428/1338/428
f 429/1339/429 430/1340/430 431/1341/431
f 435/1342/435 308/1249/308 432/1343/432
f 427/1336/427 308/1249/308 303/1244/303
f 439/1344/439 312/1253/312 436/1345/436
f 435/1342/435 312/1253/312 307/1248/307
f 443/1346/443 316/1257/316 440/1347/440
f 439/1344/439 316/1257/316 311/1252/311
f 4/966/4 444/1348/444 6/968/6
f 327/1268/327 444/1348/444 323/1264/323
f 429/1339/429 445/1349/445 444/1348/444
f 6/968/6 445/1349/445 446/1350/446
f 225/1166/225 319/1260/319 447/1351/447
f 443/1346/443 319/1260/319 315/1256/315
f 577/1352/577 578/1353/578 579/1354/579
f 577/1352/577 580/1355/580 581/1356/581
f 581/1356/581 126/1085/126 125/1084/125
f 581/1356/581 375/1304/375 578/1353/578
f 582/1357/582 583/1358/583 580/1355/580
f 584/1359/584 583/1358/583 585/1360/585
f 583/1358/583 144/1101/144 143/1100/143
f 583/1358/583 126/1085/126 580/1355/580
f 586/1361/586 587/1362/587 584/1359/584
f 586/1361/586 588/1363/588 589/1364/589
f 589/1364/589 174/1125/174 173/1124/173
f 589/1364/589 144/1101/144 587/1362/587
f 590/1365/590 588/1363/588 591/1366/591
f 592/1367/592 593/1368/593 590/1365/590
f 593/1368/593 204/1149/204 203/1148/203
f 593/1368/593 174/1125/174 588/1363/588
f 594/1369/594 595/1370/595 592/1367/592
f 596/1371/596 597/1372/597 594/1369/594
f 597/1372/597 234/1173/234 233/1172/233
f 597/1372/597 204/1149/204 595/1370/595
f 598/1373/598 599/1374/599 596/1371/596
f 598/1373/598 600/1375/600 601/1376/601
f 601/1376/601 383/1310/383 382/1309/382
f 601/1376/601 234/1173/234 599/1374/599
f 602/1377/602 600/1375/600 603/1378/603
f 602/1377/602 604/1379/604 605/1380/605
f 605/1380/605 399/1320/399 398/1319/398
f 605/1380/605 383/1310/383 600/1375/600
f 606/1381/606 604/1379/604 607/1382/607
f 606/1381/606 608/1383/608 609/1384/609
f 609/1384/609 415/1330/415 414/1329/414
f 609/1384/609 399/1320/399 604/1379/604
f 610/1385/610 611/1386/611 608/1383/608
f 612/1387/612 613/1388/613 611/1386/611
f 611/1386/611 431/1341/431 430/1340/430
f 611/1386/611 415/1330/415 608/1383/608
f 614/1389/614 613/1388/613 615/1390/615
f 616/1391/616 617/1392/617 614/1389/614
f 617/1392/617 446/1350/446 445/1349/445
f 617/1392/617 431/1341/431 613/1388/613
f 618/1393/618 619/1394/619 616/1391/616
f 620/1395/620 621/1396/621 618/1393/618
f 621/1396/621 8/970/8 7/969/7
f 621/1396/621 446/1350/446 619/1394/619
f 622/1397/622 623/1398/623 620/1395/620
f 624/1399/624 625/1400/625 622/1397/622
f 625/1400/625 14/976/14 13/975/13
f 623/1398/623 13/975/13 8/970/8
f 626/1401/626 627/1402/627 624/1399/624
f 628/1403/628 629/1404/629 626/1401/626
f 629/1404/629 20/982/20 19/981/19
f 629/1404/629 14/976/14 627/1402/627
f 628/1403/628 630/1405/630 631/1406/631
f 632/1407/632 630/1405/630 633/1408/633
f 630/1405/630 26/988/26 25/987/25
f 630/1405/630 20/982/20 631/1406/631
f 634/1409/634 635/1410/635 632/1407/632
f 634/1409/634 636/1411/636 637/1412/637
f 637/1412/637 32/994/32 31/993/31
f 637/1412/637 26/988/26 635/1410/635
f 638/1413/638 639/1414/639 636/1411/636
f 640/1415/640 641/1416/641 639/1414/639
f 639/1414/639 38/1000/38 37/999/37
f 639/1414/639 32/994/32 636/1411/636
f 642/1417/642 643/1418/643 641/1419/641
f 644/1420/644 645/1421/645 643/1418/643
f 643/1418/643 44/1008/44 43/1007/43
f 643/1418/643 38/1422/38 641/1419/641
f 646/1423/646 647/1424/647 648/1425/648
f 649/1426/649 578/1353/578 647/1424/647
f 647/1424/647 375/1304/375 374/1303/374
f 647/1424/647 222/1163/222 648/1425/648
f 650/1427/650 651/1428/651 652/1429/652
f 650/1427/650 648/1425/648 653/1430/653
f 653/1430/653 222/1163/222 221/1162/221
f 653/1430/653 192/1139/192 651/1428/651
f 654/1431/654 655/1432/655 656/1433/656
f 652/1429/652 657/1434/657 654/1431/654
f 657/1434/657 192/1139/192 191/1138/191
f 655/1432/655 191/1138/191 162/1115/162
f 658/1435/658 659/1436/659 660/1437/660
f 658/1435/658 655/1432/655 661/1438/661
f 661/1438/661 162/1115/162 161/1114/161
f 659/1436/659 161/1114/161 132/1091/132
f 662/1439/662 663/1440/663 664/1441/664
f 660/1437/660 665/1442/665 662/1439/662
f 665/1442/665 132/1091/132 131/1090/131
f 663/1440/663 131/1090/131 118/1077/118
f 666/1443/666 667/1444/667 668/1445/668
f 669/1446/669 663/1440/663 667/1444/667
f 667/1444/667 118/1077/118 117/1076/117
f 667/1444/667 112/1071/112 668/1445/668
f 670/1447/670 671/1448/671 672/1449/672
f 670/1447/670 668/1445/668 673/1450/673
f 673/1450/673 112/1071/112 111/1070/111
f 673/1450/673 92/1056/92 671/1448/671
f 674/1451/674 675/1452/675 676/1453/676
f 672/1449/672 677/1454/677 674/1451/674
f 677/1454/677 92/1056/92 91/1055/91
f 677/1454/677 86/1050/86 675/1452/675
f 678/1455/678 679/1456/679 680/1457/680
f 676/1453/676 681/1458/681 678/1455/678
f 681/1458/681 86/1050/86 85/1049/85
f 681/1458/681 80/1044/80 679/1456/679
f 682/1459/682 683/1460/683 684/1461/684
f 685/1462/685 679/1456/679 683/1460/683
f 683/1460/683 80/1044/80 79/1043/79
f 683/1460/683 74/1038/74 684/1461/684
f 686/1463/686 687/1464/687 688/1465/688
f 682/1459/682 689/1466/689 686/1463/686
f 684/1461/684 73/1037/73 689/1466/689
f 689/1466/689 68/1032/68 687/1464/687
f 690/1467/690 691/1468/691 692/1469/692
f 688/1465/688 691/1468/691 693/1470/693
f 691/1468/691 68/1032/68 67/1031/67
f 691/1468/691 62/1026/62 692/1469/692
f 694/1471/694 695/1472/695 696/1473/696
f 697/1474/697 692/1469/692 695/1472/695
f 695/1472/695 62/1026/62 61/1025/61
f 695/1472/695 56/1020/56 696/1473/696
f 698/1475/698 699/1476/699 700/1477/700
f 701/1478/701 696/1473/696 699/1476/699
f 699/1476/699 56/1020/56 55/1019/55
f 699/1476/699 50/1014/50 700/1477/700
f 702/1479/702 703/1480/703 645/1421/645
f 698/1475/698 703/1480/703 704/1481/704
f 703/1480/703 50/1014/50 49/1013/49
f 703/1480/703 44/1008/44 645/1421/645
f 930/1482/930 931/1483/931 932/1484/932
f 931/1483/931 933/1485/933 932/1484/932
f 934/1486/934 935/1487/935 931/1483/931
f 936/1488/936 934/1486/934 931/1483/931
f 937/1489/937 938/1490/938 939/1491/939
f 938/1490/938 930/1482/930 939/1491/939
f 940/1492/940 936/1488/936 938/1490/938
f 941/1493/941 940/1492/940 938/1490/938
f 942/1494/942 943/1495/943 944/1496/944
f 943/1495/943 937/1489/937 944/1496/944
f 945/1497/945 941/1493/941 943/1495/943
f 946/1498/946 945/1497/945 943/1495/943
f 947/1499/947 948/1500/948 949/1501/949
f 948/1500/948 942/1494/942 949/1501/949
f 950/1502/950 946/1498/946 948/1500/948
f 951/1503/951 950/1502/950 948/1500/948
f 952/1504/952 953/1505/953 954/1506/954
f 953/1505/953 947/1499/947 954/1506/954
f 955/1507/955 951/1503/951 953/1505/953
f 956/1508/956 955/1507/955 953/1505/953
f 957/1509/957 958/1510/958 959/1511/959
f 958/1510/958 952/1504/952 959/1511/959
f 960/1512/960 956/1508/956 958/1510/958
f 961/1513/961 960/1512/960 958/1510/958
f 962/1514/962 963/1515/963 964/1516/964
f 963/1515/963 957/1517/957 964/1516/964
f 965/1518/965 961/1519/961 963/1515/963
f 966/1520/966 965/1518/965 963/1515/963
f 967/1521/967 968/1522/968 969/1523/969
f 968/1522/968 962/1514/962 969/1523/969
f 970/1524/970 966/1520/966 968/1522/968
f 971/1525/971 970/1524/970 968/1522/968
f 972/1526/972 973/1527/973 974/1528/974
f 973/1527/973 967/1521/967 974/1528/974
f 975/1529/975 971/1525/971 973/1527/973
f 976/1530/976 975/1529/975 973/1527/973
f 977/1531/977 978/1532/978 979/1533/979
f 978/1532/978 972/1526/972 979/1533/979
f 980/1534/980 976/1530/976 978/1532/978
f 981/1535/981 980/1534/980 978/1532/978
f 982/1536/982 983/1537/983 984/1538/984
f 983/1537/983 977/1531/977 984/1538/984
f 985/1539/985 981/1535/981 983/1537/983
f 986/1540/986 985/1539/985 983/1537/983
f 987/1541/987 988/1542/988 989/1543/989
f 988/1542/988 982/1536/982 989/1543/989
f 990/1544/990 986/1540/986 988/1542/988
f 991/1545/991 988/1542/988 992/1546/992
f 993/1547/993 994/1548/994 995/1549/995
f 994/1548/994 987/1541/987 995/1549/995
f 996/1550/996 992/1546/992 994/1548/994
f 997/1551/997 996/1550/996 994/1548/994
f 998/1552/998 999/1553/999 1000/1554/1000
f 999/1553/999 993/1547/993 1000/1554/1000
f 1001/1555/1001 997/1551/997 999/1553/999
f 1002/1556/1002 1001/1555/1001 999/1553/999
f 1003/1557/1003 1004/1558/1004 1005/1559/1005
f 1004/1558/1004 998/1552/998 1005/1559/1005
f 1006/1560/1006 1002/1556/1002 1004/1558/1004
f 1007/1561/1007 1006/1560/1006 1004/1558/1004
f 1012/1562/1012 1013/1563/1013 1009/1564/1009
f 1014/1565/1014 1012/1562/1012 1009/1564/1009
f 1018/1566/1018 1014/1565/1014 1016/1567/1016
f 1019/1568/1019 1018/1566/1018 1016/1567/1016
f 1020/1569/1020 1021/1570/1021 1022/1571/1022
f 1021/1570/1021 1003/1557/1003 1022/1571/1022
f 1023/1572/1023 1007/1561/1007 1021/1570/1021
f 1024/1573/1024 1023/1572/1023 1021/1570/1021
f 1025/1574/1025 1026/1575/1026 1027/1576/1027
f 1026/1575/1026 1020/1569/1020 1027/1576/1027
f 1028/1577/1028 1024/1573/1024 1026/1575/1026
f 1029/1578/1029 1028/1577/1028 1026/1575/1026
f 1030/1579/1030 1031/1580/1031 1032/1581/1032
f 1031/1580/1031 1033/1582/1033 1032/1581/1032
f 1034/1583/1034 1035/1584/1035 1031/1580/1031
f 1036/1585/1036 1034/1583/1034 1031/1580/1031
f 1037/1586/1037 1038/1587/1038 1039/1588/1039
f 1038/1587/1038 1025/1574/1025 1039/1588/1039
f 1040/1589/1040 1029/1578/1029 1038/1587/1038
f 1041/1590/1041 1040/1589/1040 1038/1587/1038
f 1045/1591/1045 1019/1568/1019 1043/1592/1043
f 1046/1593/1046 1045/1591/1045 1043/1592/1043
f 1047/1594/1047 1048/1595/1048 1049/1596/1049
f 1048/1595/1048 1030/1579/1030 1049/1596/1049
f 1050/1597/1050 1036/1585/1036 1048/1595/1048
f 1051/1598/1051 1050/1597/1050 1048/1595/1048
f 1055/1599/1055 1046/1593/1046 1053/1600/1053
f 1056/1601/1056 1055/1599/1055 1053/1600/1053
f 1060/1602/1060 1056/1601/1056 1058/1603/1058
f 1061/1604/1061 1060/1602/1060 1058/1603/1058
f 1062/1605/1062 1063/1606/1063 1064/1607/1064
f 1063/1606/1063 1037/1586/1037 1064/1607/1064
f 1065/1608/1065 1041/1590/1041 1063/1606/1063
f 1066/1609/1066 1065/1608/1065 1063/1606/1063
f 1070/1610/1070 1061/1604/1061 1068/1611/1068
f 1071/1612/1071 1070/1610/1070 1068/1611/1068
f 1072/1613/1072 1073/1614/1073 1074/1615/1074
f 1073/1614/1073 1047/1594/1047 1074/1615/1074
f 1075/1616/1075 1051/1598/1051 1073/1614/1073
f 1076/1617/1076 1075/1616/1075 1073/1614/1073
f 1080/1618/1080 1071/1612/1071 1078/1619/1078
f 1081/1620/1081 1080/1618/1080 1078/1619/1078
f 1085/1621/1085 1081/1620/1081 1083/1622/1083
f 1086/1623/1086 1085/1621/1085 1083/1622/1083
f 1087/1624/1087 1088/1625/1088 1089/1626/1089
f 1088/1625/1088 1062/1605/1062 1089/1626/1089
f 1090/1627/1090 1066/1609/1066 1088/1625/1088
f 1091/1628/1091 1090/1627/1090 1088/1625/1088
f 1095/1629/1095 1086/1623/1086 1093/1630/1093
f 1096/1631/1096 1095/1629/1095 1093/1630/1093
f 1097/1632/1097 1098/1633/1098 1099/1634/1099
f 1098/1633/1098 1072/1613/1072 1099/1634/1099
f 1100/1635/1100 1076/1617/1076 1098/1633/1098
f 1101/1636/1101 1100/1635/1100 1098/1633/1098
f 1105/1637/1105 1096/1631/1096 1103/1638/1103
f 1106/1639/1106 1105/1637/1105 1103/1638/1103
f 1110/1640/1110 1106/1639/1106 1108/1641/1108
f 1111/1642/1111 1110/1640/1110 1108/1641/1108
f 1112/1643/1112 1113/1644/1113 1114/1645/1114
f 1113/1644/1113 1087/1624/1087 1114/1645/1114
f 1115/1646/1115 1091/1628/1091 1113/1644/1113
f 1116/1647/1116 1115/1646/1115 1113/1644/1113
f 1120/1648/1120 1111/1642/1111 1118/1649/1118
f 1121/1650/1121 1120/1648/1120 1118/1649/1118
f 1122/1651/1122 1123/1652/1123 1124/1653/1124
f 1123/1652/1123 1097/1632/1097 1124/1653/1124
f 1125/1654/1125 1101/1636/1101 1123/1652/1123
f 1126/1655/1126 1125/1654/1125 1123/1652/1123
f 1127/1656/1127 1128/1657/1128 1018/1566/1018
f 1128/1657/1128 1129/1658/1129 1018/1566/1018
f 1130/1659/1130 1131/1660/1131 1128/1657/1128
f 1132/1661/1132 1130/1659/1130 1128/1657/1128
f 1129/1658/1129 1133/1662/1133 1012/1562/1012
f 1133/1662/1133 1134/1663/1134 1012/1562/1012
f 1114/1645/1114 1135/1664/1135 1133/1662/1133
f 1131/1660/1131 1114/1645/1114 1133/1662/1133
f 1134/1663/1134 1136/1665/1136 1137/1666/1137
f 1136/1665/1136 1138/1667/1138 1137/1666/1137
f 1089/1626/1089 1139/1668/1139 1136/1665/1136
f 1135/1664/1135 1089/1626/1089 1136/1665/1136
f 1138/1667/1138 1140/1669/1140 1141/1670/1141
f 1140/1669/1140 1142/1671/1142 1141/1670/1141
f 1064/1607/1064 1143/1672/1143 1140/1669/1140
f 1139/1668/1139 1064/1607/1064 1140/1669/1140
f 1142/1671/1142 1144/1673/1144 1145/1674/1145
f 1144/1673/1144 1146/1675/1146 1145/1674/1145
f 1039/1588/1039 1147/1676/1147 1144/1673/1144
f 1143/1672/1143 1039/1588/1039 1144/1673/1144
f 1146/1675/1146 1148/1677/1148 1149/1678/1149
f 1148/1677/1148 1150/1679/1150 1149/1678/1149
f 1027/1576/1027 1151/1680/1151 1148/1677/1148
f 1147/1676/1147 1027/1576/1027 1148/1677/1148
f 1150/1679/1150 1152/1681/1152 1153/1682/1153
f 1152/1681/1152 1154/1683/1154 1153/1682/1153
f 1022/1571/1022 1155/1684/1155 1152/1681/1152
f 1151/1680/1151 1022/1571/1022 1152/1681/1152
f 1154/1683/1154 1156/1685/1156 1157/1686/1157
f 1156/1685/1156 1158/1687/1158 1157/1686/1157
f 1005/1559/1005 1159/1688/1159 1156/1685/1156
f 1155/1684/1155 1005/1559/1005 1156/1685/1156
f 1158/1687/1158 1160/1689/1160 1161/1690/1161
f 1160/1689/1160 1162/1691/1162 1161/1690/1161
f 1000/1554/1000 1163/1692/1163 1160/1689/1160
f 1159/1688/1159 1000/1554/1000 1160/1689/1160
f 1162/1691/1162 1164/1693/1164 1165/1694/1165
f 1164/1693/1164 1166/1695/1166 1165/1694/1165
f 995/1549/995 1167/1696/1167 1164/1693/1164
f 1163/1692/1163 995/1549/995 1164/1693/1164
f 1166/1695/1166 1168/1697/1168 1169/1698/1169
f 1168/1697/1168 1170/1699/1170 1169/1698/1169
f 989/1543/989 1171/1700/1171 1168/1697/1168
f 1167/1696/1167 989/1543/989 1168/1697/1168
f 1170/1699/1170 1172/1701/1172 1173/1702/1173
f 1172/1701/1172 1174/1703/1174 1173/1702/1173
f 984/1538/984 1175/1704/1175 1172/1701/1172
f 1171/1700/1171 984/1538/984 1172/1701/1172
f 1174/1703/1174 1176/1705/1176 1177/1706/1177
f 1176/1705/1176 1178/1707/1178 1177/1706/1177
f 979/1533/979 1179/1708/1179 1176/1705/1176
f 1175/1704/1175 979/1533/979 1176/1705/1176
f 1178/1707/1178 1180/1709/1180 1181/1710/1181
f 1180/1709/1180 1182/1711/1182 1181/1710/1181
f 974/1528/974 1183/1712/1183 1180/1709/1180
f 1179/1708/1179 974/1528/974 1180/1709/1180
f 1182/1711/1182 1184/1713/1184 1185/1714/1185
f 1184/1713/1184 1186/1715/1186 1185/1714/1185
f 969/1523/969 1187/1716/1187 1184/1713/1184
f 1183/1712/1183 969/1523/969 1184/1713/1184
f 1186/1715/1186 1188/1717/1188 1189/1718/1189
f 1188/1717/1188 1190/1719/1190 1189/1718/1189
f 964/1516/964 1191/1720/1191 1188/1717/1188
f 1187/1716/1187 964/1516/964 1188/1717/1188
f 1190/1721/1190 1192/1722/1192 1193/1723/1193
f 1192/1722/1192 1194/1724/1194 1193/1723/1193
f 959/1511/959 1195/1725/1195 1192/1722/1192
f 1191/1726/1191 959/1511/959 1192/1722/1192
f 1194/1724/1194 1196/1727/1196 1197/1728/1197
f 1196/1727/1196 1198/1729/1198 1197/1728/1197
f 954/1506/954 1199/1730/1199 1196/1727/1196
f 1195/1725/1195 954/1506/954 1196/1727/1196
f 1198/1729/1198 1200/1731/1200 1201/1732/1201
f 1200/1731/1200 1202/1733/1202 1201/1732/1201
f 949/1501/949 1203/1734/1203 1200/1731/1200
f 1199/1730/1199 949/1501/949 1200/1731/1200
f 1202/1733/1202 1204/1735/1204 1205/1736/1205
f 1204/1735/1204 1206/1737/1206 1205/1736/1205
f 944/1496/944 1207/1738/1207 1204/1735/1204
f 1203/1734/1203 944/1496/944 1204/1735/1204
f 1206/1737/1206 1208/1739/1208 1209/1740/1209
f 1208/1739/1208 1210/1741/1210 1209/1740/1209
f 939/1491/939 1211/1742/1211 1208/1739/1208
f 1207/1738/1207 939/1491/939 1208/1739/1208
f 1210/1741/1210 1212/1743/1212 1213/1744/1213
f 1212/1743/1212 1214/1745/1214 1213/1744/1213
f 932/1484/932 1215/1746/1215 1212/1743/1212
f 1211/1742/1211 932/1484/932 1212/1743/1212
f 1214/1745/1214 1216/1747/1216 1120/1648/1120
f 1216/1747/1216 1217/1748/1217 1120/1648/1120
f 1218/1749/1218 1219/1750/1219 1216/1747/1216
f 1215/1746/1215 1218/1749/1218 1216/1747/1216
f 1217/1748/1217 1220/1751/1220 1110/1640/1110
f 1220/1751/1220 1221/1752/1221 1110/1640/1110
f 1222/1753/1222 1223/1754/1223 1220/1751/1220
f 1219/1750/1219 1222/1753/1222 1220/1751/1220
f 1221/1752/1221 1224/1755/1224 1105/1637/1105
f 1224/1755/1224 1225/1756/1225 1105/1637/1105
f 1226/1757/1226 1227/1758/1227 1224/1755/1224
f 1223/1754/1223 1226/1757/1226 1224/1755/1224
f 1225/1756/1225 1228/1759/1228 1095/1629/1095
f 1228/1759/1228 1229/1760/1229 1095/1629/1095
f 1230/1761/1230 1231/1762/1231 1228/1759/1228
f 1227/1758/1227 1230/1761/1230 1228/1759/1228
f 1229/1760/1229 1232/1763/1232 1085/1621/1085
f 1232/1763/1232 1233/1764/1233 1085/1621/1085
f 1234/1765/1234 1235/1766/1235 1232/1763/1232
f 1231/1762/1231 1234/1765/1234 1232/1763/1232
f 1233/1764/1233 1236/1767/1236 1080/1618/1080
f 1236/1767/1236 1237/1768/1237 1080/1618/1080
f 1124/1653/1124 1238/1769/1238 1236/1767/1236
f 1235/1766/1235 1124/1653/1124 1236/1767/1236
f 1237/1768/1237 1239/1770/1239 1070/1610/1070
f 1239/1770/1239 1240/1771/1240 1070/1610/1070
f 1099/1634/1099 1241/1772/1241 1239/1770/1239
f 1238/1769/1238 1099/1634/1099 1239/1770/1239
f 1240/1771/1240 1242/1773/1242 1060/1602/1060
f 1242/1773/1242 1243/1774/1243 1060/1602/1060
f 1074/1615/1074 1244/1775/1244 1242/1773/1242
f 1241/1772/1241 1074/1615/1074 1242/1773/1242
f 1243/1774/1243 1245/1776/1245 1055/1599/1055
f 1245/1776/1245 1246/1777/1246 1055/1599/1055
f 1049/1596/1049 1247/1778/1247 1245/1776/1245
f 1244/1775/1244 1049/1596/1049 1245/1776/1245
f 1246/1777/1246 1248/1779/1248 1045/1591/1045
f 1248/1779/1248 1127/1656/1127 1045/1591/1045
f 1032/1581/1032 1132/1661/1132 1248/1779/1248
f 1247/1778/1247 1032/1581/1032 1248/1779/1248
f 1137/1666/1137 1252/1780/1252 1249/1781/1249
f 1013/1563/1013 1137/1666/1137 1249/1781/1249
f 1141/1670/1141 1256/1782/1256 1253/1783/1253
f 1252/1780/1252 1141/1670/1141 1253/1783/1253
f 1145/1674/1145 1260/1784/1260 1257/1785/1257
f 1256/1782/1256 1145/1674/1145 1257/1785/1257
f 1149/1678/1149 1264/1786/1264 1261/1787/1261
f 1260/1784/1260 1149/1678/1149 1261/1787/1261
f 1153/1682/1153 1268/1788/1268 1265/1789/1265
f 1264/1786/1264 1153/1682/1153 1265/1789/1265
f 1157/1686/1157 1272/1790/1272 1269/1791/1269
f 1268/1788/1268 1157/1686/1157 1269/1791/1269
f 1033/1582/1033 1273/1792/1273 1130/1659/1130
f 1273/1792/1273 1112/1643/1112 1130/1659/1130
f 1274/1793/1274 1116/1647/1116 1273/1792/1273
f 1035/1584/1035 1274/1793/1274 1273/1792/1273
f 1161/1690/1161 1278/1794/1278 1275/1795/1275
f 1272/1790/1272 1161/1690/1161 1275/1795/1275
f 1279/1796/1279 1280/1797/1280 1234/1765/1234
f 1280/1797/1280 1122/1651/1122 1234/1765/1234
f 1281/1798/1281 1126/1655/1126 1280/1797/1280
f 1282/1799/1282 1281/1798/1281 1280/1797/1280
f 1165/1694/1165 1286/1800/1286 1283/1801/1283
f 1278/1794/1278 1165/1694/1165 1283/1801/1283
f 1169/1698/1169 1290/1802/1290 1287/1803/1287
f 1286/1800/1286 1169/1698/1169 1287/1803/1287
f 1173/1702/1173 1294/1804/1294 1291/1805/1291
f 1290/1802/1290 1173/1702/1173 1291/1805/1291
f 1295/1806/1295 1296/1807/1296 1230/1761/1230
f 1296/1807/1296 1279/1796/1279 1230/1761/1230
f 1297/1808/1297 1282/1799/1282 1296/1807/1296
f 1298/1809/1298 1297/1808/1297 1296/1807/1296
f 1177/1706/1177 1302/1810/1302 1299/1811/1299
f 1294/1804/1294 1177/1706/1177 1299/1811/1299
f 1181/1710/1181 1306/1812/1306 1303/1813/1303
f 1302/1810/1302 1181/1710/1181 1303/1813/1303
f 1185/1714/1185 1310/1814/1310 1307/1815/1307
f 1306/1812/1306 1185/1714/1185 1307/1815/1307
f 1311/1816/1311 1312/1817/1312 1226/1757/1226
f 1312/1817/1312 1295/1806/1295 1226/1757/1226
f 1313/1818/1313 1298/1809/1298 1312/1817/1312
f 1314/1819/1314 1313/1818/1313 1312/1817/1312
f 1189/1718/1189 1318/1820/1318 1315/1821/1315
f 1310/1814/1310 1189/1718/1189 1315/1821/1315
f 1193/1723/1193 1322/1822/1322 1319/1823/1319
f 1318/1824/1318 1193/1723/1193 1319/1823/1319
f 1197/1728/1197 1326/1825/1326 1323/1826/1323
f 1322/1822/1322 1197/1728/1197 1323/1826/1323
f 1327/1827/1327 1328/1828/1328 1222/1753/1222
f 1328/1828/1328 1311/1816/1311 1222/1753/1222
f 1329/1829/1329 1314/1819/1314 1328/1828/1328
f 1330/1830/1330 1329/1829/1329 1328/1828/1328
f 1201/1732/1201 1334/1831/1334 1331/1832/1331
f 1326/1825/1326 1201/1732/1201 1331/1832/1331
f 1205/1736/1205 1338/1833/1338 1335/1834/1335
f 1334/1831/1334 1205/1736/1205 1335/1834/1335
f 1209/1740/1209 1342/1835/1342 1339/1836/1339
f 1338/1833/1338 1209/1740/1209 1339/1836/1339
f 933/1485/933 1343/1837/1343 1218/1749/1218
f 1343/1837/1343 1327/1827/1327 1218/1749/1218
f 1344/1838/1344 1330/1830/1330 1343/1837/1343
f 935/1487/935 1344/1838/1344 1343/1837/1343
f 1213/1744/1213 1121/1650/1121 1345/1839/1345
f 1342/1835/1342 1213/1744/1213 1345/1839/1345
f 1475/1840/1475 577/1352/577 579/1354/579
f 577/1352/577 1476/1841/1476 582/1357/582
f 1477/1842/1477 1478/1843/1478 1476/1841/1476
f 1479/1844/1479 1477/1842/1477 1475/1840/1475
f 582/1357/582 1480/1845/1480 585/1360/585
f 1480/1845/1480 584/1359/584 585/1360/585
f 1480/1845/1480 1481/1846/1481 1482/1847/1482
f 1478/1843/1478 1480/1845/1480 1476/1841/1476
f 1482/1847/1482 586/1361/586 584/1359/584
f 586/1361/586 1483/1848/1483 591/1366/591
f 1484/1849/1484 1485/1850/1485 1483/1848/1483
f 1481/1846/1481 1484/1849/1484 1482/1847/1482
f 591/1366/591 1486/1851/1486 590/1365/590
f 1486/1851/1486 592/1367/592 590/1365/590
f 1486/1851/1486 1487/1852/1487 1488/1853/1488
f 1485/1850/1485 1486/1851/1486 1483/1848/1483
f 1488/1853/1488 594/1369/594 592/1367/592
f 1489/1854/1489 596/1371/596 594/1369/594
f 1489/1854/1489 1490/1855/1490 1491/1856/1491
f 1487/1852/1487 1489/1854/1489 1488/1853/1488
f 596/1371/596 1492/1857/1492 598/1373/598
f 598/1373/598 1493/1858/1493 603/1378/603
f 1492/1857/1492 1494/1859/1494 1493/1858/1493
f 1490/1855/1490 1492/1857/1492 1491/1856/1491
f 1493/1858/1493 602/1377/602 603/1378/603
f 602/1377/602 1495/1860/1495 607/1382/607
f 1496/1861/1496 1497/1862/1497 1495/1860/1495
f 1494/1859/1494 1496/1861/1496 1493/1858/1493
f 1495/1860/1495 606/1381/606 607/1382/607
f 1498/1863/1498 610/1385/610 606/1381/606
f 1498/1863/1498 1499/1864/1499 1500/1865/1500
f 1497/1862/1497 1498/1863/1498 1495/1860/1495
f 1500/1865/1500 612/1387/612 610/1385/610
f 612/1387/612 1501/1866/1501 615/1390/615
f 1502/1867/1502 1503/1868/1503 1501/1866/1501
f 1499/1864/1499 1502/1867/1502 1500/1865/1500
f 1501/1866/1501 614/1389/614 615/1390/615
f 1504/1869/1504 616/1391/616 614/1389/614
f 1504/1869/1504 1505/1870/1505 1506/1871/1506
f 1503/1868/1503 1504/1869/1504 1501/1866/1501
f 1506/1871/1506 618/1393/618 616/1391/616
f 1507/1872/1507 620/1395/620 618/1393/618
f 1507/1872/1507 1508/1873/1508 1509/1874/1509
f 1505/1870/1505 1507/1872/1507 1506/1871/1506
f 1509/1874/1509 622/1397/622 620/1395/620
f 1510/1875/1510 624/1399/624 622/1397/622
f 1510/1875/1510 1511/1876/1511 1512/1877/1512
f 1509/1874/1509 940/1492/940 1510/1875/1510
f 1512/1877/1512 626/1401/626 624/1399/624
f 626/1401/626 1513/1878/1513 628/1403/628
f 1514/1879/1514 1515/1880/1515 1513/1878/1513
f 1511/1876/1511 1514/1879/1514 1512/1877/1512
f 628/1403/628 1516/1881/1516 633/1408/633
f 1516/1881/1516 632/1407/632 633/1408/633
f 1516/1881/1516 1517/1882/1517 1518/1883/1518
f 1515/1880/1515 1516/1881/1516 1513/1878/1513
f 1518/1883/1518 634/1409/634 632/1407/632
f 634/1409/634 1519/1884/1519 638/1413/638
f 955/1507/955 1519/1884/1519 1520/1885/1520
f 1517/1882/1517 1520/1885/1520 1518/1883/1518
f 638/1413/638 1521/1886/1521 640/1415/640
f 640/1415/640 1522/1887/1522 642/1888/642
f 1521/1886/1521 1523/1889/1523 1522/1887/1522
f 1524/1890/1524 1521/1886/1521 1519/1884/1519
f 642/1417/642 1525/1891/1525 644/1420/644
f 644/1420/644 1526/1892/1526 702/1479/702
f 1525/1891/1525 1527/1893/1527 1526/1892/1526
f 1523/1894/1523 1525/1891/1525 1522/1895/1522
f 646/1423/646 1528/1896/1528 649/1426/649
f 649/1426/649 1475/1840/1475 579/1354/579
f 1528/1896/1528 1479/1844/1479 1475/1840/1475
f 1529/1897/1529 1528/1896/1528 1530/1898/1530
f 1531/1899/1531 650/1427/650 652/1429/652
f 650/1427/650 1530/1898/1530 646/1423/646
f 1532/1900/1532 1529/1897/1529 1530/1898/1530
f 1533/1901/1533 1532/1900/1532 1531/1899/1531
f 1534/1902/1534 654/1431/654 656/1433/656
f 1535/1903/1535 652/1429/652 654/1431/654
f 1535/1903/1535 1533/1901/1533 1531/1899/1531
f 1534/1902/1534 1090/1627/1090 1535/1903/1535
f 1536/1904/1536 658/1435/658 660/1437/660
f 658/1435/658 1534/1902/1534 656/1433/656
f 1537/1905/1537 1538/1906/1538 1534/1902/1534
f 1536/1904/1536 1065/1608/1065 1537/1905/1537
f 1539/1907/1539 662/1439/662 664/1441/664
f 1540/1908/1540 660/1437/660 662/1439/662
f 1540/1908/1540 1541/1909/1541 1536/1904/1536
f 1539/1907/1539 1040/1589/1040 1540/1908/1540
f 666/1443/666 1542/1910/1542 669/1446/669
f 669/1446/669 1539/1907/1539 664/1441/664
f 1542/1910/1542 1543/1911/1543 1539/1907/1539
f 1544/1912/1544 1542/1910/1542 1545/1913/1545
f 1546/1914/1546 670/1447/670 672/1449/672
f 670/1447/670 1545/1913/1545 666/1443/666
f 1547/1915/1547 1544/1912/1544 1545/1913/1545
f 1548/1916/1548 1547/1915/1547 1546/1914/1546
f 1549/1917/1549 674/1451/674 676/1453/676
f 1550/1918/1550 672/1449/672 674/1451/674
f 1550/1918/1550 1548/1916/1548 1546/1914/1546
f 1551/1919/1551 1550/1918/1550 1549/1917/1549
f 1552/1920/1552 678/1455/678 680/1457/680
f 1553/1921/1553 676/1453/676 678/1455/678
f 1553/1921/1553 1551/1919/1551 1549/1917/1549
f 1554/1922/1554 1553/1921/1553 1552/1920/1552
f 682/1459/682 1555/1923/1555 685/1462/685
f 685/1462/685 1552/1920/1552 680/1457/680
f 1555/1923/1555 1554/1922/1554 1552/1920/1552
f 991/1545/991 1555/1923/1555 1556/1924/1556
f 1557/1925/1557 686/1463/686 688/1465/688
f 1558/1926/1558 682/1459/682 686/1463/686
f 990/1544/990 1556/1924/1556 1558/1926/1558
f 1559/1927/1559 1558/1926/1558 1557/1925/1557
f 1560/1928/1560 693/1470/693 690/1467/690
f 1561/1929/1561 688/1465/688 693/1470/693
f 1561/1929/1561 1559/1927/1559 1557/1925/1557
f 1562/1930/1562 1561/1929/1561 1560/1928/1560
f 694/1471/694 1563/1931/1563 697/1474/697
f 697/1474/697 1560/1928/1560 690/1467/690
f 1563/1931/1563 1562/1930/1562 1560/1928/1560
f 1564/1932/1564 1563/1931/1563 1565/1933/1565
f 698/1475/698 1566/1934/1566 701/1478/701
f 701/1478/701 1565/1933/1565 694/1471/694
f 1566/1934/1566 1564/1932/1564 1565/1933/1565
f 1567/1935/1567 1566/1934/1566 1568/1936/1568
f 702/1479/702 1569/1937/1569 704/1481/704
f 1569/1937/1569 698/1475/698 704/1481/704
f 1569/1937/1569 1567/1935/1567 1568/1936/1568
f 1527/1893/1527 1569/1937/1569 1526/1892/1526
f 1/963/1 5/967/5 2/964/2
f 4/966/4 6/968/6 2/964/2
f 6/968/6 446/1350/446 7/969/7
f 3/965/3 2/964/2 7/969/7
f 9/971/9 12/974/12 10/972/10
f 1/963/1 3/965/3 10/972/10
f 3/965/3 8/970/8 13/975/13
f 11/973/11 10/972/10 13/975/13
f 15/977/15 18/980/18 16/978/16
f 9/971/9 11/973/11 16/978/16
f 11/973/11 14/976/14 19/981/19
f 17/979/17 16/978/16 19/981/19
f 21/983/21 24/986/24 22/984/22
f 15/977/15 17/979/17 22/984/22
f 17/979/17 20/982/20 25/987/25
f 23/985/23 22/984/22 25/987/25
f 27/989/27 30/992/30 28/990/28
f 21/983/21 23/985/23 28/990/28
f 23/985/23 26/988/26 31/993/31
f 29/991/29 28/990/28 31/993/31
f 33/995/33 36/998/36 34/996/34
f 27/989/27 29/991/29 34/996/34
f 29/991/29 32/994/32 37/999/37
f 35/997/35 34/996/34 37/999/37
f 39/1001/39 42/1005/42 40/1002/40
f 33/1004/33 35/1006/35 40/1002/40
f 35/1006/35 38/1422/38 43/1007/43
f 41/1003/41 40/1002/40 43/1007/43
f 45/1009/45 48/1012/48 46/1010/46
f 39/1001/39 41/1003/41 46/1010/46
f 41/1003/41 44/1008/44 49/1013/49
f 47/1011/47 46/1010/46 49/1013/49
f 51/1015/51 54/1018/54 52/1016/52
f 45/1009/45 47/1011/47 52/1016/52
f 47/1011/47 50/1014/50 55/1019/55
f 53/1017/53 52/1016/52 55/1019/55
f 57/1021/57 60/1024/60 58/1022/58
f 51/1015/51 53/1017/53 58/1022/58
f 53/1017/53 56/1020/56 61/1025/61
f 59/1023/59 58/1022/58 61/1025/61
f 63/1027/63 66/1030/66 64/1028/64
f 57/1021/57 59/1023/59 64/1028/64
f 59/1023/59 62/1026/62 67/1031/67
f 65/1029/65 64/1028/64 67/1031/67
f 69/1033/69 72/1036/72 70/1034/70
f 63/1027/63 65/1029/65 70/1034/70
f 65/1029/65 68/1032/68 73/1037/73
f 70/1034/70 73/1037/73 74/1038/74
f 75/1039/75 78/1042/78 76/1040/76
f 69/1033/69 71/1035/71 76/1040/76
f 71/1035/71 74/1038/74 79/1043/79
f 77/1041/77 76/1040/76 79/1043/79
f 81/1045/81 84/1048/84 82/1046/82
f 75/1039/75 77/1041/77 82/1046/82
f 77/1041/77 80/1044/80 85/1049/85
f 83/1047/83 82/1046/82 85/1049/85
f 87/1051/87 90/1054/90 88/1052/88
f 81/1045/81 83/1047/83 88/1052/88
f 83/1047/83 86/1050/86 91/1055/91
f 89/1053/89 88/1052/88 91/1055/91
f 98/1057/98 240/1179/240 99/1058/99
f 95/1060/95 94/1059/94 99/1058/99
f 95/1060/95 100/1061/100 105/1062/105
f 103/1064/103 102/1063/102 105/1062/105
f 107/1066/107 110/1069/110 108/1067/108
f 87/1051/87 89/1053/89 108/1067/108
f 89/1053/89 92/1056/92 111/1070/111
f 109/1068/109 108/1067/108 111/1070/111
f 113/1072/113 116/1075/116 114/1073/114
f 107/1066/107 109/1068/109 114/1073/114
f 109/1068/109 112/1071/112 117/1076/117
f 115/1074/115 114/1073/114 117/1076/117
f 119/1078/119 123/1082/123 120/1079/120
f 122/1081/122 124/1083/124 120/1079/120
f 124/1083/124 375/1304/375 125/1084/125
f 121/1080/121 120/1079/120 125/1084/125
f 127/1086/127 130/1089/130 128/1087/128
f 113/1072/113 115/1074/115 128/1087/128
f 115/1074/115 118/1077/118 131/1090/131
f 129/1088/129 128/1087/128 131/1090/131
f 103/1064/103 106/1065/106 137/1092/137
f 135/1094/135 134/1093/134 137/1092/137
f 139/1096/139 142/1099/142 140/1097/140
f 119/1078/119 121/1080/121 140/1097/140
f 121/1080/121 126/1085/126 143/1100/143
f 141/1098/141 140/1097/140 143/1100/143
f 135/1094/135 138/1095/138 149/1102/149
f 147/1104/147 146/1103/146 149/1102/149
f 147/1104/147 150/1105/150 155/1106/155
f 153/1108/153 152/1107/152 155/1106/155
f 157/1110/157 160/1113/160 158/1111/158
f 127/1086/127 129/1088/129 158/1111/158
f 129/1088/129 132/1091/132 161/1114/161
f 159/1112/159 158/1111/158 161/1114/161
f 153/1108/153 156/1109/156 167/1116/167
f 165/1118/165 164/1117/164 167/1116/167
f 169/1120/169 172/1123/172 170/1121/170
f 139/1096/139 141/1098/141 170/1121/170
f 141/1098/141 144/1101/144 173/1124/173
f 171/1122/171 170/1121/170 173/1124/173
f 165/1118/165 168/1119/168 179/1126/179
f 177/1128/177 176/1127/176 179/1126/179
f 177/1128/177 180/1129/180 185/1130/185
f 183/1132/183 182/1131/182 185/1130/185
f 187/1134/187 190/1137/190 188/1135/188
f 157/1110/157 159/1112/159 188/1135/188
f 159/1112/159 162/1115/162 191/1138/191
f 189/1136/189 188/1135/188 191/1138/191
f 183/1132/183 186/1133/186 197/1140/197
f 195/1142/195 194/1141/194 197/1140/197
f 199/1144/199 202/1147/202 200/1145/200
f 169/1120/169 171/1122/171 200/1145/200
f 171/1122/171 174/1125/174 203/1148/203
f 201/1146/201 200/1145/200 203/1148/203
f 195/1142/195 198/1143/198 209/1150/209
f 207/1152/207 206/1151/206 209/1150/209
f 207/1152/207 210/1153/210 215/1154/215
f 213/1156/213 212/1155/212 215/1154/215
f 217/1158/217 220/1161/220 218/1159/218
f 187/1134/187 189/1136/189 218/1159/218
f 189/1136/189 192/1139/192 221/1162/221
f 219/1160/219 218/1159/218 221/1162/221
f 213/1156/213 216/1157/216 227/1164/227
f 225/1166/225 224/1165/224 227/1164/227
f 229/1168/229 232/1171/232 230/1169/230
f 199/1144/199 201/1146/201 230/1169/230
f 201/1146/201 204/1149/204 233/1172/233
f 231/1170/231 230/1169/230 233/1172/233
f 106/1065/106 105/1062/105 235/1174/235
f 100/1061/100 237/1176/237 235/1174/235
f 237/1176/237 217/1158/217 238/1177/238
f 236/1175/236 235/1174/235 238/1177/238
f 100/1061/100 99/1058/99 239/1178/239
f 240/1179/240 241/1180/241 239/1178/239
f 241/1180/241 187/1134/187 220/1161/220
f 237/1176/237 239/1178/239 220/1161/220
f 240/1179/240 244/1183/244 242/1181/242
f 243/1182/243 245/1184/245 242/1181/242
f 245/1184/245 157/1110/157 190/1137/190
f 241/1180/241 242/1181/242 190/1137/190
f 243/1182/243 248/1187/248 246/1185/246
f 247/1186/247 249/1188/249 246/1185/246
f 249/1188/249 127/1086/127 160/1113/160
f 245/1184/245 246/1185/246 160/1113/160
f 247/1186/247 252/1191/252 250/1189/250
f 251/1190/251 253/1192/253 250/1189/250
f 253/1192/253 113/1072/113 130/1089/130
f 249/1188/249 250/1189/250 130/1089/130
f 251/1190/251 256/1195/256 254/1193/254
f 255/1194/255 257/1196/257 254/1193/254
f 257/1196/257 107/1066/107 116/1075/116
f 253/1192/253 254/1193/254 116/1075/116
f 255/1194/255 260/1199/260 258/1197/258
f 259/1198/259 261/1200/261 258/1197/258
f 261/1200/261 87/1051/87 110/1069/110
f 257/1196/257 258/1197/258 110/1069/110
f 259/1198/259 264/1203/264 262/1201/262
f 263/1202/263 265/1204/265 262/1201/262
f 265/1204/265 81/1045/81 90/1054/90
f 261/1200/261 262/1201/262 90/1054/90
f 263/1202/263 268/1207/268 266/1205/266
f 267/1206/267 269/1208/269 266/1205/266
f 269/1208/269 75/1039/75 84/1048/84
f 265/1204/265 266/1205/266 84/1048/84
f 267/1206/267 272/1211/272 270/1209/270
f 271/1210/271 273/1212/273 270/1209/270
f 273/1212/273 69/1033/69 78/1042/78
f 269/1208/269 270/1209/270 78/1042/78
f 271/1210/271 276/1215/276 274/1213/274
f 275/1214/275 277/1216/277 274/1213/274
f 277/1216/277 63/1027/63 72/1036/72
f 273/1212/273 274/1213/274 72/1036/72
f 275/1214/275 280/1219/280 278/1217/278
f 279/1218/279 281/1220/281 278/1217/278
f 281/1220/281 57/1021/57 66/1030/66
f 277/1216/277 278/1217/278 66/1030/66
f 279/1218/279 284/1223/284 282/1221/282
f 283/1222/283 285/1224/285 282/1221/282
f 285/1224/285 51/1015/51 60/1024/60
f 281/1220/281 282/1221/282 60/1024/60
f 283/1222/283 288/1227/288 286/1225/286
f 287/1226/287 289/1228/289 286/1225/286
f 289/1228/289 45/1009/45 54/1018/54
f 285/1224/285 286/1225/286 54/1018/54
f 287/1226/287 292/1231/292 290/1229/290
f 291/1230/291 293/1232/293 290/1229/290
f 293/1232/293 39/1001/39 48/1012/48
f 289/1228/289 290/1229/290 48/1012/48
f 291/1230/291 296/1235/296 294/1233/294
f 295/1234/295 297/1236/297 294/1233/294
f 297/1236/297 33/1004/33 42/1005/42
f 293/1232/293 294/1233/294 42/1005/42
f 295/1237/295 300/1241/300 298/1238/298
f 299/1240/299 301/1242/301 298/1238/298
f 301/1242/301 27/989/27 36/998/36
f 297/1239/297 298/1238/298 36/998/36
f 299/1240/299 304/1245/304 302/1243/302
f 303/1244/303 305/1246/305 302/1243/302
f 305/1246/305 21/983/21 30/992/30
f 301/1242/301 302/1243/302 30/992/30
f 303/1244/303 308/1249/308 306/1247/306
f 307/1248/307 309/1250/309 306/1247/306
f 309/1250/309 15/977/15 24/986/24
f 305/1246/305 306/1247/306 24/986/24
f 307/1248/307 312/1253/312 310/1251/310
f 311/1252/311 313/1254/313 310/1251/310
f 313/1254/313 9/971/9 18/980/18
f 309/1250/309 310/1251/310 18/980/18
f 311/1252/311 316/1257/316 314/1255/314
f 315/1256/315 317/1258/317 314/1255/314
f 317/1258/317 1/963/1 12/974/12
f 313/1254/313 314/1255/314 12/974/12
f 315/1256/315 319/1260/319 318/1259/318
f 228/1167/228 320/1261/320 318/1259/318
f 320/1261/320 4/966/4 5/967/5
f 317/1258/317 318/1259/318 5/967/5
f 228/1167/228 227/1164/227 321/1262/321
f 216/1157/216 322/1263/322 321/1262/321
f 322/1263/322 327/1268/327 323/1264/323
f 320/1261/320 321/1262/321 323/1264/323
f 216/1157/216 215/1154/215 324/1265/324
f 210/1153/210 325/1266/325 324/1265/324
f 325/1266/325 331/1272/331 326/1267/326
f 322/1263/322 324/1265/324 326/1267/326
f 210/1153/210 209/1150/209 328/1269/328
f 198/1143/198 329/1270/329 328/1269/328
f 329/1270/329 335/1276/335 330/1271/330
f 325/1266/325 328/1269/328 330/1271/330
f 198/1143/198 197/1140/197 332/1273/332
f 186/1133/186 333/1274/333 332/1273/332
f 333/1274/333 339/1280/339 334/1275/334
f 329/1270/329 332/1273/332 334/1275/334
f 186/1133/186 185/1130/185 336/1277/336
f 180/1129/180 337/1278/337 336/1277/336
f 337/1278/337 229/1168/229 338/1279/338
f 333/1274/333 336/1277/336 338/1279/338
f 180/1129/180 179/1126/179 340/1281/340
f 168/1119/168 341/1282/341 340/1281/340
f 341/1282/341 199/1144/199 232/1171/232
f 337/1278/337 340/1281/340 232/1171/232
f 168/1119/168 167/1116/167 342/1283/342
f 156/1109/156 343/1284/343 342/1283/342
f 343/1284/343 169/1120/169 202/1147/202
f 341/1282/341 342/1283/342 202/1147/202
f 156/1109/156 155/1106/155 344/1285/344
f 150/1105/150 345/1286/345 344/1285/344
f 345/1286/345 139/1096/139 172/1123/172
f 343/1284/343 344/1285/344 172/1123/172
f 150/1105/150 149/1102/149 346/1287/346
f 138/1095/138 347/1288/347 346/1287/346
f 347/1288/347 119/1078/119 142/1099/142
f 345/1286/345 346/1287/346 142/1099/142
f 138/1095/138 137/1092/137 348/1289/348
f 106/1065/106 236/1175/236 348/1289/348
f 236/1175/236 122/1081/122 123/1082/123
f 347/1288/347 348/1289/348 123/1082/123
f 352/1290/352 243/1182/243 244/1183/244
f 98/1057/98 349/1291/349 244/1183/244
f 356/1292/356 247/1186/247 248/1187/248
f 352/1290/352 353/1293/353 248/1187/248
f 360/1294/360 251/1190/251 252/1191/252
f 356/1292/356 357/1295/357 252/1191/252
f 364/1296/364 255/1194/255 256/1195/256
f 360/1294/360 361/1297/361 256/1195/256
f 368/1298/368 259/1198/259 260/1199/260
f 364/1296/364 365/1299/365 260/1199/260
f 372/1300/372 263/1202/263 264/1203/264
f 368/1298/368 369/1301/369 264/1203/264
f 122/1081/122 238/1177/238 373/1302/373
f 217/1158/217 219/1160/219 373/1302/373
f 219/1160/219 222/1163/222 374/1303/374
f 124/1083/124 373/1302/373 374/1303/374
f 379/1305/379 267/1206/267 268/1207/268
f 372/1300/372 376/1306/376 268/1207/268
f 339/1280/339 338/1279/338 380/1307/380
f 229/1168/229 231/1170/231 380/1307/380
f 231/1170/231 234/1173/234 382/1309/382
f 381/1308/381 380/1307/380 382/1309/382
f 387/1311/387 271/1210/271 272/1211/272
f 379/1305/379 384/1312/384 272/1211/272
f 391/1313/391 275/1214/275 276/1215/276
f 387/1311/387 388/1314/388 276/1215/276
f 395/1315/395 279/1218/279 280/1219/280
f 391/1313/391 392/1316/392 280/1219/280
f 335/1276/335 334/1275/334 396/1317/396
f 339/1280/339 381/1308/381 396/1317/396
f 381/1308/381 383/1310/383 398/1319/398
f 397/1318/397 396/1317/396 398/1319/398
f 403/1321/403 283/1222/283 284/1223/284
f 395/1315/395 400/1322/400 284/1223/284
f 407/1323/407 287/1226/287 288/1227/288
f 403/1321/403 404/1324/404 288/1227/288
f 411/1325/411 291/1230/291 292/1231/292
f 407/1323/407 408/1326/408 292/1231/292
f 331/1272/331 330/1271/330 412/1327/412
f 335/1276/335 397/1318/397 412/1327/412
f 397/1318/397 399/1320/399 414/1329/414
f 413/1328/413 412/1327/412 414/1329/414
f 419/1331/419 295/1234/295 296/1235/296
f 411/1325/411 416/1332/416 296/1235/296
f 423/1333/423 299/1240/299 300/1241/300
f 419/1335/419 420/1334/420 300/1241/300
f 427/1336/427 303/1244/303 304/1245/304
f 423/1333/423 424/1337/424 304/1245/304
f 327/1268/327 326/1267/326 428/1338/428
f 331/1272/331 413/1328/413 428/1338/428
f 413/1328/413 415/1330/415 430/1340/430
f 429/1339/429 428/1338/428 430/1340/430
f 435/1342/435 307/1248/307 308/1249/308
f 427/1336/427 432/1343/432 308/1249/308
f 439/1344/439 311/1252/311 312/1253/312
f 435/1342/435 436/1345/436 312/1253/312
f 443/1346/443 315/1256/315 316/1257/316
f 439/1344/439 440/1347/440 316/1257/316
f 4/966/4 323/1264/323 444/1348/444
f 327/1268/327 429/1339/429 444/1348/444
f 429/1339/429 431/1341/431 445/1349/445
f 6/968/6 444/1348/444 445/1349/445
f 225/1166/225 228/1167/228 319/1260/319
f 443/1346/443 447/1351/447 319/1260/319
f 577/1352/577 581/1356/581 578/1353/578
f 577/1352/577 582/1357/582 580/1355/580
f 581/1356/581 580/1355/580 126/1085/126
f 581/1356/581 125/1084/125 375/1304/375
f 582/1357/582 585/1360/585 583/1358/583
f 584/1359/584 587/1362/587 583/1358/583
f 583/1358/583 587/1362/587 144/1101/144
f 583/1358/583 143/1100/143 126/1085/126
f 586/1361/586 589/1364/589 587/1362/587
f 586/1361/586 591/1366/591 588/1363/588
f 589/1364/589 588/1363/588 174/1125/174
f 589/1364/589 173/1124/173 144/1101/144
f 590/1365/590 593/1368/593 588/1363/588
f 592/1367/592 595/1370/595 593/1368/593
f 593/1368/593 595/1370/595 204/1149/204
f 593/1368/593 203/1148/203 174/1125/174
f 594/1369/594 597/1372/597 595/1370/595
f 596/1371/596 599/1374/599 597/1372/597
f 597/1372/597 599/1374/599 234/1173/234
f 597/1372/597 233/1172/233 204/1149/204
f 598/1373/598 601/1376/601 599/1374/599
f 598/1373/598 603/1378/603 600/1375/600
f 601/1376/601 600/1375/600 383/1310/383
f 601/1376/601 382/1309/382 234/1173/234
f 602/1377/602 605/1380/605 600/1375/600
f 602/1377/602 607/1382/607 604/1379/604
f 605/1380/605 604/1379/604 399/1320/399
f 605/1380/605 398/1319/398 383/1310/383
f 606/1381/606 609/1384/609 604/1379/604
f 606/1381/606 610/1385/610 608/1383/608
f 609/1384/609 608/1383/608 415/1330/415
f 609/1384/609 414/1329/414 399/1320/399
f 610/1385/610 612/1387/612 611/1386/611
f 612/1387/612 615/1390/615 613/1388/613
f 611/1386/611 613/1388/613 431/1341/431
f 611/1386/611 430/1340/430 415/1330/415
f 614/1389/614 617/1392/617 613/1388/613
f 616/1391/616 619/1394/619 617/1392/617
f 617/1392/617 619/1394/619 446/1350/446
f 617/1392/617 445/1349/445 431/1341/431
f 618/1393/618 621/1396/621 619/1394/619
f 620/1395/620 623/1398/623 621/1396/621
f 621/1396/621 623/1398/623 8/970/8
f 621/1396/621 7/969/7 446/1350/446
f 622/1397/622 625/1400/625 623/1398/623
f 624/1399/624 627/1402/627 625/1400/625
f 625/1400/625 627/1402/627 14/976/14
f 623/1398/623 625/1400/625 13/975/13
f 626/1401/626 629/1404/629 627/1402/627
f 628/1403/628 631/1406/631 629/1404/629
f 629/1404/629 631/1406/631 20/982/20
f 629/1404/629 19/981/19 14/976/14
f 628/1403/628 633/1408/633 630/1405/630
f 632/1407/632 635/1410/635 630/1405/630
f 630/1405/630 635/1410/635 26/988/26
f 630/1405/630 25/987/25 20/982/20
f 634/1409/634 637/1412/637 635/1410/635
f 634/1409/634 638/1413/638 636/1411/636
f 637/1412/637 636/1411/636 32/994/32
f 637/1412/637 31/993/31 26/988/26
f 638/1413/638 640/1415/640 639/1414/639
f 640/1415/640 642/1888/642 641/1416/641
f 639/1414/639 641/1416/641 38/1000/38
f 639/1414/639 37/999/37 32/994/32
f 642/1417/642 644/1420/644 643/1418/643
f 644/1420/644 702/1479/702 645/1421/645
f 643/1418/643 645/1421/645 44/1008/44
f 643/1418/643 43/1007/43 38/1422/38
f 646/1423/646 649/1426/649 647/1424/647
f 649/1426/649 579/1354/579 578/1353/578
f 647/1424/647 578/1353/578 375/1304/375
f 647/1424/647 374/1303/374 222/1163/222
f 650/1427/650 653/1430/653 651/1428/651
f 650/1427/650 646/1423/646 648/1425/648
f 653/1430/653 648/1425/648 222/1163/222
f 653/1430/653 221/1162/221 192/1139/192
f 654/1431/654 657/1434/657 655/1432/655
f 652/1429/652 651/1428/651 657/1434/657
f 657/1434/657 651/1428/651 192/1139/192
f 655/1432/655 657/1434/657 191/1138/191
f 658/1435/658 661/1438/661 659/1436/659
f 658/1435/658 656/1433/656 655/1432/655
f 661/1438/661 655/1432/655 162/1115/162
f 659/1436/659 661/1438/661 161/1114/161
f 662/1439/662 665/1442/665 663/1440/663
f 660/1437/660 659/1436/659 665/1442/665
f 665/1442/665 659/1436/659 132/1091/132
f 663/1440/663 665/1442/665 131/1090/131
f 666/1443/666 669/1446/669 667/1444/667
f 669/1446/669 664/1441/664 663/1440/663
f 667/1444/667 663/1440/663 118/1077/118
f 667/1444/667 117/1076/117 112/1071/112
f 670/1447/670 673/1450/673 671/1448/671
f 670/1447/670 666/1443/666 668/1445/668
f 673/1450/673 668/1445/668 112/1071/112
f 673/1450/673 111/1070/111 92/1056/92
f 674/1451/674 677/1454/677 675/1452/675
f 672/1449/672 671/1448/671 677/1454/677
f 677/1454/677 671/1448/671 92/1056/92
f 677/1454/677 91/1055/91 86/1050/86
f 678/1455/678 681/1458/681 679/1456/679
f 676/1453/676 675/1452/675 681/1458/681
f 681/1458/681 675/1452/675 86/1050/86
f 681/1458/681 85/1049/85 80/1044/80
f 682/1459/682 685/1462/685 683/1460/683
f 685/1462/685 680/1457/680 679/1456/679
f 683/1460/683 679/1456/679 80/1044/80
f 683/1460/683 79/1043/79 74/1038/74
f 686/1463/686 689/1466/689 687/1464/687
f 682/1459/682 684/1461/684 689/1466/689
f 684/1461/684 74/1038/74 73/1037/73
f 689/1466/689 73/1037/73 68/1032/68
f 690/1467/690 693/1470/693 691/1468/691
f 688/1465/688 687/1464/687 691/1468/691
f 691/1468/691 687/1464/687 68/1032/68
f 691/1468/691 67/1031/67 62/1026/62
f 694/1471/694 697/1474/697 695/1472/695
f 697/1474/697 690/1467/690 692/1469/692
f 695/1472/695 692/1469/692 62/1026/62
f 695/1472/695 61/1025/61 56/1020/56
f 698/1475/698 701/1478/701 699/1476/699
f 701/1478/701 694/1471/694 696/1473/696
f 699/1476/699 696/1473/696 56/1020/56
f 699/1476/699 55/1019/55 50/1014/50
f 702/1479/702 704/1481/704 703/1480/703
f 698/1475/698 700/1477/700 703/1480/703
f 703/1480/703 700/1477/700 50/1014/50
f 703/1480/703 49/1013/49 44/1008/44
f 930/1482/930 936/1488/936 931/1483/931
f 931/1483/931 935/1487/935 933/1485/933
f 934/1486/934 1505/1870/1505 935/1487/935
f 936/1488/936 1508/1873/1508 934/1486/934
f 937/1489/937 941/1493/941 938/1490/938
f 938/1490/938 936/1488/936 930/1482/930
f 940/1492/940 1508/1873/1508 936/1488/936
f 941/1493/941 1511/1876/1511 940/1492/940
f 942/1494/942 946/1498/946 943/1495/943
f 943/1495/943 941/1493/941 937/1489/937
f 945/1497/945 1511/1876/1511 941/1493/941
f 946/1498/946 1515/1880/1515 945/1497/945
f 947/1499/947 951/1503/951 948/1500/948
f 948/1500/948 946/1498/946 942/1494/942
f 950/1502/950 1515/1880/1515 946/1498/946
f 951/1503/951 1517/1882/1517 950/1502/950
f 952/1504/952 956/1508/956 953/1505/953
f 953/1505/953 951/1503/951 947/1499/947
f 955/1507/955 1517/1882/1517 951/1503/951
f 956/1508/956 1524/1890/1524 955/1507/955
f 957/1509/957 961/1513/961 958/1510/958
f 958/1510/958 956/1508/956 952/1504/952
f 960/1512/960 1524/1890/1524 956/1508/956
f 961/1513/961 1523/1889/1523 960/1512/960
f 962/1514/962 966/1520/966 963/1515/963
f 963/1515/963 961/1519/961 957/1517/957
f 965/1518/965 1523/1894/1523 961/1519/961
f 966/1520/966 1527/1893/1527 965/1518/965
f 967/1521/967 971/1525/971 968/1522/968
f 968/1522/968 966/1520/966 962/1514/962
f 970/1524/970 1527/1893/1527 966/1520/966
f 971/1525/971 1567/1935/1567 970/1524/970
f 972/1526/972 976/1530/976 973/1527/973
f 973/1527/973 971/1525/971 967/1521/967
f 975/1529/975 1567/1935/1567 971/1525/971
f 976/1530/976 1564/1932/1564 975/1529/975
f 977/1531/977 981/1535/981 978/1532/978
f 978/1532/978 976/1530/976 972/1526/972
f 980/1534/980 1564/1932/1564 976/1530/976
f 981/1535/981 1562/1930/1562 980/1534/980
f 982/1536/982 986/1540/986 983/1537/983
f 983/1537/983 981/1535/981 977/1531/977
f 985/1539/985 1562/1930/1562 981/1535/981
f 986/1540/986 1559/1927/1559 985/1539/985
f 987/1541/987 992/1546/992 988/1542/988
f 988/1542/988 986/1540/986 982/1536/982
f 990/1544/990 1559/1927/1559 986/1540/986
f 991/1545/991 990/1544/990 988/1542/988
f 993/1547/993 997/1551/997 994/1548/994
f 994/1548/994 992/1546/992 987/1541/987
f 996/1550/996 991/1545/991 992/1546/992
f 997/1551/997 1554/1922/1554 996/1550/996
f 998/1552/998 1002/1556/1002 999/1553/999
f 999/1553/999 997/1551/997 993/1547/993
f 1001/1555/1001 1554/1922/1554 997/1551/997
f 1002/1556/1002 1551/1919/1551 1001/1555/1001
f 1003/1557/1003 1007/1561/1007 1004/1558/1004
f 1004/1558/1004 1002/1556/1002 998/1552/998
f 1006/1560/1006 1551/1919/1551 1002/1556/1002
f 1007/1561/1007 1548/1916/1548 1006/1560/1006
f 1012/1562/1012 1134/1663/1134 1013/1563/1013
f 1014/1565/1014 1129/1658/1129 1012/1562/1012
f 1018/1566/1018 1129/1658/1129 1014/1565/1014
f 1019/1568/1019 1127/1656/1127 1018/1566/1018
f 1020/1569/1020 1024/1573/1024 1021/1570/1021
f 1021/1570/1021 1007/1561/1007 1003/1557/1003
f 1023/1572/1023 1548/1916/1548 1007/1561/1007
f 1024/1573/1024 1544/1912/1544 1023/1572/1023
f 1025/1574/1025 1029/1578/1029 1026/1575/1026
f 1026/1575/1026 1024/1573/1024 1020/1569/1020
f 1028/1577/1028 1544/1912/1544 1024/1573/1024
f 1029/1578/1029 1543/1911/1543 1028/1577/1028
f 1030/1579/1030 1036/1585/1036 1031/1580/1031
f 1031/1580/1031 1035/1584/1035 1033/1582/1033
f 1034/1583/1034 1479/1844/1479 1035/1584/1035
f 1036/1585/1036 1478/1843/1478 1034/1583/1034
f 1037/1586/1037 1041/1590/1041 1038/1587/1038
f 1038/1587/1038 1029/1578/1029 1025/1574/1025
f 1040/1589/1040 1543/1911/1543 1029/1578/1029
f 1041/1590/1041 1541/1909/1541 1040/1589/1040
f 1045/1591/1045 1127/1656/1127 1019/1568/1019
f 1046/1593/1046 1246/1777/1246 1045/1591/1045
f 1047/1594/1047 1051/1598/1051 1048/1595/1048
f 1048/1595/1048 1036/1585/1036 1030/1579/1030
f 1050/1597/1050 1478/1843/1478 1036/1585/1036
f 1051/1598/1051 1481/1846/1481 1050/1597/1050
f 1055/1599/1055 1246/1777/1246 1046/1593/1046
f 1056/1601/1056 1243/1774/1243 1055/1599/1055
f 1060/1602/1060 1243/1774/1243 1056/1601/1056
f 1061/1604/1061 1240/1771/1240 1060/1602/1060
f 1062/1605/1062 1066/1609/1066 1063/1606/1063
f 1063/1606/1063 1041/1590/1041 1037/1586/1037
f 1065/1608/1065 1541/1909/1541 1041/1590/1041
f 1066/1609/1066 1538/1906/1538 1065/1608/1065
f 1070/1610/1070 1240/1771/1240 1061/1604/1061
f 1071/1612/1071 1237/1768/1237 1070/1610/1070
f 1072/1613/1072 1076/1617/1076 1073/1614/1073
f 1073/1614/1073 1051/1598/1051 1047/1594/1047
f 1075/1616/1075 1481/1846/1481 1051/1598/1051
f 1076/1617/1076 1485/1850/1485 1075/1616/1075
f 1080/1618/1080 1237/1768/1237 1071/1612/1071
f 1081/1620/1081 1233/1764/1233 1080/1618/1080
f 1085/1621/1085 1233/1764/1233 1081/1620/1081
f 1086/1623/1086 1229/1760/1229 1085/1621/1085
f 1087/1624/1087 1091/1628/1091 1088/1625/1088
f 1088/1625/1088 1066/1609/1066 1062/1605/1062
f 1090/1627/1090 1538/1906/1538 1066/1609/1066
f 1091/1628/1091 1533/1901/1533 1090/1627/1090
f 1095/1629/1095 1229/1760/1229 1086/1623/1086
f 1096/1631/1096 1225/1756/1225 1095/1629/1095
f 1097/1632/1097 1101/1636/1101 1098/1633/1098
f 1098/1633/1098 1076/1617/1076 1072/1613/1072
f 1100/1635/1100 1485/1850/1485 1076/1617/1076
f 1101/1636/1101 1487/1852/1487 1100/1635/1100
f 1105/1637/1105 1225/1756/1225 1096/1631/1096
f 1106/1639/1106 1221/1752/1221 1105/1637/1105
f 1110/1640/1110 1221/1752/1221 1106/1639/1106
f 1111/1642/1111 1217/1748/1217 1110/1640/1110
f 1112/1643/1112 1116/1647/1116 1113/1644/1113
f 1113/1644/1113 1091/1628/1091 1087/1624/1087
f 1115/1646/1115 1533/1901/1533 1091/1628/1091
f 1116/1647/1116 1529/1897/1529 1115/1646/1115
f 1120/1648/1120 1217/1748/1217 1111/1642/1111
f 1121/1650/1121 1214/1745/1214 1120/1648/1120
f 1122/1651/1122 1126/1655/1126 1123/1652/1123
f 1123/1652/1123 1101/1636/1101 1097/1632/1097
f 1125/1654/1125 1487/1852/1487 1101/1636/1101
f 1126/1655/1126 1490/1855/1490 1125/1654/1125
f 1127/1656/1127 1132/1661/1132 1128/1657/1128
f 1128/1657/1128 1131/1660/1131 1129/1658/1129
f 1130/1659/1130 1112/1643/1112 1131/1660/1131
f 1132/1661/1132 1033/1582/1033 1130/1659/1130
f 1129/1658/1129 1131/1660/1131 1133/1662/1133
f 1133/1662/1133 1135/1664/1135 1134/1663/1134
f 1114/1645/1114 1087/1624/1087 1135/1664/1135
f 1131/1660/1131 1112/1643/1112 1114/1645/1114
f 1134/1663/1134 1135/1664/1135 1136/1665/1136
f 1136/1665/1136 1139/1668/1139 1138/1667/1138
f 1089/1626/1089 1062/1605/1062 1139/1668/1139
f 1135/1664/1135 1087/1624/1087 1089/1626/1089
f 1138/1667/1138 1139/1668/1139 1140/1669/1140
f 1140/1669/1140 1143/1672/1143 1142/1671/1142
f 1064/1607/1064 1037/1586/1037 1143/1672/1143
f 1139/1668/1139 1062/1605/1062 1064/1607/1064
f 1142/1671/1142 1143/1672/1143 1144/1673/1144
f 1144/1673/1144 1147/1676/1147 1146/1675/1146
f 1039/1588/1039 1025/1574/1025 1147/1676/1147
f 1143/1672/1143 1037/1586/1037 1039/1588/1039
f 1146/1675/1146 1147/1676/1147 1148/1677/1148
f 1148/1677/1148 1151/1680/1151 1150/1679/1150
f 1027/1576/1027 1020/1569/1020 1151/1680/1151
f 1147/1676/1147 1025/1574/1025 1027/1576/1027
f 1150/1679/1150 1151/1680/1151 1152/1681/1152
f 1152/1681/1152 1155/1684/1155 1154/1683/1154
f 1022/1571/1022 1003/1557/1003 1155/1684/1155
f 1151/1680/1151 1020/1569/1020 1022/1571/1022
f 1154/1683/1154 1155/1684/1155 1156/1685/1156
f 1156/1685/1156 1159/1688/1159 1158/1687/1158
f 1005/1559/1005 998/1552/998 1159/1688/1159
f 1155/1684/1155 1003/1557/1003 1005/1559/1005
f 1158/1687/1158 1159/1688/1159 1160/1689/1160
f 1160/1689/1160 1163/1692/1163 1162/1691/1162
f 1000/1554/1000 993/1547/993 1163/1692/1163
f 1159/1688/1159 998/1552/998 1000/1554/1000
f 1162/1691/1162 1163/1692/1163 1164/1693/1164
f 1164/1693/1164 1167/1696/1167 1166/1695/1166
f 995/1549/995 987/1541/987 1167/1696/1167
f 1163/1692/1163 993/1547/993 995/1549/995
f 1166/1695/1166 1167/1696/1167 1168/1697/1168
f 1168/1697/1168 1171/1700/1171 1170/1699/1170
f 989/1543/989 982/1536/982 1171/1700/1171
f 1167/1696/1167 987/1541/987 989/1543/989
f 1170/1699/1170 1171/1700/1171 1172/1701/1172
f 1172/1701/1172 1175/1704/1175 1174/1703/1174
f 984/1538/984 977/1531/977 1175/1704/1175
f 1171/1700/1171 982/1536/982 984/1538/984
f 1174/1703/1174 1175/1704/1175 1176/1705/1176
f 1176/1705/1176 1179/1708/1179 1178/1707/1178
f 979/1533/979 972/1526/972 1179/1708/1179
f 1175/1704/1175 977/1531/977 979/1533/979
f 1178/1707/1178 1179/1708/1179 1180/1709/1180
f 1180/1709/1180 1183/1712/1183 1182/1711/1182
f 974/1528/974 967/1521/967 1183/1712/1183
f 1179/1708/1179 972/1526/972 974/1528/974
f 1182/1711/1182 1183/1712/1183 1184/1713/1184
f 1184/1713/1184 1187/1716/1187 1186/1715/1186
f 969/1523/969 962/1514/962 1187/1716/1187
f 1183/1712/1183 967/1521/967 969/1523/969
f 1186/1715/1186 1187/1716/1187 1188/1717/1188
f 1188/1717/1188 1191/1720/1191 1190/1719/1190
f 964/1516/964 957/1517/957 1191/1720/1191
f 1187/1716/1187 962/1514/962 964/1516/964
f 1190/1721/1190 1191/1726/1191 1192/1722/1192
f 1192/1722/1192 1195/1725/1195 1194/1724/1194
f 959/1511/959 952/1504/952 1195/1725/1195
f 1191/1726/1191 957/1509/957 959/1511/959
f 1194/1724/1194 1195/1725/1195 1196/1727/1196
f 1196/1727/1196 1199/1730/1199 1198/1729/1198
f 954/1506/954 947/1499/947 1199/1730/1199
f 1195/1725/1195 952/1504/952 954/1506/954
f 1198/1729/1198 1199/1730/1199 1200/1731/1200
f 1200/1731/1200 1203/1734/1203 1202/1733/1202
f 949/1501/949 942/1494/942 1203/1734/1203
f 1199/1730/1199 947/1499/947 949/1501/949
f 1202/1733/1202 1203/1734/1203 1204/1735/1204
f 1204/1735/1204 1207/1738/1207 1206/1737/1206
f 944/1496/944 937/1489/937 1207/1738/1207
f 1203/1734/1203 942/1494/942 944/1496/944
f 1206/1737/1206 1207/1738/1207 1208/1739/1208
f 1208/1739/1208 1211/1742/1211 1210/1741/1210
f 939/1491/939 930/1482/930 1211/1742/1211
f 1207/1738/1207 937/1489/937 939/1491/939
f 1210/1741/1210 1211/1742/1211 1212/1743/1212
f 1212/1743/1212 1215/1746/1215 1214/1745/1214
f 932/1484/932 933/1485/933 1215/1746/1215
f 1211/1742/1211 930/1482/930 932/1484/932
f 1214/1745/1214 1215/1746/1215 1216/1747/1216
f 1216/1747/1216 1219/1750/1219 1217/1748/1217
f 1218/1749/1218 1327/1827/1327 1219/1750/1219
f 1215/1746/1215 933/1485/933 1218/1749/1218
f 1217/1748/1217 1219/1750/1219 1220/1751/1220
f 1220/1751/1220 1223/1754/1223 1221/1752/1221
f 1222/1753/1222 1311/1816/1311 1223/1754/1223
f 1219/1750/1219 1327/1827/1327 1222/1753/1222
f 1221/1752/1221 1223/1754/1223 1224/1755/1224
f 1224/1755/1224 1227/1758/1227 1225/1756/1225
f 1226/1757/1226 1295/1806/1295 1227/1758/1227
f 1223/1754/1223 1311/1816/1311 1226/1757/1226
f 1225/1756/1225 1227/1758/1227 1228/1759/1228
f 1228/1759/1228 1231/1762/1231 1229/1760/1229
f 1230/1761/1230 1279/1796/1279 1231/1762/1231
f 1227/1758/1227 1295/1806/1295 1230/1761/1230
f 1229/1760/1229 1231/1762/1231 1232/1763/1232
f 1232/1763/1232 1235/1766/1235 1233/1764/1233
f 1234/1765/1234 1122/1651/1122 1235/1766/1235
f 1231/1762/1231 1279/1796/1279 1234/1765/1234
f 1233/1764/1233 1235/1766/1235 1236/1767/1236
f 1236/1767/1236 1238/1769/1238 1237/1768/1237
f 1124/1653/1124 1097/1632/1097 1238/1769/1238
f 1235/1766/1235 1122/1651/1122 1124/1653/1124
f 1237/1768/1237 1238/1769/1238 1239/1770/1239
f 1239/1770/1239 1241/1772/1241 1240/1771/1240
f 1099/1634/1099 1072/1613/1072 1241/1772/1241
f 1238/1769/1238 1097/1632/1097 1099/1634/1099
f 1240/1771/1240 1241/1772/1241 1242/1773/1242
f 1242/1773/1242 1244/1775/1244 1243/1774/1243
f 1074/1615/1074 1047/1594/1047 1244/1775/1244
f 1241/1772/1241 1072/1613/1072 1074/1615/1074
f 1243/1774/1243 1244/1775/1244 1245/1776/1245
f 1245/1776/1245 1247/1778/1247 1246/1777/1246
f 1049/1596/1049 1030/1579/1030 1247/1778/1247
f 1244/1775/1244 1047/1594/1047 1049/1596/1049
f 1246/1777/1246 1247/1778/1247 1248/1779/1248
f 1248/1779/1248 1132/1661/1132 1127/1656/1127
f 1032/1581/1032 1033/1582/1033 1132/1661/1132
f 1247/1778/1247 1030/1579/1030 1032/1581/1032
f 1137/1666/1137 1138/1667/1138 1252/1780/1252
f 1013/1563/1013 1134/1663/1134 1137/1666/1137
f 1141/1670/1141 1142/1671/1142 1256/1782/1256
f 1252/1780/1252 1138/1667/1138 1141/1670/1141
f 1145/1674/1145 1146/1675/1146 1260/1784/1260
f 1256/1782/1256 1142/1671/1142 1145/1674/1145
f 1149/1678/1149 1150/1679/1150 1264/1786/1264
f 1260/1784/1260 1146/1675/1146 1149/1678/1149
f 1153/1682/1153 1154/1683/1154 1268/1788/1268
f 1264/1786/1264 1150/1679/1150 1153/1682/1153
f 1157/1686/1157 1158/1687/1158 1272/1790/1272
f 1268/1788/1268 1154/1683/1154 1157/1686/1157
f 1033/1582/1033 1035/1584/1035 1273/1792/1273
f 1273/1792/1273 1116/1647/1116 1112/1643/1112
f 1274/1793/1274 1529/1897/1529 1116/1647/1116
f 1035/1584/1035 1479/1844/1479 1274/1793/1274
f 1161/1690/1161 1162/1691/1162 1278/1794/1278
f 1272/1790/1272 1158/1687/1158 1161/1690/1161
f 1279/1796/1279 1282/1799/1282 1280/1797/1280
f 1280/1797/1280 1126/1655/1126 1122/1651/1122
f 1281/1798/1281 1490/1855/1490 1126/1655/1126
f 1282/1799/1282 1494/1859/1494 1281/1798/1281
f 1165/1694/1165 1166/1695/1166 1286/1800/1286
f 1278/1794/1278 1162/1691/1162 1165/1694/1165
f 1169/1698/1169 1170/1699/1170 1290/1802/1290
f 1286/1800/1286 1166/1695/1166 1169/1698/1169
f 1173/1702/1173 1174/1703/1174 1294/1804/1294
f 1290/1802/1290 1170/1699/1170 1173/1702/1173
f 1295/1806/1295 1298/1809/1298 1296/1807/1296
f 1296/1807/1296 1282/1799/1282 1279/1796/1279
f 1297/1808/1297 1494/1859/1494 1282/1799/1282
f 1298/1809/1298 1497/1862/1497 1297/1808/1297
f 1177/1706/1177 1178/1707/1178 1302/1810/1302
f 1294/1804/1294 1174/1703/1174 1177/1706/1177
f 1181/1710/1181 1182/1711/1182 1306/1812/1306
f 1302/1810/1302 1178/1707/1178 1181/1710/1181
f 1185/1714/1185 1186/1715/1186 1310/1814/1310
f 1306/1812/1306 1182/1711/1182 1185/1714/1185
f 1311/1816/1311 1314/1819/1314 1312/1817/1312
f 1312/1817/1312 1298/1809/1298 1295/1806/1295
f 1313/1818/1313 1497/1862/1497 1298/1809/1298
f 1314/1819/1314 1499/1864/1499 1313/1818/1313
f 1189/1718/1189 1190/1719/1190 1318/1820/1318
f 1310/1814/1310 1186/1715/1186 1189/1718/1189
f 1193/1723/1193 1194/1724/1194 1322/1822/1322
f 1318/1824/1318 1190/1721/1190 1193/1723/1193
f 1197/1728/1197 1198/1729/1198 1326/1825/1326
f 1322/1822/1322 1194/1724/1194 1197/1728/1197
f 1327/1827/1327 1330/1830/1330 1328/1828/1328
f 1328/1828/1328 1314/1819/1314 1311/1816/1311
f 1329/1829/1329 1499/1864/1499 1314/1819/1314
f 1330/1830/1330 1503/1868/1503 1329/1829/1329
f 1201/1732/1201 1202/1733/1202 1334/1831/1334
f 1326/1825/1326 1198/1729/1198 1201/1732/1201
f 1205/1736/1205 1206/1737/1206 1338/1833/1338
f 1334/1831/1334 1202/1733/1202 1205/1736/1205
f 1209/1740/1209 1210/1741/1210 1342/1835/1342
f 1338/1833/1338 1206/1737/1206 1209/1740/1209
f 933/1485/933 935/1487/935 1343/1837/1343
f 1343/1837/1343 1330/1830/1330 1327/1827/1327
f 1344/1838/1344 1503/1868/1503 1330/1830/1330
f 935/1487/935 1505/1870/1505 1344/1838/1344
f 1213/1744/1213 1214/1745/1214 1121/1650/1121
f 1342/1835/1342 1210/1741/1210 1213/1744/1213
f 1475/1840/1475 1477/1842/1477 577/1352/577
f 577/1352/577 1477/1842/1477 1476/1841/1476
f 1477/1842/1477 1034/1583/1034 1478/1843/1478
f 1479/1844/1479 1034/1583/1034 1477/1842/1477
f 582/1357/582 1476/1841/1476 1480/1845/1480
f 1480/1845/1480 1482/1847/1482 584/1359/584
f 1480/1845/1480 1050/1597/1050 1481/1846/1481
f 1478/1843/1478 1050/1597/1050 1480/1845/1480
f 1482/1847/1482 1484/1849/1484 586/1361/586
f 586/1361/586 1484/1849/1484 1483/1848/1483
f 1484/1849/1484 1075/1616/1075 1485/1850/1485
f 1481/1846/1481 1075/1616/1075 1484/1849/1484
f 591/1366/591 1483/1848/1483 1486/1851/1486
f 1486/1851/1486 1488/1853/1488 592/1367/592
f 1486/1851/1486 1100/1635/1100 1487/1852/1487
f 1485/1850/1485 1100/1635/1100 1486/1851/1486
f 1488/1853/1488 1489/1854/1489 594/1369/594
f 1489/1854/1489 1491/1856/1491 596/1371/596
f 1489/1854/1489 1125/1654/1125 1490/1855/1490
f 1487/1852/1487 1125/1654/1125 1489/1854/1489
f 596/1371/596 1491/1856/1491 1492/1857/1492
f 598/1373/598 1492/1857/1492 1493/1858/1493
f 1492/1857/1492 1281/1798/1281 1494/1859/1494
f 1490/1855/1490 1281/1798/1281 1492/1857/1492
f 1493/1858/1493 1496/1861/1496 602/1377/602
f 602/1377/602 1496/1861/1496 1495/1860/1495
f 1496/1861/1496 1297/1808/1297 1497/1862/1497
f 1494/1859/1494 1297/1808/1297 1496/1861/1496
f 1495/1860/1495 1498/1863/1498 606/1381/606
f 1498/1863/1498 1500/1865/1500 610/1385/610
f 1498/1863/1498 1313/1818/1313 1499/1864/1499
f 1497/1862/1497 1313/1818/1313 1498/1863/1498
f 1500/1865/1500 1502/1867/1502 612/1387/612
f 612/1387/612 1502/1867/1502 1501/1866/1501
f 1502/1867/1502 1329/1829/1329 1503/1868/1503
f 1499/1864/1499 1329/1829/1329 1502/1867/1502
f 1501/1866/1501 1504/1869/1504 614/1389/614
f 1504/1869/1504 1506/1871/1506 616/1391/616
f 1504/1869/1504 1344/1838/1344 1505/1870/1505
f 1503/1868/1503 1344/1838/1344 1504/1869/1504
f 1506/1871/1506 1507/1872/1507 618/1393/618
f 1507/1872/1507 1509/1874/1509 620/1395/620
f 1507/1872/1507 934/1486/934 1508/1873/1508
f 1505/1870/1505 934/1486/934 1507/1872/1507
f 1509/1874/1509 1510/1875/1510 622/1397/622
f 1510/1875/1510 1512/1877/1512 624/1399/624
f 1510/1875/1510 940/1492/940 1511/1876/1511
f 1509/1874/1509 1508/1873/1508 940/1492/940
f 1512/1877/1512 1514/1879/1514 626/1401/626
f 626/1401/626 1514/1879/1514 1513/1878/1513
f 1514/1879/1514 945/1497/945 1515/1880/1515
f 1511/1876/1511 945/1497/945 1514/1879/1514
f 628/1403/628 1513/1878/1513 1516/1881/1516
f 1516/1881/1516 1518/1883/1518 632/1407/632
f 1516/1881/1516 950/1502/950 1517/1882/1517
f 1515/1880/1515 950/1502/950 1516/1881/1516
f 1518/1883/1518 1520/1885/1520 634/1409/634
f 634/1409/634 1520/1885/1520 1519/1884/1519
f 955/1507/955 1524/1890/1524 1519/1884/1519
f 1517/1882/1517 955/1507/955 1520/1885/1520
f 638/1413/638 1519/1884/1519 1521/1886/1521
f 640/1415/640 1521/1886/1521 1522/1887/1522
f 1521/1886/1521 960/1512/960 1523/1889/1523
f 1524/1890/1524 960/1512/960 1521/1886/1521
f 642/1417/642 1522/1895/1522 1525/1891/1525
f 644/1420/644 1525/1891/1525 1526/1892/1526
f 1525/1891/1525 965/1518/965 1527/1893/1527
f 1523/1894/1523 965/1518/965 1525/1891/1525
f 646/1423/646 1530/1898/1530 1528/1896/1528
f 649/1426/649 1528/1896/1528 1475/1840/1475
f 1528/1896/1528 1274/1793/1274 1479/1844/1479
f 1529/1897/1529 1274/1793/1274 1528/1896/1528
f 1531/1899/1531 1532/1900/1532 650/1427/650
f 650/1427/650 1532/1900/1532 1530/1898/1530
f 1532/1900/1532 1115/1646/1115 1529/1897/1529
f 1533/1901/1533 1115/1646/1115 1532/1900/1532
f 1534/1902/1534 1535/1903/1535 654/1431/654
f 1535/1903/1535 1531/1899/1531 652/1429/652
f 1535/1903/1535 1090/1627/1090 1533/1901/1533
f 1534/1902/1534 1538/1906/1538 1090/1627/1090
f 1536/1904/1536 1537/1905/1537 658/1435/658
f 658/1435/658 1537/1905/1537 1534/1902/1534
f 1537/1905/1537 1065/1608/1065 1538/1906/1538
f 1536/1904/1536 1541/1909/1541 1065/1608/1065
f 1539/1907/1539 1540/1908/1540 662/1439/662
f 1540/1908/1540 1536/1904/1536 660/1437/660
f 1540/1908/1540 1040/1589/1040 1541/1909/1541
f 1539/1907/1539 1543/1911/1543 1040/1589/1040
f 666/1443/666 1545/1913/1545 1542/1910/1542
f 669/1446/669 1542/1910/1542 1539/1907/1539
f 1542/1910/1542 1028/1577/1028 1543/1911/1543
f 1544/1912/1544 1028/1577/1028 1542/1910/1542
f 1546/1914/1546 1547/1915/1547 670/1447/670
f 670/1447/670 1547/1915/1547 1545/1913/1545
f 1547/1915/1547 1023/1572/1023 1544/1912/1544
f 1548/1916/1548 1023/1572/1023 1547/1915/1547
f 1549/1917/1549 1550/1918/1550 674/1451/674
f 1550/1918/1550 1546/1914/1546 672/1449/672
f 1550/1918/1550 1006/1560/1006 1548/1916/1548
f 1551/1919/1551 1006/1560/1006 1550/1918/1550
f 1552/1920/1552 1553/1921/1553 678/1455/678
f 1553/1921/1553 1549/1917/1549 676/1453/676
f 1553/1921/1553 1001/1555/1001 1551/1919/1551
f 1554/1922/1554 1001/1555/1001 1553/1921/1553
f 682/1459/682 1556/1924/1556 1555/1923/1555
f 685/1462/685 1555/1923/1555 1552/1920/1552
f 1555/1923/1555 996/1550/996 1554/1922/1554
f 991/1545/991 996/1550/996 1555/1923/1555
f 1557/1925/1557 1558/1926/1558 686/1463/686
f 1558/1926/1558 1556/1924/1556 682/1459/682
f 990/1544/990 991/1545/991 1556/1924/1556
f 1559/1927/1559 990/1544/990 1558/1926/1558
f 1560/1928/1560 1561/1929/1561 693/1470/693
f 1561/1929/1561 1557/1925/1557 688/1465/688
f 1561/1929/1561 985/1539/985 1559/1927/1559
f 1562/1930/1562 985/1539/985 1561/1929/1561
f 694/1471/694 1565/1933/1565 1563/1931/1563
f 697/1474/697 1563/1931/1563 1560/1928/1560
f 1563/1931/1563 980/1534/980 1562/1930/1562
f 1564/1932/1564 980/1534/980 1563/1931/1563
f 698/1475/698 1568/1936/1568 1566/1934/1566
f 701/1478/701 1566/1934/1566 1565/1933/1565
f 1566/1934/1566 975/1529/975 1564/1932/1564
f 1567/1935/1567 975/1529/975 1566/1934/1566
f 702/1479/702 1526/1892/1526 1569/1937/1569
f 1569/1937/1569 1568/1936/1568 698/1475/698
f 1569/1937/1569 970/1524/970 1567/1935/1567
f 1527/1893/1527 970/1524/970 1569/1937/1569
# Vertices: 1794, normals: 1794, texture coordinates: 1937, faces: 3584

