# Aspose.3D Wavefront OBJ Exporter
# Copyright 2004-2024 Aspose Pty Ltd.
# File created: 12/23/2024 00:51:26

mtllib material.lib
g Object002

#
# object Object002
#

v 6.2824078 37.47017 7.741188
v 6.5579343 37.490307 6.290297
v 5.6559887 37.46776 7.579903
v 6.1985006 37.488922 6.197754
v 5.0784984 37.450768 7.3180313
v 5.8671417 37.47917 6.047494
v 4.5721297 37.419857 6.965634
v 5.576592 37.461437 5.8452916
v 4.1563416 37.376217 6.5362563
v 5.3380165 37.436394 5.598918
v 3.8471131 37.321518 6.046396
v 5.1605835 37.405014 5.317841
v 3.656184 37.2459 5.423096
v 5.051005 37.35957 4.9444556
v 5.6852603 36.881218 10.372962
v 5.9860783 37.257725 9.095204
v 4.481572 36.876583 10.063047
v 5.0730295 37.254204 8.860121
v 3.3719006 36.843937 9.559848
v 4.231299 37.229443 8.478424
v 2.3988936 36.784546 8.882706
v 3.493232 37.18439 7.9647827
v 1.5999408 36.700684 8.057639
v 2.8871934 37.12078 7.338934
v 1.0057456 36.595577 7.1163545
v 2.4364715 37.041054 6.624931
v 0.6390132 36.46243 6.011908
v 2.158242 36.936085 5.7567
v 5.1626153 35.743484 12.570029
v 5.3962708 36.368908 11.595079
v 3.4545882 35.7369 12.130262
v 3.9135613 36.363194 11.213325
v 1.8799713 35.690582 11.416225
v 2.5466645 36.322983 10.593484
v 0.499278 35.6063 10.455362
v 1.3481094 36.24982 9.759376
v -0.63443226 35.487305 9.284598
v 0.36395505 36.146523 8.743053
v -1.4775895 35.33816 7.94892
v -0.3679771 36.01705 7.5835733
v -1.9978796 35.157463 6.444918
v -0.81966823 35.857246 6.2553663
v 4.883918 34.52454 13.640662
v 5.0278 35.02765 13.10628
v 2.9145331 34.518326 13.137655
v 3.1902397 35.02057 12.6331625
v 1.0970592 34.46632 12.318064
v 1.4962081 34.97073 11.86498
v -0.49838874 34.370457 11.212948
v 0.01080688 34.880062 10.831244
v -1.8100765 34.234375 9.864482
v -1.2088821 34.75204 9.571691
v -2.7870893 34.06327 8.324348
v -2.115985 34.59159 8.134717
v -3.3913658 33.860775 6.62925
v -2.675698 34.400024 6.538412
v 4.3074183 34.88527 15.734988
v 4.6230617 34.537285 14.609999
v 1.8369156 34.88434 15.124234
v 2.4214866 34.5343 14.059367
v -0.4525797 34.826115 14.114576
v 0.38421816 34.48021 13.15381
v -2.4714134 34.712418 12.742129
v -1.4093823 34.37683 11.926402
v -4.1393547 34.547314 11.057767
v -2.888692 34.227936 10.423121
v -5.3891406 34.336975 9.125379
v -3.9948404 34.039143 8.701197
v -6.1693196 34.08771 7.0063667
v -4.6831307 33.81556 6.8108363
v 3.218816 38.839714 19.17436
v 3.2773056 38.186134 19.005823
v 3.3556356 37.68517 18.753662
v -0.13967559 38.826607 18.309454
v -0.025549617 38.173405 18.155437
v 0.123556174 37.673058 17.922512
v -3.2364302 38.735477 16.905127
v -3.0704236 38.08383 16.77469
v -2.8565474 37.58576 16.572279
v -5.95191 38.56972 15.015342
v -5.740303 37.92086 14.916647
v -5.4700813 37.426605 14.754746
v -8.181641 38.335682 12.712734
v -7.932585 37.69075 12.652706
v -7.6165123 37.201706 12.539681
v -9.839924 38.04235 10.085782
v -9.563018 37.402348 10.069876
v -9.21322 36.9197 10.0121765
v -10.863041 37.701004 7.2354455
v -10.56895 37.066734 7.267408
v -10.198705 36.591362 7.268945
v 3.0371163 41.62967 19.589224
v 3.127077 40.08473 19.405045
v -0.49072403 41.61506 18.679714
v -0.31652933 40.070797 18.517641
v -3.7458875 41.51893 17.202915
v -3.4935179 39.977215 17.076756
v -6.6013994 41.34459 15.215594
v -6.2796974 39.807144 15.1377735
v -8.946207 41.098473 12.794137
v -8.567476 39.56701 12.775217
v -10.690086 40.790005 10.031603
v -10.268937 39.266045 10.079873
v -11.7660055 40.431038 7.0341496
v -11.3186865 38.915813 7.15533
v 2.9672947 44.729977 19.49256
v 2.9839635 43.18303 19.618244
v -0.63287884 44.715744 18.565199
v -0.59687275 43.168457 18.695375
v -3.9478128 44.616905 17.0595
v -3.8977318 43.070496 17.196932
v -6.8584843 44.43899 15.033255
v -6.7947397 42.893517 15.180462
v -9.249233 44.18805 12.564359
v -9.173948 42.643787 12.723484
v -11.027274 43.87354 9.7477
v -10.943407 42.330795 9.920422
v -12.124271 43.50754 6.691525
v -12.035113 41.966564 6.878998
v 3.0419524 47.745625 18.781887
v 2.9867876 46.255688 19.21263
v -0.4896636 47.731796 17.872341
v -0.596652 46.241657 18.289742
v -3.7401414 47.6347 16.395582
v -3.8949053 46.143154 16.791317
v -6.5947404 47.460175 14.408273
v -6.7913933 45.966064 14.774853
v -8.939552 47.214058 11.986818
v -9.170605 45.71634 12.317874
v -10.683426 46.905586 9.22428
v -10.9400625 45.403343 9.514811
v -11.75935 46.54662 6.2268295
v -12.031767 45.039116 6.473388
v 3.256788 50.56103 17.48452
v 3.1322985 49.185272 18.203766
v -0.06986041 50.547993 16.627752
v -0.3133909 49.171772 17.316345
v -3.1313846 50.456455 15.236677
v -3.4846544 49.077003 15.875506
v -5.8202953 50.292034 13.364671
v -6.269794 48.906723 13.936536
v -8.029062 50.060204 11.08371
v -8.557573 48.666584 11.573975
v -9.671755 49.76963 8.481456
v -10.259033 48.365623 8.8786335
v -10.685249 49.431496 5.6579175
v -11.308784 48.01539 5.9540896
v 3.6044545 53.067802 15.650322
v 3.4143832 51.859314 16.630419
v 0.6105235 53.05608 14.879249
v 0.23889881 51.846855 15.81257
v -2.1449304 52.973724 13.627313
v -2.6832623 51.759422 14.48469
v -4.5649133 52.82576 11.942549
v -5.2499814 51.60247 12.6977215
v -6.552748 52.617115 9.889737
v -7.3584104 51.38116 10.520374
v -8.031136 52.355606 7.547772
v -8.926481 51.103786 8.036334
v -8.943258 52.051292 5.0066557
v -9.893937 50.78101 5.3410583
v 4.0757957 55.168743 13.349807
v 3.8263674 54.174187 14.553087
v 1.5290217 55.158905 12.6940565
v 1.0426399 54.16335 13.836232
v -0.81816506 55.089672 11.62934
v -1.5210104 54.0872 12.672315
v -2.8768358 54.963974 10.196562
v -3.7711487 53.949707 11.106021
v -4.5673504 54.78653 8.450789
v -5.619202 53.755726 9.197561
v -5.8246164 54.564137 6.4591117
v -6.99363 53.51261 7.020281
v -6.6003118 54.305336 4.2980695
v -7.841608 53.229694 4.6578526
v 4.642528 56.785217 10.6713
v 4.348412 56.041763 12.051563
v 2.6414392 56.777504 10.15608
v 2.0634396 56.032955 11.463254
v 0.7966512 56.723236 9.319532
v -0.043056894 55.97099 10.50803
v -0.8209364 56.624496 8.193806
v -1.8901242 55.858246 9.222602
v -2.149169 56.485085 6.8221617
v -3.4067826 55.699047 7.656369
v -3.1369944 56.310352 5.257311
v -4.5347443 55.499523 5.869522
v -3.7464542 56.10701 3.559391
v -5.2306647 55.26734 3.9307272
v 5.2870765 57.854233 7.7177725
v 4.956453 57.391098 9.221951
v 3.9087033 57.84892 7.362883
v 3.2585669 57.38455 8.784798
v 2.6379933 57.811535 6.7866592
v 1.6932988 57.338505 8.075
v 1.5237781 57.743526 6.011246
v 0.32080325 57.254726 7.119842
v 0.6088777 57.64749 5.066441
v -0.806175 57.136436 5.956027
v -0.07154839 57.527134 3.9885533
v -1.6443278 56.98818 4.62828
v -0.49135157 57.387074 2.8190064
v -2.1614423 56.815647 3.1876264
v 5.9705915 58.337105 4.6685057
v 5.631288 58.169468 6.1730223
v 5.253263 58.33434 4.4838157
v 4.585734 58.16544 5.9038234
v 4.591966 58.314884 4.18394
v 3.621848 58.137085 5.4667344
v 4.012111 58.27949 3.7804024
v 2.7766705 58.08549 4.878551
v 3.5359828 58.229515 3.2887113
v 2.0826802 58.012653 4.1618776
v 3.1818788 58.16687 2.7277615
v 1.5665491 57.92135 3.3442554
v 2.9634058 58.093987 2.1191113
v 1.2481097 57.815113 2.4571056
v 6.286493 58.357426 3.2850304
v 5.874897 58.355843 3.1790566
v 5.49545 58.344677 3.0069904
v 5.162735 58.324368 2.7754445
v 4.889536 58.2957 2.493316
v 4.686355 58.259754 2.1714485
v 4.560997 58.21793 1.8222103
v 3.7238324 36.055336 17.590036
v 3.9991732 35.38785 16.736332
v 0.7997487 36.047504 16.847301
v 1.2866354 35.384274 16.058195
v -1.9007214 35.971714 15.6341505
v -1.2235994 35.31773 14.942733
v -4.2731323 35.830715 13.996129
v -3.4337244 35.19045 13.430655
v -6.225256 35.6298 11.995435
v -5.2566853 35.00708 11.578582
v -7.680809 35.376625 9.708618
v -6.6199074 34.774532 9.457013
v -8.582481 35.080326 7.2193446
v -7.4682426 34.50056 7.139037
v 3.5068986 36.898006 18.272108
v 0.40535623 36.887424 17.477604
v -2.455842 36.804718 16.184715
v -4.9664745 36.652992 14.442698
v -7.0296345 36.438034 12.318194
v -8.565531 36.168068 9.892716
v -9.514591 35.853245 7.257786
v 2.062777 36.74981 4.3067737
v 0.5135594 36.25309 4.3782825
v -0.97388506 35.628506 4.4664335
v -2.1752648 34.917534 4.5648913
v -4.921482 33.55601 4.755147
v -11.675777 38.5311 4.1242933
v -12.406497 41.56642 3.726412
v -11.665872 47.63067 2.9230533
v -10.222986 50.42656 2.5484483
v -6.864013 54.021408 2.0610301
v 2.8870718 58.014843 1.4964938
v 4.5033183 58.17238 1.4695038
v -8.891808 34.750473 4.612689
v -9.838449 35.505722 4.51662
v 6.2713876 36.561253 0.7698536
v 6.551412 36.952362 2.164327
v 5.6454782 36.600876 0.931026
v 6.1922708 36.975105 2.2568061
v 5.068815 36.65216 1.1927952
v 5.8613863 37.004528 2.4070072
v 4.563561 36.71313 1.5451013
v 5.5714765 37.039513 2.6091573
v 4.14913 36.781445 1.9744053
v 5.333679 37.07871 2.8554883
v 3.8414505 36.854473 2.46421
v 5.1571355 37.120613 3.136533
v 3.652492 36.941383 3.0874755
v 5.048738 37.17253 3.5098994
v 5.666309 35.318172 -1.6154733
v 5.97094 36.009186 -0.4809556
v 4.4636 35.394318 -1.3057745
v 5.0586348 36.066948 -0.24603471
v 3.3555198 35.49286 -0.80277306
v 4.2181106 36.141697 0.1355112
v 2.3846533 35.610016 -0.12580486
v 3.481667 36.23056 0.64902097
v 1.5883079 35.74128 0.69912064
v 2.8776066 36.33013 1.2747604
v 0.9970888 35.88161 1.640298
v 2.4291427 36.43658 1.9886829
v 0.6338494 36.03645 2.744679
v 2.1536577 36.558002 2.8568645
v 5.1373086 33.65624 -3.438935
v 5.3737345 34.510193 -2.6610742
v 3.4306717 33.76429 -2.9994726
v 3.892232 34.603992 -2.2795846
v 1.858311 33.904125 -2.2857187
v 2.5272942 34.725376 -1.65999
v 0.48065576 34.070366 -1.3251023
v 1.3313748 34.86969 -0.82609415
v -0.649353 34.25663 -0.15454105
v 0.35043392 35.03138 0.1900507
v -1.4882878 34.45576 1.1809868
v -0.37783334 35.204243 1.3493999
v -2.0038247 34.667233 2.6848955
v -0.8253237 35.39077 2.6775281
v 4.855787 32.20436 -4.1548553
v 5.001122 32.827293 -3.7702253
v 2.8879912 32.32924 -3.6524227
v 3.1650565 32.94354 -3.2974374
v 1.0731083 32.490875 -2.8333793
v 1.4734533 33.09398 -2.5295577
v -0.51884717 32.68312 -1.7287678
v -0.008679826 33.272827 -1.4960877
v -1.826274 32.898605 -0.38074386
v -1.2243869 33.473217 -0.23675232
v -2.798417 33.129055 1.1590253
v -2.1269462 33.687447 1.2000582
v -3.397332 33.368538 2.8538537
v -2.681613 33.91212 2.796264
v 4.2726364 32.01658 -6.2675643
v 4.5919156 31.968449 -5.0927196
v 1.8040632 32.17467 -5.6586246
v 2.3920803 32.10888 -4.5433617
v -0.48224324 32.37949 -4.6507816
v 0.3576726 32.290756 -3.6390655
v -2.4967427 32.623447 -3.2800686
v -1.4320496 32.507282 -2.4128587
v -4.1593614 32.89735 -1.5973039
v -2.906609 32.750237 -0.91067344
v -5.403043 33.190716 0.33368215
v -4.007317 33.010326 0.8102991
v -6.1765194 33.493855 2.451539
v -4.6896286 33.27957 2.6998851
v 3.1717355 34.956608 -10.608658
v 3.2310157 34.368294 -10.276634
v 3.310335 33.948845 -9.903578
v -0.18402235 35.168957 -9.744317
v -0.06915162 34.577232 -9.426841
v 0.080883116 34.153378 -9.073062
v -3.2763393 35.44395 -8.340535
v -3.1096618 34.84763 -8.0466385
v -2.8949533 34.418087 -7.7234173
v -5.9858418 35.770912 -6.4512386
v -5.773667 35.1691 -6.189073
v -5.5027432 34.732807 -5.906406
v -8.208295 36.13725 -4.1490307
v -7.95879 35.529285 -3.9255254
v -7.642171 35.08545 -3.6917806
v -9.858275 36.52888 -1.5223761
v -9.58106 35.914345 -1.3429857
v -9.2308855 35.46247 -1.1646076
v -10.87238 36.930763 1.3277783
v -10.578134 36.309475 1.4593025
v -10.207701 35.84943 1.578408
v 2.987604 37.545982 -11.732229
v 3.078769 36.10045 -11.153977
v -0.53736216 37.76848 -10.823125
v -0.36203203 36.317856 -10.267046
v -3.7878585 38.057377 -9.346835
v -3.5344644 36.59993 -8.826705
v -6.637085 38.401188 -7.360018
v -6.314516 36.9354 -6.8882213
v -8.974239 38.78643 -4.938985
v -8.594827 37.311275 -4.526074
v -10.709386 39.19828 -2.1767602
v -10.287764 37.713104 -1.831037
v -11.775827 39.620907 0.820501
v -11.328272 38.125446 1.0933195
v 2.9168103 40.566227 -12.442974
v 2.9337244 39.03939 -12.163026
v -0.68043107 40.793736 -11.516179
v -0.6441961 39.265408 -11.240635
v -3.9906025 41.08748 -10.010814
v -3.9403167 39.55812 -9.74261
v -6.8948746 41.437866 -7.9850483
v -6.830952 39.906895 -7.7266335
v -9.277814 41.83066 -5.5165815
v -9.202394 40.297794 -5.2700834
v -11.046949 42.250576 -2.7002401
v -10.96299 40.715683 -2.4673371
v -12.134289 42.68148 0.35573834
v -12.045082 41.14451 0.5738922
v 2.9924397 43.661934 -12.539616
v 2.9365485 42.112045 -12.568658
v -0.5363011 43.8852 -11.630657
v -0.6439747 42.338593 -11.646363
v -3.78211 44.173145 -10.154188
v -3.9374902 42.630775 -10.148237
v -6.6304283 44.51677 -8.167341
v -6.827606 42.979446 -8.132242
v -8.967586 44.902016 -5.7463074
v -9.19905 43.370342 -5.6756907
v -10.702724 45.313858 -2.9840815
v -10.959644 43.78823 -2.872946
v -11.769173 45.73649 0.013178628
v -12.041734 44.217056 0.16828388
v 3.2101495 46.71443 -12.018509
v 3.08399 45.200977 -12.355399
v -0.11379108 46.924732 -11.162288
v -0.35889357 45.418804 -11.468547
v -3.1709163 47.195892 -9.77147
v -3.5256004 45.69971 -10.027985
v -5.853911 47.51957 -7.899898
v -6.3046126 46.034977 -8.089462
v -8.055465 47.882465 -5.6193337
v -8.584925 46.410843 -5.727315
v -9.689932 48.270412 -3.0173717
v -10.27786 46.81268 -3.0322776
v -10.6945 48.668518 -0.19401543
v -11.318364 47.225025 -0.10792046
v 3.562484 49.606224 -10.899637
v 3.3698657 48.18757 -11.53147
v 0.5709895 49.795498 -10.129059
v 0.19696556 48.388306 -10.714142
v -2.1805067 50.039566 -8.877362
v -2.7209973 48.6471 -9.386492
v -4.5951614 50.33087 -7.1929903
v -5.282068 48.95606 -7.5999346
v -6.5765076 50.657467 -5.140537
v -7.3836136 49.302464 -5.422968
v -8.047491 51.006622 -2.7988358
v -8.943832 49.6728 -2.939207
v -8.95158 51.3649 -0.25788066
v -9.902767 50.052814 -0.2441048
v 4.0401077 52.225338 -9.225839
v 3.7873514 50.956223 -10.128375
v 1.4954075 52.38643 -8.570538
v 1.0058889 51.132248 -9.411993
v -0.8484158 52.594784 -7.506204
v -1.5540814 51.35956 -8.248389
v -2.9025543 52.84265 -6.073789
v -3.7992687 51.63044 -6.6824746
v -4.5875525 53.120388 -4.328322
v -5.6412883 51.934074 -4.7743454
v -5.838518 53.417316 -2.3368673
v -7.008829 52.25867 -2.5973127
v -6.6073833 53.72201 -0.17596334
v -7.8493423 52.59176 -0.23503505
v 4.6144953 54.473175 -7.0618215
v 4.3163977 53.40135 -8.200184
v 2.6150353 54.599766 -6.5469584
v 2.0332856 53.54589 -7.6122823
v 0.7728906 54.76359 -5.710743
v -0.070190944 53.732956 -6.6574364
v -0.84113806 54.958363 -4.5853043
v -1.9131953 53.955357 -5.3723397
v -2.1650321 55.176582 -3.2138972
v -3.4249027 54.204536 -3.8063786
v -3.1479115 55.409874 -1.6492239
v -4.5472164 54.470924 -2.0197315
v -3.7520032 55.649273 0.048588194
v -5.2370048 54.74428 -0.08106132
v 5.2677784 56.26251 -4.490588
v 4.9326735 55.42978 -5.8211503
v 3.890526 56.3497 -4.1359453
v 3.2361674 55.537186 -5.3843
v 2.621637 56.462547 -3.5599487
v 1.6731442 55.67619 -4.6747856
v 1.5098736 56.596706 -2.784734
v 0.30366805 55.841446 -3.7198722
v 0.5979599 56.747025 -1.840094
v -0.819631 56.026608 -2.5562587
v -0.079058684 56.907715 -0.7623273
v -1.6535863 56.22455 -1.2286617
v -0.49516532 57.072617 0.4071451
v -2.166148 56.427673 0.21189988
v 5.960563 57.510036 -1.6750206
v 5.616657 56.962727 -3.082541
v 5.2438197 57.555412 -1.4904586
v 4.571954 57.02887 -2.813529
v 4.5834703 57.61414 -1.1907
v 3.6094494 57.114468 -2.3766127
v 4.00489 57.683956 -0.787267
v 2.766131 57.216236 -1.7885805
v 3.5303168 57.762184 -0.29566115
v 2.0744064 57.33025 -1.0720311
v 3.177986 57.84581 0.26522484
v 1.5608594 57.452145 -0.25450125
v 2.9614372 57.931625 0.8738367
v 1.2452261 57.57723 0.63259226
v 6.280752 57.88401 -0.34603375
v 5.8694925 57.910046 -0.2401337
v 5.4905887 57.94375 -0.06813589
v 5.158605 57.983803 0.16335115
v 4.8862987 58.02869 0.44542977
v 4.6841345 58.07668 0.7672624
v 4.5598817 58.125916 1.1164784
v 3.682812 32.672092 -8.359102
v 3.9610772 32.24577 -7.3631315
v 0.76107544 32.857796 -7.6174397
v 1.2506814 32.41881 -6.6865783
v -1.9355612 33.09821 -6.4053326
v -1.2560298 32.64293 -5.5726857
v -4.302798 33.384212 -4.768286
v -3.461377 32.909748 -4.0621047
v -6.2485924 33.704887 -2.7684627
v -5.278485 33.209145 -2.2113972
v -7.696916 34.04792 -0.4823781
v -6.6349998 33.52966 -0.09101497
v -8.59072 34.400654 2.0063293
v -7.476009 33.859997 2.2259963
v 3.4634156 33.311615 -9.235159
v 0.36438417 33.50811 -8.441431
v -2.4927282 33.762436 -7.1492805
v -4.997855 34.064873 -5.4079313
v -7.054295 34.40382 -3.2840064
v -8.582531 34.766266 -0.8589916
v -9.523258 35.138477 1.7756082
v 3.5893717 37.09547 4.255293
v 5.007083 37.266754 4.227248
v -3.598007 33.62107 4.7414856
v -2.8662882 34.161648 4.667321
v -6.4413223 33.80104 4.728627
v -11.211055 37.326088 4.2815814
v -10.91111 36.698135 4.3633256
v -10.5341625 36.230324 4.423635
v -12.132012 40.0367 3.927293
v -12.497463 43.10545 3.5235991
v -12.125353 46.152283 3.1199715
v -12.403151 44.638973 3.320803
v -11.029987 49.06011 2.7319214
v -9.253449 51.717186 2.3743603
v -8.129946 52.919178 2.2113836
v -3.953513 55.88422 1.8039708
v -5.467184 55.01275 1.9248122
v -0.63378674 57.23402 1.6130632
v -2.3370385 56.626812 1.6997477
v 1.1402166 57.699333 1.5448388
v -7.762096 34.19072 4.6822495
v 6.8622923 38.819874 19.385592
v 6.8622923 38.166603 19.213493
v 6.8622923 40.064445 19.621792
v 6.8622923 41.60892 19.811394
v 6.8622923 43.161907 19.843695
v 6.8622923 44.70866 19.719133
v 6.8622923 46.23444 19.43813
v 6.8622923 47.72468 19.004139
v 6.8622923 49.164837 18.42062
v 6.8622923 50.541298 17.69389
v 6.8622923 51.840477 16.830275
v 6.8622923 53.050045 15.838742
v 6.8622923 54.15768 14.728259
v 6.8622923 55.15364 13.510038
v 6.8622923 56.02822 12.1953
v 6.8622923 56.77337 10.797152
v 6.8622923 57.38106 9.328697
v 6.8622923 57.846104 7.8043838
v 6.8622923 58.163334 6.238656
v 6.8622923 58.335533 4.7807837
v 6.8622923 58.3316 3.347649
v 6.8622923 37.470005 7.8570533
v 6.8622923 37.252094 9.153133
v 6.8622923 36.87385 10.449209
v 6.8622923 36.359875 11.688912
v 6.8622923 35.73311 12.678056
v 6.8622923 35.016502 13.222467
v 6.8622923 34.511982 13.763173
v 6.8622923 34.52147 14.7412
v 6.8622923 34.866474 15.878602
v 6.8622923 37.665897 18.9564
v 6.8622923 35.3685 16.897425
v 6.8622923 36.0364 17.769135
v 6.8622923 36.879013 18.465202
v 6.8622923 34.292595 -10.49854
v 6.8622923 34.879635 -10.834346
v 6.8622923 36.02154 -11.38554
v 6.8622923 37.46515 -11.969555
v 6.8622923 38.95731 -12.403799
v 6.8622923 40.483658 -12.684876
v 6.8622923 42.029842 -12.809368
v 6.8622923 43.580917 -12.7768345
v 6.8622923 45.121918 -12.586838
v 6.8622923 46.638107 -12.241955
v 6.8622923 48.11471 -11.744762
v 6.8622923 49.537537 -11.100734
v 6.8622923 50.89236 -10.3153305
v 6.8622923 52.166924 -9.396858
v 6.8622923 53.34894 -8.353634
v 6.8622923 54.4273 -7.1962357
v 6.8622923 55.390865 -5.9352384
v 6.8622923 56.230934 -4.5832524
v 6.8622923 56.93881 -3.1528966
v 6.8622923 57.47892 -1.7891018
v 6.8622923 57.84966 -0.40443
v 6.8622923 36.530815 0.65385777
v 6.8622923 35.988026 -0.5417639
v 6.8622923 35.290325 -1.6957657
v 6.8622923 34.47594 -2.7600782
v 6.8622923 33.61681 -3.5530477
v 6.8622923 32.78489 -3.893033
v 6.8622923 32.158833 -4.2844787
v 6.8622923 31.91728 -5.2318225
v 6.8622923 31.959036 -6.4202166
v 6.8622923 33.87474 -10.120215
v 6.8622923 32.1829 -7.5347934
v 6.8622923 32.604733 -8.550291
v 6.8622923 33.240402 -9.441445
v 6.8622923 36.927486 2.1373353
v 6.8622923 37.465424 6.3217893
v 6.8622923 58.254704 1.4501598
v 6.8622923 37.24731 4.2230153
v 7.4421763 37.47017 7.741188
v 8.068596 37.46776 7.579903
v 7.5260835 37.488922 6.1977544
v 7.1666503 37.490307 6.290297
v 8.646086 37.450768 7.3180313
v 7.8574424 37.47917 6.047494
v 9.152454 37.419857 6.965634
v 8.147992 37.461437 5.8452916
v 9.568242 37.376217 6.5362563
v 8.386568 37.436394 5.598918
v 9.877471 37.321518 6.046396
v 8.564 37.405014 5.317841
v 10.0684 37.2459 5.423096
v 8.673579 37.35957 4.9444556
v 10.135212 37.09547 4.255293
v 8.717502 37.266754 4.227248
v 7.738506 37.257725 9.095204
v 8.651554 37.254204 8.860121
v 8.039324 36.881218 10.372962
v 9.243012 36.876583 10.063047
v 9.493285 37.229443 8.478424
v 10.352683 36.843937 9.559848
v 10.231352 37.18439 7.9647827
v 11.32569 36.784546 8.882706
v 10.837391 37.12078 7.338934
v 12.124643 36.700684 8.057639
v 11.288113 37.041054 6.624931
v 12.718839 36.595577 7.1163545
v 11.566342 36.936085 5.7567
v 13.085571 36.46243 6.011908
v 11.661807 36.74981 4.3067737
v 13.211024 36.25309 4.3782825
v 8.328314 36.368908 11.595079
v 9.811023 36.363194 11.213325
v 8.561969 35.743484 12.570029
v 10.269996 35.7369 12.130261
v 11.177919 36.322983 10.593484
v 11.844612 35.690582 11.416225
v 12.376474 36.24982 9.759376
v 13.225306 35.6063 10.455362
v 13.360629 36.146523 8.743053
v 14.359015 35.487305 9.284598
v 14.092561 36.01705 7.5835733
v 15.202173 35.33816 7.9489193
v 14.544251 35.857246 6.2553663
v 15.722465 35.157463 6.444918
v 14.698468 35.628506 4.4664335
v 15.899851 34.917534 4.5648913
v 8.696784 35.02765 13.106281
v 10.534345 35.02057 12.6331625
v 8.840667 34.52454 13.640663
v 10.810051 34.518326 13.137656
v 12.228376 34.97073 11.86498
v 12.627524 34.46632 12.318065
v 13.713778 34.880062 10.831244
v 14.222973 34.370457 11.212948
v 14.933465 34.75204 9.571691
v 15.534661 34.234375 9.864482
v 15.840569 34.59159 8.134717
v 16.511673 34.06327 8.324348
v 16.400282 34.400024 6.538412
v 17.11595 33.860775 6.62925
v 16.590872 34.161648 4.667321
v 17.322592 33.62107 4.7414856
v 9.101522 34.537285 14.61
v 11.303097 34.5343 14.059368
v 9.417166 34.88527 15.734989
v 11.887669 34.88434 15.124234
v 13.340365 34.48021 13.15381
v 14.177164 34.826115 14.114577
v 15.133966 34.37683 11.926402
v 16.195997 34.712418 12.742128
v 16.613276 34.227936 10.423121
v 17.863941 34.547314 11.057767
v 17.719425 34.039143 8.701198
v 19.113726 34.336975 9.125379
v 18.407715 33.81556 6.8108363
v 19.893904 34.08771 7.0063667
v 18.646069 33.55601 4.755147
v 20.165907 33.80104 4.728627
v 10.368948 37.68517 18.753662
v 10.447278 38.186134 19.005823
v 13.7501335 38.173405 18.15544
v 13.6010275 37.673058 17.922512
v 10.505768 38.839714 19.17436
v 13.86426 38.826607 18.309456
v 16.79501 38.08383 16.774693
v 16.581131 37.58576 16.572279
v 16.961014 38.735477 16.905127
v 19.46489 37.92086 14.916647
v 19.194668 37.426605 14.754746
v 19.676495 38.56972 15.015342
v 21.657171 37.69075 12.652706
v 21.341097 37.201706 12.539681
v 21.906227 38.335682 12.712734
v 23.287601 37.402348 10.069876
v 22.937803 36.9197 10.0121765
v 23.564508 38.04235 10.085782
v 24.293533 37.066734 7.267408
v 23.923288 36.591362 7.268945
v 24.587626 37.701004 7.2354455
v 24.635695 36.698135 4.3633256
v 24.258747 36.230324 4.423635
v 24.935637 37.326088 4.2815814
v 10.5975065 40.08473 19.405046
v 14.041113 40.070797 18.517641
v 10.687468 41.62967 19.589224
v 14.215308 41.61506 18.679716
v 17.218102 39.977215 17.076756
v 17.470472 41.51893 17.202915
v 20.004284 39.807144 15.137774
v 20.325983 41.34459 15.215594
v 22.292063 39.56701 12.775216
v 22.670792 41.098473 12.794137
v 23.99352 39.266045 10.079873
v 24.41467 40.790005 10.031603
v 25.04327 38.915813 7.15533
v 25.49059 40.431038 7.0341496
v 25.400362 38.5311 4.1242933
v 25.856594 40.0367 3.927293
v 10.740621 43.18303 19.618246
v 14.321457 43.168457 18.695377
v 10.757289 44.729977 19.49256
v 14.357463 44.715744 18.5652
v 17.622316 43.070496 17.196932
v 17.672398 44.616905 17.0595
v 20.519323 42.893517 15.180462
v 20.58307 44.43899 15.033257
v 22.898533 42.643787 12.723483
v 22.973818 44.18805 12.56436
v 24.66799 42.330795 9.920422
v 24.751858 43.87354 9.7477
v 25.759697 41.966564 6.878998
v 25.848856 43.50754 6.691525
v 26.13108 41.56642 3.726412
v 26.222048 43.10545 3.5235991
v 10.737796 46.255688 19.212631
v 14.321236 46.241657 18.289742
v 10.6826315 47.745625 18.781889
v 14.214248 47.731796 17.872341
v 17.619492 46.143154 16.791317
v 17.464725 47.6347 16.395582
v 20.515978 45.966064 14.774854
v 20.319324 47.460175 14.408274
v 22.89519 45.71634 12.317874
v 22.664137 47.214058 11.986818
v 24.664646 45.403343 9.514811
v 24.408012 46.905586 9.22428
v 25.756351 45.039116 6.473388
v 25.483934 46.54662 6.2268295
v 26.127735 44.638973 3.320803
v 25.84994 46.152283 3.1199715
v 10.592285 49.185272 18.203768
v 14.037975 49.171772 17.316345
v 10.467796 50.56103 17.484522
v 13.794444 50.547993 16.627754
v 17.209238 49.077003 15.875506
v 16.855968 50.456455 15.236678
v 19.994379 48.906723 13.936536
v 19.54488 50.292034 13.364672
v 22.28216 48.666584 11.573975
v 21.753647 50.060204 11.08371
v 23.983616 48.365623 8.8786335
v 23.39634 49.76963 8.481456
v 25.033365 48.01539 5.9540896
v 24.409834 49.431496 5.6579175
v 25.390453 47.63067 2.9230533
v 24.754572 49.06011 2.7319214
v 10.310201 51.859314 16.63042
v 13.485684 51.846855 15.81257
v 10.12013 53.067802 15.650323
v 13.11406 53.05608 14.879249
v 16.407846 51.759422 14.48469
v 15.869514 52.973724 13.627313
v 18.974566 51.60247 12.6977215
v 18.289497 52.82576 11.942549
v 21.082994 51.38116 10.520374
v 20.277332 52.617115 9.889737
v 22.651068 51.103786 8.036333
v 21.75572 52.355606 7.547772
v 23.61852 50.78101 5.3410583
v 22.667843 52.051292 5.0066557
v 23.94757 50.42656 2.5484483
v 22.978031 51.717186 2.3743603
v 9.898216 54.174187 14.553088
v 12.681944 54.16335 13.836233
v 9.648788 55.168743 13.349808
v 12.195561 55.158905 12.6940565
v 15.245594 54.0872 12.672315
v 14.542749 55.089672 11.62934
v 17.495735 53.949707 11.106021
v 16.60142 54.963974 10.196562
v 19.343786 53.755726 9.197561
v 18.291937 54.78653 8.450789
v 20.718214 53.51261 7.020281
v 19.5492 54.564137 6.4591117
v 21.566195 53.229694 4.6578526
v 20.324896 54.305336 4.2980695
v 21.85453 52.919178 2.2113836
v 20.588598 54.021408 2.0610301
v 9.376172 56.041763 12.051563
v 11.661144 56.032955 11.463254
v 9.082056 56.785217 10.6713
v 11.083145 56.777504 10.15608
v 13.76764 55.97099 10.50803
v 12.927933 56.723236 9.319532
v 15.614708 55.858246 9.222602
v 14.545521 56.624496 8.193806
v 17.131367 55.699047 7.656369
v 15.873753 56.485085 6.8221617
v 18.25933 55.499523 5.869522
v 16.861578 56.310352 5.257311
v 18.95525 55.26734 3.9307272
v 17.471039 56.10701 3.559391
v 19.19177 55.01275 1.9248122
v 17.678097 55.88422 1.8039708
v 8.768131 57.391098 9.221951
v 10.466017 57.38455 8.784798
v 8.437508 57.854233 7.7177725
v 9.815881 57.84892 7.362883
v 12.031285 57.338505 8.075
v 11.086591 57.811535 6.7866592
v 13.403781 57.254726 7.119842
v 12.200806 57.743526 6.011246
v 14.530759 57.136436 5.956027
v 13.115706 57.64749 5.066441
v 15.368911 56.98818 4.62828
v 13.796132 57.527134 3.9885533
v 15.886028 56.815647 3.1876264
v 14.215936 57.387074 2.8190064
v 16.061623 56.626812 1.6997477
v 14.358371 57.23402 1.6130632
v 8.093296 58.169468 6.1730223
v 9.13885 58.16544 5.9038234
v 7.753993 58.337105 4.6685057
v 8.471321 58.33434 4.4838157
v 10.1027355 58.137085 5.4667344
v 9.132618 58.314884 4.18394
v 10.947913 58.08549 4.878551
v 9.712473 58.27949 3.7804024
v 11.641904 58.012653 4.1618776
v 10.1886015 58.229515 3.2887113
v 12.158035 57.92135 3.3442554
v 10.542706 58.16687 2.7277615
v 12.476474 57.815113 2.4571056
v 10.761178 58.093987 2.1191113
v 12.584368 57.699333 1.5448388
v 10.837512 58.014843 1.4964938
v 7.4380913 58.357426 3.2850304
v 7.8496876 58.355843 3.1790566
v 8.229135 58.344677 3.0069904
v 8.561849 58.324368 2.7754445
v 8.835048 58.2957 2.493316
v 9.038229 58.259754 2.1714485
v 9.163588 58.21793 1.8222103
v 9.72541 35.38785 16.736332
v 12.437948 35.384274 16.058195
v 10.0007515 36.055336 17.590036
v 12.924835 36.047504 16.847303
v 14.948183 35.31773 14.942734
v 15.625305 35.971714 15.6341505
v 17.158308 35.19045 13.4306555
v 17.997719 35.830715 13.996129
v 18.981272 35.00708 11.578582
v 19.94984 35.6298 11.995435
v 20.344492 34.774532 9.457013
v 21.405394 35.376625 9.708618
v 21.19283 34.50056 7.139037
v 22.307066 35.080326 7.2193446
v 21.486681 34.19072 4.6822495
v 22.616392 34.750473 4.612689
v 10.217686 36.898006 18.272108
v 13.319228 36.887424 17.477604
v 16.180426 36.804718 16.184717
v 18.69106 36.652992 14.442698
v 20.75422 36.438034 12.318194
v 22.290117 36.168068 9.892716
v 23.239176 35.853245 7.257786
v 23.563032 35.505722 4.51662
v 9.221266 58.17238 1.4695038
v 7.453197 36.561253 0.7698536
v 7.173172 36.952362 2.164327
v 7.5323133 36.975105 2.2568061
v 8.079106 36.600876 0.931026
v 7.863198 37.004528 2.4070072
v 8.655769 36.65216 1.1927952
v 8.153108 37.039513 2.6091573
v 9.161023 36.71313 1.5451013
v 8.390904 37.07871 2.8554883
v 9.575454 36.781445 1.9744053
v 8.567449 37.120613 3.136533
v 9.883133 36.854473 2.46421
v 8.675846 37.17253 3.5098994
v 10.072092 36.941383 3.0874755
v 8.66595 36.066948 -0.24603471
v 7.753644 36.009186 -0.4809556
v 8.058275 35.318172 -1.6154733
v 9.260984 35.394318 -1.3057745
v 9.506474 36.141697 0.1355112
v 10.369064 35.49286 -0.80277306
v 10.242917 36.23056 0.64902097
v 11.339931 35.610016 -0.12580486
v 10.846977 36.33013 1.2747604
v 12.136276 35.74128 0.69912064
v 11.295442 36.43658 1.9886829
v 12.727495 35.88161 1.640298
v 11.570927 36.558002 2.8568645
v 13.0907345 36.03645 2.744679
v 9.832352 34.603992 -2.2795846
v 8.350849 34.510193 -2.6610742
v 8.5872755 33.65624 -3.438935
v 10.293912 33.76429 -2.9994726
v 11.197289 34.725376 -1.65999
v 11.866273 33.904125 -2.2857187
v 12.3932085 34.86969 -0.82609415
v 13.243928 34.070366 -1.3251023
v 13.374149 35.03138 0.1900507
v 14.373937 34.25663 -0.15454105
v 14.102417 35.204243 1.3493999
v 15.212872 34.45576 1.1809868
v 14.549908 35.39077 2.6775281
v 15.728409 34.667233 2.6848955
v 10.559527 32.94354 -3.2974374
v 8.723462 32.827293 -3.7702253
v 8.868797 32.20436 -4.1548553
v 10.836593 32.32924 -3.6524227
v 12.251131 33.09398 -2.5295577
v 12.651476 32.490875 -2.8333793
v 13.733264 33.272827 -1.4960877
v 14.243431 32.68312 -1.7287678
v 14.94897 33.473217 -0.23675232
v 15.550858 32.898605 -0.38074386
v 15.851529 33.687447 1.2000582
v 16.523 33.129055 1.1590253
v 16.406197 33.91212 2.796264
v 17.121918 33.368538 2.8538537
v 11.332503 32.10888 -4.5433617
v 9.1326685 31.968449 -5.0927186
v 9.451947 32.01658 -6.2675643
v 11.920521 32.17467 -5.6586237
v 13.366911 32.290756 -3.6390655
v 14.206827 32.37949 -4.6507816
v 15.156634 32.507282 -2.4128587
v 16.221327 32.623447 -3.2800686
v 16.631193 32.750237 -0.91067344
v 17.883945 32.89735 -1.5973039
v 17.731901 33.010326 0.8102991
v 19.127626 33.190716 0.33368215
v 18.414215 33.27957 2.6998851
v 19.901104 33.493855 2.451539
v 10.414249 33.948845 -9.903578
v 13.643701 34.153378 -9.073062
v 13.7937355 34.577232 -9.42684
v 10.493568 34.368294 -10.276634
v 10.552849 34.956608 -10.608657
v 13.908607 35.168957 -9.744316
v 16.619537 34.418087 -7.7234173
v 16.834246 34.84763 -8.0466385
v 17.000923 35.44395 -8.340534
v 19.227327 34.732807 -5.906405
v 19.498251 35.1691 -6.189072
v 19.710428 35.770912 -6.4512386
v 21.366755 35.08545 -3.6917806
v 21.683374 35.529285 -3.9255254
v 21.932878 36.13725 -4.1490307
v 22.95547 35.46247 -1.1646076
v 23.305645 35.914345 -1.3429857
v 23.582859 36.52888 -1.5223761
v 23.932287 35.84943 1.578408
v 24.302715 36.309475 1.4593025
v 24.596964 36.930763 1.3277783
v 14.086616 36.317856 -10.267045
v 10.645815 36.10045 -11.153977
v 10.7369795 37.545982 -11.732229
v 14.261946 37.76848 -10.823125
v 17.259048 36.59993 -8.826705
v 17.512444 38.057377 -9.346834
v 20.039103 36.9354 -6.8882213
v 20.36167 38.401188 -7.360018
v 22.31941 37.311275 -4.526074
v 22.698824 38.78643 -4.938984
v 24.012348 37.713104 -1.831037
v 24.43397 39.19828 -2.1767602
v 25.052855 38.125446 1.0933195
v 25.500414 39.620907 0.820501
v 14.36878 39.265408 -11.240635
v 10.790859 39.03939 -12.163026
v 10.807774 40.566227 -12.442974
v 14.405015 40.793736 -11.516179
v 17.664902 39.55812 -9.74261
v 17.715189 41.08748 -10.010814
v 20.555536 39.906895 -7.7266326
v 20.61946 41.437866 -7.985047
v 22.926975 40.297794 -5.2700834
v 23.002398 41.83066 -5.5165815
v 24.687574 40.715683 -2.4673371
v 24.771534 42.250576 -2.7002401
v 25.769667 41.14451 0.5738922
v 25.858871 42.68148 0.35573834
v 14.368558 42.338593 -11.646363
v 10.788035 42.112045 -12.568658
v 10.732144 43.661934 -12.539616
v 14.260885 43.8852 -11.630657
v 17.662075 42.630775 -10.148237
v 17.506697 44.173145 -10.154188
v 20.55219 42.979446 -8.132241
v 20.355015 44.51677 -8.167341
v 22.923632 43.370342 -5.6756907
v 22.69217 44.902016 -5.7463074
v 24.684227 43.78823 -2.872946
v 24.427309 45.313858 -2.9840815
v 25.766317 44.217056 0.16828388
v 25.493757 45.73649 0.013178628
v 14.083478 45.418804 -11.468547
v 10.640594 45.200977 -12.355399
v 10.514435 46.71443 -12.018509
v 13.838375 46.924732 -11.162288
v 17.250187 45.69971 -10.027983
v 16.8955 47.195892 -9.771468
v 20.029198 46.034977 -8.089462
v 19.578495 47.51957 -7.899898
v 22.30951 46.410843 -5.7273135
v 21.780048 47.882465 -5.6193337
v 24.002443 46.81268 -3.0322776
v 23.414516 48.270412 -3.0173717
v 25.042948 47.225025 -0.10792046
v 24.419083 48.668518 -0.19401543
v 13.527618 48.388306 -10.714141
v 10.354718 48.18757 -11.53147
v 10.1621 49.606224 -10.899637
v 13.153594 49.795498 -10.129058
v 16.445583 48.6471 -9.386491
v 15.90509 50.039566 -8.877362
v 19.006653 48.95606 -7.5999346
v 18.319748 50.33087 -7.1929893
v 21.108198 49.302464 -5.422968
v 20.301094 50.657467 -5.140537
v 22.668419 49.6728 -2.939207
v 21.772078 51.006622 -2.7988358
v 23.627352 50.052814 -0.2441048
v 22.676165 51.3649 -0.25788066
v 12.718695 51.132248 -9.411993
v 9.937233 50.956223 -10.128375
v 9.684476 52.225338 -9.225838
v 12.2291765 52.38643 -8.570537
v 15.278666 51.35956 -8.248388
v 14.572999 52.594784 -7.5062027
v 17.523853 51.63044 -6.6824737
v 16.62714 52.84265 -6.073789
v 19.365873 51.934074 -4.7743444
v 18.312138 53.120388 -4.328322
v 20.733416 52.25867 -2.5973127
v 19.563105 53.417316 -2.3368673
v 21.573929 52.59176 -0.23503505
v 20.331968 53.72201 -0.17596334
v 11.6912985 53.54589 -7.6122823
v 9.408186 53.40135 -8.200184
v 9.110089 54.473175 -7.0618215
v 11.109549 54.599766 -6.5469584
v 13.794774 53.732956 -6.6574364
v 12.951693 54.76359 -5.710743
v 15.637778 53.955357 -5.3723397
v 14.565722 54.958363 -4.5853043
v 17.149487 54.204536 -3.8063786
v 15.889616 55.176582 -3.2138972
v 18.271803 54.470924 -2.0197315
v 16.872496 55.409874 -1.6492239
v 18.96159 54.74428 -0.08106132
v 17.476587 55.649273 0.048588194
v 10.488417 55.537186 -5.3842993
v 8.791911 55.42978 -5.8211493
v 8.456806 56.26251 -4.490588
v 9.834058 56.3497 -4.1359453
v 12.051439 55.67619 -4.6747856
v 11.102946 56.462547 -3.5599487
v 13.420916 55.841446 -3.7198722
v 12.21471 56.596706 -2.784734
v 14.544214 56.026608 -2.5562587
v 13.126624 56.747025 -1.840094
v 15.378171 56.22455 -1.2286617
v 13.803642 56.907715 -0.7623273
v 15.890731 56.427673 0.21189988
v 14.2197485 57.072617 0.4071451
v 9.15263 57.02887 -2.813529
v 8.107927 56.962727 -3.082541
v 7.764021 57.510036 -1.6750206
v 8.480764 57.555412 -1.4904586
v 10.115134 57.114468 -2.3766127
v 9.141114 57.61414 -1.1907
v 10.958453 57.216236 -1.7885805
v 9.719694 57.683956 -0.787267
v 11.650178 57.33025 -1.0720311
v 10.194267 57.762184 -0.29566115
v 12.163725 57.452145 -0.25450125
v 10.5465975 57.84581 0.26522484
v 12.479358 57.57723 0.63259226
v 10.763146 57.931625 0.8738367
v 7.443832 57.88401 -0.34603375
v 7.8550916 57.910046 -0.2401337
v 8.233995 57.94375 -0.06813589
v 8.565979 57.983803 0.16335115
v 8.838285 58.02869 0.44542977
v 9.040449 58.07668 0.7672624
v 9.164702 58.125916 1.1164784
v 12.473902 32.41881 -6.6865783
v 9.763507 32.24577 -7.3631315
v 10.041772 32.672092 -8.359102
v 12.963509 32.857796 -7.6174397
v 14.980614 32.64293 -5.572685
v 15.660145 33.09821 -6.4053316
v 17.18596 32.909748 -4.0621047
v 18.027382 33.384212 -4.7682853
v 19.003069 33.209145 -2.2113972
v 19.973177 33.704887 -2.7684627
v 20.359585 33.52966 -0.09101497
v 21.421501 34.04792 -0.4823781
v 21.200594 33.859997 2.2259963
v 22.315304 34.400654 2.0063293
v 13.3602 33.50811 -8.441431
v 10.2611685 33.311615 -9.235158
v 16.217312 33.762436 -7.1492796
v 18.722439 34.064873 -5.4079313
v 20.77888 34.40382 -3.2840064
v 22.307116 34.766266 -0.8589916
v 23.247843 35.138477 1.7756082
v 2.920647 31.221117 16.593945
v 2.920647 31.76399 16.571722
v 2.8803983 31.75356 16.571722
v 2.8416965 31.722666 16.571722
v 2.8060286 31.6725 16.571722
v 2.774765 31.604986 16.571722
v 2.7491083 31.522722 16.571722
v 2.7300434 31.428865 16.571722
v 2.7183034 31.327026 16.571722
v 2.714339 31.221117 16.571722
v 2.7183034 31.11521 16.571722
v 2.7300434 31.01337 16.571722
v 2.7491083 30.919514 16.571722
v 2.774765 30.83725 16.571722
v 2.8060286 30.769735 16.571722
v 2.8416965 30.71957 16.571722
v 2.8803988 30.688677 16.571722
v 2.9206471 30.678246 16.571722
v 2.9608963 30.688677 16.571722
v 2.9995978 30.71957 16.571722
v 3.0352652 30.769737 16.571722
v 3.066529 30.83725 16.571722
v 3.092186 30.919516 16.571722
v 3.1112506 31.01337 16.571722
v 3.1229908 31.11521 16.571722
v 3.1269546 31.221119 16.571722
v 3.1229901 31.327028 16.571722
v 3.1112504 31.428867 16.571722
v 3.0921853 31.522722 16.571722
v 3.0665283 31.604988 16.571722
v 3.0352652 31.6725 16.571722
v 2.999597 31.722668 16.571722
v 2.9608953 31.75356 16.571722
v 2.920647 32.286 16.505905
v 2.8416965 32.265537 16.505905
v 2.7657795 32.20494 16.505905
v 2.6958146 32.106537 16.505905
v 2.6344895 31.974104 16.505905
v 2.5841615 31.812735 16.505905
v 2.5467644 31.62863 16.505905
v 2.5237353 31.428865 16.505905
v 2.5159593 31.221117 16.505905
v 2.5237355 31.013369 16.505907
v 2.5467644 30.813604 16.505907
v 2.5841618 30.629501 16.505907
v 2.6344903 30.468132 16.505907
v 2.6958153 30.335701 16.505907
v 2.76578 30.237295 16.505907
v 2.8416967 30.176697 16.505907
v 2.9206471 30.156237 16.505907
v 2.999598 30.176697 16.505907
v 3.0755146 30.237295 16.505907
v 3.1454794 30.335701 16.505907
v 3.2068045 30.468134 16.505907
v 3.2571328 30.629501 16.505907
v 3.2945294 30.813606 16.505907
v 3.3175583 31.01337 16.505907
v 3.3253343 31.221119 16.505905
v 3.3175583 31.428867 16.505905
v 3.2945292 31.628632 16.505905
v 3.2571318 31.812737 16.505905
v 3.2068036 31.974106 16.505905
v 3.1454785 32.106537 16.505905
v 3.0755134 32.20494 16.505905
v 2.9995968 32.26554 16.505905
v 2.920647 32.767086 16.399025
v 2.8060286 32.73738 16.399025
v 2.6958146 32.649406 16.399025
v 2.594241 32.506546 16.399025
v 2.5052109 32.31428 16.399025
v 2.4321456 32.080013 16.399025
v 2.377854 31.812735 16.399025
v 2.3444204 31.52272 16.399025
v 2.3331318 31.221117 16.399025
v 2.3444211 30.919514 16.399025
v 2.377854 30.629501 16.399025
v 2.432146 30.362223 16.399027
v 2.505211 30.127953 16.399027
v 2.5942411 29.93569 16.399027
v 2.6958153 29.792828 16.399027
v 2.8060288 29.704853 16.399027
v 2.9206476 29.675148 16.399027
v 3.0352662 29.704853 16.399027
v 3.1454794 29.79283 16.399027
v 3.2470536 29.935694 16.399027
v 3.3360832 30.127954 16.399027
v 3.4091485 30.362225 16.399027
v 3.4634407 30.629503 16.399025
v 3.4968734 30.919516 16.399025
v 3.508162 31.22112 16.399025
v 3.4968727 31.522724 16.399025
v 3.4634397 31.812737 16.399025
v 3.4091475 32.080013 16.399025
v 3.336082 32.314285 16.399025
v 3.247052 32.506546 16.399025
v 3.1454782 32.64941 16.399025
v 3.0352643 32.73738 16.399025
v 2.920647 33.188763 16.25519
v 2.774765 33.150955 16.25519
v 2.6344895 33.038986 16.25519
v 2.5052109 32.857155 16.25519
v 2.3918972 32.612453 16.25519
v 2.298903 32.31428 16.25519
v 2.2298021 31.974104 16.25519
v 2.18725 31.604986 16.25519
v 2.1728818 31.221117 16.25519
v 2.18725 30.837248 16.25519
v 2.2298021 30.468132 16.255192
v 2.2989035 30.12795 16.25519
v 2.3918977 29.82978 16.25519
v 2.505211 29.58508 16.25519
v 2.6344903 29.40325 16.25519
v 2.774766 29.29128 16.25519
v 2.9206476 29.253471 16.25519
v 3.0665293 29.29128 16.25519
v 3.2068045 29.403252 16.25519
v 3.336084 29.585081 16.25519
v 3.449397 29.829784 16.25519
v 3.5423915 30.127954 16.25519
v 3.6114924 30.468136 16.255192
v 3.6540442 30.837252 16.25519
v 3.668412 31.22112 16.25519
v 3.6540434 31.60499 16.25519
v 3.611491 31.974106 16.25519
v 3.5423899 32.314285 16.25519
v 3.4493957 32.612457 16.25519
v 3.336082 32.85716 16.25519
v 3.2068024 33.038986 16.25519
v 3.0665271 33.150955 16.25519
v 2.920647 33.534824 16.079924
v 2.7491083 33.490368 16.079924
v 2.5841615 33.358704 16.079924
v 2.432146 33.144894 16.079926
v 2.298903 32.857155 16.079926
v 2.189553 32.506546 16.079926
v 2.1082993 32.106533 16.079926
v 2.0582635 31.672499 16.079924
v 2.0413682 31.221117 16.079924
v 2.0582635 30.769735 16.079924
v 2.1082997 30.3357 16.079927
v 2.1895537 29.93569 16.079927
v 2.2989035 29.58508 16.079927
v 2.4321465 29.29734 16.079927
v 2.5841622 29.08353 16.079926
v 2.7491088 28.951868 16.079926
v 2.9206479 28.907412 16.079926
v 3.0921862 28.951868 16.079926
v 3.257133 29.083532 16.079926
v 3.4091487 29.297342 16.079927
v 3.5423915 29.585081 16.079927
v 3.6517413 29.935694 16.079927
v 3.7329946 30.335705 16.079927
v 3.783031 30.76974 16.079924
v 3.7999256 31.22112 16.079924
v 3.7830303 31.672504 16.079924
v 3.732994 32.10654 16.079926
v 3.6517394 32.50655 16.079926
v 3.5423896 32.85716 16.079926
v 3.4091465 33.144897 16.079926
v 3.2571306 33.358707 16.079924
v 3.0921838 33.490368 16.079924
v 2.920647 33.791973 15.879965
v 2.7300434 33.742573 15.879965
v 2.5467644 33.596275 15.879965
v 2.377854 33.358704 15.879965
v 2.2298021 33.038986 15.879967
v 2.1082993 32.649406 15.879967
v 2.0180151 32.20494 15.879967
v 1.9624177 31.722666 15.879967
v 1.9436451 31.221117 15.879967
v 1.9624177 30.719568 15.879967
v 2.0180151 30.237293 15.879967
v 2.1082997 29.792828 15.879967
v 2.2298028 29.40325 15.879969
v 2.3778543 29.08353 15.879968
v 2.5467649 28.845959 15.879967
v 2.730044 28.699663 15.879965
v 2.9206479 28.650265 15.879965
v 3.1112516 28.699663 15.879965
v 3.2945304 28.84596 15.879967
v 3.4634407 29.083534 15.879968
v 3.6114926 29.403254 15.879969
v 3.7329953 29.792831 15.879967
v 3.8232796 30.237299 15.879967
v 3.8788764 30.719574 15.879967
v 3.897649 31.221123 15.879967
v 3.8788757 31.722672 15.879967
v 3.8232784 32.204945 15.879967
v 3.7329934 32.64941 15.879967
v 3.6114905 33.03899 15.879967
v 3.4634385 33.358707 15.879965
v 3.2945275 33.59628 15.879965
v 3.1112485 33.742573 15.879965
v 2.920647 33.95032 15.662997
v 2.7183034 33.89788 15.662997
v 2.5237355 33.742573 15.662997
v 2.3444211 33.490368 15.662999
v 2.18725 33.150955 15.662999
v 2.0582635 32.73738 15.662999
v 1.9624177 32.265537 15.663
v 1.9033961 31.75356 15.663
v 1.8834666 31.221117 15.663
v 1.9033961 30.688675 15.663001
v 1.9624181 30.176697 15.663001
v 2.0582638 29.704853 15.663001
v 2.18725 29.291279 15.663001
v 2.3444211 28.951868 15.662999
v 2.5237362 28.699663 15.662996
v 2.7183044 28.544355 15.662996
v 2.9206479 28.491915 15.662996
v 3.122992 28.544357 15.662996
v 3.3175595 28.699665 15.662996
v 3.4968746 28.95187 15.662999
v 3.6540444 29.291283 15.663001
v 3.7830312 29.704857 15.663001
v 3.8788767 30.1767 15.663001
v 3.937898 30.68868 15.663001
v 3.9578269 31.221123 15.663
v 3.9378977 31.753563 15.663
v 3.8788757 32.265545 15.663
v 3.783029 32.737385 15.662999
v 3.6540425 33.15096 15.662999
v 3.4968715 33.49037 15.662999
v 3.3175564 33.742577 15.662997
v 3.1229882 33.89788 15.662997
v 2.920647 34.003788 15.437362
v 2.714339 33.95032 15.437361
v 2.5159593 33.79197 15.437361
v 2.3331318 33.534824 15.437361
v 2.1728818 33.188763 15.437361
v 2.0413682 32.767086 15.437361
v 1.9436451 32.286 15.437361
v 1.8834666 31.76399 15.437361
v 1.8631471 31.221117 15.437361
v 1.8834666 30.678246 15.437362
v 1.9436451 30.156235 15.437362
v 2.0413685 29.675148 15.437362
v 2.1728823 29.253471 15.437362
v 2.3331325 28.90741 15.437362
v 2.5159605 28.650265 15.43736
v 2.7143397 28.491915 15.43736
v 2.9206479 28.438446 15.43736
v 3.1269557 28.491915 15.43736
v 3.3253355 28.650267 15.43736
v 3.5081632 28.907413 15.437362
v 3.668413 29.253475 15.437362
v 3.7999263 29.675152 15.437362
v 3.8976493 30.156239 15.437362
v 3.957827 30.67825 15.437362
v 3.9781463 31.221123 15.437361
v 3.9578266 31.763994 15.437361
v 3.897648 32.286003 15.437361
v 3.7999244 32.76709 15.437361
v 3.6684108 33.188766 15.437361
v 3.50816 33.53483 15.437361
v 3.3253324 33.791973 15.437361
v 3.1269526 33.95032 15.437361
v 2.920647 33.95032 15.211721
v 2.7183034 33.89788 15.211721
v 2.5237355 33.742573 15.211721
v 2.3444211 33.490368 15.211721
v 2.18725 33.150955 15.211723
v 2.0582635 32.73738 15.211724
v 1.9624177 32.265537 15.211725
v 1.9033961 31.75356 15.211725
v 1.8834666 31.221117 15.211725
v 1.9033961 30.688677 15.211724
v 1.9624181 30.176697 15.211724
v 2.0582638 29.704853 15.211724
v 2.18725 29.291279 15.211724
v 2.3444211 28.951868 15.211724
v 2.5237362 28.699663 15.211722
v 2.7183044 28.544355 15.211722
v 2.9206479 28.491915 15.211722
v 3.122992 28.544355 15.211722
v 3.3175595 28.699665 15.211722
v 3.4968746 28.95187 15.211724
v 3.6540444 29.291283 15.211724
v 3.7830312 29.704857 15.211724
v 3.8788767 30.1767 15.211724
v 3.937898 30.68868 15.211724
v 3.9578269 31.221123 15.211725
v 3.9378977 31.753563 15.211725
v 3.8788757 32.265545 15.211725
v 3.783029 32.737385 15.211724
v 3.6540425 33.15096 15.211723
v 3.4968715 33.49037 15.211721
v 3.3175564 33.742577 15.211721
v 3.1229882 33.89788 15.211721
v 2.920647 33.79197 14.994756
v 2.7300434 33.742573 14.994756
v 2.5467644 33.596275 14.994756
v 2.377854 33.358704 14.994756
v 2.2298021 33.038986 14.994756
v 2.1082993 32.649406 14.994757
v 2.0180144 32.20494 14.994757
v 1.9624177 31.722666 14.994756
v 1.9436451 31.221117 14.994756
v 1.9624177 30.719568 14.994756
v 2.0180151 30.237293 14.994756
v 2.1082997 29.792828 14.994756
v 2.2298028 29.40325 14.994756
v 2.3778543 29.08353 14.994756
v 2.5467649 28.845959 14.994756
v 2.730044 28.699663 14.994755
v 2.9206479 28.650265 14.994755
v 3.1112516 28.699663 14.994755
v 3.2945304 28.84596 14.994756
v 3.4634414 29.083534 14.994756
v 3.6114926 29.403252 14.994756
v 3.7329953 29.792831 14.994756
v 3.8232796 30.237299 14.994756
v 3.8788764 30.719574 14.994756
v 3.897649 31.221123 14.994756
v 3.8788757 31.722672 14.994756
v 3.8232784 32.204945 14.994757
v 3.7329934 32.64941 14.994757
v 3.6114905 33.03899 14.994756
v 3.4634385 33.358707 14.994756
v 3.2945275 33.59628 14.994756
v 3.1112485 33.742573 14.994756
v 2.920647 33.534824 14.794798
v 2.7491083 33.490368 14.794798
v 2.5841615 33.358704 14.794798
v 2.432146 33.144894 14.794798
v 2.298903 32.857155 14.794798
v 2.189553 32.506546 14.794797
v 2.1082993 32.106533 14.794797
v 2.0582635 31.672499 14.794797
v 2.0413682 31.221117 14.794797
v 2.0582635 30.769735 14.794798
v 2.1082997 30.3357 14.794798
v 2.1895537 29.935692 14.794798
v 2.2989035 29.58508 14.794798
v 2.4321465 29.29734 14.794799
v 2.5841622 29.08353 14.794798
v 2.7491088 28.951868 14.794798
v 2.9206479 28.907412 14.794798
v 3.0921862 28.951868 14.794798
v 3.257133 29.083532 14.794798
v 3.4091487 29.297342 14.794799
v 3.5423915 29.585083 14.794798
v 3.6517413 29.935694 14.794798
v 3.7329946 30.335703 14.794798
v 3.783031 30.76974 14.794798
v 3.7999256 31.22112 14.794797
v 3.7830303 31.672504 14.794797
v 3.732994 32.10654 14.794797
v 3.6517394 32.50655 14.794797
v 3.5423896 32.85716 14.794798
v 3.4091465 33.144897 14.794798
v 3.2571306 33.358707 14.794798
v 3.0921838 33.490368 14.794798
v 2.920647 33.188763 14.619533
v 2.774765 33.150955 14.619533
v 2.6344895 33.038986 14.619533
v 2.5052109 32.857155 14.619533
v 2.3918972 32.612453 14.619533
v 2.298903 32.31428 14.619533
v 2.2298021 31.974104 14.619533
v 2.18725 31.604986 14.619533
v 2.1728818 31.221117 14.619533
v 2.18725 30.837248 14.619533
v 2.2298021 30.468132 14.619534
v 2.2989035 30.127953 14.6195345
v 2.3918977 29.82978 14.6195345
v 2.505211 29.58508 14.6195345
v 2.6344903 29.40325 14.6195345
v 2.774766 29.29128 14.6195345
v 2.9206476 29.253473 14.6195345
v 3.0665293 29.29128 14.6195345
v 3.2068045 29.403252 14.6195345
v 3.336084 29.585081 14.6195345
v 3.449397 29.829784 14.6195345
v 3.5423915 30.127954 14.6195345
v 3.6114924 30.468136 14.619534
v 3.6540442 30.837252 14.619533
v 3.668412 31.22112 14.619533
v 3.6540434 31.60499 14.619533
v 3.611491 31.974106 14.619533
v 3.5423899 32.314285 14.619533
v 3.4493957 32.612457 14.619533
v 3.336082 32.85716 14.619533
v 3.2068024 33.038986 14.619533
v 3.0665271 33.150955 14.619533
v 2.920647 32.767086 14.475697
v 2.8060286 32.73738 14.475697
v 2.6958146 32.649406 14.475697
v 2.594241 32.506546 14.475697
v 2.5052109 32.31428 14.475697
v 2.432146 32.080013 14.475697
v 2.377854 31.812735 14.475697
v 2.3444211 31.52272 14.475697
v 2.3331318 31.221117 14.475697
v 2.3444211 30.919514 14.4756975
v 2.377854 30.629501 14.4756975
v 2.432146 30.362223 14.4756975
v 2.505211 30.127953 14.4756975
v 2.5942419 29.935692 14.475698
v 2.6958153 29.792828 14.475698
v 2.8060288 29.704853 14.475698
v 2.9206476 29.675148 14.475698
v 3.0352662 29.704855 14.475698
v 3.1454794 29.79283 14.475698
v 3.2470536 29.935692 14.475698
v 3.3360832 30.127954 14.4756975
v 3.4091485 30.362225 14.4756975
v 3.4634404 30.629503 14.4756975
v 3.4968734 30.919518 14.4756975
v 3.508162 31.22112 14.475697
v 3.4968727 31.522724 14.475697
v 3.4634397 31.812737 14.475697
v 3.4091473 32.080013 14.475697
v 3.336082 32.314285 14.475697
v 3.2470517 32.506546 14.475697
v 3.1454782 32.64941 14.475697
v 3.0352643 32.73738 14.475697
v 2.920647 32.286 14.368817
v 2.8416965 32.265537 14.368817
v 2.76578 32.20494 14.368817
v 2.6958146 32.106533 14.368817
v 2.6344903 31.974104 14.368817
v 2.5841618 31.812735 14.368817
v 2.5467644 31.62863 14.368817
v 2.5237355 31.428865 14.368817
v 2.5159593 31.221117 14.368817
v 2.5237355 31.013369 14.368817
v 2.5467649 30.813604 14.368817
v 2.5841618 30.629501 14.368818
v 2.6344903 30.468132 14.368818
v 2.6958153 30.335701 14.368818
v 2.76578 30.237295 14.368818
v 2.8416967 30.176697 14.368818
v 2.9206471 30.156237 14.368818
v 2.999598 30.176699 14.368818
v 3.0755146 30.237295 14.368818
v 3.1454794 30.335701 14.368818
v 3.2068045 30.468134 14.368818
v 3.257132 30.629503 14.368818
v 3.2945294 30.813606 14.368817
v 3.3175583 31.01337 14.368817
v 3.3253343 31.221119 14.368817
v 3.3175583 31.428867 14.368817
v 3.2945285 31.628632 14.368817
v 3.2571318 31.812737 14.368817
v 3.2068036 31.974104 14.368817
v 3.1454785 32.106537 14.368817
v 3.0755134 32.20494 14.368817
v 2.9995968 32.265537 14.368817
v 2.920647 31.76399 14.303001
v 2.8803983 31.75356 14.303001
v 2.8416965 31.722666 14.303001
v 2.8060286 31.672499 14.303001
v 2.7747655 31.604986 14.303001
v 2.7491083 31.522722 14.303001
v 2.7300434 31.428865 14.303001
v 2.7183034 31.327026 14.303001
v 2.7143393 31.221117 14.303001
v 2.7183034 31.11521 14.303001
v 2.7300434 31.01337 14.303001
v 2.7491083 30.919514 14.303001
v 2.7747655 30.83725 14.303001
v 2.8060286 30.769737 14.303001
v 2.8416965 30.71957 14.303001
v 2.8803988 30.688677 14.303001
v 2.9206471 30.678247 14.303001
v 2.9608955 30.688677 14.303001
v 2.9995978 30.71957 14.303001
v 3.0352652 30.769737 14.303001
v 3.066529 30.83725 14.303001
v 3.0921853 30.919516 14.303001
v 3.1112504 31.01337 14.303001
v 3.1229901 31.11521 14.303001
v 3.1269546 31.221119 14.303001
v 3.1229901 31.327028 14.303001
v 3.1112504 31.428867 14.303001
v 3.0921853 31.522722 14.303001
v 3.066528 31.604986 14.303001
v 3.035265 31.6725 14.303001
v 2.999597 31.722666 14.303001
v 2.960895 31.75356 14.303001
v 2.920647 31.221117 14.280777
v 10.803937 31.221117 16.593946
v 10.803937 31.76399 16.571722
v 10.844186 31.75356 16.571722
v 10.882888 31.722666 16.571722
v 10.918555 31.672499 16.571722
v 10.949819 31.604986 16.571722
v 10.975475 31.522722 16.571722
v 10.994541 31.428865 16.571722
v 11.006281 31.327026 16.571722
v 11.010244 31.221117 16.571722
v 11.006281 31.115208 16.571722
v 10.994541 31.01337 16.571722
v 10.975475 30.919514 16.571722
v 10.949819 30.83725 16.571722
v 10.918555 30.769735 16.571722
v 10.882888 30.719568 16.571722
v 10.844186 30.688677 16.571722
v 10.803937 30.678246 16.571722
v 10.763688 30.688677 16.571722
v 10.724986 30.71957 16.571722
v 10.689319 30.769735 16.571722
v 10.658055 30.83725 16.571722
v 10.632399 30.919516 16.571722
v 10.613334 31.01337 16.571722
v 10.601593 31.11521 16.571722
v 10.59763 31.221119 16.571722
v 10.601594 31.327028 16.571722
v 10.613334 31.428867 16.571722
v 10.632399 31.522722 16.571722
v 10.658055 31.604988 16.571722
v 10.689319 31.6725 16.571722
v 10.724987 31.722668 16.571722
v 10.763689 31.75356 16.571722
v 10.803937 32.286 16.505907
v 10.882888 32.265537 16.505907
v 10.958805 32.20494 16.505907
v 11.0287695 32.106533 16.505907
v 11.090095 31.974104 16.505907
v 11.140422 31.812735 16.505907
v 11.177819 31.628632 16.505907
v 11.200849 31.428865 16.505907
v 11.208625 31.221117 16.505907
v 11.200849 31.01337 16.505907
v 11.177819 30.813604 16.505907
v 11.140422 30.6295 16.505907
v 11.090095 30.468132 16.505907
v 11.0287695 30.3357 16.505907
v 10.958804 30.237295 16.505907
v 10.882888 30.176697 16.505907
v 10.803937 30.156237 16.505907
v 10.724986 30.176697 16.505907
v 10.64907 30.237295 16.505907
v 10.579104 30.335701 16.505907
v 10.517779 30.468134 16.505907
v 10.467451 30.629501 16.505907
v 10.430055 30.813606 16.505907
v 10.407025 31.01337 16.505907
v 10.39925 31.221119 16.505907
v 10.407025 31.428867 16.505907
v 10.430055 31.628633 16.505907
v 10.467452 31.812737 16.505907
v 10.51778 31.974106 16.505907
v 10.579105 32.106537 16.505907
v 10.649071 32.20494 16.505907
v 10.724988 32.26554 16.505907
v 10.803937 32.767086 16.399027
v 10.918555 32.73738 16.399027
v 11.0287695 32.649406 16.399027
v 11.130343 32.506546 16.399027
v 11.219374 32.31428 16.399027
v 11.2924385 32.080013 16.399027
v 11.34673 31.812735 16.399027
v 11.380164 31.522722 16.399027
v 11.391452 31.221117 16.399027
v 11.380163 30.919514 16.399027
v 11.34673 30.629501 16.399027
v 11.2924385 30.362223 16.399027
v 11.219373 30.127953 16.399027
v 11.130343 29.93569 16.399029
v 11.0287695 29.792828 16.399029
v 10.918555 29.704853 16.399029
v 10.803936 29.675148 16.399029
v 10.689318 29.704853 16.399029
v 10.579104 29.79283 16.399029
v 10.4775305 29.935694 16.399029
v 10.3885 30.127954 16.399027
v 10.315435 30.362225 16.399027
v 10.261144 30.629503 16.399027
v 10.227711 30.919518 16.399027
v 10.216422 31.22112 16.399027
v 10.227711 31.522724 16.399027
v 10.261145 31.812737 16.399027
v 10.315436 32.080017 16.399027
v 10.388502 32.314285 16.399027
v 10.477532 32.506546 16.399027
v 10.579105 32.64941 16.399027
v 10.68932 32.73738 16.399027
v 10.803937 33.188763 16.25519
v 10.949819 33.150955 16.25519
v 11.090095 33.038986 16.25519
v 11.219374 32.857155 16.25519
v 11.332686 32.612453 16.25519
v 11.425682 32.31428 16.25519
v 11.4947815 31.974104 16.25519
v 11.5373335 31.604986 16.25519
v 11.5517025 31.221117 16.25519
v 11.5373335 30.837248 16.25519
v 11.4947815 30.468132 16.255192
v 11.425681 30.12795 16.25519
v 11.332686 29.829782 16.25519
v 11.219373 29.58508 16.25519
v 11.090094 29.40325 16.25519
v 10.949819 29.29128 16.25519
v 10.803936 29.253471 16.25519
v 10.658054 29.29128 16.25519
v 10.517779 29.403252 16.25519
v 10.3885 29.585081 16.25519
v 10.275187 29.829782 16.25519
v 10.182193 30.127954 16.25519
v 10.113091 30.468136 16.255192
v 10.07054 30.837252 16.25519
v 10.056172 31.22112 16.25519
v 10.07054 31.60499 16.25519
v 10.113093 31.974106 16.25519
v 10.182194 32.314285 16.25519
v 10.275188 32.612457 16.25519
v 10.388502 32.85716 16.25519
v 10.517781 33.038986 16.25519
v 10.658057 33.150955 16.25519
v 10.803937 33.534824 16.079924
v 10.975475 33.490368 16.079924
v 11.140422 33.358704 16.079924
v 11.2924385 33.144894 16.079926
v 11.425682 32.857155 16.079926
v 11.53503 32.506546 16.079926
v 11.616284 32.106533 16.079926
v 11.66632 31.6725 16.079924
v 11.683216 31.221117 16.079924
v 11.66632 30.769735 16.079924
v 11.616284 30.3357 16.079927
v 11.53503 29.93569 16.079927
v 11.425681 29.58508 16.079927
v 11.292438 29.29734 16.079927
v 11.140422 29.08353 16.079926
v 10.975475 28.951868 16.079926
v 10.803936 28.907412 16.079926
v 10.632398 28.951868 16.079926
v 10.467451 29.083532 16.079926
v 10.315434 29.297342 16.079927
v 10.182193 29.585081 16.079927
v 10.072843 29.935694 16.079927
v 9.991589 30.335703 16.079927
v 9.941553 30.76974 16.079924
v 9.924659 31.22112 16.079924
v 9.941554 31.672504 16.079924
v 9.99159 32.10654 16.079926
v 10.0728445 32.50655 16.079926
v 10.182195 32.85716 16.079926
v 10.315437 33.144897 16.079926
v 10.467453 33.358707 16.079924
v 10.6324005 33.490368 16.079924
v 10.803937 33.791973 15.879965
v 10.994541 33.742573 15.879965
v 11.177819 33.596275 15.879965
v 11.34673 33.358704 15.879965
v 11.4947815 33.038986 15.879967
v 11.616284 32.649406 15.879967
v 11.70657 32.20494 15.879967
v 11.762166 31.722666 15.879967
v 11.780939 31.221117 15.879967
v 11.762166 30.719568 15.879967
v 11.706569 30.237293 15.879967
v 11.616284 29.792828 15.879967
v 11.4947815 29.40325 15.8799715
v 11.346729 29.08353 15.879971
v 11.177818 28.845959 15.879971
v 10.99454 28.699663 15.879966
v 10.803936 28.650265 15.879966
v 10.613333 28.699663 15.879966
v 10.430054 28.84596 15.879971
v 10.261143 29.083534 15.879971
v 10.113091 29.403254 15.8799715
v 9.991589 29.792831 15.879967
v 9.901304 30.237299 15.879967
v 9.845708 30.719574 15.879967
v 9.826935 31.221123 15.879967
v 9.845708 31.722672 15.879967
v 9.901305 32.204945 15.879967
v 9.9915905 32.64941 15.879967
v 10.113093 33.03899 15.879967
v 10.261146 33.358707 15.879965
v 10.430057 33.59628 15.879965
v 10.613336 33.742573 15.879965
v 10.803937 33.95032 15.662999
v 11.006281 33.89788 15.662999
v 11.200849 33.742573 15.662999
v 11.380163 33.490368 15.662999
v 11.5373335 33.150955 15.662999
v 11.66632 32.73738 15.662999
v 11.762167 32.265537 15.663
v 11.821188 31.75356 15.663
v 11.841117 31.221117 15.663
v 11.821188 30.688675 15.663001
v 11.762166 30.176695 15.663001
v 11.66632 29.704853 15.663001
v 11.5373335 29.291279 15.663001
v 11.380163 28.951868 15.662999
v 11.200848 28.699663 15.662996
v 11.00628 28.544355 15.662996
v 10.803936 28.491915 15.662996
v 10.601592 28.544357 15.662996
v 10.407024 28.699665 15.662996
v 10.22771 28.95187 15.662999
v 10.070539 29.291283 15.663001
v 9.941553 29.704857 15.663001
v 9.845707 30.1767 15.663001
v 9.786686 30.68868 15.663001
v 9.766757 31.221123 15.663
v 9.786687 31.753563 15.663
v 9.845709 32.265545 15.663
v 9.941554 32.737385 15.662999
v 10.070541 33.15096 15.662999
v 10.227713 33.49037 15.662999
v 10.407027 33.742573 15.662999
v 10.601596 33.89788 15.662999
v 10.803937 34.003788 15.437363
v 11.010244 33.95032 15.437363
v 11.208625 33.79197 15.437363
v 11.391452 33.534824 15.437362
v 11.5517025 33.188763 15.437364
v 11.683216 32.767086 15.437363
v 11.780939 32.286 15.437363
v 11.841117 31.763988 15.437363
v 11.861436 31.221117 15.437363
v 11.841117 30.678246 15.437363
v 11.780939 30.156235 15.437364
v 11.683216 29.675148 15.437364
v 11.551702 29.253471 15.437364
v 11.391451 28.90741 15.437364
v 11.208624 28.650265 15.437361
v 11.010243 28.491915 15.437361
v 10.803936 28.438446 15.437361
v 10.597629 28.491915 15.437361
v 10.399248 28.650267 15.437361
v 10.216421 28.907413 15.437364
v 10.056171 29.253475 15.437364
v 9.924658 29.675152 15.437364
v 9.826934 30.156239 15.437364
v 9.766757 30.67825 15.437363
v 9.746438 31.221123 15.437363
v 9.766757 31.763994 15.437363
v 9.826936 32.286003 15.437363
v 9.92466 32.767094 15.437363
v 10.056173 33.188766 15.437364
v 10.216423 33.53483 15.437362
v 10.399252 33.791973 15.437363
v 10.597631 33.95032 15.437363
v 10.803937 33.95032 15.211721
v 11.006281 33.89788 15.211721
v 11.200849 33.742573 15.211721
v 11.380163 33.490368 15.211721
v 11.5373335 33.150955 15.211723
v 11.66632 32.73738 15.211726
v 11.762167 32.265537 15.211726
v 11.821188 31.75356 15.211726
v 11.841117 31.221117 15.211726
v 11.821188 30.688675 15.211725
v 11.762166 30.176697 15.211725
v 11.66632 29.704853 15.211725
v 11.5373335 29.291279 15.211725
v 11.380163 28.951868 15.211724
v 11.200848 28.699663 15.211723
v 11.00628 28.544355 15.211723
v 10.803936 28.491915 15.211723
v 10.601592 28.544357 15.211723
v 10.407024 28.699665 15.211723
v 10.22771 28.95187 15.211724
v 10.070539 29.291283 15.211725
v 9.941553 29.704857 15.211725
v 9.845707 30.1767 15.211725
v 9.786686 30.68868 15.211725
v 9.766757 31.221123 15.211726
v 9.786687 31.753563 15.211726
v 9.845709 32.265545 15.211726
v 9.941554 32.737385 15.211726
v 10.070541 33.15096 15.211723
v 10.227713 33.49037 15.211721
v 10.407027 33.742577 15.211721
v 10.601596 33.89788 15.211721
v 10.803937 33.79197 14.994756
v 10.994541 33.742573 14.994756
v 11.177819 33.596275 14.994756
v 11.34673 33.358704 14.994756
v 11.4947815 33.038986 14.994756
v 11.616284 32.649406 14.994757
v 11.70657 32.20494 14.994757
v 11.762167 31.722666 14.994756
v 11.780939 31.221117 14.994756
v 11.762166 30.719568 14.994756
v 11.706569 30.237293 14.994756
v 11.616284 29.792828 14.994756
v 11.4947815 29.40325 14.994756
v 11.346729 29.08353 14.994756
v 11.177818 28.845959 14.994756
v 10.99454 28.699663 14.994755
v 10.803936 28.650265 14.994755
v 10.613333 28.699663 14.994755
v 10.430054 28.84596 14.994756
v 10.261143 29.083532 14.994756
v 10.113091 29.403252 14.994756
v 9.991589 29.792831 14.994756
v 9.901304 30.237299 14.994756
v 9.845708 30.719574 14.994756
v 9.826935 31.221123 14.994756
v 9.845708 31.722672 14.994756
v 9.901305 32.204945 14.994757
v 9.9915905 32.64941 14.994757
v 10.113093 33.03899 14.994756
v 10.261146 33.358707 14.994756
v 10.430057 33.59628 14.994756
v 10.613336 33.742573 14.994756
v 10.803937 33.534824 14.794798
v 10.975475 33.490368 14.794798
v 11.140422 33.358704 14.794798
v 11.2924385 33.144894 14.794798
v 11.425682 32.857155 14.794798
v 11.53503 32.506546 14.794797
v 11.616284 32.106533 14.794797
v 11.66632 31.672499 14.794797
v 11.683216 31.221117 14.794797
v 11.66632 30.769735 14.794798
v 11.616284 30.3357 14.794798
v 11.53503 29.935692 14.794798
v 11.425681 29.58508 14.794798
v 11.292438 29.29734 14.794799
v 11.140422 29.08353 14.794798
v 10.975475 28.951868 14.794798
v 10.803936 28.907412 14.794798
v 10.632398 28.951868 14.794798
v 10.467451 29.083532 14.794798
v 10.315434 29.297342 14.794799
v 10.182193 29.585083 14.794798
v 10.072843 29.935694 14.794798
v 9.991589 30.335703 14.794798
v 9.941553 30.76974 14.794798
v 9.924659 31.22112 14.794797
v 9.941554 31.672504 14.794797
v 9.99159 32.10654 14.794797
v 10.0728445 32.50655 14.794797
v 10.182195 32.85716 14.794798
v 10.315437 33.144897 14.794798
v 10.467453 33.358707 14.794798
v 10.6324005 33.490368 14.794798
v 10.803937 33.188763 14.619533
v 10.949819 33.150955 14.619533
v 11.090095 33.038986 14.619533
v 11.219374 32.857155 14.619533
v 11.332686 32.612453 14.619533
v 11.425682 32.31428 14.619533
v 11.4947815 31.974104 14.619533
v 11.5373335 31.604986 14.619533
v 11.5517025 31.221117 14.619533
v 11.5373335 30.837248 14.619533
v 11.4947815 30.468132 14.619534
v 11.425681 30.12795 14.6195345
v 11.332686 29.829782 14.6195345
v 11.219373 29.58508 14.6195345
v 11.090094 29.40325 14.6195345
v 10.949819 29.29128 14.6195345
v 10.803936 29.253473 14.6195345
v 10.658054 29.29128 14.6195345
v 10.517779 29.403252 14.6195345
v 10.3885 29.585081 14.6195345
v 10.275187 29.829782 14.6195345
v 10.182193 30.127954 14.6195345
v 10.113091 30.468136 14.619534
v 10.07054 30.837252 14.619533
v 10.056172 31.22112 14.619533
v 10.07054 31.60499 14.619533
v 10.113093 31.974106 14.619533
v 10.182194 32.314285 14.619533
v 10.275188 32.612457 14.619533
v 10.388502 32.85716 14.619533
v 10.517781 33.038986 14.619533
v 10.658057 33.150955 14.619533
v 10.803937 32.767086 14.475698
v 10.918555 32.73738 14.475698
v 11.0287695 32.649406 14.475698
v 11.130343 32.506546 14.475698
v 11.219374 32.31428 14.475698
v 11.2924385 32.080013 14.475698
v 11.34673 31.812735 14.475698
v 11.380163 31.522722 14.475698
v 11.391452 31.221117 14.475698
v 11.380163 30.919514 14.475698
v 11.34673 30.629501 14.475699
v 11.2924385 30.362223 14.475699
v 11.219373 30.127953 14.475699
v 11.1303425 29.935692 14.475699
v 11.0287695 29.792828 14.475699
v 10.918555 29.704853 14.475699
v 10.803936 29.675148 14.475699
v 10.689318 29.704855 14.475699
v 10.579104 29.79283 14.475699
v 10.4775305 29.935694 14.475699
v 10.388501 30.127954 14.475699
v 10.315435 30.362225 14.475699
v 10.261144 30.629503 14.475699
v 10.227711 30.919518 14.475698
v 10.216422 31.22112 14.475698
v 10.227711 31.522724 14.475698
v 10.261145 31.812737 14.475698
v 10.315436 32.080013 14.475698
v 10.388502 32.314285 14.475698
v 10.477532 32.506546 14.475698
v 10.579105 32.64941 14.475698
v 10.68932 32.73738 14.475698
v 10.803937 32.286 14.368817
v 10.882888 32.265537 14.368817
v 10.958804 32.20494 14.368817
v 11.0287695 32.106537 14.368817
v 11.090095 31.974104 14.368817
v 11.140422 31.812735 14.368817
v 11.177819 31.62863 14.368817
v 11.200849 31.428865 14.368817
v 11.208625 31.221119 14.368817
v 11.200849 31.01337 14.368817
v 11.177819 30.813604 14.368817
v 11.140422 30.6295 14.368818
v 11.090095 30.468132 14.368818
v 11.0287695 30.335701 14.368818
v 10.958804 30.237295 14.368818
v 10.882888 30.176697 14.368818
v 10.803937 30.156237 14.368818
v 10.724986 30.176697 14.368818
v 10.64907 30.237295 14.368818
v 10.579104 30.335703 14.368818
v 10.517779 30.468134 14.368818
v 10.467451 30.629503 14.368818
v 10.430055 30.813606 14.368817
v 10.407025 31.013372 14.368817
v 10.39925 31.22112 14.368817
v 10.407025 31.428867 14.368817
v 10.430055 31.628632 14.368817
v 10.467452 31.812737 14.368817
v 10.51778 31.974104 14.368817
v 10.579105 32.106537 14.368817
v 10.649071 32.20494 14.368817
v 10.724988 32.265537 14.368817
v 10.803937 31.763988 14.303001
v 10.844186 31.75356 14.303001
v 10.882888 31.722666 14.303001
v 10.918555 31.672499 14.303001
v 10.949819 31.604986 14.303001
v 10.975475 31.522722 14.303001
v 10.994541 31.428865 14.303001
v 11.00628 31.327026 14.303001
v 11.010244 31.221119 14.303001
v 11.00628 31.115208 14.303001
v 10.994541 31.01337 14.303001
v 10.975475 30.919514 14.303001
v 10.949819 30.83725 14.303001
v 10.918555 30.769737 14.303001
v 10.882888 30.71957 14.303001
v 10.844186 30.688677 14.303001
v 10.803937 30.678247 14.303001
v 10.763688 30.688677 14.303001
v 10.724986 30.71957 14.303001
v 10.689319 30.769737 14.303001
v 10.658055 30.83725 14.303001
v 10.632399 30.919516 14.303001
v 10.613334 31.01337 14.303001
v 10.601594 31.11521 14.303001
v 10.59763 31.221119 14.303001
v 10.601594 31.327028 14.303001
v 10.613334 31.428867 14.303001
v 10.632399 31.522722 14.303001
v 10.658056 31.604986 14.303001
v 10.68932 31.6725 14.303001
v 10.724987 31.722666 14.303001
v 10.763689 31.75356 14.303001
v 10.803937 31.221119 14.280778
v 6.449439 24.715454 6.889038
v 6.006119 24.715454 6.768523
v 5.5975523 24.715454 6.5728183
v 5.239441 24.715454 6.3094425
v 4.945546 24.715454 5.9885197
v 4.727163 24.715454 5.6223803
v 4.592684 24.715454 5.225097
v 4.5472755 24.715454 4.8119354
v 4.592684 24.715454 4.398774
v 4.727164 24.715454 4.0014906
v 4.945547 24.715454 3.6353517
v 5.239442 24.715454 3.3144286
v 5.5975537 24.715454 3.0510535
v 6.00612 24.715454 2.8553486
v 6.449441 24.715454 2.734835
v 6.006119 25.023851 8.886318
v 5.1365147 25.023851 8.64992
v 4.3350825 25.023851 8.26603
v 3.6326218 25.023851 7.7494016
v 3.0561268 25.023851 7.119888
v 2.6277528 25.023851 6.40168
v 2.3639612 25.023851 5.62238
v 2.2748892 25.023851 4.8119345
v 2.3639612 25.023851 4.00149
v 2.6277533 25.023851 3.2221894
v 3.0561283 25.023851 2.5039825
v 3.6326237 25.023853 1.8744683
v 4.3350854 25.023853 1.3578417
v 5.136518 25.023851 0.9739514
v 6.0061226 25.023851 0.73755443
v 5.5975523 25.52466 10.72702
v 4.3350825 25.52466 10.383824
v 3.1715848 25.52466 9.826504
v 2.1517696 25.52466 9.076475
v 1.3148286 25.52466 8.162562
v 0.6929253 25.52466 7.119887
v 0.30995917 25.52466 5.9885187
v 0.18064769 25.52466 4.8119345
v 0.3099598 25.52466 3.6353502
v 0.6929271 25.52466 2.5039825
v 1.3148311 25.52466 1.461308
v 2.151772 25.52466 0.5473961
v 3.171588 25.52466 -0.20263302
v 4.335088 25.524662 -0.7599531
v 5.597558 25.52466 -1.1031489
v 5.239441 26.198635 12.340411
v 3.632622 26.198635 11.903605
v 2.1517696 26.198635 11.194268
v 0.85379106 26.198635 10.239664
v -0.21143296 26.198635 9.076474
v -1.0029657 26.198637 7.7493997
v -1.4903876 26.198637 6.3094416
v -1.654971 26.198637 4.8119345
v -1.4903857 26.198637 3.3144267
v -1.0029632 26.198637 1.8744675
v -0.21142986 26.198637 0.5473952
v 0.85379416 26.198637 -0.6157953
v 2.1517737 26.198637 -1.5703981
v 3.6326282 26.198637 -2.279734
v 5.239448 26.198637 -2.7165399
v 4.945546 27.019878 13.664486
v 3.056127 27.019878 13.150857
v 1.3148286 27.019878 12.316767
v -0.21143296 27.019878 11.194269
v -1.4640032 27.019878 9.826505
v -2.3947477 27.019878 8.266029
v -2.9678965 27.019878 6.5728164
v -3.1614234 27.019878 4.8119335
v -2.9678965 27.019878 3.0510511
v -2.394745 27.019878 1.357839
v -1.4639995 27.019878 -0.20263381
v -0.21142863 27.019878 -1.5704
v 1.3148336 27.01988 -2.6928952
v 3.056135 27.01988 -3.5269835
v 4.945555 27.01988 -4.040615
v 4.7271633 27.956825 14.648362
v 2.6277542 27.956825 14.077649
v 0.6929271 27.956825 13.150856
v -1.0029644 27.956825 11.903605
v -2.394745 27.956825 10.383825
v -3.4289327 27.956827 8.649918
v -4.0657797 27.956825 6.768521
v -4.280818 27.956827 4.8119335
v -4.0657797 27.956827 2.8553472
v -3.428929 27.956827 0.9739498
v -2.3947415 27.956827 -0.7599532
v -1.0029595 27.956827 -2.279733
v 0.6929321 27.956827 -3.5269833
v 2.6277611 27.956827 -4.4537773
v 4.7271733 27.956827 -5.0244904
v 4.592684 28.973473 15.254232
v 2.3639622 28.973475 14.648364
v 0.3099598 28.973473 13.664489
v -1.4903876 28.973475 12.340412
v -2.9678965 28.973475 10.727021
v -4.0657835 28.973475 8.886317
v -4.7418575 28.973475 6.8890367
v -4.9701405 28.973475 4.8119335
v -4.7418537 28.973475 2.7348313
v -4.0657797 28.973475 0.737551
v -2.9678922 28.973475 -1.1031535
v -1.490382 28.973475 -2.7165434
v 0.30996662 28.973475 -4.040617
v 2.36397 28.973475 -5.0244904
v 4.592694 28.973475 -5.6303577
v 4.5472755 34.992104 15.458809
v 2.2748902 34.9921 14.841072
v 0.18064769 34.992104 13.837919
v -1.654971 34.992104 12.487904
v -3.1614234 34.992104 10.842907
v -4.280822 34.992104 8.966139
v -4.9701405 34.992104 6.929729
v -5.2028947 34.992104 4.811934
v -4.9701366 34.992104 2.6941404
v -4.280818 34.992104 0.65773094
v -3.1614196 34.992104 -1.219034
v -1.6549648 34.992104 -2.864033
v 0.18065389 34.992104 -4.214046
v 2.2748995 34.992104 -5.2171984
v 4.5472856 34.992104 -5.8349333
v 4.592684 36.631287 15.254232
v 2.3639622 36.631287 14.648364
v 0.30995917 36.631287 13.664489
v -1.4903876 36.631287 12.340412
v -2.9678965 36.631287 10.727023
v -4.0657835 36.63129 8.886317
v -4.7418575 36.63129 6.889037
v -4.9701405 36.63129 4.8119345
v -4.7418537 36.63129 2.7348316
v -4.0657797 36.63129 0.7375516
v -2.9678922 36.63129 -1.1031513
v -1.490382 36.63129 -2.7165418
v 0.309966 36.63129 -4.0406165
v 2.3639708 36.63129 -5.02449
v 4.592694 36.63129 -5.6303577
v 4.727163 38.20748 14.648364
v 2.6277533 38.20748 14.07765
v 0.6929253 38.20748 13.150858
v -1.0029657 38.20748 11.903607
v -2.3947477 38.20748 10.383826
v -3.4289365 38.20748 8.6499195
v -4.0657835 38.20748 6.768523
v -4.2808194 38.20748 4.8119345
v -4.065781 38.20748 2.8553479
v -3.428931 38.20748 0.9739503
v -2.3947434 38.20748 -0.7599542
v -1.0029613 38.20748 -2.2797341
v 0.6929315 38.20748 -3.5269842
v 2.6277611 38.20748 -4.453776
v 4.727173 38.20748 -5.024489
v 4.945546 39.66011 13.66449
v 3.0561273 39.66011 13.150858
v 1.3148286 39.66011 12.316769
v -0.21143359 39.66011 11.19427
v -1.4640032 39.66011 9.826506
v -2.3947477 39.66011 8.26603
v -2.9678965 39.66011 6.5728183
v -3.1614234 39.66011 4.8119354
v -2.9678965 39.66011 3.051053
v -2.394745 39.66011 1.35784
v -1.4639995 39.66011 -0.20263343
v -0.21142925 39.66011 -1.5703992
v 1.3148329 39.66011 -2.6928961
v 3.056135 39.66011 -3.5269845
v 4.945555 39.660114 -4.040613
v 5.239441 40.93335 12.340414
v 3.6326222 40.93335 11.903608
v 2.1517696 40.93335 11.194271
v 0.85379106 40.93335 10.239667
v -0.21143359 40.93335 9.076477
v -1.0029657 40.93335 7.749403
v -1.4903876 40.93335 6.3094435
v -1.654971 40.93335 4.811936
v -1.4903876 40.93335 3.314429
v -1.0029644 40.93335 1.8744707
v -0.21143049 40.933353 0.54739696
v 0.85379356 40.933353 -0.6157931
v 2.1517744 40.933353 -1.5703954
v 3.6326284 40.933353 -2.279731
v 5.239448 40.93335 -2.7165377
v 5.5975523 41.97827 10.727022
v 4.335083 41.97827 10.383826
v 3.171585 41.97827 9.826506
v 2.15177 41.97827 9.076476
v 1.3148286 41.97827 8.162564
v 0.6929253 41.97827 7.1198893
v 0.30995917 41.97827 5.9885206
v 0.18064769 41.97827 4.811937
v 0.3099598 41.97827 3.6353528
v 0.6929271 41.97827 2.503985
v 1.3148311 41.97827 1.4613094
v 2.1517727 41.97827 0.5473976
v 3.1715884 41.97827 -0.20263003
v 4.3350883 41.97827 -0.75995106
v 5.597558 41.97827 -1.1031454
v 6.006119 42.754715 8.886319
v 5.1365156 42.754715 8.64992
v 4.3350844 42.754715 8.266031
v 3.6326237 42.75472 7.7494035
v 3.056129 42.75472 7.1198893
v 2.6277542 42.75472 6.401683
v 2.363963 42.75472 5.6223826
v 2.2748923 42.75472 4.811938
v 2.3639638 42.75472 4.001493
v 2.6277559 42.754715 3.222192
v 3.0561304 42.75472 2.5039861
v 3.6326253 42.75472 1.874473
v 4.335087 42.75472 1.357845
v 5.1365185 42.75472 0.9739561
v 6.006123 42.75472 0.7375581
v 6.4494395 43.23285 6.889038
v 6.0061197 43.23285 6.7685237
v 5.5975537 43.23285 6.5728188
v 5.239443 43.23285 6.309444
v 4.9455485 43.23285 5.988521
v 4.7271657 43.23285 5.6223826
v 4.592686 43.23285 5.2250996
v 4.547278 43.23285 4.8119383
v 4.5926867 43.23285 4.3987775
v 4.7271667 43.23285 4.0014944
v 4.9455495 43.23285 3.635356
v 5.239444 43.23285 3.3144324
v 5.597555 43.23285 3.0510585
v 6.0061216 43.23285 2.8553538
v 6.4494414 43.23285 2.7348387
v 6.8622923 24.715454 6.925477
v 6.8622923 24.715454 2.6983957
v 6.8622923 25.023851 0.6619864
v 6.8622923 25.52466 10.838653
v 6.8622923 25.52466 -1.2147789
v 6.8622923 27.019878 13.833666
v 6.8622923 27.01988 -4.209791
v 6.8622923 27.956825 14.836817
v 6.8622923 28.973473 15.454555
v 6.8622923 34.992104 15.663139
v 6.8622923 34.992104 -6.0392623
v 6.8622923 36.631287 15.454558
v 6.8622923 38.20748 14.836821
v 6.8622923 39.66011 13.833668
v 6.8622923 39.660114 -4.2097917
v 6.8622923 40.93335 12.483652
v 6.8622923 41.97827 10.838654
v 6.8622923 42.754715 8.961887
v 6.8622923 43.23285 6.925478
v 6.8622923 43.23285 2.6983995
v 6.8622923 43.388737 4.8285136
v 7.275145 24.715454 6.889038
v 7.718466 25.023851 8.886318
v 8.58807 25.023851 8.64992
v 7.718466 24.715454 6.768523
v 9.389502 25.023851 8.26603
v 8.127032 24.715454 6.572818
v 10.091962 25.023851 7.7494016
v 8.485144 24.715454 6.309443
v 10.668457 25.023851 7.119888
v 8.779038 24.715454 5.9885197
v 11.096831 25.023851 6.40168
v 8.997421 24.715454 5.6223803
v 11.360622 25.023851 5.62238
v 9.131901 24.715454 5.225097
v 11.449695 25.023851 4.8119345
v 9.177309 24.715454 4.8119354
v 11.360622 25.023851 4.00149
v 9.131901 24.715454 4.398774
v 11.09683 25.023851 3.2221894
v 8.99742 24.715454 4.0014906
v 10.668456 25.023851 2.5039825
v 8.779037 24.715454 3.6353517
v 10.091961 25.023853 1.8744683
v 8.485143 24.715454 3.3144286
v 9.389499 25.023853 1.3578417
v 8.12703 24.715454 3.0510535
v 8.588067 25.023851 0.9739514
v 7.718464 24.715454 2.8553486
v 7.7184615 25.023851 0.73755443
v 7.275143 24.715454 2.734835
v 8.127032 25.52466 10.72702
v 9.389502 25.52466 10.383824
v 10.5529995 25.52466 9.826504
v 11.572815 25.52466 9.076475
v 12.409756 25.52466 8.162562
v 13.031659 25.52466 7.119887
v 13.414625 25.52466 5.9885187
v 13.543937 25.52466 4.811935
v 13.414624 25.52466 3.6353502
v 13.031657 25.52466 2.5039825
v 12.409753 25.52466 1.461308
v 11.572812 25.52466 0.5473961
v 10.552997 25.52466 -0.20263302
v 9.389497 25.524662 -0.7599531
v 8.127027 25.52466 -1.1031489
v 8.485144 26.198635 12.340411
v 10.091962 26.198635 11.903605
v 11.572815 26.198635 11.194268
v 12.870793 26.198635 10.239664
v 13.936016 26.198635 9.076474
v 14.72755 26.198637 7.7493997
v 15.214973 26.198637 6.309442
v 15.379556 26.198637 4.8119345
v 15.214972 26.198637 3.3144267
v 14.727547 26.198637 1.8744675
v 13.936014 26.198637 0.5473952
v 12.87079 26.198637 -0.6157953
v 11.57281 26.198637 -1.5703981
v 10.091955 26.198637 -2.279734
v 8.485136 26.198637 -2.7165399
v 6.8622923 26.198637 -2.8597748
v 8.779038 27.019878 13.664486
v 10.668457 27.019878 13.150857
v 12.409756 27.019878 12.316767
v 13.936016 27.019878 11.194269
v 15.188589 27.019878 9.826505
v 16.119333 27.019878 8.266029
v 16.692482 27.019878 6.5728164
v 16.88601 27.019878 4.8119335
v 16.69248 27.019878 3.0510511
v 16.11933 27.019878 1.357839
v 15.188585 27.019878 -0.20263381
v 13.936011 27.019878 -1.5704
v 12.40975 27.01988 -2.6928952
v 10.668449 27.01988 -3.5269835
v 8.77903 27.01988 -4.040615
v 8.997421 27.956825 14.648362
v 11.09683 27.956825 14.077649
v 13.031657 27.956825 13.150856
v 14.727548 27.956825 11.903605
v 16.119331 27.956825 10.383825
v 17.153519 27.956827 8.649918
v 17.790367 27.956825 6.768521
v 18.005404 27.956827 4.8119335
v 17.790363 27.956827 2.8553472
v 17.153515 27.956827 0.9739498
v 16.119328 27.956827 -0.7599532
v 14.727544 27.956827 -2.279733
v 13.031651 27.956827 -3.5269833
v 11.096823 27.956827 -4.4537773
v 8.997412 27.956827 -5.0244904
v 6.8622923 27.956827 -5.2129455
v 9.131901 28.973473 15.254232
v 11.360622 28.973475 14.648367
v 13.414624 28.973473 13.664489
v 15.214973 28.973473 12.340412
v 16.69248 28.973475 10.727021
v 17.790367 28.973475 8.886317
v 18.466442 28.973473 6.889037
v 18.694725 28.973475 4.8119335
v 18.46644 28.973475 2.7348313
v 17.790363 28.973475 0.737551
v 16.692476 28.973475 -1.1031535
v 15.214968 28.973475 -2.7165434
v 13.414617 28.973475 -4.040617
v 11.360614 28.973475 -5.0244904
v 9.13189 28.973475 -5.6303577
v 6.8622923 28.973475 -5.8306823
v 9.177309 34.9921 15.458811
v 11.449694 34.9921 14.841072
v 13.543935 34.9921 13.837919
v 15.379555 34.992104 12.487904
v 16.88601 34.992104 10.842907
v 18.005405 34.992104 8.966139
v 18.694723 34.992104 6.929729
v 18.927479 34.992104 4.811934
v 18.694723 34.992104 2.6941404
v 18.005402 34.992104 0.65773094
v 16.886003 34.992104 -1.219034
v 15.379549 34.992104 -2.864033
v 13.543928 34.992104 -4.214046
v 11.449685 34.992104 -5.2171984
v 9.177299 34.992104 -5.8349333
v 9.131901 36.631287 15.254232
v 11.360622 36.631287 14.648365
v 13.414624 36.631287 13.664489
v 15.214972 36.631287 12.340412
v 16.69248 36.631287 10.727023
v 17.790367 36.63129 8.886317
v 18.46644 36.63129 6.889037
v 18.694723 36.63129 4.8119345
v 18.46644 36.63129 2.7348316
v 17.790363 36.63129 0.7375516
v 16.692474 36.63129 -1.1031513
v 15.214968 36.63129 -2.7165418
v 13.414617 36.63129 -4.0406165
v 11.360614 36.63129 -5.02449
v 9.13189 36.63129 -5.6303577
v 6.8622923 36.63129 -5.8306785
v 8.997421 38.20748 14.648366
v 11.09683 38.20748 14.077651
v 13.031657 38.20748 13.15086
v 14.727549 38.20748 11.903607
v 16.119331 38.20748 10.383826
v 17.153519 38.20748 8.6499195
v 17.790367 38.20748 6.768523
v 18.005404 38.20748 4.8119345
v 17.790365 38.20748 2.8553479
v 17.153515 38.20748 0.9739503
v 16.119328 38.20748 -0.7599542
v 14.727544 38.20748 -2.2797341
v 13.031652 38.20748 -3.5269842
v 11.096823 38.20748 -4.453776
v 8.997412 38.207485 -5.024489
v 6.8622923 38.20748 -5.212942
v 8.779038 39.66011 13.66449
v 10.668457 39.66011 13.150858
v 12.409756 39.66011 12.316769
v 13.936016 39.66011 11.19427
v 15.188587 39.66011 9.826506
v 16.119331 39.66011 8.26603
v 16.69248 39.66011 6.5728183
v 16.88601 39.66011 4.8119354
v 16.692478 39.66011 3.051053
v 16.119328 39.66011 1.35784
v 15.188582 39.66011 -0.20263343
v 13.936011 39.66011 -1.5703992
v 12.40975 39.66011 -2.6928961
v 10.668449 39.66011 -3.5269845
v 8.77903 39.660114 -4.040613
v 8.485144 40.93335 12.340414
v 10.091962 40.93335 11.903608
v 11.572815 40.93335 11.194271
v 12.870793 40.93335 10.239667
v 13.936016 40.93335 9.076477
v 14.72755 40.93335 7.749403
v 15.214973 40.93335 6.309444
v 15.379555 40.93335 4.811936
v 15.214972 40.93335 3.314429
v 14.727547 40.93335 1.8744707
v 13.936013 40.933353 0.54739696
v 12.87079 40.933353 -0.6157931
v 11.57281 40.933353 -1.5703954
v 10.091955 40.933353 -2.279731
v 8.485136 40.93335 -2.7165377
v 6.8622923 40.933353 -2.859774
v 8.127032 41.97827 10.727022
v 9.389501 41.97827 10.383826
v 10.5529995 41.97827 9.826506
v 11.572815 41.97827 9.076476
v 12.409755 41.97827 8.162564
v 13.031659 41.97827 7.1198893
v 13.414624 41.97827 5.9885206
v 13.543935 41.97827 4.811937
v 13.414623 41.97827 3.6353528
v 13.031656 41.97827 2.503985
v 12.409753 41.97827 1.4613094
v 11.572811 41.97827 0.5473976
v 10.552996 41.97827 -0.20263003
v 9.389496 41.97827 -0.75995106
v 8.127027 41.97827 -1.1031454
v 6.8622923 41.97827 -1.214775
v 7.7184653 42.754715 8.886319
v 8.588069 42.754715 8.64992
v 9.389501 42.754715 8.266031
v 10.091961 42.75472 7.7494035
v 10.668456 42.75472 7.1198893
v 11.096829 42.75472 6.4016824
v 11.3606205 42.75472 5.6223826
v 11.449692 42.75472 4.811938
v 11.3606205 42.75472 4.001493
v 11.096828 42.754715 3.222192
v 10.668453 42.75472 2.5039861
v 10.091959 42.75472 1.874473
v 9.389498 42.75472 1.357845
v 8.588066 42.75472 0.9739561
v 7.7184615 42.75472 0.7375581
v 6.8622923 42.75472 0.6619906
v 7.2751446 43.23285 6.889038
v 7.7184644 43.23285 6.7685237
v 8.12703 43.23285 6.5728188
v 8.485142 43.23285 6.3094444
v 8.779036 43.23285 5.988521
v 8.997418 43.23285 5.6223826
v 9.131898 43.23285 5.2250996
v 9.177306 43.23285 4.8119383
v 9.131898 43.23285 4.3987775
v 8.997418 43.23285 4.0014944
v 8.779036 43.23285 3.635356
v 8.485141 43.23285 3.3144324
v 8.127029 43.23285 3.0510585
v 7.718463 43.23285 2.8553538
v 7.2751427 43.23285 2.7348387
v 6.8622923 24.614908 4.8285103
v 6.8622923 25.023851 8.961886
v 6.8622923 26.198635 12.48365
# 2568 vertices

vn 0.013294125 -0.9951681 -0.09728184
vn 0.06147165 -0.99409467 -0.08942656
vn -0.0010926556 -0.99832 0.057930324
vn -0.048036702 -0.99741817 0.053379387
vn 0.06147165 -0.99409467 -0.08942656
vn 0.10942551 -0.9917352 -0.06698806
vn 0.018688288 -0.99763197 0.06619018
vn -0.0010926556 -0.99832 0.057930324
vn 0.10942551 -0.9917352 -0.06698806
vn 0.15243354 -0.98764473 -0.036359023
vn 0.037077695 -0.9962868 0.07770336
vn 0.018688288 -0.99763197 0.06619018
vn 0.15243354 -0.98764473 -0.036359023
vn 0.18896425 -0.98198277 0.0015329076
vn 0.05353009 -0.99428636 0.092353486
vn 0.037077695 -0.9962868 0.07770336
vn 0.18896425 -0.98198277 0.0015329076
vn 0.22053893 -0.9741012 0.049893375
vn 0.07041305 -0.99119186 0.112163246
vn 0.05353009 -0.99428636 0.092353486
vn 0.22053893 -0.9741012 0.049893375
vn 0.24121562 -0.96468866 0.10578653
vn 0.08101833 -0.98739254 0.13598497
vn 0.07041305 -0.99119186 0.112163246
vn 0.24121562 -0.96468866 0.10578653
vn 0.24600115 -0.9580294 0.14718352
vn 0.08257438 -0.9849893 0.15158343
vn 0.08101833 -0.98739254 0.13598497
vn 0.05094299 -0.9659068 -0.25382832
vn 0.12082685 -0.96564084 -0.2300838
vn 0.06147165 -0.99409467 -0.08942656
vn 0.013294125 -0.9951681 -0.09728184
vn 0.17028557 -0.922126 -0.34739977
vn 0.12082685 -0.96564084 -0.2300838
vn 0.05094299 -0.9659068 -0.25382832
vn 0.07159724 -0.9230189 -0.37803456
vn 0.12082685 -0.96564084 -0.2300838
vn 0.19361599 -0.9620598 -0.19223368
vn 0.10942551 -0.9917352 -0.06698806
vn 0.06147165 -0.99409467 -0.08942656
vn 0.26335973 -0.9179039 -0.29680637
vn 0.19361599 -0.9620598 -0.19223368
vn 0.12082685 -0.96564084 -0.2300838
vn 0.17028557 -0.922126 -0.34739977
vn 0.19361599 -0.9620598 -0.19223368
vn 0.25663772 -0.95610887 -0.14139655
vn 0.15243354 -0.98764473 -0.036359023
vn 0.10942551 -0.9917352 -0.06698806
vn 0.3426854 -0.91103905 -0.22929122
vn 0.25663772 -0.95610887 -0.14139655
vn 0.19361599 -0.9620598 -0.19223368
vn 0.26335973 -0.9179039 -0.29680637
vn 0.25663772 -0.95610887 -0.14139655
vn 0.3073677 -0.9482253 -0.07996218
vn 0.18896425 -0.98198277 0.0015329076
vn 0.15243354 -0.98764473 -0.036359023
vn 0.4050208 -0.90216565 -0.14851062
vn 0.3073677 -0.9482253 -0.07996218
vn 0.25663772 -0.95610887 -0.14139655
vn 0.3426854 -0.91103905 -0.22929122
vn 0.3073677 -0.9482253 -0.07996218
vn 0.3459799 -0.93822604 -0.0054682936
vn 0.22053893 -0.9741012 0.049893375
vn 0.18896425 -0.98198277 0.0015329076
vn 0.44963014 -0.8916088 -0.053539697
vn 0.3459799 -0.93822604 -0.0054682936
vn 0.3073677 -0.9482253 -0.07996218
vn 0.4050208 -0.90216565 -0.14851062
vn 0.3459799 -0.93822604 -0.0054682936
vn 0.36746556 -0.9268132 0.07737114
vn 0.24121562 -0.96468866 0.10578653
vn 0.22053893 -0.9741012 0.049893375
vn 0.47235617 -0.87998515 0.05005793
vn 0.36746556 -0.9268132 0.07737114
vn 0.3459799 -0.93822604 -0.0054682936
vn 0.44963014 -0.8916088 -0.053539697
vn 0.36746556 -0.9268132 0.07737114
vn 0.37116143 -0.91783243 0.14079325
vn 0.24600115 -0.9580294 0.14718352
vn 0.24121562 -0.96468866 0.10578653
vn 0.47567523 -0.8694829 0.13316382
vn 0.37116143 -0.91783243 0.14079325
vn 0.36746556 -0.9268132 0.07737114
vn 0.47235617 -0.87998515 0.05005793
vn 0.0980307 -0.8517333 -0.5147235
vn 0.22335885 -0.8508959 -0.47548613
vn 0.17028557 -0.922126 -0.34739977
vn 0.07159724 -0.9230189 -0.37803456
vn 0.30216044 -0.6782573 -0.6698253
vn 0.22335885 -0.8508959 -0.47548613
vn 0.0980307 -0.8517333 -0.5147235
vn 0.13820362 -0.6778586 -0.7220855
vn 0.22335885 -0.8508959 -0.47548613
vn 0.33795458 -0.8462597 -0.41186312
vn 0.26335973 -0.9179039 -0.29680637
vn 0.17028557 -0.922126 -0.34739977
vn 0.44721025 -0.6748264 -0.587037
vn 0.33795458 -0.8462597 -0.41186312
vn 0.22335885 -0.8508959 -0.47548613
vn 0.30216044 -0.6782573 -0.6698253
vn 0.33795458 -0.8462597 -0.41186312
vn 0.43493232 -0.8389066 -0.32721505
vn 0.3426854 -0.91103905 -0.22929122
vn 0.26335973 -0.9179039 -0.29680637
vn 0.5691322 -0.6694344 -0.477437
vn 0.43493232 -0.8389066 -0.32721505
vn 0.33795458 -0.8462597 -0.41186312
vn 0.44721025 -0.6748264 -0.587037
vn 0.43493232 -0.8389066 -0.32721505
vn 0.5103868 -0.82960457 -0.22641002
vn 0.4050208 -0.90216565 -0.14851062
vn 0.3426854 -0.91103905 -0.22929122
vn 0.66321886 -0.6627948 -0.3476256
vn 0.5103868 -0.82960457 -0.22641002
vn 0.43493232 -0.8389066 -0.32721505
vn 0.5691322 -0.6694344 -0.477437
vn 0.5103868 -0.82960457 -0.22641002
vn 0.56298846 -0.81905985 -0.11038597
vn 0.44963014 -0.8916088 -0.053539697
vn 0.4050208 -0.90216565 -0.14851062
vn 0.72760475 -0.65597504 -0.20071876
vn 0.56298846 -0.81905985 -0.11038597
vn 0.5103868 -0.82960457 -0.22641002
vn 0.66321886 -0.6627948 -0.3476256
vn 0.56298846 -0.81905985 -0.11038597
vn 0.5889722 -0.8080112 0.015153367
vn 0.47235617 -0.87998515 0.05005793
vn 0.44963014 -0.8916088 -0.053539697
vn 0.75878626 -0.6499124 -0.04309713
vn 0.5889722 -0.8080112 0.015153367
vn 0.56298846 -0.81905985 -0.11038597
vn 0.72760475 -0.65597504 -0.20071876
vn 0.5889722 -0.8080112 0.015153367
vn 0.5923797 -0.79642063 0.12165733
vn 0.47567523 -0.8694829 0.13316382
vn 0.47235617 -0.87998515 0.05005793
vn 0.7625496 -0.6396048 0.097075686
vn 0.5923797 -0.79642063 0.12165733
vn 0.5889722 -0.8080112 0.015153367
vn 0.75878626 -0.6499124 -0.04309713
vn 0.14751138 -0.61540544 -0.77428454
vn 0.3211906 -0.6170017 -0.71843266
vn 0.30216044 -0.6782573 -0.6698253
vn 0.13820362 -0.6778586 -0.7220855
vn 0.16227505 -0.9292399 -0.33193362
vn 0.3211906 -0.6170017 -0.71843266
vn 0.14751138 -0.61540544 -0.77428454
vn 0.06735122 -0.92924476 -0.36327386
vn 0.3211906 -0.6170017 -0.71843266
vn 0.47268897 -0.61745185 -0.62874347
vn 0.44721025 -0.6748264 -0.587037
vn 0.30216044 -0.6782573 -0.6698253
vn 0.24896269 -0.92833865 -0.27605233
vn 0.47268897 -0.61745185 -0.62874347
vn 0.3211906 -0.6170017 -0.71843266
vn 0.16227505 -0.9292399 -0.33193362
vn 0.47268897 -0.61745185 -0.62874347
vn 0.59896535 -0.6164097 -0.5111552
vn 0.5691322 -0.6694344 -0.477437
vn 0.44721025 -0.6748264 -0.587037
vn 0.31947252 -0.9251866 -0.20485835
vn 0.59896535 -0.6164097 -0.5111552
vn 0.47268897 -0.61745185 -0.62874347
vn 0.24896269 -0.92833865 -0.27605233
vn 0.59896535 -0.6164097 -0.5111552
vn 0.6953013 -0.6143533 -0.37299624
vn 0.66321886 -0.6627948 -0.3476256
vn 0.5691322 -0.6694344 -0.477437
vn 0.37138814 -0.9202781 -0.123122536
vn 0.6953013 -0.6143533 -0.37299624
vn 0.59896535 -0.6164097 -0.5111552
vn 0.31947252 -0.9251866 -0.20485835
vn 0.6953013 -0.6143533 -0.37299624
vn 0.75944364 -0.6126756 -0.21880068
vn 0.72760475 -0.65597504 -0.20071876
vn 0.66321886 -0.6627948 -0.3476256
vn 0.40330312 -0.91442955 -0.034134388
vn 0.75944364 -0.6126756 -0.21880068
vn 0.6953013 -0.6143533 -0.37299624
vn 0.37138814 -0.9202781 -0.123122536
vn 0.75944364 -0.6126756 -0.21880068
vn 0.7891272 -0.61168855 -0.055815108
vn 0.75878626 -0.6499124 -0.04309713
vn 0.72760475 -0.65597504 -0.20071876
vn 0.41542366 -0.90784234 0.0569683
vn 0.7891272 -0.61168855 -0.055815108
vn 0.75944364 -0.6126756 -0.21880068
vn 0.40330312 -0.91442955 -0.034134388
vn 0.7891272 -0.61168855 -0.055815108
vn 0.7933697 -0.6017961 0.09168419
vn 0.7625496 -0.6396048 0.097075686
vn 0.75878626 -0.6499124 -0.04309713
vn 0.41762272 -0.89803016 0.1383231
vn 0.7933697 -0.6017961 0.09168419
vn 0.7891272 -0.61168855 -0.055815108
vn 0.41542366 -0.90784234 0.0569683
vn -0.037777096 -0.9818658 0.18577506
vn -0.056396674 -0.9817782 0.18146892
vn 0.16227505 -0.9292399 -0.33193362
vn 0.06735122 -0.92924476 -0.36327386
vn -0.1475833 -0.906546 0.39546627
vn -0.056396674 -0.9817782 0.18146892
vn -0.037777096 -0.9818658 0.18577506
vn -0.08011041 -0.9052687 0.41721818
vn -0.056396674 -0.9817782 0.18146892
vn -0.063433036 -0.9816537 0.17981164
vn 0.24896269 -0.92833865 -0.27605233
vn 0.16227505 -0.9292399 -0.33193362
vn -0.19593424 -0.9087566 0.3684713
vn -0.063433036 -0.9816537 0.17981164
vn -0.056396674 -0.9817782 0.18146892
vn -0.1475833 -0.906546 0.39546627
vn -0.063433036 -0.9816537 0.17981164
vn -0.070225365 -0.98175985 0.17668074
vn 0.31947252 -0.9251866 -0.20485835
vn 0.24896269 -0.92833865 -0.27605233
vn -0.23759712 -0.91232383 0.33348575
vn -0.070225365 -0.98175985 0.17668074
vn -0.063433036 -0.9816537 0.17981164
vn -0.19593424 -0.9087566 0.3684713
vn -0.070225365 -0.98175985 0.17668074
vn -0.07639667 -0.98211247 0.17210078
vn 0.37138814 -0.9202781 -0.123122536
vn 0.31947252 -0.9251866 -0.20485835
vn -0.27123505 -0.91714746 0.29201385
vn -0.07639667 -0.98211247 0.17210078
vn -0.070225365 -0.98175985 0.17668074
vn -0.23759712 -0.91232383 0.33348575
vn -0.07639667 -0.98211247 0.17210078
vn -0.08170059 -0.982698 0.16622129
vn 0.40330312 -0.91442955 -0.034134388
vn 0.37138814 -0.9202781 -0.123122536
vn -0.29590955 -0.92313236 0.24548769
vn -0.08170059 -0.982698 0.16622129
vn -0.07639667 -0.98211247 0.17210078
vn -0.27123505 -0.91714746 0.29201385
vn -0.08170059 -0.982698 0.16622129
vn -0.085583024 -0.9835299 0.15919945
vn 0.41542366 -0.90784234 0.0569683
vn 0.40330312 -0.91442955 -0.034134388
vn -0.31079164 -0.9301619 0.19546704
vn -0.085583024 -0.9835299 0.15919945
vn -0.08170059 -0.982698 0.16622129
vn -0.29590955 -0.92313236 0.24548769
vn -0.085583024 -0.9835299 0.15919945
vn -0.08678627 -0.98461187 0.15168232
vn 0.41762272 -0.89803016 0.1383231
vn 0.41542366 -0.90784234 0.0569683
vn -0.3160278 -0.9376566 0.1446597
vn -0.08678627 -0.98461187 0.15168232
vn -0.085583024 -0.9835299 0.15919945
vn -0.31079164 -0.9301619 0.19546704
vn -0.16815765 -0.435174 0.88450366
vn -0.17760637 -0.31008387 0.9339721
vn -0.36779413 -0.31395712 0.87530476
vn -0.34515074 -0.43859944 0.8297598
vn -0.18320267 -0.19051172 0.96443874
vn -0.3824817 -0.19530027 0.9030866
vn -0.36779413 -0.31395712 0.87530476
vn -0.17760637 -0.31008387 0.9339721
vn -0.34515074 -0.43859944 0.8297598
vn -0.36779413 -0.31395712 0.87530476
vn -0.52458036 -0.32075676 0.78862566
vn -0.48984814 -0.44430137 0.75009686
vn -0.3824817 -0.19530027 0.9030866
vn -0.5478461 -0.20313407 0.81154245
vn -0.52458036 -0.32075676 0.78862566
vn -0.36779413 -0.31395712 0.87530476
vn -0.48984814 -0.44430137 0.75009686
vn -0.52458036 -0.32075676 0.78862566
vn -0.6595242 -0.33050558 0.6751252
vn -0.6147206 -0.4527888 0.64583343
vn -0.5478461 -0.20313407 0.81154245
vn -0.6899048 -0.2140487 0.6915306
vn -0.6595242 -0.33050558 0.6751252
vn -0.52458036 -0.32075676 0.78862566
vn -0.6147206 -0.4527888 0.64583343
vn -0.6595242 -0.33050558 0.6751252
vn -0.76844996 -0.34299952 0.54021835
vn -0.7158828 -0.46398872 0.5217529
vn -0.6899048 -0.2140487 0.6915306
vn -0.80423826 -0.22769299 0.54895973
vn -0.76844996 -0.34299952 0.54021835
vn -0.6595242 -0.33050558 0.6751252
vn -0.7158828 -0.46398872 0.5217529
vn -0.76844996 -0.34299952 0.54021835
vn -0.84861434 -0.35801533 0.3894596
vn -0.7906579 -0.4778239 0.38281125
vn -0.80423826 -0.22769299 0.54895973
vn -0.8880497 -0.24370314 0.3898414
vn -0.84861434 -0.35801533 0.3894596
vn -0.76844996 -0.34299952 0.54021835
vn -0.7906579 -0.4778239 0.38281125
vn -0.84861434 -0.35801533 0.3894596
vn -0.89835155 -0.37529358 0.22829637
vn -0.83727896 -0.49419078 0.23396455
vn -0.8880497 -0.24370314 0.3898414
vn -0.9397511 -0.26168844 0.21997024
vn -0.89835155 -0.37529358 0.22829637
vn -0.84861434 -0.35801533 0.3894596
vn -0.83727896 -0.49419078 0.23396455
vn -0.89835155 -0.37529358 0.22829637
vn -0.9168834 -0.39436308 0.061664347
vn -0.8549889 -0.5124648 0.07983684
vn -0.9397511 -0.26168844 0.21997024
vn -0.9586025 -0.28125623 0.04445444
vn -0.9168834 -0.39436308 0.061664347
vn -0.89835155 -0.37529358 0.22829637
vn -0.18501738 -0.13341424 0.9736371
vn -0.38745558 -0.13868192 0.91139764
vn -0.3824817 -0.19530027 0.9030866
vn -0.18320267 -0.19051172 0.96443874
vn -0.39178646 -0.068466626 0.9175052
vn -0.38745558 -0.13868192 0.91139764
vn -0.18501738 -0.13341424 0.9736371
vn -0.18634172 -0.06272076 0.98048097
vn -0.38745558 -0.13868192 0.91139764
vn -0.555967 -0.14707826 0.8180885
vn -0.5478461 -0.20313407 0.81154245
vn -0.3824817 -0.19530027 0.9030866
vn -0.5634718 -0.0775706 0.8224855
vn -0.555967 -0.14707826 0.8180885
vn -0.38745558 -0.13868192 0.91139764
vn -0.39178646 -0.068466626 0.9175052
vn -0.555967 -0.14707826 0.8180885
vn -0.70062506 -0.15862484 0.69567436
vn -0.6899048 -0.2140487 0.6915306
vn -0.5478461 -0.20313407 0.81154245
vn -0.7106983 -0.08985637 0.6977348
vn -0.70062506 -0.15862484 0.69567436
vn -0.555967 -0.14707826 0.8180885
vn -0.5634718 -0.0775706 0.8224855
vn -0.70062506 -0.15862484 0.69567436
vn -0.8168991 -0.17291635 0.55025077
vn -0.80423826 -0.22769299 0.54895973
vn -0.6899048 -0.2140487 0.6915306
vn -0.8288871 -0.104942024 0.5494846
vn -0.8168991 -0.17291635 0.55025077
vn -0.70062506 -0.15862484 0.69567436
vn -0.7106983 -0.08985637 0.6977348
vn -0.8168991 -0.17291635 0.55025077
vn -0.9019544 -0.18950158 0.3880301
vn -0.8880497 -0.24370314 0.3898414
vn -0.80423826 -0.22769299 0.54895973
vn -0.91513383 -0.12224252 0.38417014
vn -0.9019544 -0.18950158 0.3880301
vn -0.8168991 -0.17291635 0.55025077
vn -0.8288871 -0.104942024 0.5494846
vn -0.9019544 -0.18950158 0.3880301
vn -0.9542314 -0.20792991 0.21495953
vn -0.9397511 -0.26168844 0.21997024
vn -0.8880497 -0.24370314 0.3898414
vn -0.9678993 -0.14121662 0.20791544
vn -0.9542314 -0.20792991 0.21495953
vn -0.9019544 -0.18950158 0.3880301
vn -0.91513383 -0.12224252 0.38417014
vn -0.9542314 -0.20792991 0.21495953
vn -0.97304 -0.22776793 0.036261015
vn -0.9586025 -0.28125623 0.04445444
vn -0.9397511 -0.26168844 0.21997024
vn -0.9865486 -0.16137539 0.026073612
vn -0.97304 -0.22776793 0.036261015
vn -0.9542314 -0.20792991 0.21495953
vn -0.9678993 -0.14121662 0.20791544
vn -0.18659204 0.023087932 0.9821661
vn -0.3944503 0.016782992 0.918764
vn -0.39178646 -0.068466626 0.9175052
vn -0.18634172 -0.06272076 0.98048097
vn -0.39421293 0.10245251 0.9132905
vn -0.3944503 0.016782992 0.918764
vn -0.18659204 0.023087932 0.9821661
vn -0.1854168 0.10911191 0.97658336
vn -0.3944503 0.016782992 0.918764
vn -0.5689327 0.0068626096 0.82235545
vn -0.5634718 -0.0775706 0.8224855
vn -0.39178646 -0.068466626 0.9175052
vn -0.57032484 0.091790125 0.8162745
vn -0.5689327 0.0068626096 0.82235545
vn -0.3944503 0.016782992 0.918764
vn -0.39421293 0.10245251 0.9132905
vn -0.5689327 0.0068626096 0.82235545
vn -0.7183204 -0.006293781 0.69568396
vn -0.7106983 -0.08985637 0.6977348
vn -0.5634718 -0.0775706 0.8224855
vn -0.7208876 0.07774818 0.68867725
vn -0.7183204 -0.006293781 0.69568396
vn -0.5689327 0.0068626096 0.82235545
vn -0.57032484 0.091790125 0.8162745
vn -0.7183204 -0.006293781 0.69568396
vn -0.8381112 -0.022296667 0.5450436
vn -0.8288871 -0.104942024 0.5494846
vn -0.7106983 -0.08985637 0.6977348
vn -0.8415279 0.06087103 0.5367732
vn -0.8381112 -0.022296667 0.5450436
vn -0.7183204 -0.006293781 0.69568396
vn -0.7208876 0.07774818 0.68867725
vn -0.8381112 -0.022296667 0.5450436
vn -0.9252946 -0.040413644 0.3770898
vn -0.91513383 -0.12224252 0.38417014
vn -0.8288871 -0.104942024 0.5494846
vn -0.92912114 0.041987438 0.36738396
vn -0.9252946 -0.040413644 0.3770898
vn -0.8381112 -0.022296667 0.5450436
vn -0.8415279 0.06087103 0.5367732
vn -0.9252946 -0.040413644 0.3770898
vn -0.9783364 -0.05999532 0.19813727
vn -0.9678993 -0.14121662 0.20791544
vn -0.91513383 -0.12224252 0.38417014
vn -0.98212063 0.021841792 0.18698116
vn -0.9783364 -0.05999532 0.19813727
vn -0.9252946 -0.040413644 0.3770898
vn -0.92912114 0.041987438 0.36738396
vn -0.9783364 -0.05999532 0.19813727
vn -0.996662 -0.08048532 0.013674247
vn -0.9865486 -0.16137539 0.026073612
vn -0.9678993 -0.14121662 0.20791544
vn -0.99999875 0.001061247 0.0011664398
vn -0.996662 -0.08048532 0.013674247
vn -0.9783364 -0.05999532 0.19813727
vn -0.98212063 0.021841792 0.18698116
vn -0.18284997 0.19503938 0.9636002
vn -0.39098337 0.188187 0.90095365
vn -0.39421293 0.10245251 0.9132905
vn -0.1854168 0.10911191 0.97658336
vn -0.38471317 0.27357024 0.88156396
vn -0.39098337 0.188187 0.90095365
vn -0.18284997 0.19503938 0.9636002
vn -0.17885607 0.28050375 0.94304204
vn -0.39098337 0.188187 0.90095365
vn -0.56748796 0.17690973 0.8041519
vn -0.57032484 0.091790125 0.8162745
vn -0.39421293 0.10245251 0.9132905
vn -0.56029254 0.26186028 0.7858127
vn -0.56748796 0.17690973 0.8041519
vn -0.39098337 0.188187 0.90095365
vn -0.38471317 0.27357024 0.88156396
vn -0.56748796 0.17690973 0.8041519
vn -0.71826965 0.16206414 0.6766268
vn -0.7208876 0.07774818 0.68867725
vn -0.57032484 0.091790125 0.8162745
vn -0.7102811 0.24641012 0.6593807
vn -0.71826965 0.16206414 0.6766268
vn -0.56748796 0.17690973 0.8041519
vn -0.56029254 0.26186028 0.7858127
vn -0.71826965 0.16206414 0.6766268
vn -0.8390086 0.14440228 0.52460694
vn -0.8415279 0.06087103 0.5367732
vn -0.7208876 0.07774818 0.68867725
vn -0.83033967 0.22810718 0.5084321
vn -0.8390086 0.14440228 0.52460694
vn -0.71826965 0.16206414 0.6766268
vn -0.7102811 0.24641012 0.6593807
vn -0.8390086 0.14440228 0.52460694
vn -0.9264879 0.12483075 0.35501736
vn -0.92912114 0.041987438 0.36738396
vn -0.8415279 0.06087103 0.5367732
vn -0.9171725 0.20795904 0.33992288
vn -0.9264879 0.12483075 0.35501736
vn -0.8390086 0.14440228 0.52460694
vn -0.83033967 0.22810718 0.5084321
vn -0.9264879 0.12483075 0.35501736
vn -0.9791408 0.1041828 0.17443967
vn -0.98212063 0.021841792 0.18698116
vn -0.92912114 0.041987438 0.36738396
vn -0.9691819 0.18689367 0.16049056
vn -0.9791408 0.1041828 0.17443967
vn -0.9264879 0.12483075 0.35501736
vn -0.9171725 0.20795904 0.33992288
vn -0.9791408 0.1041828 0.17443967
vn -0.99647087 0.08315691 -0.011434692
vn -0.99999875 0.001061247 0.0011664398
vn -0.98212063 0.021841792 0.18698116
vn -0.98588485 0.1656797 -0.024111684
vn -0.99647087 0.08315691 -0.011434692
vn -0.9791408 0.1041828 0.17443967
vn -0.9691819 0.18689367 0.16049056
vn -0.17337246 0.365123 0.9146733
vn -0.37531114 0.35824674 0.85486895
vn -0.38471317 0.27357024 0.88156396
vn -0.17885607 0.28050375 0.94304204
vn -0.36263296 0.44175875 0.8205769
vn -0.37531114 0.35824674 0.85486895
vn -0.17337246 0.365123 0.9146733
vn -0.16633773 0.4483994 0.8782196
vn -0.37531114 0.35824674 0.85486895
vn -0.548591 0.34630498 0.76099986
vn -0.56029254 0.26186028 0.7858127
vn -0.38471317 0.27357024 0.88156396
vn -0.532171 0.4297996 0.7294288
vn -0.548591 0.34630498 0.76099986
vn -0.37531114 0.35824674 0.85486895
vn -0.36263296 0.44175875 0.8205769
vn -0.548591 0.34630498 0.76099986
vn -0.6966833 0.33046755 0.6367289
vn -0.7102811 0.24641012 0.6593807
vn -0.56029254 0.26186028 0.7858127
vn -0.6771813 0.41380477 0.60843325
vn -0.6966833 0.33046755 0.6367289
vn -0.548591 0.34630498 0.76099986
vn -0.532171 0.4297996 0.7294288
vn -0.6966833 0.33046755 0.6367289
vn -0.81523275 0.31170517 0.48809364
vn -0.83033967 0.22810718 0.5084321
vn -0.7102811 0.24641012 0.6593807
vn -0.7933318 0.39480734 0.46341303
vn -0.81523275 0.31170517 0.48809364
vn -0.6966833 0.33046755 0.6367289
vn -0.6771813 0.41380477 0.60843325
vn -0.81523275 0.31170517 0.48809364
vn -0.9008635 0.29113173 0.32200485
vn -0.9171725 0.20795904 0.33992288
vn -0.83033967 0.22810718 0.5084321
vn -0.87716943 0.374005 0.30115443
vn -0.9008635 0.29113173 0.32200485
vn -0.81523275 0.31170517 0.48809364
vn -0.7933318 0.39480734 0.46341303
vn -0.9008635 0.29113173 0.32200485
vn -0.9519309 0.2697656 0.14510116
vn -0.9691819 0.18689367 0.16049056
vn -0.9171725 0.20795904 0.33992288
vn -0.9269864 0.35249236 0.12823886
vn -0.9519309 0.2697656 0.14510116
vn -0.9008635 0.29113173 0.32200485
vn -0.87716943 0.374005 0.30115443
vn -0.9519309 0.2697656 0.14510116
vn -0.96794647 0.2484405 -0.03683804
vn -0.98588485 0.1656797 -0.024111684
vn -0.9691819 0.18689367 0.16049056
vn -0.9422714 0.33116058 -0.0495719
vn -0.96794647 0.2484405 -0.03683804
vn -0.9519309 0.2697656 0.14510116
vn -0.9269864 0.35249236 0.12823886
vn -0.15770535 0.52975667 0.8333588
vn -0.3465166 0.52353173 0.77835774
vn -0.36263296 0.44175875 0.8205769
vn -0.16633773 0.4483994 0.8782196
vn -0.3267352 0.6028084 0.7279191
vn -0.3465166 0.52353173 0.77835774
vn -0.15770535 0.52975667 0.8333588
vn -0.1474008 0.6084388 0.7797918
vn -0.3465166 0.52353173 0.77835774
vn -0.5107713 0.51176023 0.6908069
vn -0.532171 0.4297996 0.7294288
vn -0.36263296 0.44175875 0.8205769
vn -0.48408872 0.59141856 0.6448892
vn -0.5107713 0.51176023 0.6908069
vn -0.3465166 0.52353173 0.77835774
vn -0.3267352 0.6028084 0.7279191
vn -0.5107713 0.51176023 0.6908069
vn -0.6514454 0.49584588 0.5742436
vn -0.6771813 0.41380477 0.60843325
vn -0.532171 0.4297996 0.7294288
vn -0.61913955 0.57582444 0.53394055
vn -0.6514454 0.49584588 0.5742436
vn -0.5107713 0.51176023 0.6908069
vn -0.48408872 0.59141856 0.6448892
vn -0.6514454 0.49584588 0.5742436
vn -0.7642388 0.47687727 0.43419707
vn -0.7933318 0.39480734 0.46341303
vn -0.6771813 0.41380477 0.60843325
vn -0.7275431 0.5571893 0.40027627
vn -0.7642388 0.47687727 0.43419707
vn -0.6514454 0.49584588 0.5742436
vn -0.61913955 0.57582444 0.53394055
vn -0.7642388 0.47687727 0.43419707
vn -0.84564304 0.45608866 0.27725622
vn -0.87716943 0.374005 0.30115443
vn -0.7933318 0.39480734 0.46341303
vn -0.805813 0.5367102 0.2502151
vn -0.84564304 0.45608866 0.27725622
vn -0.7642388 0.47687727 0.43419707
vn -0.7275431 0.5571893 0.40027627
vn -0.84564304 0.45608866 0.27725622
vn -0.8938823 0.4346285 0.109874904
vn -0.9269864 0.35249236 0.12823886
vn -0.87716943 0.374005 0.30115443
vn -0.8521185 0.51555157 0.09000361
vn -0.8938823 0.4346285 0.109874904
vn -0.84564304 0.45608866 0.27725622
vn -0.805813 0.5367102 0.2502151
vn -0.8938823 0.4346285 0.109874904
vn -0.90840405 0.41343275 -0.06225428
vn -0.9422714 0.33116058 -0.0495719
vn -0.9269864 0.35249236 0.12823886
vn -0.8658522 0.49467698 -0.07479713
vn -0.90840405 0.41343275 -0.06225428
vn -0.8938823 0.4346285 0.109874904
vn -0.8521185 0.51555157 0.09000361
vn -0.13537142 0.68332773 0.7174522
vn -0.30316448 0.6784008 0.6692262
vn -0.3267352 0.6028084 0.7279191
vn -0.1474008 0.6084388 0.7797918
vn -0.27596125 0.74895906 0.60241646
vn -0.30316448 0.6784008 0.6692262
vn -0.13537142 0.68332773 0.7174522
vn -0.12171575 0.75310904 0.64653856
vn -0.30316448 0.6784008 0.6692262
vn -0.45192134 0.66769314 0.5915683
vn -0.48408872 0.59141856 0.6448892
vn -0.3267352 0.6028084 0.7279191
vn -0.4142972 0.7393004 0.5308416
vn -0.45192134 0.66769314 0.5915683
vn -0.30316448 0.6784008 0.6692262
vn -0.27596125 0.74895906 0.60241646
vn -0.45192134 0.66769314 0.5915683
vn -0.5799747 0.65276754 0.48736435
vn -0.61913955 0.57582444 0.53394055
vn -0.48408872 0.59141856 0.6448892
vn -0.5337804 0.72547567 0.43446928
vn -0.5799747 0.65276754 0.48736435
vn -0.45192134 0.66769314 0.5915683
vn -0.4142972 0.7393004 0.5308416
vn -0.5799747 0.65276754 0.48736435
vn -0.6828657 0.63482094 0.36152002
vn -0.7275431 0.5571893 0.40027627
vn -0.61913955 0.57582444 0.53394055
vn -0.629931 0.7086082 0.31790137
vn -0.6828657 0.63482094 0.36152002
vn -0.5799747 0.65276754 0.48736435
vn -0.5337804 0.72547567 0.43446928
vn -0.6828657 0.63482094 0.36152002
vn -0.7572294 0.61499417 0.21996778
vn -0.805813 0.5367102 0.2502151
vn -0.7275431 0.5571893 0.40027627
vn -0.69954437 0.6898141 0.18653195
vn -0.7572294 0.61499417 0.21996778
vn -0.6828657 0.63482094 0.36152002
vn -0.629931 0.7086082 0.31790137
vn -0.7572294 0.61499417 0.21996778
vn -0.80120647 0.5944374 0.06864814
vn -0.8521185 0.51555157 0.09000361
vn -0.805813 0.5367102 0.2502151
vn -0.7407522 0.67020905 0.045891307
vn -0.80120647 0.5944374 0.06864814
vn -0.7572294 0.61499417 0.21996778
vn -0.69954437 0.6898141 0.18653195
vn -0.80120647 0.5944374 0.06864814
vn -0.8141264 0.57412046 -0.08708549
vn -0.8658522 0.49467698 -0.07479713
vn -0.8521185 0.51555157 0.09000361
vn -0.75282204 0.65074223 -0.09896227
vn -0.8141264 0.57412046 -0.08708549
vn -0.80120647 0.5944374 0.06864814
vn -0.7407522 0.67020905 0.045891307
vn -0.10648822 0.8167261 0.56711453
vn -0.2452523 0.8134007 0.5274758
vn -0.27596125 0.74895906 0.60241646
vn -0.12171575 0.75310904 0.64653856
vn -0.21109332 0.8704539 0.44469053
vn -0.2452523 0.8134007 0.5274758
vn -0.10648822 0.8167261 0.56711453
vn -0.08971323 0.87295043 0.4794883
vn -0.2452523 0.8134007 0.5274758
vn -0.3713 0.8050026 0.46271715
vn -0.4142972 0.7393004 0.5308416
vn -0.27596125 0.74895906 0.60241646
vn -0.32306844 0.8633898 0.3875368
vn -0.3713 0.8050026 0.46271715
vn -0.2452523 0.8134007 0.5274758
vn -0.21109332 0.8704539 0.44469053
vn -0.3713 0.8050026 0.46271715
vn -0.48051393 0.7926072 0.3753402
vn -0.5337804 0.72547567 0.43446928
vn -0.4142972 0.7393004 0.5308416
vn -0.4203551 0.85264164 0.31032854
vn -0.48051393 0.7926072 0.3753402
vn -0.3713 0.8050026 0.46271715
vn -0.32306844 0.8633898 0.3875368
vn -0.48051393 0.7926072 0.3753402
vn -0.568616 0.7771985 0.26951492
vn -0.629931 0.7086082 0.31790137
vn -0.5337804 0.72547567 0.43446928
vn -0.49907264 0.83903766 0.21666208
vn -0.568616 0.7771985 0.26951492
vn -0.48051393 0.7926072 0.3753402
vn -0.4203551 0.85264164 0.31032854
vn -0.568616 0.7771985 0.26951492
vn -0.6325676 0.75983834 0.15001349
vn -0.69954437 0.6898141 0.18653195
vn -0.629931 0.7086082 0.31790137
vn -0.5563998 0.82351166 0.110670365
vn -0.6325676 0.75983834 0.15001349
vn -0.568616 0.7771985 0.26951492
vn -0.49907264 0.83903766 0.21666208
vn -0.6325676 0.75983834 0.15001349
vn -0.6705137 0.7415745 0.02187275
vn -0.7407522 0.67020905 0.045891307
vn -0.69954437 0.6898141 0.18653195
vn -0.59054375 0.80699944 -0.003170981
vn -0.6705137 0.7415745 0.02187275
vn -0.6325676 0.75983834 0.15001349
vn -0.5563998 0.82351166 0.110670365
vn -0.6705137 0.7415745 0.02187275
vn -0.68167466 0.7233026 -0.11024046
vn -0.75282204 0.65074223 -0.09896227
vn -0.7407522 0.67020905 0.045891307
vn -0.60070354 0.79030997 -0.120687656
vn -0.68167466 0.7233026 -0.11024046
vn -0.6705137 0.7415745 0.02187275
vn -0.59054375 0.80699944 -0.003170981
vn -0.0715508 0.920369 0.3844496
vn -0.1737181 0.918631 0.3548789
vn -0.21109332 0.8704539 0.44469053
vn -0.08971323 0.87295043 0.4794883
vn -0.13360675 0.9565163 0.2592793
vn -0.1737181 0.918631 0.3548789
vn -0.0715508 0.920369 0.3844496
vn -0.05229188 0.95761514 0.28326473
vn -0.1737181 0.918631 0.3548789
vn -0.26992947 0.912948 0.3060458
vn -0.32306844 0.8633898 0.3875368
vn -0.21109332 0.8704539 0.44469053
vn -0.21252947 0.95221376 0.21936312
vn -0.26992947 0.912948 0.3060458
vn -0.1737181 0.918631 0.3548789
vn -0.13360675 0.9565163 0.2592793
vn -0.26992947 0.912948 0.3060458
vn -0.3537273 0.90402263 0.24004184
vn -0.4203551 0.85264164 0.31032854
vn -0.32306844 0.8633898 0.3875368
vn -0.28142 0.94521785 0.16542676
vn -0.3537273 0.90402263 0.24004184
vn -0.26992947 0.912948 0.3060458
vn -0.21252947 0.95221376 0.21936312
vn -0.3537273 0.90402263 0.24004184
vn -0.4217446 0.8925155 0.15983638
vn -0.49907264 0.83903766 0.21666208
vn -0.4203551 0.85264164 0.31032854
vn -0.33751035 0.93601483 0.09981514
vn -0.4217446 0.8925155 0.15983638
vn -0.3537273 0.90402263 0.24004184
vn -0.28142 0.94521785 0.16542676
vn -0.4217446 0.8925155 0.15983638
vn -0.4714652 0.879189 0.06890167
vn -0.5563998 0.82351166 0.110670365
vn -0.49907264 0.83903766 0.21666208
vn -0.3786755 0.9251834 0.025310274
vn -0.4714652 0.879189 0.06890167
vn -0.4217446 0.8925155 0.15983638
vn -0.33751035 0.93601483 0.09981514
vn -0.4714652 0.879189 0.06890167
vn -0.5012285 0.86483145 -0.028923472
vn -0.59054375 0.80699944 -0.003170981
vn -0.5563998 0.82351166 0.110670365
vn -0.4034656 0.9133432 -0.05495317
vn -0.5012285 0.86483145 -0.028923472
vn -0.4714652 0.879189 0.06890167
vn -0.3786755 0.9251834 0.025310274
vn -0.5012285 0.86483145 -0.028923472
vn -0.5102517 0.8501347 -0.13005427
vn -0.60070354 0.79030997 -0.120687656
vn -0.59054375 0.80699944 -0.003170981
vn -0.41117033 0.9010417 -0.13806836
vn -0.5102517 0.8501347 -0.13005427
vn -0.5012285 0.86483145 -0.028923472
vn -0.4034656 0.9133432 -0.05495317
vn -0.034533937 0.98281366 0.1813417
vn -0.09264256 0.9823657 0.16240379
vn -0.13360675 0.9565163 0.2592793
vn -0.05229188 0.95761514 0.28326473
vn -0.050631642 0.9966845 0.06368984
vn -0.09264256 0.9823657 0.16240379
vn -0.034533937 0.98281366 0.1813417
vn -0.010155186 0.99728566 0.07292526
vn -0.09264256 0.9823657 0.16240379
vn -0.15358989 0.97932976 0.13161874
vn -0.21252947 0.95221376 0.21936312
vn -0.13360675 0.9565163 0.2592793
vn -0.09284249 0.99478066 0.042328376
vn -0.15358989 0.97932976 0.13161874
vn -0.09264256 0.9823657 0.16240379
vn -0.050631642 0.9966845 0.06368984
vn -0.15358989 0.97932976 0.13161874
vn -0.20688467 0.97421074 0.090067856
vn -0.28142 0.94521785 0.16542676
vn -0.21252947 0.95221376 0.21936312
vn -0.12978797 0.991449 0.013559016
vn -0.20688467 0.97421074 0.090067856
vn -0.15358989 0.97932976 0.13161874
vn -0.09284249 0.99478066 0.042328376
vn -0.20688467 0.97421074 0.090067856
vn -0.25039735 0.9673372 0.039496403
vn -0.33751035 0.93601483 0.09981514
vn -0.28142 0.94521785 0.16542676
vn -0.16001457 0.9868817 -0.02144392
vn -0.25039735 0.9673372 0.039496403
vn -0.20688467 0.97421074 0.090067856
vn -0.12978797 0.991449 0.013559016
vn -0.25039735 0.9673372 0.039496403
vn -0.28245664 0.9591113 -0.017992882
vn -0.3786755 0.9251834 0.025310274
vn -0.33751035 0.93601483 0.09981514
vn -0.18235828 0.98132277 -0.06124636
vn -0.28245664 0.9591113 -0.017992882
vn -0.25039735 0.9673372 0.039496403
vn -0.16001457 0.9868817 -0.02144392
vn -0.28245664 0.9591113 -0.017992882
vn -0.30190712 0.9499808 -0.079928
vn -0.4034656 0.9133432 -0.05495317
vn -0.3786755 0.9251834 0.025310274
vn -0.19597614 0.97509223 -0.103868015
vn -0.30190712 0.9499808 -0.079928
vn -0.28245664 0.9591113 -0.017992882
vn -0.18235828 0.98132277 -0.06124636
vn -0.30190712 0.9499808 -0.079928
vn -0.30814728 0.94032973 -0.14430963
vn -0.41117033 0.9010417 -0.13806836
vn -0.4034656 0.9133432 -0.05495317
vn -0.20072256 0.9682819 -0.14879677
vn -0.30814728 0.94032973 -0.14430963
vn -0.30190712 0.9499808 -0.079928
vn -0.19597614 0.97509223 -0.103868015
vn -0.010155186 0.99728566 0.07292526
vn -2.9717584E-10 0.9969896 0.077535465
vn 1.1867084E-09 0.99985695 -0.01691715
vn 0.023545181 0.9995312 -0.019568348
vn -0.050631642 0.9966845 0.06368984
vn -0.010155186 0.99728566 0.07292526
vn 0.023545181 0.9995312 -0.019568348
vn -0.012142274 0.9995755 -0.026482712
vn -0.09284249 0.99478066 0.042328376
vn -0.050631642 0.9966845 0.06368984
vn -0.012142274 0.9995755 -0.026482712
vn -0.036604054 0.99854803 -0.039521713
vn -0.12978797 0.991449 0.013559016
vn -0.09284249 0.99478066 0.042328376
vn -0.036604054 0.99854803 -0.039521713
vn -0.05785332 0.9967139 -0.05669511
vn -0.16001457 0.9868817 -0.02144392
vn -0.12978797 0.991449 0.013559016
vn -0.05785332 0.9967139 -0.05669511
vn -0.07515095 0.9941701 -0.07731821
vn -0.18235828 0.98132277 -0.06124636
vn -0.16001457 0.9868817 -0.02144392
vn -0.07515095 0.9941701 -0.07731821
vn -0.08789867 0.99104 -0.100566596
vn -0.19597614 0.97509223 -0.103868015
vn -0.18235828 0.98132277 -0.06124636
vn -0.08789867 0.99104 -0.100566596
vn -0.09521845 0.98752177 -0.12543613
vn -0.10998843 -0.8060671 0.58151394
vn -0.21389225 -0.8085391 0.5481923
vn -0.1475833 -0.906546 0.39546627
vn -0.08011041 -0.9052687 0.41721818
vn -0.28005382 -0.6633945 0.69388586
vn -0.21389225 -0.8085391 0.5481923
vn -0.10998843 -0.8060671 0.58151394
vn -0.13966753 -0.6603728 0.73783517
vn -0.21389225 -0.8085391 0.5481923
vn -0.29413766 -0.8121308 0.5039112
vn -0.19593424 -0.9087566 0.3684713
vn -0.1475833 -0.906546 0.39546627
vn -0.39252847 -0.6678315 0.63239425
vn -0.29413766 -0.8121308 0.5039112
vn -0.21389225 -0.8085391 0.5481923
vn -0.28005382 -0.6633945 0.69388586
vn -0.29413766 -0.8121308 0.5039112
vn -0.3634945 -0.8177502 0.4462692
vn -0.23759712 -0.91232383 0.33348575
vn -0.19593424 -0.9087566 0.3684713
vn -0.48991287 -0.6747817 0.5519557
vn -0.3634945 -0.8177502 0.4462692
vn -0.29413766 -0.8121308 0.5039112
vn -0.39252847 -0.6678315 0.63239425
vn -0.3634945 -0.8177502 0.4462692
vn -0.41974276 -0.82530993 0.37772965
vn -0.27123505 -0.91714746 0.29201385
vn -0.23759712 -0.91232383 0.33348575
vn -0.5691037 -0.684201 0.4560591
vn -0.41974276 -0.82530993 0.37772965
vn -0.3634945 -0.8177502 0.4462692
vn -0.48991287 -0.6747817 0.5519557
vn -0.41974276 -0.82530993 0.37772965
vn -0.46123374 -0.8347586 0.30073497
vn -0.29590955 -0.92313236 0.24548769
vn -0.27123505 -0.91714746 0.29201385
vn -0.62781274 -0.6960988 0.34827802
vn -0.46123374 -0.8347586 0.30073497
vn -0.41974276 -0.82530993 0.37772965
vn -0.5691037 -0.684201 0.4560591
vn -0.46123374 -0.8347586 0.30073497
vn -0.48659092 -0.8460335 0.2178455
vn -0.31079164 -0.9301619 0.19546704
vn -0.29590955 -0.92313236 0.24548769
vn -0.6642525 -0.71049374 0.23230834
vn -0.48659092 -0.8460335 0.2178455
vn -0.46123374 -0.8347586 0.30073497
vn -0.62781274 -0.6960988 0.34827802
vn -0.48659092 -0.8460335 0.2178455
vn -0.49597618 -0.8581665 0.13250563
vn -0.3160278 -0.9376566 0.1446597
vn -0.31079164 -0.9301619 0.19546704
vn -0.67810947 -0.7263237 0.112344846
vn -0.49597618 -0.8581665 0.13250563
vn -0.48659092 -0.8460335 0.2178455
vn -0.6642525 -0.71049374 0.23230834
vn -0.13966753 -0.6603728 0.73783517
vn -0.15898873 -0.5222655 0.8378313
vn -0.32395232 -0.5255125 0.7866966
vn -0.28005382 -0.6633945 0.69388586
vn -0.16815765 -0.435174 0.88450366
vn -0.34515074 -0.43859944 0.8297598
vn -0.32395232 -0.5255125 0.7866966
vn -0.15898873 -0.5222655 0.8378313
vn -0.28005382 -0.6633945 0.69388586
vn -0.32395232 -0.5255125 0.7866966
vn -0.45804155 -0.53066283 0.71315837
vn -0.39252847 -0.6678315 0.63239425
vn -0.34515074 -0.43859944 0.8297598
vn -0.48984814 -0.44430137 0.75009686
vn -0.45804155 -0.53066283 0.71315837
vn -0.32395232 -0.5255125 0.7866966
vn -0.39252847 -0.6678315 0.63239425
vn -0.45804155 -0.53066283 0.71315837
vn -0.57396144 -0.53852206 0.61689717
vn -0.48991287 -0.6747817 0.5519557
vn -0.48984814 -0.44430137 0.75009686
vn -0.6147206 -0.4527888 0.64583343
vn -0.57396144 -0.53852206 0.61689717
vn -0.45804155 -0.53066283 0.71315837
vn -0.48991287 -0.6747817 0.5519557
vn -0.57396144 -0.53852206 0.61689717
vn -0.66807103 -0.5490497 0.5022207
vn -0.5691037 -0.684201 0.4560591
vn -0.6147206 -0.4527888 0.64583343
vn -0.7158828 -0.46398872 0.5217529
vn -0.66807103 -0.5490497 0.5022207
vn -0.57396144 -0.53852206 0.61689717
vn -0.5691037 -0.684201 0.4560591
vn -0.66807103 -0.5490497 0.5022207
vn -0.73778516 -0.56223303 0.37358668
vn -0.62781274 -0.6960988 0.34827802
vn -0.7158828 -0.46398872 0.5217529
vn -0.7906579 -0.4778239 0.38281125
vn -0.73778516 -0.56223303 0.37358668
vn -0.66807103 -0.5490497 0.5022207
vn -0.62781274 -0.6960988 0.34827802
vn -0.73778516 -0.56223303 0.37358668
vn -0.7812716 -0.57805616 0.23551208
vn -0.6642525 -0.71049374 0.23230834
vn -0.7906579 -0.4778239 0.38281125
vn -0.83727896 -0.49419078 0.23396455
vn -0.7812716 -0.57805616 0.23551208
vn -0.73778516 -0.56223303 0.37358668
vn -0.6642525 -0.71049374 0.23230834
vn -0.7812716 -0.57805616 0.23551208
vn -0.79787713 -0.59567964 0.09250811
vn -0.67810947 -0.7263237 0.112344846
vn -0.83727896 -0.49419078 0.23396455
vn -0.8549889 -0.5124648 0.07983684
vn -0.79787713 -0.59567964 0.09250811
vn -0.7812716 -0.57805616 0.23551208
vn -0.20072256 0.9682819 -0.14879677
vn -0.19597614 0.97509223 -0.103868015
vn -0.09521845 0.98752177 -0.12543613
vn -0.099449396 0.98347044 -0.15131333
vn 0.01839185 -0.9216168 0.38766503
vn -0.034596186 -0.9682337 0.24764192
vn -0.0003479817 -0.9697798 0.24398167
vn 0.06241819 -0.9230954 0.37947172
vn 0.06241819 -0.9230954 0.37947172
vn -0.0003479817 -0.9697798 0.24398167
vn 0.019138105 -0.9715609 0.2360149
vn 0.10939559 -0.9272788 0.3580314
vn 0.10939559 -0.9272788 0.3580314
vn 0.019138105 -0.9715609 0.2360149
vn 0.037280597 -0.9736891 0.22481067
vn 0.15172535 -0.93224674 0.32847434
vn 0.15172535 -0.93224674 0.32847434
vn 0.037280597 -0.9736891 0.22481067
vn 0.053561285 -0.97613716 0.21044612
vn 0.18794288 -0.9379017 0.2915786
vn 0.18794288 -0.9379017 0.2915786
vn 0.053561285 -0.97613716 0.21044612
vn 0.070358686 -0.97909963 0.19082287
vn 0.21961536 -0.9445952 0.24394493
vn 0.21961536 -0.9445952 0.24394493
vn 0.070358686 -0.97909963 0.19082287
vn 0.080982834 -0.98260534 0.16711804
vn 0.24075525 -0.952121 0.18842079
vn 0.24075525 -0.952121 0.18842079
vn 0.080982834 -0.98260534 0.16711804
vn 0.08257438 -0.9849893 0.15158343
vn 0.24600115 -0.9580294 0.14718352
vn 0.01839185 -0.9216168 0.38766503
vn 0.06241819 -0.9230954 0.37947172
vn 0.12085912 -0.857762 0.4996373
vn 0.052815277 -0.85158134 0.5215551
vn 0.07341671 -0.779919 0.62155974
vn 0.052815277 -0.85158134 0.5215551
vn 0.12085912 -0.857762 0.4996373
vn 0.16895963 -0.7869941 0.5933741
vn 0.06241819 -0.9230954 0.37947172
vn 0.10939559 -0.9272788 0.3580314
vn 0.1917612 -0.8647923 0.4640708
vn 0.12085912 -0.857762 0.4996373
vn 0.16895963 -0.7869941 0.5933741
vn 0.12085912 -0.857762 0.4996373
vn 0.1917612 -0.8647923 0.4640708
vn 0.25927237 -0.7963928 0.5463847
vn 0.10939559 -0.9272788 0.3580314
vn 0.15172535 -0.93224674 0.32847434
vn 0.25364724 -0.87334925 0.41584137
vn 0.1917612 -0.8647923 0.4640708
vn 0.25927237 -0.7963928 0.5463847
vn 0.1917612 -0.8647923 0.4640708
vn 0.25364724 -0.87334925 0.41584137
vn 0.33707693 -0.80807394 0.48311037
vn 0.15172535 -0.93224674 0.32847434
vn 0.18794288 -0.9379017 0.2915786
vn 0.3041062 -0.8832204 0.35698882
vn 0.25364724 -0.87334925 0.41584137
vn 0.33707693 -0.80807394 0.48311037
vn 0.25364724 -0.87334925 0.41584137
vn 0.3041062 -0.8832204 0.35698882
vn 0.39928034 -0.8217219 0.40663058
vn 0.18794288 -0.9379017 0.2915786
vn 0.21961536 -0.9445952 0.24394493
vn 0.34334427 -0.8949908 0.28479168
vn 0.3041062 -0.8832204 0.35698882
vn 0.39928034 -0.8217219 0.40663058
vn 0.3041062 -0.8832204 0.35698882
vn 0.34334427 -0.8949908 0.28479168
vn 0.44513178 -0.8379858 0.3156543
vn 0.21961536 -0.9445952 0.24394493
vn 0.24075525 -0.952121 0.18842079
vn 0.36617896 -0.9080029 0.2035775
vn 0.34334427 -0.8949908 0.28479168
vn 0.44513178 -0.8379858 0.3156543
vn 0.34334427 -0.8949908 0.28479168
vn 0.36617896 -0.9080029 0.2035775
vn 0.47015148 -0.8559736 0.21509714
vn 0.24600115 -0.9580294 0.14718352
vn 0.37116143 -0.91783243 0.14079325
vn 0.36617896 -0.9080029 0.2035775
vn 0.24075525 -0.952121 0.18842079
vn 0.47015148 -0.8559736 0.21509714
vn 0.36617896 -0.9080029 0.2035775
vn 0.37116143 -0.91783243 0.14079325
vn 0.47567523 -0.8694829 0.13316382
vn 0.07341671 -0.779919 0.62155974
vn 0.16895963 -0.7869941 0.5933741
vn 0.22043607 -0.6903976 0.6890277
vn 0.09956762 -0.6815445 0.7249713
vn 0.13997811 -0.47598186 0.86824393
vn 0.09956762 -0.6815445 0.7249713
vn 0.22043607 -0.6903976 0.6890277
vn 0.29831204 -0.48835304 0.8200739
vn 0.16895963 -0.7869941 0.5933741
vn 0.25927237 -0.7963928 0.5463847
vn 0.33131194 -0.70206004 0.6303523
vn 0.22043607 -0.6903976 0.6890277
vn 0.29831204 -0.48835304 0.8200739
vn 0.22043607 -0.6903976 0.6890277
vn 0.33131194 -0.70206004 0.6303523
vn 0.43867847 -0.50447464 0.74368453
vn 0.25927237 -0.7963928 0.5463847
vn 0.33707693 -0.80807394 0.48311037
vn 0.42632252 -0.71685284 0.5516984
vn 0.33131194 -0.70206004 0.6303523
vn 0.43867847 -0.50447464 0.74368453
vn 0.33131194 -0.70206004 0.6303523
vn 0.42632252 -0.71685284 0.5516984
vn 0.5580314 -0.5254444 0.64226866
vn 0.33707693 -0.80807394 0.48311037
vn 0.39928034 -0.8217219 0.40663058
vn 0.50176805 -0.73435706 0.45710889
vn 0.42632252 -0.71685284 0.5516984
vn 0.5580314 -0.5254444 0.64226866
vn 0.42632252 -0.71685284 0.5516984
vn 0.50176805 -0.73435706 0.45710889
vn 0.6520014 -0.5505304 0.52135456
vn 0.39928034 -0.8217219 0.40663058
vn 0.44513178 -0.8379858 0.3156543
vn 0.5562495 -0.75512224 0.34695372
vn 0.50176805 -0.73435706 0.45710889
vn 0.6520014 -0.5505304 0.52135456
vn 0.50176805 -0.73435706 0.45710889
vn 0.5562495 -0.75512224 0.34695372
vn 0.7186633 -0.580185 0.3832864
vn 0.44513178 -0.8379858 0.3156543
vn 0.47015148 -0.8559736 0.21509714
vn 0.585563 -0.7784376 0.22616522
vn 0.5562495 -0.75512224 0.34695372
vn 0.7186633 -0.580185 0.3832864
vn 0.5562495 -0.75512224 0.34695372
vn 0.585563 -0.7784376 0.22616522
vn 0.7540447 -0.6138998 0.2335459
vn 0.47567523 -0.8694829 0.13316382
vn 0.5923797 -0.79642063 0.12165733
vn 0.585563 -0.7784376 0.22616522
vn 0.47015148 -0.8559736 0.21509714
vn 0.7540447 -0.6138998 0.2335459
vn 0.585563 -0.7784376 0.22616522
vn 0.5923797 -0.79642063 0.12165733
vn 0.7625496 -0.6396048 0.097075686
vn 0.13997811 -0.47598186 0.86824393
vn 0.29831204 -0.48835304 0.8200739
vn 0.3169665 -0.42285085 0.84895784
vn 0.14923115 -0.4091317 0.90018964
vn 0.06748514 -0.79335684 0.60500467
vn 0.14923115 -0.4091317 0.90018964
vn 0.3169665 -0.42285085 0.84895784
vn 0.15809536 -0.8009335 0.57750446
vn 0.29831204 -0.48835304 0.8200739
vn 0.43867847 -0.50447464 0.74368453
vn 0.46349847 -0.44346285 0.76714396
vn 0.3169665 -0.42285085 0.84895784
vn 0.15809536 -0.8009335 0.57750446
vn 0.3169665 -0.42285085 0.84895784
vn 0.46349847 -0.44346285 0.76714396
vn 0.24145201 -0.81434715 0.5277685
vn 0.43867847 -0.50447464 0.74368453
vn 0.5580314 -0.5254444 0.64226866
vn 0.58706653 -0.46949846 0.6594878
vn 0.46349847 -0.44346285 0.76714396
vn 0.24145201 -0.81434715 0.5277685
vn 0.46349847 -0.44346285 0.76714396
vn 0.58706653 -0.46949846 0.6594878
vn 0.31052026 -0.82992405 0.4634687
vn 0.5580314 -0.5254444 0.64226866
vn 0.6520014 -0.5505304 0.52135456
vn 0.6833279 -0.49994376 0.5320896
vn 0.58706653 -0.46949846 0.6594878
vn 0.31052026 -0.82992405 0.4634687
vn 0.58706653 -0.46949846 0.6594878
vn 0.6833279 -0.49994376 0.5320896
vn 0.36293495 -0.84699553 0.38842863
vn 0.6520014 -0.5505304 0.52135456
vn 0.7186633 -0.580185 0.3832864
vn 0.7499352 -0.5352587 0.38870984
vn 0.6833279 -0.49994376 0.5320896
vn 0.36293495 -0.84699553 0.38842863
vn 0.6833279 -0.49994376 0.5320896
vn 0.7499352 -0.5352587 0.38870984
vn 0.39701694 -0.8655278 0.30535105
vn 0.7186633 -0.580185 0.3832864
vn 0.7540447 -0.6138998 0.2335459
vn 0.7841199 -0.5742492 0.23535904
vn 0.7499352 -0.5352587 0.38870984
vn 0.39701694 -0.8655278 0.30535105
vn 0.7499352 -0.5352587 0.38870984
vn 0.7841199 -0.5742492 0.23535904
vn 0.41237542 -0.8844089 0.21855783
vn 0.7540447 -0.6138998 0.2335459
vn 0.7625496 -0.6396048 0.097075686
vn 0.7933697 -0.6017961 0.09168419
vn 0.7841199 -0.5742492 0.23535904
vn 0.41237542 -0.8844089 0.21855783
vn 0.7841199 -0.5742492 0.23535904
vn 0.7933697 -0.6017961 0.09168419
vn 0.41762272 -0.89803016 0.1383231
vn 0.06748514 -0.79335684 0.60500467
vn 0.15809536 -0.8009335 0.57750446
vn -0.05759742 -0.9910132 0.1207274
vn -0.038545884 -0.9924968 0.11603618
vn -0.0842293 -0.98762226 -0.13231651
vn -0.038545884 -0.9924968 0.11603618
vn -0.05759742 -0.9910132 0.1207274
vn -0.15303694 -0.9820983 -0.109829545
vn 0.15809536 -0.8009335 0.57750446
vn 0.24145201 -0.81434715 0.5277685
vn -0.06475504 -0.9903315 0.122679956
vn -0.05759742 -0.9910132 0.1207274
vn -0.15303694 -0.9820983 -0.109829545
vn -0.05759742 -0.9910132 0.1207274
vn -0.06475504 -0.9903315 0.122679956
vn -0.20164472 -0.97600573 -0.082172155
vn 0.24145201 -0.81434715 0.5277685
vn 0.31052026 -0.82992405 0.4634687
vn -0.07150062 -0.9894369 0.12610452
vn -0.06475504 -0.9903315 0.122679956
vn -0.20164472 -0.97600573 -0.082172155
vn -0.06475504 -0.9903315 0.122679956
vn -0.07150062 -0.9894369 0.12610452
vn -0.24300805 -0.96891445 -0.04638766
vn 0.31052026 -0.82992405 0.4634687
vn 0.36293495 -0.84699553 0.38842863
vn -0.07748 -0.9883587 0.13093512
vn -0.07150062 -0.9894369 0.12610452
vn -0.24300805 -0.96891445 -0.04638766
vn -0.07150062 -0.9894369 0.12610452
vn -0.07748 -0.9883587 0.13093512
vn -0.2758195 -0.96120065 -0.004113932
vn 0.36293495 -0.84699553 0.38842863
vn 0.39701694 -0.8655278 0.30535105
vn -0.08247981 -0.9871321 0.13699439
vn -0.07748 -0.9883587 0.13093512
vn -0.2758195 -0.96120065 -0.004113932
vn -0.07748 -0.9883587 0.13093512
vn -0.08247981 -0.9871321 0.13699439
vn -0.2992247 -0.9532084 0.04310928
vn 0.39701694 -0.8655278 0.30535105
vn 0.41237542 -0.8844089 0.21855783
vn -0.08598459 -0.98581797 0.14411685
vn -0.08247981 -0.9871321 0.13699439
vn -0.2992247 -0.9532084 0.04310928
vn -0.08247981 -0.9871321 0.13699439
vn -0.08598459 -0.98581797 0.14411685
vn -0.3125195 -0.94528425 0.09364374
vn 0.41762272 -0.89803016 0.1383231
vn -0.08678627 -0.98461187 0.15168232
vn -0.08598459 -0.98581797 0.14411685
vn 0.41237542 -0.8844089 0.21855783
vn -0.08598459 -0.98581797 0.14411685
vn -0.08678627 -0.98461187 0.15168232
vn -0.3160278 -0.9376566 0.1446597
vn -0.3125195 -0.94528425 0.09364374
vn -0.1813301 -0.63743734 -0.7488612
vn -0.36346614 -0.6260329 -0.6899095
vn -0.38503918 -0.5095914 -0.76945525
vn -0.19047722 -0.5208677 -0.8321149
vn -0.19529696 -0.404984 -0.8932228
vn -0.19047722 -0.5208677 -0.8321149
vn -0.38503918 -0.5095914 -0.76945525
vn -0.3979058 -0.39470488 -0.82817817
vn -0.36346614 -0.6260329 -0.6899095
vn -0.5098594 -0.61090475 -0.6056722
vn -0.54301393 -0.4947564 -0.67849255
vn -0.38503918 -0.5095914 -0.76945525
vn -0.3979058 -0.39470488 -0.82817817
vn -0.38503918 -0.5095914 -0.76945525
vn -0.54301393 -0.4947564 -0.67849255
vn -0.56383437 -0.3806601 -0.73293155
vn -0.5098594 -0.61090475 -0.6056722
vn -0.63403744 -0.5927108 -0.49667943
vn -0.6770244 -0.47668734 -0.56072015
vn -0.54301393 -0.4947564 -0.67849255
vn -0.56383437 -0.3806601 -0.73293155
vn -0.54301393 -0.4947564 -0.67849255
vn -0.6770244 -0.47668734 -0.56072015
vn -0.7047298 -0.36330634 -0.60939676
vn -0.63403744 -0.5927108 -0.49667943
vn -0.7323563 -0.5726865 -0.36835384
vn -0.783183 -0.45657304 -0.4220964
vn -0.6770244 -0.47668734 -0.56072015
vn -0.7047298 -0.36330634 -0.60939676
vn -0.6770244 -0.47668734 -0.56072015
vn -0.783183 -0.45657304 -0.4220964
vn -0.81649196 -0.34372252 -0.463892
vn -0.7323563 -0.5726865 -0.36835384
vn -0.80259377 -0.55202276 -0.22608428
vn -0.85918826 -0.43554214 -0.26851168
vn -0.783183 -0.45657304 -0.4220964
vn -0.81649196 -0.34372252 -0.463892
vn -0.783183 -0.45657304 -0.4220964
vn -0.85918826 -0.43554214 -0.26851168
vn -0.8967273 -0.32294136 -0.30263677
vn -0.80259377 -0.55202276 -0.22608428
vn -0.8435339 -0.53180426 -0.07506592
vn -0.90386003 -0.41459706 -0.10557651
vn -0.85918826 -0.43554214 -0.26851168
vn -0.8967273 -0.32294136 -0.30263677
vn -0.85918826 -0.43554214 -0.26851168
vn -0.90386003 -0.41459706 -0.10557651
vn -0.944236 -0.30187654 -0.13148674
vn -0.8435339 -0.53180426 -0.07506592
vn -0.8549889 -0.5124648 0.07983684
vn -0.9168834 -0.39436308 0.061664347
vn -0.90386003 -0.41459706 -0.10557651
vn -0.944236 -0.30187654 -0.13148674
vn -0.90386003 -0.41459706 -0.10557651
vn -0.9168834 -0.39436308 0.061664347
vn -0.9586025 -0.28125623 0.04445444
vn -0.19529696 -0.404984 -0.8932228
vn -0.3979058 -0.39470488 -0.82817817
vn -0.4016174 -0.33948812 -0.8505594
vn -0.19651878 -0.34920582 -0.9162072
vn -0.19697426 -0.27986616 -0.9396149
vn -0.19651878 -0.34920582 -0.9162072
vn -0.4016174 -0.33948812 -0.8505594
vn -0.4041563 -0.27075028 -0.8737002
vn -0.3979058 -0.39470488 -0.82817817
vn -0.56383437 -0.3806601 -0.73293155
vn -0.570306 -0.3259566 -0.7539916
vn -0.4016174 -0.33948812 -0.8505594
vn -0.4041563 -0.27075028 -0.8737002
vn -0.4016174 -0.33948812 -0.8505594
vn -0.570306 -0.3259566 -0.7539916
vn -0.5754923 -0.25790033 -0.7760774
vn -0.56383437 -0.3806601 -0.73293155
vn -0.7047298 -0.36330634 -0.60939676
vn -0.71368176 -0.30908948 -0.6285874
vn -0.570306 -0.3259566 -0.7539916
vn -0.5754923 -0.25790033 -0.7760774
vn -0.570306 -0.3259566 -0.7539916
vn -0.71368176 -0.30908948 -0.6285874
vn -0.7212838 -0.24164191 -0.6491215
vn -0.7047298 -0.36330634 -0.60939676
vn -0.81649196 -0.34372252 -0.463892
vn -0.8275399 -0.28992227 -0.48075238
vn -0.71368176 -0.30908948 -0.6285874
vn -0.7212838 -0.24164191 -0.6491215
vn -0.71368176 -0.30908948 -0.6285874
vn -0.8275399 -0.28992227 -0.48075238
vn -0.83728474 -0.22303136 -0.4992106
vn -0.81649196 -0.34372252 -0.463892
vn -0.8967273 -0.32294136 -0.30263677
vn -0.9094121 -0.26942405 -0.31682852
vn -0.8275399 -0.28992227 -0.48075238
vn -0.83728474 -0.22303136 -0.4992106
vn -0.8275399 -0.28992227 -0.48075238
vn -0.9094121 -0.26942405 -0.31682852
vn -0.9209016 -0.2029306 -0.33280542
vn -0.8967273 -0.32294136 -0.30263677
vn -0.944236 -0.30187654 -0.13148674
vn -0.9580613 -0.24846956 -0.14276381
vn -0.9094121 -0.26942405 -0.31682852
vn -0.9209016 -0.2029306 -0.33280542
vn -0.9094121 -0.26942405 -0.31682852
vn -0.9580613 -0.24846956 -0.14276381
vn -0.97082365 -0.1821515 -0.1559557
vn -0.9586025 -0.28125623 0.04445444
vn -0.97304 -0.22776793 0.036261015
vn -0.9580613 -0.24846956 -0.14276381
vn -0.944236 -0.30187654 -0.13148674
vn -0.9580613 -0.24846956 -0.14276381
vn -0.97304 -0.22776793 0.036261015
vn -0.9865486 -0.16137539 0.026073612
vn -0.97082365 -0.1821515 -0.1559557
vn -0.19697426 -0.27986616 -0.9396149
vn -0.4041563 -0.27075028 -0.8737002
vn -0.40445852 -0.18662749 -0.895312
vn -0.19605155 -0.19496582 -0.9610161
vn -0.1936117 -0.10938279 -0.9749614
vn -0.19605155 -0.19496582 -0.9610161
vn -0.40445852 -0.18662749 -0.895312
vn -0.40171927 -0.101659626 -0.9101027
vn -0.4041563 -0.27075028 -0.8737002
vn -0.5754923 -0.25790033 -0.7760774
vn -0.57791555 -0.17463778 -0.7971921
vn -0.40445852 -0.18662749 -0.895312
vn -0.40171927 -0.101659626 -0.9101027
vn -0.40445852 -0.18662749 -0.895312
vn -0.57791555 -0.17463778 -0.7971921
vn -0.5761007 -0.09050942 -0.812352
vn -0.5754923 -0.25790033 -0.7760774
vn -0.7212838 -0.24164191 -0.6491215
vn -0.7256827 -0.15919986 -0.6693579
vn -0.57791555 -0.17463778 -0.7971921
vn -0.5761007 -0.09050942 -0.812352
vn -0.57791555 -0.17463778 -0.7971921
vn -0.7256827 -0.15919986 -0.6693579
vn -0.72486013 -0.07597344 -0.684694
vn -0.7212838 -0.24164191 -0.6491215
vn -0.83728474 -0.22303136 -0.4992106
vn -0.84359163 -0.14133418 -0.5180518
vn -0.7256827 -0.15919986 -0.6693579
vn -0.72486013 -0.07597344 -0.684694
vn -0.7256827 -0.15919986 -0.6693579
vn -0.84359163 -0.14133418 -0.5180518
vn -0.84394693 -0.058884677 -0.53318495
vn -0.83728474 -0.22303136 -0.4992106
vn -0.9209016 -0.2029306 -0.33280542
vn -0.92886823 -0.12178434 -0.3498176
vn -0.84359163 -0.14133418 -0.5180518
vn -0.84394693 -0.058884677 -0.53318495
vn -0.84359163 -0.14133418 -0.5180518
vn -0.92886823 -0.12178434 -0.3498176
vn -0.93039554 -0.039912503 -0.36437786
vn -0.9209016 -0.2029306 -0.33280542
vn -0.97082365 -0.1821515 -0.1559557
vn -0.9800867 -0.101287074 -0.17079484
vn -0.92886823 -0.12178434 -0.3498176
vn -0.93039554 -0.039912503 -0.36437786
vn -0.92886823 -0.12178434 -0.3498176
vn -0.9800867 -0.101287074 -0.17079484
vn -0.9826417 -0.019729536 -0.18446198
vn -0.9865486 -0.16137539 0.026073612
vn -0.996662 -0.08048532 0.013674247
vn -0.9800867 -0.101287074 -0.17079484
vn -0.97082365 -0.1821515 -0.1559557
vn -0.9800867 -0.101287074 -0.17079484
vn -0.996662 -0.08048532 0.013674247
vn -0.99999875 0.001061247 0.0011664398
vn -0.9826417 -0.019729536 -0.18446198
vn -0.1936117 -0.10938279 -0.9749614
vn -0.40171927 -0.101659626 -0.9101027
vn -0.39597076 -0.016217295 -0.91812
vn -0.18975271 -0.023449589 -0.9815518
vn -0.18450196 0.06250438 -0.98084253
vn -0.18975271 -0.023449589 -0.9815518
vn -0.39597076 -0.016217295 -0.91812
vn -0.38728708 0.06932715 -0.91934896
vn -0.40171927 -0.101659626 -0.9101027
vn -0.5761007 -0.09050942 -0.812352
vn -0.5700422 -0.00583818 -0.82159466
vn -0.39597076 -0.016217295 -0.91812
vn -0.38728708 0.06932715 -0.91934896
vn -0.39597076 -0.016217295 -0.91812
vn -0.5700422 -0.00583818 -0.82159466
vn -0.5597655 0.07905944 -0.824871
vn -0.5761007 -0.09050942 -0.812352
vn -0.72486013 -0.07597344 -0.684694
vn -0.71884125 0.007821122 -0.6951303
vn -0.5700422 -0.00583818 -0.82159466
vn -0.5597655 0.07905944 -0.824871
vn -0.5700422 -0.00583818 -0.82159466
vn -0.71884125 0.007821122 -0.6951303
vn -0.7075988 0.091975965 -0.7006028
vn -0.72486013 -0.07597344 -0.684694
vn -0.84394693 -0.058884677 -0.53318495
vn -0.8383581 0.024154304 -0.5445845
vn -0.71884125 0.007821122 -0.6951303
vn -0.7075988 0.091975965 -0.7006028
vn -0.71884125 0.007821122 -0.6951303
vn -0.8383581 0.024154304 -0.5445845
vn -0.8267509 0.1076211 -0.55217814
vn -0.84394693 -0.058884677 -0.53318495
vn -0.93039554 -0.039912503 -0.36437786
vn -0.9254578 0.042553253 -0.37645334
vn -0.8383581 0.024154304 -0.5445845
vn -0.8267509 0.1076211 -0.55217814
vn -0.8383581 0.024154304 -0.5445845
vn -0.9254578 0.042553253 -0.37645334
vn -0.9139354 0.12547562 -0.3859765
vn -0.93039554 -0.039912503 -0.36437786
vn -0.9826417 -0.019729536 -0.18446198
vn -0.9784298 0.0624074 -0.19692747
vn -0.9254578 0.042553253 -0.37645334
vn -0.9139354 0.12547562 -0.3859765
vn -0.9254578 0.042553253 -0.37645334
vn -0.9784298 0.0624074 -0.19692747
vn -0.9672907 0.1450005 -0.20814346
vn -0.9826417 -0.019729536 -0.18446198
vn -0.99999875 0.001061247 0.0011664398
vn -0.99647087 0.08315691 -0.011434692
vn -0.9784298 0.0624074 -0.19692747
vn -0.9672907 0.1450005 -0.20814346
vn -0.9784298 0.0624074 -0.19692747
vn -0.99647087 0.08315691 -0.011434692
vn -0.98588485 0.1656797 -0.024111684
vn -0.18450196 0.06250438 -0.98084253
vn -0.38728708 0.06932715 -0.91934896
vn -0.3756906 0.15475784 -0.9137323
vn -0.17785336 0.14824118 -0.9728272
vn -0.16979799 0.23347524 -0.95742255
vn -0.17785336 0.14824118 -0.9728272
vn -0.3756906 0.15475784 -0.9137323
vn -0.36114505 0.23982187 -0.9011436
vn -0.38728708 0.06932715 -0.91934896
vn -0.5597655 0.07905944 -0.824871
vn -0.5452692 0.16397718 -0.8220663
vn -0.3756906 0.15475784 -0.9137323
vn -0.36114505 0.23982187 -0.9011436
vn -0.3756906 0.15475784 -0.9137323
vn -0.5452692 0.16397718 -0.8220663
vn -0.52648425 0.24865909 -0.81300867
vn -0.5597655 0.07905944 -0.824871
vn -0.7075988 0.091975965 -0.7006028
vn -0.69105005 0.17628114 -0.7009814
vn -0.5452692 0.16397718 -0.8220663
vn -0.52648425 0.24865909 -0.81300867
vn -0.5452692 0.16397718 -0.8220663
vn -0.69105005 0.17628114 -0.7009814
vn -0.6690539 0.26046583 -0.6960779
vn -0.7075988 0.091975965 -0.7006028
vn -0.8267509 0.1076211 -0.55217814
vn -0.80897737 0.19131841 -0.5558354
vn -0.69105005 0.17628114 -0.7009814
vn -0.6690539 0.26046583 -0.6960779
vn -0.69105005 0.17628114 -0.7009814
vn -0.80897737 0.19131841 -0.5558354
vn -0.78482133 0.27498218 -0.55537397
vn -0.8267509 0.1076211 -0.55217814
vn -0.9139354 0.12547562 -0.3859765
vn -0.8956216 0.20866989 -0.39283428
vn -0.80897737 0.19131841 -0.5558354
vn -0.78482133 0.27498218 -0.55537397
vn -0.80897737 0.19131841 -0.5558354
vn -0.8956216 0.20866989 -0.39283428
vn -0.8702305 0.29187667 -0.3968713
vn -0.9139354 0.12547562 -0.3859765
vn -0.9672907 0.1450005 -0.20814346
vn -0.9489665 0.2278686 -0.21803299
vn -0.8956216 0.20866989 -0.39283428
vn -0.8702305 0.29187667 -0.3968713
vn -0.8956216 0.20866989 -0.39283428
vn -0.9489665 0.2278686 -0.21803299
vn -0.92311335 0.31074792 -0.22648928
vn -0.98588485 0.1656797 -0.024111684
vn -0.96794647 0.2484405 -0.03683804
vn -0.9489665 0.2278686 -0.21803299
vn -0.9672907 0.1450005 -0.20814346
vn -0.9489665 0.2278686 -0.21803299
vn -0.96794647 0.2484405 -0.03683804
vn -0.9422714 0.33116058 -0.0495719
vn -0.92311335 0.31074792 -0.22648928
vn -0.16979799 0.23347524 -0.95742255
vn -0.36114505 0.23982187 -0.9011436
vn -0.34357905 0.32425174 -0.88137054
vn -0.16032933 0.3179509 -0.93445265
vn -0.14940614 0.40130135 -0.9036786
vn -0.16032933 0.3179509 -0.93445265
vn -0.34357905 0.32425174 -0.88137054
vn -0.32284456 0.40766248 -0.85415614
vn -0.36114505 0.23982187 -0.9011436
vn -0.52648425 0.24865909 -0.81300867
vn -0.5032742 0.3327978 -0.79747146
vn -0.34357905 0.32425174 -0.88137054
vn -0.32284456 0.40766248 -0.85415614
vn -0.34357905 0.32425174 -0.88137054
vn -0.5032742 0.3327978 -0.79747146
vn -0.47544447 0.41595665 -0.77519846
vn -0.52648425 0.24865909 -0.81300867
vn -0.6690539 0.26046583 -0.6960779
vn -0.64141923 0.34418747 -0.6856503
vn -0.5032742 0.3327978 -0.79747146
vn -0.47544447 0.41595665 -0.77519846
vn -0.5032742 0.3327978 -0.79747146
vn -0.64141923 0.34418747 -0.6856503
vn -0.60793024 0.426968 -0.66941714
vn -0.6690539 0.26046583 -0.6960779
vn -0.78482133 0.27498218 -0.55537397
vn -0.7540127 0.35825932 -0.55055887
vn -0.64141923 0.34418747 -0.6856503
vn -0.60793024 0.426968 -0.66941714
vn -0.64141923 0.34418747 -0.6856503
vn -0.7540127 0.35825932 -0.55055887
vn -0.7162553 0.44065285 -0.5411131
vn -0.78482133 0.27498218 -0.55537397
vn -0.8702305 0.29187667 -0.3968713
vn -0.8374118 0.37473384 -0.39788944
vn -0.7540127 0.35825932 -0.55055887
vn -0.7162553 0.44065285 -0.5411131
vn -0.7540127 0.35825932 -0.55055887
vn -0.8374118 0.37473384 -0.39788944
vn -0.7967831 0.45672527 -0.39564976
vn -0.8702305 0.29187667 -0.3968713
vn -0.92311335 0.31074792 -0.22648928
vn -0.88931614 0.39325956 -0.23337446
vn -0.8374118 0.37473384 -0.39788944
vn -0.7967831 0.45672527 -0.39564976
vn -0.8374118 0.37473384 -0.39788944
vn -0.88931614 0.39325956 -0.23337446
vn -0.8471237 0.4748596 -0.23851565
vn -0.9422714 0.33116058 -0.0495719
vn -0.90840405 0.41343275 -0.06225428
vn -0.88931614 0.39325956 -0.23337446
vn -0.92311335 0.31074792 -0.22648928
vn -0.88931614 0.39325956 -0.23337446
vn -0.90840405 0.41343275 -0.06225428
vn -0.8658522 0.49467698 -0.07479713
vn -0.8471237 0.4748596 -0.23851565
vn -0.14940614 0.40130135 -0.9036786
vn -0.32284456 0.40766248 -0.85415614
vn -0.2988613 0.4892977 -0.81931055
vn -0.13699314 0.48286405 -0.8649134
vn -0.12318053 0.56178224 -0.818063
vn -0.13699314 0.48286405 -0.8649134
vn -0.2988613 0.4892977 -0.81931055
vn -0.27178165 0.56826013 -0.7766693
vn -0.32284456 0.40766248 -0.85415614
vn -0.47544447 0.41595665 -0.77519846
vn -0.44285893 0.49745426 -0.74593246
vn -0.2988613 0.4892977 -0.81931055
vn -0.27178165 0.56826013 -0.7766693
vn -0.2988613 0.4892977 -0.81931055
vn -0.44285893 0.49745426 -0.74593246
vn -0.40555906 0.57644546 -0.7093889
vn -0.47544447 0.41595665 -0.77519846
vn -0.60793024 0.426968 -0.66941714
vn -0.5683732 0.5081886 -0.6470674
vn -0.44285893 0.49745426 -0.74593246
vn -0.40555906 0.57644546 -0.7093889
vn -0.44285893 0.49745426 -0.74593246
vn -0.5683732 0.5081886 -0.6470674
vn -0.5226047 0.5870333 -0.6182849
vn -0.60793024 0.426968 -0.66941714
vn -0.7162553 0.44065285 -0.5411131
vn -0.67124516 0.521523 -0.5267292
vn -0.5683732 0.5081886 -0.6470674
vn -0.5226047 0.5870333 -0.6182849
vn -0.5683732 0.5081886 -0.6470674
vn -0.67124516 0.521523 -0.5267292
vn -0.6187386 0.60001177 -0.507098
vn -0.7162553 0.44065285 -0.5411131
vn -0.7967831 0.45672527 -0.39564976
vn -0.7479555 0.53717 -0.38988578
vn -0.67124516 0.521523 -0.5267292
vn -0.6187386 0.60001177 -0.507098
vn -0.67124516 0.521523 -0.5267292
vn -0.7479555 0.53717 -0.38988578
vn -0.69060975 0.61515665 -0.38031617
vn -0.7967831 0.45672527 -0.39564976
vn -0.8471237 0.4748596 -0.23851565
vn -0.7960817 0.55482286 -0.24171352
vn -0.7479555 0.53717 -0.38988578
vn -0.69060975 0.61515665 -0.38031617
vn -0.7479555 0.53717 -0.38988578
vn -0.7960817 0.55482286 -0.24171352
vn -0.7358127 0.6321844 -0.24273969
vn -0.8471237 0.4748596 -0.23851565
vn -0.8658522 0.49467698 -0.07479713
vn -0.8141264 0.57412046 -0.08708549
vn -0.7960817 0.55482286 -0.24171352
vn -0.7358127 0.6321844 -0.24273969
vn -0.7960817 0.55482286 -0.24171352
vn -0.8141264 0.57412046 -0.08708549
vn -0.75282204 0.65074223 -0.09896227
vn -0.12318053 0.56178224 -0.818063
vn -0.27178165 0.56826013 -0.7766693
vn -0.2416695 0.6439644 -0.7258826
vn -0.10798381 0.6374982 -0.762847
vn -0.09137232 0.7092316 -0.699029
vn -0.10798381 0.6374982 -0.762847
vn -0.2416695 0.6439644 -0.7258826
vn -0.20847696 0.71557415 -0.66670156
vn -0.27178165 0.56826013 -0.7766693
vn -0.40555906 0.57644546 -0.7093889
vn -0.36356187 0.6521601 -0.66521424
vn -0.2416695 0.6439644 -0.7258826
vn -0.20847696 0.71557415 -0.66670156
vn -0.2416695 0.6439644 -0.7258826
vn -0.36356187 0.6521601 -0.66521424
vn -0.3168743 0.723581 -0.61320573
vn -0.40555906 0.57644546 -0.7093889
vn -0.5226047 0.5870333 -0.6182849
vn -0.47052738 0.66255677 -0.58277136
vn -0.36356187 0.6521601 -0.66521424
vn -0.3168743 0.723581 -0.61320573
vn -0.36356187 0.6521601 -0.66521424
vn -0.47052738 0.66255677 -0.58277136
vn -0.41218376 0.7335796 -0.5403382
vn -0.5226047 0.5870333 -0.6182849
vn -0.6187386 0.60001177 -0.507098
vn -0.55856943 0.6750856 -0.48193303
vn -0.47052738 0.66255677 -0.58277136
vn -0.41218376 0.7335796 -0.5403382
vn -0.47052738 0.66255677 -0.58277136
vn -0.55856943 0.6750856 -0.48193303
vn -0.49077016 0.74546784 -0.45102382
vn -0.6187386 0.60001177 -0.507098
vn -0.69060975 0.61515665 -0.38031617
vn -0.624526 0.6895797 -0.36667037
vn -0.55856943 0.6750856 -0.48193303
vn -0.49077016 0.74546784 -0.45102382
vn -0.55856943 0.6750856 -0.48193303
vn -0.624526 0.6895797 -0.36667037
vn -0.5497183 0.75908035 -0.34872174
vn -0.69060975 0.61515665 -0.38031617
vn -0.7358127 0.6321844 -0.24273969
vn -0.6660609 0.70576787 -0.24135958
vn -0.624526 0.6895797 -0.36667037
vn -0.5497183 0.75908035 -0.34872174
vn -0.624526 0.6895797 -0.36667037
vn -0.6660609 0.70576787 -0.24135958
vn -0.5868334 0.77414185 -0.23734114
vn -0.7358127 0.6321844 -0.24273969
vn -0.75282204 0.65074223 -0.09896227
vn -0.68167466 0.7233026 -0.11024046
vn -0.6660609 0.70576787 -0.24135958
vn -0.5868334 0.77414185 -0.23734114
vn -0.6660609 0.70576787 -0.24135958
vn -0.68167466 0.7233026 -0.11024046
vn -0.60070354 0.79030997 -0.120687656
vn -0.09137232 0.7092316 -0.699029
vn -0.20847696 0.71557415 -0.66670156
vn -0.17227389 0.78187114 -0.59916544
vn -0.073419586 0.77586764 -0.6266091
vn -0.05431021 0.83609533 -0.545889
vn -0.073419586 0.77586764 -0.6266091
vn -0.17227389 0.78187114 -0.59916544
vn -0.13332696 0.84148043 -0.52357864
vn -0.20847696 0.71557415 -0.66670156
vn -0.3168743 0.723581 -0.61320573
vn -0.26560906 0.7894424 -0.55338275
vn -0.17227389 0.78187114 -0.59916544
vn -0.13332696 0.84148043 -0.52357864
vn -0.17227389 0.78187114 -0.59916544
vn -0.26560906 0.7894424 -0.55338275
vn -0.21013087 0.8483191 -0.4860037
vn -0.3168743 0.723581 -0.61320573
vn -0.41218376 0.7335796 -0.5403382
vn -0.34776598 0.7987741 -0.49093637
vn -0.26560906 0.7894424 -0.55338275
vn -0.21013087 0.8483191 -0.4860037
vn -0.26560906 0.7894424 -0.55338275
vn -0.34776598 0.7987741 -0.49093637
vn -0.27775586 0.8566517 -0.4347407
vn -0.41218376 0.7335796 -0.5403382
vn -0.49077016 0.74546784 -0.45102382
vn -0.4155745 0.80973953 -0.4142702
vn -0.34776598 0.7987741 -0.49093637
vn -0.27775586 0.8566517 -0.4347407
vn -0.34776598 0.7987741 -0.49093637
vn -0.4155745 0.80973953 -0.4142702
vn -0.33357248 0.86632746 -0.37176102
vn -0.49077016 0.74546784 -0.45102382
vn -0.5497183 0.75908035 -0.34872174
vn -0.466453 0.82215214 -0.3263241
vn -0.4155745 0.80973953 -0.4142702
vn -0.33357248 0.86632746 -0.37176102
vn -0.4155745 0.80973953 -0.4142702
vn -0.466453 0.82215214 -0.3263241
vn -0.3754188 0.87714386 -0.29946518
vn -0.5497183 0.75908035 -0.34872174
vn -0.5868334 0.77414185 -0.23734114
vn -0.4984312 0.83572805 -0.23048854
vn -0.466453 0.82215214 -0.3263241
vn -0.3754188 0.87714386 -0.29946518
vn -0.466453 0.82215214 -0.3263241
vn -0.4984312 0.83572805 -0.23048854
vn -0.401632 0.8888178 -0.22066884
vn -0.5868334 0.77414185 -0.23734114
vn -0.60070354 0.79030997 -0.120687656
vn -0.5102517 0.8501347 -0.13005427
vn -0.4984312 0.83572805 -0.23048854
vn -0.401632 0.8888178 -0.22066884
vn -0.4984312 0.83572805 -0.23048854
vn -0.5102517 0.8501347 -0.13005427
vn -0.41117033 0.9010417 -0.13806836
vn -0.05431021 0.83609533 -0.545889
vn -0.13332696 0.84148043 -0.52357864
vn -0.093266144 0.8916208 -0.443073
vn -0.036493707 0.886793 -0.46072376
vn -0.013649497 0.93047136 -0.3661102
vn -0.036493707 0.886793 -0.46072376
vn -0.093266144 0.8916208 -0.443073
vn -0.05171111 0.9327636 -0.35676047
vn -0.13332696 0.84148043 -0.52357864
vn -0.21013087 0.8483191 -0.4860037
vn -0.15280792 0.8973998 -0.41391218
vn -0.093266144 0.8916208 -0.443073
vn -0.05171111 0.9327636 -0.35676047
vn -0.093266144 0.8916208 -0.443073
vn -0.15280792 0.8973998 -0.41391218
vn -0.0931277 0.9371168 -0.336362
vn -0.21013087 0.8483191 -0.4860037
vn -0.27775586 0.8566517 -0.4347407
vn -0.20520712 0.90437275 -0.37416562
vn -0.15280792 0.8973998 -0.41391218
vn -0.0931277 0.9371168 -0.336362
vn -0.15280792 0.8973998 -0.41391218
vn -0.20520712 0.90437275 -0.37416562
vn -0.12951736 0.94232386 -0.30862767
vn -0.27775586 0.8566517 -0.4347407
vn -0.33357248 0.86632746 -0.37176102
vn -0.24841776 0.91237897 -0.3253508
vn -0.20520712 0.90437275 -0.37416562
vn -0.12951736 0.94232386 -0.30862767
vn -0.20520712 0.90437275 -0.37416562
vn -0.24841776 0.91237897 -0.3253508
vn -0.1594608 0.9482374 -0.27462396
vn -0.33357248 0.86632746 -0.37176102
vn -0.3754188 0.87714386 -0.29946518
vn -0.28075224 0.9212184 -0.26932296
vn -0.24841776 0.91237897 -0.3253508
vn -0.1594608 0.9482374 -0.27462396
vn -0.24841776 0.91237897 -0.3253508
vn -0.28075224 0.9212184 -0.26932296
vn -0.1818019 0.9546839 -0.23564129
vn -0.3754188 0.87714386 -0.29946518
vn -0.401632 0.8888178 -0.22066884
vn -0.3009303 0.9306083 -0.20834914
vn -0.28075224 0.9212184 -0.26932296
vn -0.1818019 0.9546839 -0.23564129
vn -0.28075224 0.9212184 -0.26932296
vn -0.3009303 0.9306083 -0.20834914
vn -0.19563927 0.9613867 -0.19354776
vn -0.401632 0.8888178 -0.22066884
vn -0.41117033 0.9010417 -0.13806836
vn -0.30814728 0.94032973 -0.14430963
vn -0.3009303 0.9306083 -0.20834914
vn -0.19563927 0.9613867 -0.19354776
vn -0.3009303 0.9306083 -0.20834914
vn -0.30814728 0.94032973 -0.14430963
vn -0.20072256 0.9682819 -0.14879677
vn 0.01623095 0.9597828 -0.2802743
vn 0 0.95922214 -0.28265348
vn 0 0.9286359 -0.37099236
vn -0.013649497 0.93047136 -0.3661102
vn -0.013150936 0.96161985 -0.27407017
vn 0.01623095 0.9597828 -0.2802743
vn -0.013649497 0.93047136 -0.3661102
vn -0.05171111 0.9327636 -0.35676047
vn -0.03725379 0.9644816 -0.26151022
vn -0.013150936 0.96161985 -0.27407017
vn -0.05171111 0.9327636 -0.35676047
vn -0.0931277 0.9371168 -0.336362
vn -0.058223013 0.96781856 -0.2448212
vn -0.03725379 0.9644816 -0.26151022
vn -0.0931277 0.9371168 -0.336362
vn -0.12951736 0.94232386 -0.30862767
vn -0.07530583 0.9715214 -0.22466704
vn -0.058223013 0.96781856 -0.2448212
vn -0.12951736 0.94232386 -0.30862767
vn -0.1594608 0.9482374 -0.27462396
vn -0.087936096 0.97547317 -0.20179069
vn -0.07530583 0.9715214 -0.22466704
vn -0.1594608 0.9482374 -0.27462396
vn -0.1818019 0.9546839 -0.23564129
vn -0.095219396 0.9795642 -0.17716429
vn -0.087936096 0.97547317 -0.20179069
vn -0.1818019 0.9546839 -0.23564129
vn -0.19563927 0.9613867 -0.19354776
vn -0.0842293 -0.98762226 -0.13231651
vn -0.15303694 -0.9820983 -0.109829545
vn -0.22439884 -0.92926323 -0.29345334
vn -0.11756144 -0.9370481 -0.3288164
vn -0.15064317 -0.83237755 -0.53334254
vn -0.11756144 -0.9370481 -0.3288164
vn -0.22439884 -0.92926323 -0.29345334
vn -0.2955802 -0.8224356 -0.48603714
vn -0.15303694 -0.9820983 -0.109829545
vn -0.20164472 -0.97600573 -0.082172155
vn -0.30556142 -0.91953665 -0.24715258
vn -0.22439884 -0.92926323 -0.29345334
vn -0.2955802 -0.8224356 -0.48603714
vn -0.22439884 -0.92926323 -0.29345334
vn -0.30556142 -0.91953665 -0.24715258
vn -0.4096553 -0.80927616 -0.4210162
vn -0.20164472 -0.97600573 -0.082172155
vn -0.24300805 -0.96891445 -0.04638766
vn -0.37457082 -0.90809834 -0.1872273
vn -0.30556142 -0.91953665 -0.24715258
vn -0.4096553 -0.80927616 -0.4210162
vn -0.30556142 -0.91953665 -0.24715258
vn -0.37457082 -0.90809834 -0.1872273
vn -0.50662506 -0.7936905 -0.33672887
vn -0.24300805 -0.96891445 -0.04638766
vn -0.2758195 -0.96120065 -0.004113932
vn -0.42926434 -0.89563656 -0.116478436
vn -0.37457082 -0.90809834 -0.1872273
vn -0.50662506 -0.7936905 -0.33672887
vn -0.37457082 -0.90809834 -0.1872273
vn -0.42926434 -0.89563656 -0.116478436
vn -0.58350486 -0.77669215 -0.23721579
vn -0.2758195 -0.96120065 -0.004113932
vn -0.2992247 -0.9532084 0.04310928
vn -0.46818548 -0.8828294 -0.03760963
vn -0.42926434 -0.89563656 -0.116478436
vn -0.58350486 -0.77669215 -0.23721579
vn -0.42926434 -0.89563656 -0.116478436
vn -0.46818548 -0.8828294 -0.03760963
vn -0.638335 -0.75930053 -0.1264562
vn -0.2992247 -0.9532084 0.04310928
vn -0.3125195 -0.94528425 0.09364374
vn -0.49024495 -0.870336 0.046639025
vn -0.46818548 -0.8828294 -0.03760963
vn -0.638335 -0.75930053 -0.1264562
vn -0.46818548 -0.8828294 -0.03760963
vn -0.49024495 -0.870336 0.046639025
vn -0.6697888 -0.7425041 -0.008400728
vn -0.3125195 -0.94528425 0.09364374
vn -0.3160278 -0.9376566 0.1446597
vn -0.49597618 -0.8581665 0.13250563
vn -0.49024495 -0.870336 0.046639025
vn -0.6697888 -0.7425041 -0.008400728
vn -0.49024495 -0.870336 0.046639025
vn -0.49597618 -0.8581665 0.13250563
vn -0.67810947 -0.7263237 0.112344846
vn -0.2955802 -0.8224356 -0.48603714
vn -0.3418875 -0.704932 -0.62143683
vn -0.1717242 -0.71603787 -0.6766097
vn -0.15064317 -0.83237755 -0.53334254
vn -0.1717242 -0.71603787 -0.6766097
vn -0.3418875 -0.704932 -0.62143683
vn -0.36346614 -0.6260329 -0.6899095
vn -0.1813301 -0.63743734 -0.7488612
vn -0.4096553 -0.80927616 -0.4210162
vn -0.47778586 -0.69015056 -0.5435192
vn -0.3418875 -0.704932 -0.62143683
vn -0.2955802 -0.8224356 -0.48603714
vn -0.3418875 -0.704932 -0.62143683
vn -0.47778586 -0.69015056 -0.5435192
vn -0.5098594 -0.61090475 -0.6056722
vn -0.36346614 -0.6260329 -0.6899095
vn -0.50662506 -0.7936905 -0.33672887
vn -0.5931493 -0.67249846 -0.44262826
vn -0.47778586 -0.69015056 -0.5435192
vn -0.4096553 -0.80927616 -0.4210162
vn -0.47778586 -0.69015056 -0.5435192
vn -0.5931493 -0.67249846 -0.44262826
vn -0.63403744 -0.5927108 -0.49667943
vn -0.5098594 -0.61090475 -0.6056722
vn -0.58350486 -0.77669215 -0.23721579
vn -0.6845298 -0.65316767 -0.3237144
vn -0.5931493 -0.67249846 -0.44262826
vn -0.50662506 -0.7936905 -0.33672887
vn -0.5931493 -0.67249846 -0.44262826
vn -0.6845298 -0.65316767 -0.3237144
vn -0.7323563 -0.5726865 -0.36835384
vn -0.63403744 -0.5927108 -0.49667943
vn -0.638335 -0.75930053 -0.1264562
vn -0.74976486 -0.633331 -0.19168824
vn -0.6845298 -0.65316767 -0.3237144
vn -0.58350486 -0.77669215 -0.23721579
vn -0.6845298 -0.65316767 -0.3237144
vn -0.74976486 -0.633331 -0.19168824
vn -0.80259377 -0.55202276 -0.22608428
vn -0.7323563 -0.5726865 -0.36835384
vn -0.6697888 -0.7425041 -0.008400728
vn -0.78756464 -0.6140906 -0.051329598
vn -0.74976486 -0.633331 -0.19168824
vn -0.638335 -0.75930053 -0.1264562
vn -0.74976486 -0.633331 -0.19168824
vn -0.78756464 -0.6140906 -0.051329598
vn -0.8435339 -0.53180426 -0.07506592
vn -0.80259377 -0.55202276 -0.22608428
vn -0.67810947 -0.7263237 0.112344846
vn -0.79787713 -0.59567964 0.09250811
vn -0.78756464 -0.6140906 -0.051329598
vn -0.6697888 -0.7425041 -0.008400728
vn -0.78756464 -0.6140906 -0.051329598
vn -0.79787713 -0.59567964 0.09250811
vn -0.8549889 -0.5124648 0.07983684
vn -0.8435339 -0.53180426 -0.07506592
vn -0.095219396 0.9795642 -0.17716429
vn -0.19563927 0.9613867 -0.19354776
vn -0.20072256 0.9682819 -0.14879677
vn -0.099449396 0.98347044 -0.15131333
vn -0.18320267 -0.19051172 0.96443874
vn -3.5727787E-08 -0.18804334 0.98216075
vn -7.859031E-08 -0.1309616 0.9913874
vn -0.18501738 -0.13341424 0.9736371
vn -0.18634172 -0.06272076 0.98048097
vn -1.1922103E-07 -0.060582742 0.9981632
vn -1.5736208E-07 0.025012847 0.99968714
vn -0.18659204 0.023087932 0.9821661
vn -0.1854168 0.10911191 0.97658336
vn -1.2397464E-07 0.110731676 0.99385035
vn -1.1442279E-07 0.1963044 0.98054296
vn -0.18284997 0.19503938 0.9636002
vn -0.17885607 0.28050375 0.94304204
vn -1.5373513E-07 0.28141236 0.9595869
vn -1.501292E-07 0.3656822 0.93073976
vn -0.17337246 0.365123 0.9146733
vn -0.16633773 0.4483994 0.8782196
vn -1.4533384E-07 0.44862127 0.89372194
vn -1.5005863E-07 0.5296543 0.8482136
vn -0.15770535 0.52975667 0.8333588
vn -0.1474008 0.6084388 0.7797918
vn -1.4763854E-07 0.6080389 0.7939072
vn -1.4401868E-07 0.6827273 0.73067325
vn -0.13537142 0.68332773 0.7174522
vn -0.12171575 0.75310904 0.64653856
vn -1.09466754E-07 0.7524625 0.658635
vn -4.162995E-08 0.816122 0.57787967
vn -0.10648822 0.8167261 0.56711453
vn -0.08971323 0.87295043 0.4794883
vn -1.7835513E-09 0.8724443 0.4887135
vn 2.6743487E-09 0.9200038 0.39190957
vn -0.0715508 0.920369 0.3844496
vn -0.05229188 0.95761514 0.28326473
vn 0 0.9574237 0.28868634
vn -7.4220935E-10 0.9826498 0.18547103
vn -0.034533937 0.98281366 0.1813417
vn -0.19529696 -0.404984 -0.8932228
vn 7.868045E-08 -0.40711758 -0.9133757
vn 4.2061153E-08 -0.5238949 -0.8517829
vn -0.19047722 -0.5208677 -0.8321149
vn -0.19697426 -0.27986616 -0.9396149
vn 1.074099E-08 -0.2820342 -0.9594043
vn 4.2908148E-08 -0.35125402 -0.9362802
vn -0.19651878 -0.34920582 -0.9162072
vn -0.1936117 -0.10938279 -0.9749614
vn 5.9651417E-09 -0.111689314 -0.9937432
vn 7.1594384E-09 -0.1971606 -0.98037124
vn -0.19605155 -0.19496582 -0.9610161
vn -0.18450196 0.06250438 -0.98084253
vn 4.7696713E-09 0.059862204 -0.99820656
vn 4.770888E-09 -0.025920305 -0.99966395
vn -0.18975271 -0.023449589 -0.9815518
vn -0.16979799 0.23347524 -0.95742255
vn 1.1916588E-09 0.23049131 -0.9730744
vn 0 0.14542641 -0.98936903
vn -0.17785336 0.14824118 -0.9728272
vn -0.14940614 0.40130135 -0.9036786
vn 4.7632147E-09 0.39799845 -0.9173861
vn 1.191219E-09 0.31479988 -0.949158
vn -0.16032933 0.3179509 -0.93445265
vn -0.12318053 0.56178224 -0.818063
vn 8.983526E-08 0.55853534 -0.82948077
vn 4.404188E-08 0.47950387 -0.87753975
vn -0.13699314 0.48286405 -0.8649134
vn -0.09137232 0.7092316 -0.699029
vn 4.5775256E-08 0.7065437 -0.7076694
vn 5.3522726E-08 0.6344811 -0.7729384
vn -0.10798381 0.6374982 -0.762847
vn -0.05431021 0.83609533 -0.545889
vn 5.6139893E-08 0.8344309 -0.5511127
vn 1.01024206E-07 0.77362317 -0.633646
vn -0.073419586 0.77586764 -0.6266091
vn -0.013649497 0.93047136 -0.3661102
vn 0 0.9286359 -0.37099236
vn 0 0.8854413 -0.46475133
vn -0.036493707 0.886793 -0.46072376
vn 0.01839185 -0.9216168 0.38766503
vn -7.152285E-09 -0.9160775 0.40100095
vn -9.4959525E-09 -0.96826994 0.24990653
vn -0.034596186 -0.9682337 0.24764192
vn 1.1895344E-09 -0.84936553 0.5278051
vn -7.152285E-09 -0.9160775 0.40100095
vn 0.01839185 -0.9216168 0.38766503
vn 0.052815277 -0.85158134 0.5215551
vn 5.946186E-10 -0.77720195 0.6292513
vn 1.1895344E-09 -0.84936553 0.5278051
vn 0.052815277 -0.85158134 0.5215551
vn 0.07341671 -0.779919 0.62155974
vn 0.09956762 -0.6815445 0.7249713
vn 0 -0.67819095 0.73488563
vn 5.946186E-10 -0.77720195 0.6292513
vn 0.07341671 -0.779919 0.62155974
vn 0 -0.471761 0.88172644
vn 0 -0.67819095 0.73488563
vn 0.09956762 -0.6815445 0.7249713
vn 0.13997811 -0.47598186 0.86824393
vn 0.14923115 -0.4091317 0.90018964
vn -3.5639771E-09 -0.40203795 0.91562295
vn 0 -0.471761 0.88172644
vn 0.13997811 -0.47598186 0.86824393
vn -2.8592718E-08 -0.7856686 0.61864763
vn -3.5639771E-09 -0.40203795 0.91562295
vn 0.14923115 -0.4091317 0.90018964
vn 0.06748514 -0.79335684 0.60500467
vn -0.038545884 -0.9924968 0.11603618
vn -1.7482499E-08 -0.9931451 0.11688748
vn -2.8592718E-08 -0.7856686 0.61864763
vn 0.06748514 -0.79335684 0.60500467
vn 3.5859027E-09 -0.9901214 -0.14021266
vn -1.7482499E-08 -0.9931451 0.11688748
vn -0.038545884 -0.9924968 0.11603618
vn -0.0842293 -0.98762226 -0.13231651
vn 4.2061153E-08 -0.5238949 -0.8517829
vn 3.2200894E-08 -0.6396923 -0.76863116
vn -0.1813301 -0.63743734 -0.7488612
vn -0.19047722 -0.5208677 -0.8321149
vn -0.11756144 -0.9370481 -0.3288164
vn 1.1995679E-09 -0.93998396 -0.34121868
vn 3.5859027E-09 -0.9901214 -0.14021266
vn -0.0842293 -0.98762226 -0.13231651
vn 3.850809E-08 -0.8355439 -0.54942375
vn 1.1995679E-09 -0.93998396 -0.34121868
vn -0.11756144 -0.9370481 -0.3288164
vn -0.15064317 -0.83237755 -0.53334254
vn 6.9332714E-08 -0.7185401 -0.69548565
vn 3.850809E-08 -0.8355439 -0.54942375
vn -0.15064317 -0.83237755 -0.53334254
vn -0.1717242 -0.71603787 -0.6766097
vn -0.1813301 -0.63743734 -0.7488612
vn 3.2200894E-08 -0.6396923 -0.76863116
vn 6.9332714E-08 -0.7185401 -0.69548565
vn -0.1717242 -0.71603787 -0.6766097
vn -3.5727787E-08 -0.18804334 0.98216075
vn -0.18320267 -0.19051172 0.96443874
vn -0.17760637 -0.31008387 0.9339721
vn 4.7964166E-09 -0.30857465 0.9512
vn -7.859031E-08 -0.1309616 0.9913874
vn -1.1922103E-07 -0.060582742 0.9981632
vn -0.18634172 -0.06272076 0.98048097
vn -0.18501738 -0.13341424 0.9736371
vn -1.5736208E-07 0.025012847 0.99968714
vn -1.2397464E-07 0.110731676 0.99385035
vn -0.1854168 0.10911191 0.97658336
vn -0.18659204 0.023087932 0.9821661
vn -1.1442279E-07 0.1963044 0.98054296
vn -1.5373513E-07 0.28141236 0.9595869
vn -0.17885607 0.28050375 0.94304204
vn -0.18284997 0.19503938 0.9636002
vn -1.501292E-07 0.3656822 0.93073976
vn -1.4533384E-07 0.44862127 0.89372194
vn -0.16633773 0.4483994 0.8782196
vn -0.17337246 0.365123 0.9146733
vn -1.5005863E-07 0.5296543 0.8482136
vn -1.4763854E-07 0.6080389 0.7939072
vn -0.1474008 0.6084388 0.7797918
vn -0.15770535 0.52975667 0.8333588
vn -1.4401868E-07 0.6827273 0.73067325
vn -1.09466754E-07 0.7524625 0.658635
vn -0.12171575 0.75310904 0.64653856
vn -0.13537142 0.68332773 0.7174522
vn -4.162995E-08 0.816122 0.57787967
vn -1.7835513E-09 0.8724443 0.4887135
vn -0.08971323 0.87295043 0.4794883
vn -0.10648822 0.8167261 0.56711453
vn 2.6743487E-09 0.9200038 0.39190957
vn 0 0.9574237 0.28868634
vn -0.05229188 0.95761514 0.28326473
vn -0.0715508 0.920369 0.3844496
vn -7.4220935E-10 0.9826498 0.18547103
vn -2.9717584E-10 0.9969896 0.077535465
vn -0.010155186 0.99728566 0.07292526
vn -0.034533937 0.98281366 0.1813417
vn 0 -0.99374753 -0.11165076
vn 0.013294125 -0.9951681 -0.09728184
vn -0.048036702 -0.99741817 0.053379387
vn 0 -0.99867946 0.051374756
vn -2.9743244E-10 -0.965503 -0.26039168
vn 0.05094299 -0.9659068 -0.25382832
vn 0.013294125 -0.9951681 -0.09728184
vn 0 -0.99374753 -0.11165076
vn -2.9743244E-10 -0.965503 -0.26039168
vn 0 -0.9223815 -0.38628027
vn 0.07159724 -0.9230189 -0.37803456
vn 0.05094299 -0.9659068 -0.25382832
vn 0 -0.8509094 -0.5253125
vn 0.0980307 -0.8517333 -0.5147235
vn 0.07159724 -0.9230189 -0.37803456
vn 0 -0.9223815 -0.38628027
vn 0 -0.8509094 -0.5253125
vn 8.008587E-08 -0.67679185 -0.7361745
vn 0.13820362 -0.6778586 -0.7220855
vn 0.0980307 -0.8517333 -0.5147235
vn 1.984388E-07 -0.611414 -0.7913108
vn 0.14751138 -0.61540544 -0.77428454
vn 0.13820362 -0.6778586 -0.7220855
vn 8.008587E-08 -0.67679185 -0.7361745
vn 1.984388E-07 -0.611414 -0.7913108
vn 1.1736662E-07 -0.9245525 -0.38105458
vn 0.06735122 -0.92924476 -0.36327386
vn 0.14751138 -0.61540544 -0.77428454
vn -4.9424685E-08 -0.9829141 0.18406452
vn -0.037777096 -0.9818658 0.18577506
vn 0.06735122 -0.92924476 -0.36327386
vn 1.1736662E-07 -0.9245525 -0.38105458
vn -4.9424685E-08 -0.9829141 0.18406452
vn -1.0271321E-07 -0.9054427 0.4244684
vn -0.08011041 -0.9052687 0.41721818
vn -0.037777096 -0.9818658 0.18577506
vn 4.7964166E-09 -0.30857465 0.9512
vn -0.17760637 -0.31008387 0.9339721
vn -0.16815765 -0.435174 0.88450366
vn -2.9781106E-08 -0.4325176 0.9016255
vn -8.2630386E-08 -0.8055064 0.5925872
vn -0.10998843 -0.8060671 0.58151394
vn -0.08011041 -0.9052687 0.41721818
vn -1.0271321E-07 -0.9054427 0.4244684
vn -8.2630386E-08 -0.8055064 0.5925872
vn -6.961851E-08 -0.6592908 0.75188804
vn -0.13966753 -0.6603728 0.73783517
vn -0.10998843 -0.8060671 0.58151394
vn -6.961851E-08 -0.6592908 0.75188804
vn -7.0419205E-08 -0.51997125 0.85418373
vn -0.15898873 -0.5222655 0.8378313
vn -0.13966753 -0.6603728 0.73783517
vn -2.9781106E-08 -0.4325176 0.9016255
vn -0.16815765 -0.435174 0.88450366
vn -0.15898873 -0.5222655 0.8378313
vn -7.0419205E-08 -0.51997125 0.85418373
vn 7.868045E-08 -0.40711758 -0.9133757
vn -0.19529696 -0.404984 -0.8932228
vn -0.19651878 -0.34920582 -0.9162072
vn 4.2908148E-08 -0.35125402 -0.9362802
vn 1.074099E-08 -0.2820342 -0.9594043
vn -0.19697426 -0.27986616 -0.9396149
vn -0.19605155 -0.19496582 -0.9610161
vn 7.1594384E-09 -0.1971606 -0.98037124
vn 5.9651417E-09 -0.111689314 -0.9937432
vn -0.1936117 -0.10938279 -0.9749614
vn -0.18975271 -0.023449589 -0.9815518
vn 4.770888E-09 -0.025920305 -0.99966395
vn 4.7696713E-09 0.059862204 -0.99820656
vn -0.18450196 0.06250438 -0.98084253
vn -0.17785336 0.14824118 -0.9728272
vn 0 0.14542641 -0.98936903
vn 1.1916588E-09 0.23049131 -0.9730744
vn -0.16979799 0.23347524 -0.95742255
vn -0.16032933 0.3179509 -0.93445265
vn 1.191219E-09 0.31479988 -0.949158
vn 4.7632147E-09 0.39799845 -0.9173861
vn -0.14940614 0.40130135 -0.9036786
vn -0.13699314 0.48286405 -0.8649134
vn 4.404188E-08 0.47950387 -0.87753975
vn 8.983526E-08 0.55853534 -0.82948077
vn -0.12318053 0.56178224 -0.818063
vn -0.10798381 0.6374982 -0.762847
vn 5.3522726E-08 0.6344811 -0.7729384
vn 4.5775256E-08 0.7065437 -0.7076694
vn -0.09137232 0.7092316 -0.699029
vn -0.073419586 0.77586764 -0.6266091
vn 1.01024206E-07 0.77362317 -0.633646
vn 5.6139893E-08 0.8344309 -0.5511127
vn -0.05431021 0.83609533 -0.545889
vn -0.036493707 0.886793 -0.46072376
vn 0 0.8854413 -0.46475133
vn 1.1867084E-09 0.99985695 -0.01691715
vn -8.489422E-09 0.98842263 -0.1517252
vn 0.023545181 0.9995312 -0.019568348
vn 0.023545181 0.9995312 -0.019568348
vn -8.489422E-09 0.98842263 -0.1517252
vn -0.012142274 0.9995755 -0.026482712
vn -0.012142274 0.9995755 -0.026482712
vn -8.489422E-09 0.98842263 -0.1517252
vn -0.036604054 0.99854803 -0.039521713
vn -0.036604054 0.99854803 -0.039521713
vn -8.489422E-09 0.98842263 -0.1517252
vn -0.05785332 0.9967139 -0.05669511
vn -0.05785332 0.9967139 -0.05669511
vn -8.489422E-09 0.98842263 -0.1517252
vn -0.07515095 0.9941701 -0.07731821
vn -0.07515095 0.9941701 -0.07731821
vn -8.489422E-09 0.98842263 -0.1517252
vn -0.08789867 0.99104 -0.100566596
vn -0.08789867 0.99104 -0.100566596
vn -8.489422E-09 0.98842263 -0.1517252
vn -0.09521845 0.98752177 -0.12543613
vn -0.09521845 0.98752177 -0.12543613
vn -8.489422E-09 0.98842263 -0.1517252
vn -0.099449396 0.98347044 -0.15131333
vn -0.013150936 0.96161985 -0.27407017
vn -8.489422E-09 0.98842263 -0.1517252
vn 0.01623095 0.9597828 -0.2802743
vn -0.03725379 0.9644816 -0.26151022
vn -8.489422E-09 0.98842263 -0.1517252
vn -0.013150936 0.96161985 -0.27407017
vn -0.058223013 0.96781856 -0.2448212
vn -8.489422E-09 0.98842263 -0.1517252
vn -0.03725379 0.9644816 -0.26151022
vn -0.07530583 0.9715214 -0.22466704
vn -8.489422E-09 0.98842263 -0.1517252
vn -0.058223013 0.96781856 -0.2448212
vn -0.087936096 0.97547317 -0.20179069
vn -8.489422E-09 0.98842263 -0.1517252
vn -0.07530583 0.9715214 -0.22466704
vn -0.095219396 0.9795642 -0.17716429
vn -8.489422E-09 0.98842263 -0.1517252
vn -0.087936096 0.97547317 -0.20179069
vn -0.099449396 0.98347044 -0.15131333
vn -8.489422E-09 0.98842263 -0.1517252
vn -0.095219396 0.9795642 -0.17716429
vn 0.01623095 0.9597828 -0.2802743
vn -8.489422E-09 0.98842263 -0.1517252
vn 0 0.95922214 -0.28265348
vn -0.048036702 -0.99741817 0.053379387
vn -2.9649005E-09 -0.988361 0.1521263
vn 0 -0.99867946 0.051374756
vn -0.0010926556 -0.99832 0.057930324
vn -2.9649005E-09 -0.988361 0.1521263
vn -0.048036702 -0.99741817 0.053379387
vn 0.018688288 -0.99763197 0.06619018
vn -2.9649005E-09 -0.988361 0.1521263
vn -0.0010926556 -0.99832 0.057930324
vn 0.037077695 -0.9962868 0.07770336
vn -2.9649005E-09 -0.988361 0.1521263
vn 0.018688288 -0.99763197 0.06619018
vn 0.05353009 -0.99428636 0.092353486
vn -2.9649005E-09 -0.988361 0.1521263
vn 0.037077695 -0.9962868 0.07770336
vn 0.07041305 -0.99119186 0.112163246
vn -2.9649005E-09 -0.988361 0.1521263
vn 0.05353009 -0.99428636 0.092353486
vn 0.08101833 -0.98739254 0.13598497
vn -2.9649005E-09 -0.988361 0.1521263
vn 0.07041305 -0.99119186 0.112163246
vn 0.08257438 -0.9849893 0.15158343
vn -2.9649005E-09 -0.988361 0.1521263
vn 0.08101833 -0.98739254 0.13598497
vn -9.4959525E-09 -0.96826994 0.24990653
vn -2.9649005E-09 -0.988361 0.1521263
vn -0.034596186 -0.9682337 0.24764192
vn -0.034596186 -0.9682337 0.24764192
vn -2.9649005E-09 -0.988361 0.1521263
vn -0.0003479817 -0.9697798 0.24398167
vn -0.0003479817 -0.9697798 0.24398167
vn -2.9649005E-09 -0.988361 0.1521263
vn 0.019138105 -0.9715609 0.2360149
vn 0.019138105 -0.9715609 0.2360149
vn -2.9649005E-09 -0.988361 0.1521263
vn 0.037280597 -0.9736891 0.22481067
vn 0.037280597 -0.9736891 0.22481067
vn -2.9649005E-09 -0.988361 0.1521263
vn 0.053561285 -0.97613716 0.21044612
vn 0.053561285 -0.97613716 0.21044612
vn -2.9649005E-09 -0.988361 0.1521263
vn 0.070358686 -0.97909963 0.19082287
vn 0.070358686 -0.97909963 0.19082287
vn -2.9649005E-09 -0.988361 0.1521263
vn 0.080982834 -0.98260534 0.16711804
vn 0.080982834 -0.98260534 0.16711804
vn -2.9649005E-09 -0.988361 0.1521263
vn 0.08257438 -0.9849893 0.15158343
vn -0.013294122 -0.9951681 -0.09728184
vn 0.04803668 -0.99741817 0.05337941
vn 0.0010926311 -0.99832 0.05793027
vn -0.06147166 -0.99409467 -0.08942656
vn -0.06147166 -0.99409467 -0.08942656
vn 0.0010926311 -0.99832 0.05793027
vn -0.018688256 -0.99763197 0.06619018
vn -0.109425515 -0.9917352 -0.06698805
vn -0.109425515 -0.9917352 -0.06698805
vn -0.018688256 -0.99763197 0.06619018
vn -0.037077714 -0.9962868 0.07770336
vn -0.15243359 -0.98764473 -0.03635902
vn -0.15243359 -0.98764473 -0.03635902
vn -0.037077714 -0.9962868 0.07770336
vn -0.053530127 -0.99428636 0.092353486
vn -0.18896426 -0.9819827 0.0015329588
vn -0.18896426 -0.9819827 0.0015329588
vn -0.053530127 -0.99428636 0.092353486
vn -0.07041308 -0.99119186 0.11216321
vn -0.22053893 -0.9741012 0.049893353
vn -0.22053893 -0.9741012 0.049893353
vn -0.07041308 -0.99119186 0.11216321
vn -0.0810183 -0.98739254 0.13598493
vn -0.24121566 -0.96468866 0.10578649
vn -0.24121566 -0.96468866 0.10578649
vn -0.0810183 -0.98739254 0.13598493
vn -0.08257438 -0.9849893 0.15158343
vn -0.24600117 -0.9580294 0.14718352
vn -0.06147166 -0.99409467 -0.08942656
vn -0.12082686 -0.96564084 -0.2300838
vn -0.05094299 -0.9659068 -0.25382832
vn -0.013294122 -0.9951681 -0.09728184
vn -0.05094299 -0.9659068 -0.25382832
vn -0.12082686 -0.96564084 -0.2300838
vn -0.1702856 -0.92212594 -0.3473997
vn -0.071597256 -0.9230189 -0.37803456
vn -0.109425515 -0.9917352 -0.06698805
vn -0.19361602 -0.9620598 -0.1922337
vn -0.12082686 -0.96564084 -0.2300838
vn -0.06147166 -0.99409467 -0.08942656
vn -0.12082686 -0.96564084 -0.2300838
vn -0.19361602 -0.9620598 -0.1922337
vn -0.26335973 -0.9179039 -0.29680634
vn -0.1702856 -0.92212594 -0.3473997
vn -0.15243359 -0.98764473 -0.03635902
vn -0.25663772 -0.95610887 -0.1413966
vn -0.19361602 -0.9620598 -0.1922337
vn -0.109425515 -0.9917352 -0.06698805
vn -0.19361602 -0.9620598 -0.1922337
vn -0.25663772 -0.95610887 -0.1413966
vn -0.34268543 -0.91103905 -0.2292913
vn -0.26335973 -0.9179039 -0.29680634
vn -0.18896426 -0.9819827 0.0015329588
vn -0.30736777 -0.94822526 -0.07996215
vn -0.25663772 -0.95610887 -0.1413966
vn -0.15243359 -0.98764473 -0.03635902
vn -0.25663772 -0.95610887 -0.1413966
vn -0.30736777 -0.94822526 -0.07996215
vn -0.40502083 -0.90216565 -0.14851063
vn -0.34268543 -0.91103905 -0.2292913
vn -0.22053893 -0.9741012 0.049893353
vn -0.3459799 -0.93822604 -0.0054683
vn -0.30736777 -0.94822526 -0.07996215
vn -0.18896426 -0.9819827 0.0015329588
vn -0.30736777 -0.94822526 -0.07996215
vn -0.3459799 -0.93822604 -0.0054683
vn -0.44963017 -0.8916088 -0.05353969
vn -0.40502083 -0.90216565 -0.14851063
vn -0.24121566 -0.96468866 0.10578649
vn -0.36746556 -0.9268132 0.07737112
vn -0.3459799 -0.93822604 -0.0054683
vn -0.22053893 -0.9741012 0.049893353
vn -0.3459799 -0.93822604 -0.0054683
vn -0.36746556 -0.9268132 0.07737112
vn -0.4723562 -0.8799851 0.050057933
vn -0.44963017 -0.8916088 -0.05353969
vn -0.24600117 -0.9580294 0.14718352
vn -0.3711615 -0.91783243 0.14079326
vn -0.36746556 -0.9268132 0.07737112
vn -0.24121566 -0.96468866 0.10578649
vn -0.36746556 -0.9268132 0.07737112
vn -0.3711615 -0.91783243 0.14079326
vn -0.47567523 -0.8694829 0.1331638
vn -0.4723562 -0.8799851 0.050057933
vn -0.1702856 -0.92212594 -0.3473997
vn -0.22335893 -0.8508958 -0.47548625
vn -0.0980308 -0.8517334 -0.51472354
vn -0.071597256 -0.9230189 -0.37803456
vn -0.0980308 -0.8517334 -0.51472354
vn -0.22335893 -0.8508958 -0.47548625
vn -0.3021606 -0.6782575 -0.6698252
vn -0.13820371 -0.67785877 -0.72208524
vn -0.26335973 -0.9179039 -0.29680634
vn -0.3379546 -0.84625965 -0.4118632
vn -0.22335893 -0.8508958 -0.47548625
vn -0.1702856 -0.92212594 -0.3473997
vn -0.22335893 -0.8508958 -0.47548625
vn -0.3379546 -0.84625965 -0.4118632
vn -0.44721013 -0.67482644 -0.5870371
vn -0.3021606 -0.6782575 -0.6698252
vn -0.34268543 -0.91103905 -0.2292913
vn -0.43493232 -0.8389066 -0.32721508
vn -0.3379546 -0.84625965 -0.4118632
vn -0.26335973 -0.9179039 -0.29680634
vn -0.3379546 -0.84625965 -0.4118632
vn -0.43493232 -0.8389066 -0.32721508
vn -0.5691322 -0.6694344 -0.47743696
vn -0.44721013 -0.67482644 -0.5870371
vn -0.40502083 -0.90216565 -0.14851063
vn -0.5103868 -0.82960457 -0.22640999
vn -0.43493232 -0.8389066 -0.32721508
vn -0.34268543 -0.91103905 -0.2292913
vn -0.43493232 -0.8389066 -0.32721508
vn -0.5103868 -0.82960457 -0.22640999
vn -0.66321903 -0.6627948 -0.34762552
vn -0.5691322 -0.6694344 -0.47743696
vn -0.44963017 -0.8916088 -0.05353969
vn -0.5629884 -0.81905985 -0.110386014
vn -0.5103868 -0.82960457 -0.22640999
vn -0.40502083 -0.90216565 -0.14851063
vn -0.5103868 -0.82960457 -0.22640999
vn -0.5629884 -0.81905985 -0.110386014
vn -0.7276047 -0.655975 -0.20071883
vn -0.66321903 -0.6627948 -0.34762552
vn -0.4723562 -0.8799851 0.050057933
vn -0.58897203 -0.80801135 0.015153319
vn -0.5629884 -0.81905985 -0.110386014
vn -0.44963017 -0.8916088 -0.05353969
vn -0.5629884 -0.81905985 -0.110386014
vn -0.58897203 -0.80801135 0.015153319
vn -0.75878626 -0.6499122 -0.04309741
vn -0.7276047 -0.655975 -0.20071883
vn -0.47567523 -0.8694829 0.1331638
vn -0.59237945 -0.7964208 0.121657364
vn -0.58897203 -0.80801135 0.015153319
vn -0.4723562 -0.8799851 0.050057933
vn -0.58897203 -0.80801135 0.015153319
vn -0.59237945 -0.7964208 0.121657364
vn -0.7625499 -0.63960457 0.09707573
vn -0.75878626 -0.6499122 -0.04309741
vn -0.3021606 -0.6782575 -0.6698252
vn -0.32119066 -0.6170022 -0.71843225
vn -0.14751135 -0.61540586 -0.77428424
vn -0.13820371 -0.67785877 -0.72208524
vn -0.14751135 -0.61540586 -0.77428424
vn -0.32119066 -0.6170022 -0.71843225
vn -0.16227499 -0.92924 -0.33193335
vn -0.06735115 -0.9292448 -0.3632737
vn -0.44721013 -0.67482644 -0.5870371
vn -0.4726889 -0.6174521 -0.62874323
vn -0.32119066 -0.6170022 -0.71843225
vn -0.3021606 -0.6782575 -0.6698252
vn -0.32119066 -0.6170022 -0.71843225
vn -0.4726889 -0.6174521 -0.62874323
vn -0.24896261 -0.9283387 -0.2760522
vn -0.16227499 -0.92924 -0.33193335
vn -0.5691322 -0.6694344 -0.47743696
vn -0.5989653 -0.6164099 -0.511155
vn -0.4726889 -0.6174521 -0.62874323
vn -0.44721013 -0.67482644 -0.5870371
vn -0.4726889 -0.6174521 -0.62874323
vn -0.5989653 -0.6164099 -0.511155
vn -0.31947246 -0.9251867 -0.2048583
vn -0.24896261 -0.9283387 -0.2760522
vn -0.66321903 -0.6627948 -0.34762552
vn -0.6953012 -0.6143536 -0.37299597
vn -0.5989653 -0.6164099 -0.511155
vn -0.5691322 -0.6694344 -0.47743696
vn -0.5989653 -0.6164099 -0.511155
vn -0.6953012 -0.6143536 -0.37299597
vn -0.3713878 -0.92027813 -0.12312222
vn -0.31947246 -0.9251867 -0.2048583
vn -0.7276047 -0.655975 -0.20071883
vn -0.75944364 -0.61267567 -0.21880068
vn -0.6953012 -0.6143536 -0.37299597
vn -0.66321903 -0.6627948 -0.34762552
vn -0.6953012 -0.6143536 -0.37299597
vn -0.75944364 -0.61267567 -0.21880068
vn -0.40330315 -0.9144296 -0.03413429
vn -0.3713878 -0.92027813 -0.12312222
vn -0.75878626 -0.6499122 -0.04309741
vn -0.78912735 -0.6116883 -0.055815373
vn -0.75944364 -0.61267567 -0.21880068
vn -0.7276047 -0.655975 -0.20071883
vn -0.75944364 -0.61267567 -0.21880068
vn -0.78912735 -0.6116883 -0.055815373
vn -0.4154236 -0.9078424 0.056968227
vn -0.40330315 -0.9144296 -0.03413429
vn -0.7625499 -0.63960457 0.09707573
vn -0.79336977 -0.601796 0.091684155
vn -0.78912735 -0.6116883 -0.055815373
vn -0.75878626 -0.6499122 -0.04309741
vn -0.78912735 -0.6116883 -0.055815373
vn -0.79336977 -0.601796 0.091684155
vn -0.41762212 -0.8980303 0.13832302
vn -0.4154236 -0.9078424 0.056968227
vn -0.16227499 -0.92924 -0.33193335
vn 0.05639672 -0.9817782 0.18146895
vn 0.037777085 -0.98186576 0.1857751
vn -0.06735115 -0.9292448 -0.3632737
vn 0.037777085 -0.98186576 0.1857751
vn 0.05639672 -0.9817782 0.18146895
vn 0.14758334 -0.906546 0.39546633
vn 0.0801104 -0.90526867 0.4172183
vn -0.24896261 -0.9283387 -0.2760522
vn 0.06343307 -0.9816537 0.17981161
vn 0.05639672 -0.9817782 0.18146895
vn -0.16227499 -0.92924 -0.33193335
vn 0.05639672 -0.9817782 0.18146895
vn 0.06343307 -0.9816537 0.17981161
vn 0.19593424 -0.9087566 0.36847124
vn 0.14758334 -0.906546 0.39546633
vn -0.31947246 -0.9251867 -0.2048583
vn 0.07022538 -0.98175985 0.17668074
vn 0.06343307 -0.9816537 0.17981161
vn -0.24896261 -0.9283387 -0.2760522
vn 0.06343307 -0.9816537 0.17981161
vn 0.07022538 -0.98175985 0.17668074
vn 0.23759697 -0.91232395 0.33348566
vn 0.19593424 -0.9087566 0.36847124
vn -0.3713878 -0.92027813 -0.12312222
vn 0.076396525 -0.98211247 0.17210077
vn 0.07022538 -0.98175985 0.17668074
vn -0.31947246 -0.9251867 -0.2048583
vn 0.07022538 -0.98175985 0.17668074
vn 0.076396525 -0.98211247 0.17210077
vn 0.27123487 -0.9171475 0.29201388
vn 0.23759697 -0.91232395 0.33348566
vn -0.40330315 -0.9144296 -0.03413429
vn 0.08170062 -0.982698 0.16622128
vn 0.076396525 -0.98211247 0.17210077
vn -0.3713878 -0.92027813 -0.12312222
vn 0.076396525 -0.98211247 0.17210077
vn 0.08170062 -0.982698 0.16622128
vn 0.29590946 -0.92313236 0.24548762
vn 0.27123487 -0.9171475 0.29201388
vn -0.4154236 -0.9078424 0.056968227
vn 0.085583 -0.9835299 0.15919945
vn 0.08170062 -0.982698 0.16622128
vn -0.40330315 -0.9144296 -0.03413429
vn 0.08170062 -0.982698 0.16622128
vn 0.085583 -0.9835299 0.15919945
vn 0.31079143 -0.9301619 0.19546701
vn 0.29590946 -0.92313236 0.24548762
vn -0.41762212 -0.8980303 0.13832302
vn 0.086786404 -0.98461187 0.15168233
vn 0.085583 -0.9835299 0.15919945
vn -0.4154236 -0.9078424 0.056968227
vn 0.085583 -0.9835299 0.15919945
vn 0.086786404 -0.98461187 0.15168233
vn 0.31602773 -0.9376566 0.14465973
vn 0.31079143 -0.9301619 0.19546701
vn 0.1681576 -0.43517393 0.88450366
vn 0.3451506 -0.4385999 0.8297598
vn 0.3677939 -0.31395754 0.87530464
vn 0.17760624 -0.31008407 0.93397206
vn 0.18320256 -0.19051181 0.96443874
vn 0.17760624 -0.31008407 0.93397206
vn 0.3677939 -0.31395754 0.87530464
vn 0.38248166 -0.19530006 0.9030868
vn 0.3451506 -0.4385999 0.8297598
vn 0.48984772 -0.44430184 0.7500967
vn 0.5245804 -0.3207569 0.7886257
vn 0.3677939 -0.31395754 0.87530464
vn 0.38248166 -0.19530006 0.9030868
vn 0.3677939 -0.31395754 0.87530464
vn 0.5245804 -0.3207569 0.7886257
vn 0.54784596 -0.20313367 0.81154263
vn 0.48984772 -0.44430184 0.7500967
vn 0.6147205 -0.45278925 0.64583325
vn 0.6595242 -0.33050543 0.6751251
vn 0.5245804 -0.3207569 0.7886257
vn 0.54784596 -0.20313367 0.81154263
vn 0.5245804 -0.3207569 0.7886257
vn 0.6595242 -0.33050543 0.6751251
vn 0.6899048 -0.21404843 0.69153064
vn 0.6147205 -0.45278925 0.64583325
vn 0.71588284 -0.46398896 0.52175283
vn 0.7684501 -0.3429997 0.5402182
vn 0.6595242 -0.33050543 0.6751251
vn 0.6899048 -0.21404843 0.69153064
vn 0.6595242 -0.33050543 0.6751251
vn 0.7684501 -0.3429997 0.5402182
vn 0.80423844 -0.22769275 0.5489595
vn 0.71588284 -0.46398896 0.52175283
vn 0.79065806 -0.47782367 0.38281116
vn 0.84861434 -0.35801566 0.38945943
vn 0.7684501 -0.3429997 0.5402182
vn 0.80423844 -0.22769275 0.5489595
vn 0.7684501 -0.3429997 0.5402182
vn 0.84861434 -0.35801566 0.38945943
vn 0.8880499 -0.2437031 0.38984135
vn 0.79065806 -0.47782367 0.38281116
vn 0.8372791 -0.49419054 0.23396453
vn 0.89835143 -0.3752938 0.22829643
vn 0.84861434 -0.35801566 0.38945943
vn 0.8880499 -0.2437031 0.38984135
vn 0.84861434 -0.35801566 0.38945943
vn 0.89835143 -0.3752938 0.22829643
vn 0.9397512 -0.26168847 0.21997024
vn 0.8372791 -0.49419054 0.23396453
vn 0.85498893 -0.51246476 0.07983685
vn 0.9168836 -0.39436284 0.0616642
vn 0.89835143 -0.3752938 0.22829643
vn 0.9397512 -0.26168847 0.21997024
vn 0.89835143 -0.3752938 0.22829643
vn 0.9168836 -0.39436284 0.0616642
vn 0.95860255 -0.28125614 0.04445426
vn 0.38248166 -0.19530006 0.9030868
vn 0.38745546 -0.13868193 0.91139764
vn 0.18501732 -0.13341425 0.9736372
vn 0.18320256 -0.19051181 0.96443874
vn 0.18501732 -0.13341425 0.9736372
vn 0.38745546 -0.13868193 0.91139764
vn 0.3917863 -0.06846686 0.9175052
vn 0.18634155 -0.06272095 0.9804809
vn 0.54784596 -0.20313367 0.81154263
vn 0.5559668 -0.1470783 0.81808853
vn 0.38745546 -0.13868193 0.91139764
vn 0.38248166 -0.19530006 0.9030868
vn 0.38745546 -0.13868193 0.91139764
vn 0.5559668 -0.1470783 0.81808853
vn 0.56347185 -0.077570654 0.8224855
vn 0.3917863 -0.06846686 0.9175052
vn 0.6899048 -0.21404843 0.69153064
vn 0.70062506 -0.15862475 0.6956743
vn 0.5559668 -0.1470783 0.81808853
vn 0.54784596 -0.20313367 0.81154263
vn 0.5559668 -0.1470783 0.81808853
vn 0.70062506 -0.15862475 0.6956743
vn 0.71069837 -0.08985615 0.6977347
vn 0.56347185 -0.077570654 0.8224855
vn 0.80423844 -0.22769275 0.5489595
vn 0.8168992 -0.17291619 0.55025053
vn 0.70062506 -0.15862475 0.6956743
vn 0.6899048 -0.21404843 0.69153064
vn 0.70062506 -0.15862475 0.6956743
vn 0.8168992 -0.17291619 0.55025053
vn 0.8288872 -0.10494181 0.54948455
vn 0.71069837 -0.08985615 0.6977347
vn 0.8880499 -0.2437031 0.38984135
vn 0.9019544 -0.18950154 0.38803002
vn 0.8168992 -0.17291619 0.55025053
vn 0.80423844 -0.22769275 0.5489595
vn 0.8168992 -0.17291619 0.55025053
vn 0.9019544 -0.18950154 0.38803002
vn 0.91513395 -0.12224238 0.38417003
vn 0.8288872 -0.10494181 0.54948455
vn 0.9397512 -0.26168847 0.21997024
vn 0.9542314 -0.20792985 0.21495949
vn 0.9019544 -0.18950154 0.38803002
vn 0.8880499 -0.2437031 0.38984135
vn 0.9019544 -0.18950154 0.38803002
vn 0.9542314 -0.20792985 0.21495949
vn 0.9678993 -0.1412165 0.2079153
vn 0.91513395 -0.12224238 0.38417003
vn 0.95860255 -0.28125614 0.04445426
vn 0.97304 -0.22776797 0.036260936
vn 0.9542314 -0.20792985 0.21495949
vn 0.9397512 -0.26168847 0.21997024
vn 0.9542314 -0.20792985 0.21495949
vn 0.97304 -0.22776797 0.036260936
vn 0.98654866 -0.16137537 0.026073698
vn 0.9678993 -0.1412165 0.2079153
vn 0.3917863 -0.06846686 0.9175052
vn 0.39445025 0.016783055 0.91876405
vn 0.18659186 0.023087928 0.98216623
vn 0.18634155 -0.06272095 0.9804809
vn 0.18659186 0.023087928 0.98216623
vn 0.39445025 0.016783055 0.91876405
vn 0.39421287 0.10245271 0.91329056
vn 0.18541673 0.10911214 0.97658336
vn 0.56347185 -0.077570654 0.8224855
vn 0.5689327 0.0068625775 0.82235545
vn 0.39445025 0.016783055 0.91876405
vn 0.3917863 -0.06846686 0.9175052
vn 0.39445025 0.016783055 0.91876405
vn 0.5689327 0.0068625775 0.82235545
vn 0.57032466 0.09179003 0.81627464
vn 0.39421287 0.10245271 0.91329056
vn 0.71069837 -0.08985615 0.6977347
vn 0.7183204 -0.0062940717 0.69568396
vn 0.5689327 0.0068625775 0.82235545
vn 0.56347185 -0.077570654 0.8224855
vn 0.5689327 0.0068625775 0.82235545
vn 0.7183204 -0.0062940717 0.69568396
vn 0.7208876 0.0777479 0.6886772
vn 0.57032466 0.09179003 0.81627464
vn 0.8288872 -0.10494181 0.54948455
vn 0.8381113 -0.022296853 0.5450434
vn 0.7183204 -0.0062940717 0.69568396
vn 0.71069837 -0.08985615 0.6977347
vn 0.7183204 -0.0062940717 0.69568396
vn 0.8381113 -0.022296853 0.5450434
vn 0.841528 0.060870774 0.536773
vn 0.7208876 0.0777479 0.6886772
vn 0.91513395 -0.12224238 0.38417003
vn 0.9252945 -0.040413626 0.37708974
vn 0.8381113 -0.022296853 0.5450434
vn 0.8288872 -0.10494181 0.54948455
vn 0.8381113 -0.022296853 0.5450434
vn 0.9252945 -0.040413626 0.37708974
vn 0.9291212 0.041987218 0.36738396
vn 0.841528 0.060870774 0.536773
vn 0.9678993 -0.1412165 0.2079153
vn 0.9783364 -0.059995525 0.19813733
vn 0.9252945 -0.040413626 0.37708974
vn 0.91513395 -0.12224238 0.38417003
vn 0.9252945 -0.040413626 0.37708974
vn 0.9783364 -0.059995525 0.19813733
vn 0.9821206 0.021841543 0.18698135
vn 0.9291212 0.041987218 0.36738396
vn 0.98654866 -0.16137537 0.026073698
vn 0.996662 -0.08048552 0.013674314
vn 0.9783364 -0.059995525 0.19813733
vn 0.9678993 -0.1412165 0.2079153
vn 0.9783364 -0.059995525 0.19813733
vn 0.996662 -0.08048552 0.013674314
vn 0.99999875 0.0010610853 0.0011663062
vn 0.9821206 0.021841543 0.18698135
vn 0.39421287 0.10245271 0.91329056
vn 0.3909833 0.18818706 0.9009537
vn 0.18284996 0.19503933 0.9636003
vn 0.18541673 0.10911214 0.97658336
vn 0.18284996 0.19503933 0.9636003
vn 0.3909833 0.18818706 0.9009537
vn 0.38471317 0.27357036 0.88156396
vn 0.1788561 0.28050375 0.943042
vn 0.57032466 0.09179003 0.81627464
vn 0.56748784 0.17690986 0.804152
vn 0.3909833 0.18818706 0.9009537
vn 0.39421287 0.10245271 0.91329056
vn 0.3909833 0.18818706 0.9009537
vn 0.56748784 0.17690986 0.804152
vn 0.56029236 0.2618606 0.7858127
vn 0.38471317 0.27357036 0.88156396
vn 0.7208876 0.0777479 0.6886772
vn 0.71826965 0.16206434 0.67662674
vn 0.56748784 0.17690986 0.804152
vn 0.57032466 0.09179003 0.81627464
vn 0.56748784 0.17690986 0.804152
vn 0.71826965 0.16206434 0.67662674
vn 0.7102811 0.24641034 0.65938073
vn 0.56029236 0.2618606 0.7858127
vn 0.841528 0.060870774 0.536773
vn 0.8390088 0.14440237 0.5246067
vn 0.71826965 0.16206434 0.67662674
vn 0.7208876 0.0777479 0.6886772
vn 0.71826965 0.16206434 0.67662674
vn 0.8390088 0.14440237 0.5246067
vn 0.8303397 0.22810715 0.50843203
vn 0.7102811 0.24641034 0.65938073
vn 0.9291212 0.041987218 0.36738396
vn 0.92648804 0.12483067 0.3550174
vn 0.8390088 0.14440237 0.5246067
vn 0.841528 0.060870774 0.536773
vn 0.8390088 0.14440237 0.5246067
vn 0.92648804 0.12483067 0.3550174
vn 0.9171725 0.20795922 0.3399227
vn 0.8303397 0.22810715 0.50843203
vn 0.9821206 0.021841543 0.18698135
vn 0.9791407 0.10418274 0.17443979
vn 0.92648804 0.12483067 0.3550174
vn 0.9291212 0.041987218 0.36738396
vn 0.92648804 0.12483067 0.3550174
vn 0.9791407 0.10418274 0.17443979
vn 0.96918184 0.18689415 0.16049054
vn 0.9171725 0.20795922 0.3399227
vn 0.99999875 0.0010610853 0.0011663062
vn 0.99647087 0.083156765 -0.011434824
vn 0.9791407 0.10418274 0.17443979
vn 0.9821206 0.021841543 0.18698135
vn 0.9791407 0.10418274 0.17443979
vn 0.99647087 0.083156765 -0.011434824
vn 0.9858848 0.16568011 -0.024111744
vn 0.96918184 0.18689415 0.16049054
vn 0.38471317 0.27357036 0.88156396
vn 0.37531123 0.3582466 0.85486895
vn 0.1733724 0.36512288 0.9146733
vn 0.1788561 0.28050375 0.943042
vn 0.1733724 0.36512288 0.9146733
vn 0.37531123 0.3582466 0.85486895
vn 0.36263305 0.44175884 0.8205769
vn 0.16633768 0.44839945 0.8782197
vn 0.56029236 0.2618606 0.7858127
vn 0.54859084 0.3463049 0.7609999
vn 0.37531123 0.3582466 0.85486895
vn 0.38471317 0.27357036 0.88156396
vn 0.37531123 0.3582466 0.85486895
vn 0.54859084 0.3463049 0.7609999
vn 0.53217083 0.4297996 0.7294288
vn 0.36263305 0.44175884 0.8205769
vn 0.7102811 0.24641034 0.65938073
vn 0.6966832 0.33046746 0.63672894
vn 0.54859084 0.3463049 0.7609999
vn 0.56029236 0.2618606 0.7858127
vn 0.54859084 0.3463049 0.7609999
vn 0.6966832 0.33046746 0.63672894
vn 0.67718124 0.41380495 0.60843337
vn 0.53217083 0.4297996 0.7294288
vn 0.8303397 0.22810715 0.50843203
vn 0.8152329 0.3117051 0.48809353
vn 0.6966832 0.33046746 0.63672894
vn 0.7102811 0.24641034 0.65938073
vn 0.6966832 0.33046746 0.63672894
vn 0.8152329 0.3117051 0.48809353
vn 0.7933318 0.39480743 0.4634129
vn 0.67718124 0.41380495 0.60843337
vn 0.9171725 0.20795922 0.3399227
vn 0.90086365 0.29113173 0.3220047
vn 0.8152329 0.3117051 0.48809353
vn 0.8303397 0.22810715 0.50843203
vn 0.8152329 0.3117051 0.48809353
vn 0.90086365 0.29113173 0.3220047
vn 0.8771696 0.37400466 0.30115438
vn 0.7933318 0.39480743 0.4634129
vn 0.96918184 0.18689415 0.16049054
vn 0.95193076 0.26976562 0.14510116
vn 0.90086365 0.29113173 0.3220047
vn 0.9171725 0.20795922 0.3399227
vn 0.90086365 0.29113173 0.3220047
vn 0.95193076 0.26976562 0.14510116
vn 0.92698663 0.35249192 0.12823893
vn 0.8771696 0.37400466 0.30115438
vn 0.9858848 0.16568011 -0.024111744
vn 0.96794635 0.24844065 -0.036838062
vn 0.95193076 0.26976562 0.14510116
vn 0.96918184 0.18689415 0.16049054
vn 0.95193076 0.26976562 0.14510116
vn 0.96794635 0.24844065 -0.036838062
vn 0.9422715 0.33116013 -0.049571924
vn 0.92698663 0.35249192 0.12823893
vn 0.36263305 0.44175884 0.8205769
vn 0.3465167 0.5235319 0.77835757
vn 0.15770529 0.5297567 0.8333587
vn 0.16633768 0.44839945 0.8782197
vn 0.15770529 0.5297567 0.8333587
vn 0.3465167 0.5235319 0.77835757
vn 0.32673538 0.6028083 0.7279191
vn 0.1474008 0.6084388 0.77979183
vn 0.53217083 0.4297996 0.7294288
vn 0.51077116 0.5117605 0.69080687
vn 0.3465167 0.5235319 0.77835757
vn 0.36263305 0.44175884 0.8205769
vn 0.3465167 0.5235319 0.77835757
vn 0.51077116 0.5117605 0.69080687
vn 0.48408878 0.59141845 0.6448893
vn 0.32673538 0.6028083 0.7279191
vn 0.67718124 0.41380495 0.60843337
vn 0.6514453 0.49584612 0.5742435
vn 0.51077116 0.5117605 0.69080687
vn 0.53217083 0.4297996 0.7294288
vn 0.51077116 0.5117605 0.69080687
vn 0.6514453 0.49584612 0.5742435
vn 0.6191396 0.5758243 0.53394055
vn 0.48408878 0.59141845 0.6448893
vn 0.7933318 0.39480743 0.4634129
vn 0.76423866 0.47687745 0.43419716
vn 0.6514453 0.49584612 0.5742435
vn 0.67718124 0.41380495 0.60843337
vn 0.6514453 0.49584612 0.5742435
vn 0.76423866 0.47687745 0.43419716
vn 0.72754306 0.5571893 0.40027627
vn 0.6191396 0.5758243 0.53394055
vn 0.8771696 0.37400466 0.30115438
vn 0.8456429 0.4560887 0.2772562
vn 0.76423866 0.47687745 0.43419716
vn 0.7933318 0.39480743 0.4634129
vn 0.76423866 0.47687745 0.43419716
vn 0.8456429 0.4560887 0.2772562
vn 0.80581295 0.53671026 0.25021523
vn 0.72754306 0.5571893 0.40027627
vn 0.92698663 0.35249192 0.12823893
vn 0.8938823 0.43462852 0.10987474
vn 0.8456429 0.4560887 0.2772562
vn 0.8771696 0.37400466 0.30115438
vn 0.8456429 0.4560887 0.2772562
vn 0.8938823 0.43462852 0.10987474
vn 0.85211855 0.51555145 0.090003476
vn 0.80581295 0.53671026 0.25021523
vn 0.9422715 0.33116013 -0.049571924
vn 0.9084039 0.41343284 -0.0622543
vn 0.8938823 0.43462852 0.10987474
vn 0.92698663 0.35249192 0.12823893
vn 0.8938823 0.43462852 0.10987474
vn 0.9084039 0.41343284 -0.0622543
vn 0.8658523 0.49467683 -0.07479707
vn 0.85211855 0.51555145 0.090003476
vn 0.32673538 0.6028083 0.7279191
vn 0.30316463 0.6784008 0.66922617
vn 0.13537134 0.6833278 0.7174522
vn 0.1474008 0.6084388 0.77979183
vn 0.13537134 0.6833278 0.7174522
vn 0.30316463 0.6784008 0.66922617
vn 0.27596134 0.7489591 0.60241634
vn 0.121715695 0.7531091 0.64653844
vn 0.48408878 0.59141845 0.6448893
vn 0.45192125 0.6676931 0.59156835
vn 0.30316463 0.6784008 0.66922617
vn 0.32673538 0.6028083 0.7279191
vn 0.30316463 0.6784008 0.66922617
vn 0.45192125 0.6676931 0.59156835
vn 0.41429716 0.73930043 0.53084147
vn 0.27596134 0.7489591 0.60241634
vn 0.6191396 0.5758243 0.53394055
vn 0.57997465 0.65276736 0.48736435
vn 0.45192125 0.6676931 0.59156835
vn 0.48408878 0.59141845 0.6448893
vn 0.45192125 0.6676931 0.59156835
vn 0.57997465 0.65276736 0.48736435
vn 0.53378016 0.7254757 0.43446937
vn 0.41429716 0.73930043 0.53084147
vn 0.72754306 0.5571893 0.40027627
vn 0.68286586 0.6348209 0.36152002
vn 0.57997465 0.65276736 0.48736435
vn 0.6191396 0.5758243 0.53394055
vn 0.57997465 0.65276736 0.48736435
vn 0.68286586 0.6348209 0.36152002
vn 0.629931 0.7086082 0.31790137
vn 0.53378016 0.7254757 0.43446937
vn 0.80581295 0.53671026 0.25021523
vn 0.75722927 0.6149942 0.21996793
vn 0.68286586 0.6348209 0.36152002
vn 0.72754306 0.5571893 0.40027627
vn 0.68286586 0.6348209 0.36152002
vn 0.75722927 0.6149942 0.21996793
vn 0.6995444 0.68981403 0.18653202
vn 0.629931 0.7086082 0.31790137
vn 0.85211855 0.51555145 0.090003476
vn 0.8012065 0.5944373 0.06864817
vn 0.75722927 0.6149942 0.21996793
vn 0.80581295 0.53671026 0.25021523
vn 0.75722927 0.6149942 0.21996793
vn 0.8012065 0.5944373 0.06864817
vn 0.74075216 0.6702091 0.04589144
vn 0.6995444 0.68981403 0.18653202
vn 0.8658523 0.49467683 -0.07479707
vn 0.8141266 0.5741203 -0.08708547
vn 0.8012065 0.5944373 0.06864817
vn 0.85211855 0.51555145 0.090003476
vn 0.8012065 0.5944373 0.06864817
vn 0.8141266 0.5741203 -0.08708547
vn 0.752822 0.65074223 -0.09896226
vn 0.74075216 0.6702091 0.04589144
vn 0.27596134 0.7489591 0.60241634
vn 0.24525233 0.8134007 0.5274758
vn 0.10648822 0.81672615 0.5671145
vn 0.121715695 0.7531091 0.64653844
vn 0.10648822 0.81672615 0.5671145
vn 0.24525233 0.8134007 0.5274758
vn 0.21109337 0.8704539 0.4446906
vn 0.08971322 0.8729505 0.47948825
vn 0.41429716 0.73930043 0.53084147
vn 0.3713 0.80500257 0.46271718
vn 0.24525233 0.8134007 0.5274758
vn 0.27596134 0.7489591 0.60241634
vn 0.24525233 0.8134007 0.5274758
vn 0.3713 0.80500257 0.46271718
vn 0.3230686 0.8633898 0.38753688
vn 0.21109337 0.8704539 0.4446906
vn 0.53378016 0.7254757 0.43446937
vn 0.48051372 0.7926073 0.37534022
vn 0.3713 0.80500257 0.46271718
vn 0.41429716 0.73930043 0.53084147
vn 0.3713 0.80500257 0.46271718
vn 0.48051372 0.7926073 0.37534022
vn 0.4203552 0.85264146 0.31032857
vn 0.3230686 0.8633898 0.38753688
vn 0.629931 0.7086082 0.31790137
vn 0.5686158 0.7771987 0.26951498
vn 0.48051372 0.7926073 0.37534022
vn 0.53378016 0.7254757 0.43446937
vn 0.48051372 0.7926073 0.37534022
vn 0.5686158 0.7771987 0.26951498
vn 0.49907255 0.83903766 0.21666211
vn 0.4203552 0.85264146 0.31032857
vn 0.6995444 0.68981403 0.18653202
vn 0.6325676 0.7598384 0.1500135
vn 0.5686158 0.7771987 0.26951498
vn 0.629931 0.7086082 0.31790137
vn 0.5686158 0.7771987 0.26951498
vn 0.6325676 0.7598384 0.1500135
vn 0.5563996 0.8235118 0.11067049
vn 0.49907255 0.83903766 0.21666211
vn 0.74075216 0.6702091 0.04589144
vn 0.67051363 0.74157465 0.021872802
vn 0.6325676 0.7598384 0.1500135
vn 0.6995444 0.68981403 0.18653202
vn 0.6325676 0.7598384 0.1500135
vn 0.67051363 0.74157465 0.021872802
vn 0.5905435 0.80699956 -0.0031709739
vn 0.5563996 0.8235118 0.11067049
vn 0.752822 0.65074223 -0.09896226
vn 0.68167466 0.72330266 -0.1102405
vn 0.67051363 0.74157465 0.021872802
vn 0.74075216 0.6702091 0.04589144
vn 0.67051363 0.74157465 0.021872802
vn 0.68167466 0.72330266 -0.1102405
vn 0.6007032 0.7903101 -0.120687805
vn 0.5905435 0.80699956 -0.0031709739
vn 0.21109337 0.8704539 0.4446906
vn 0.17371807 0.918631 0.3548789
vn 0.0715508 0.92036897 0.38444957
vn 0.08971322 0.8729505 0.47948825
vn 0.0715508 0.92036897 0.38444957
vn 0.17371807 0.918631 0.3548789
vn 0.13360675 0.95651627 0.25927934
vn 0.05229188 0.95761514 0.28326473
vn 0.3230686 0.8633898 0.38753688
vn 0.26992947 0.912948 0.3060458
vn 0.17371807 0.918631 0.3548789
vn 0.21109337 0.8704539 0.4446906
vn 0.17371807 0.918631 0.3548789
vn 0.26992947 0.912948 0.3060458
vn 0.21252948 0.95221376 0.21936315
vn 0.13360675 0.95651627 0.25927934
vn 0.4203552 0.85264146 0.31032857
vn 0.35372737 0.90402263 0.2400418
vn 0.26992947 0.912948 0.3060458
vn 0.3230686 0.8633898 0.38753688
vn 0.26992947 0.912948 0.3060458
vn 0.35372737 0.90402263 0.2400418
vn 0.28142 0.94521785 0.16542675
vn 0.21252948 0.95221376 0.21936315
vn 0.49907255 0.83903766 0.21666211
vn 0.4217447 0.8925154 0.15983638
vn 0.35372737 0.90402263 0.2400418
vn 0.4203552 0.85264146 0.31032857
vn 0.35372737 0.90402263 0.2400418
vn 0.4217447 0.8925154 0.15983638
vn 0.33751032 0.93601483 0.09981511
vn 0.28142 0.94521785 0.16542675
vn 0.5563996 0.8235118 0.11067049
vn 0.4714651 0.87918895 0.06890186
vn 0.4217447 0.8925154 0.15983638
vn 0.49907255 0.83903766 0.21666211
vn 0.4217447 0.8925154 0.15983638
vn 0.4714651 0.87918895 0.06890186
vn 0.37867543 0.9251835 0.025310326
vn 0.33751032 0.93601483 0.09981511
vn 0.5905435 0.80699956 -0.0031709739
vn 0.5012285 0.86483145 -0.028923428
vn 0.4714651 0.87918895 0.06890186
vn 0.5563996 0.8235118 0.11067049
vn 0.4714651 0.87918895 0.06890186
vn 0.5012285 0.86483145 -0.028923428
vn 0.4034655 0.9133432 -0.054953173
vn 0.37867543 0.9251835 0.025310326
vn 0.6007032 0.7903101 -0.120687805
vn 0.5102517 0.8501347 -0.1300545
vn 0.5012285 0.86483145 -0.028923428
vn 0.5905435 0.80699956 -0.0031709739
vn 0.5012285 0.86483145 -0.028923428
vn 0.5102517 0.8501347 -0.1300545
vn 0.41117033 0.90104157 -0.1380685
vn 0.4034655 0.9133432 -0.054953173
vn 0.13360675 0.95651627 0.25927934
vn 0.09264258 0.9823657 0.16240382
vn 0.034533948 0.98281366 0.18134171
vn 0.05229188 0.95761514 0.28326473
vn 0.034533948 0.98281366 0.18134171
vn 0.09264258 0.9823657 0.16240382
vn 0.050631665 0.9966845 0.06368984
vn 0.01015519 0.9972857 0.07292526
vn 0.21252948 0.95221376 0.21936315
vn 0.15358989 0.97932976 0.13161874
vn 0.09264258 0.9823657 0.16240382
vn 0.13360675 0.95651627 0.25927934
vn 0.09264258 0.9823657 0.16240382
vn 0.15358989 0.97932976 0.13161874
vn 0.09284249 0.99478066 0.042328373
vn 0.050631665 0.9966845 0.06368984
vn 0.28142 0.94521785 0.16542675
vn 0.20688467 0.97421074 0.090067856
vn 0.15358989 0.97932976 0.13161874
vn 0.21252948 0.95221376 0.21936315
vn 0.15358989 0.97932976 0.13161874
vn 0.20688467 0.97421074 0.090067856
vn 0.12978798 0.991449 0.013559016
vn 0.09284249 0.99478066 0.042328373
vn 0.33751032 0.93601483 0.09981511
vn 0.25039732 0.9673372 0.039496403
vn 0.20688467 0.97421074 0.090067856
vn 0.28142 0.94521785 0.16542675
vn 0.20688467 0.97421074 0.090067856
vn 0.25039732 0.9673372 0.039496403
vn 0.16001458 0.9868817 -0.021443922
vn 0.12978798 0.991449 0.013559016
vn 0.37867543 0.9251835 0.025310326
vn 0.28245658 0.9591113 -0.017992893
vn 0.25039732 0.9673372 0.039496403
vn 0.33751032 0.93601483 0.09981511
vn 0.25039732 0.9673372 0.039496403
vn 0.28245658 0.9591113 -0.017992893
vn 0.18235828 0.98132277 -0.061246365
vn 0.16001458 0.9868817 -0.021443922
vn 0.4034655 0.9133432 -0.054953173
vn 0.30190712 0.9499808 -0.079928
vn 0.28245658 0.9591113 -0.017992893
vn 0.37867543 0.9251835 0.025310326
vn 0.28245658 0.9591113 -0.017992893
vn 0.30190712 0.9499808 -0.079928
vn 0.19597615 0.97509223 -0.10386801
vn 0.18235828 0.98132277 -0.061246365
vn 0.41117033 0.90104157 -0.1380685
vn 0.3081473 0.94032973 -0.14430965
vn 0.30190712 0.9499808 -0.079928
vn 0.4034655 0.9133432 -0.054953173
vn 0.30190712 0.9499808 -0.079928
vn 0.3081473 0.94032973 -0.14430965
vn 0.20072259 0.9682819 -0.14879678
vn 0.19597615 0.97509223 -0.10386801
vn 0.01015519 0.9972857 0.07292526
vn -0.02354518 0.9995312 -0.019568348
vn 1.1867084E-09 0.99985695 -0.01691715
vn -2.9717584E-10 0.9969896 0.077535465
vn 0.050631665 0.9966845 0.06368984
vn 0.012142284 0.9995755 -0.026482712
vn -0.02354518 0.9995312 -0.019568348
vn 0.01015519 0.9972857 0.07292526
vn 0.09284249 0.99478066 0.042328373
vn 0.03660405 0.99854803 -0.039521724
vn 0.012142284 0.9995755 -0.026482712
vn 0.050631665 0.9966845 0.06368984
vn 0.12978798 0.991449 0.013559016
vn 0.057853326 0.99671394 -0.056695104
vn 0.03660405 0.99854803 -0.039521724
vn 0.09284249 0.99478066 0.042328373
vn 0.16001458 0.9868817 -0.021443922
vn 0.07515098 0.99417007 -0.07731823
vn 0.057853326 0.99671394 -0.056695104
vn 0.12978798 0.991449 0.013559016
vn 0.18235828 0.98132277 -0.061246365
vn 0.087898664 0.99104 -0.100566596
vn 0.07515098 0.99417007 -0.07731823
vn 0.16001458 0.9868817 -0.021443922
vn 0.19597615 0.97509223 -0.10386801
vn 0.09521847 0.98752177 -0.12543611
vn 0.087898664 0.99104 -0.100566596
vn 0.18235828 0.98132277 -0.061246365
vn 0.14758334 -0.906546 0.39546633
vn 0.21389222 -0.80853903 0.54819226
vn 0.1099884 -0.80606705 0.5815141
vn 0.0801104 -0.90526867 0.4172183
vn 0.1099884 -0.80606705 0.5815141
vn 0.21389222 -0.80853903 0.54819226
vn 0.28005385 -0.6633946 0.6938858
vn 0.13966747 -0.66037285 0.73783517
vn 0.19593424 -0.9087566 0.36847124
vn 0.29413763 -0.81213087 0.50391126
vn 0.21389222 -0.80853903 0.54819226
vn 0.14758334 -0.906546 0.39546633
vn 0.21389222 -0.80853903 0.54819226
vn 0.29413763 -0.81213087 0.50391126
vn 0.3925284 -0.66783154 0.6323943
vn 0.28005385 -0.6633946 0.6938858
vn 0.23759697 -0.91232395 0.33348566
vn 0.3634943 -0.8177502 0.4462693
vn 0.29413763 -0.81213087 0.50391126
vn 0.19593424 -0.9087566 0.36847124
vn 0.29413763 -0.81213087 0.50391126
vn 0.3634943 -0.8177502 0.4462693
vn 0.48991284 -0.6747816 0.55195576
vn 0.3925284 -0.66783154 0.6323943
vn 0.27123487 -0.9171475 0.29201388
vn 0.41974267 -0.82530993 0.37772965
vn 0.3634943 -0.8177502 0.4462693
vn 0.23759697 -0.91232395 0.33348566
vn 0.3634943 -0.8177502 0.4462693
vn 0.41974267 -0.82530993 0.37772965
vn 0.5691037 -0.684201 0.4560591
vn 0.48991284 -0.6747816 0.55195576
vn 0.29590946 -0.92313236 0.24548762
vn 0.4612337 -0.8347586 0.3007349
vn 0.41974267 -0.82530993 0.37772965
vn 0.27123487 -0.9171475 0.29201388
vn 0.41974267 -0.82530993 0.37772965
vn 0.4612337 -0.8347586 0.3007349
vn 0.62781274 -0.6960988 0.34827802
vn 0.5691037 -0.684201 0.4560591
vn 0.31079143 -0.9301619 0.19546701
vn 0.48659086 -0.8460335 0.21784548
vn 0.4612337 -0.8347586 0.3007349
vn 0.29590946 -0.92313236 0.24548762
vn 0.4612337 -0.8347586 0.3007349
vn 0.48659086 -0.8460335 0.21784548
vn 0.6642527 -0.71049374 0.23230828
vn 0.62781274 -0.6960988 0.34827802
vn 0.31602773 -0.9376566 0.14465973
vn 0.49597618 -0.8581666 0.13250558
vn 0.48659086 -0.8460335 0.21784548
vn 0.31079143 -0.9301619 0.19546701
vn 0.48659086 -0.8460335 0.21784548
vn 0.49597618 -0.8581666 0.13250558
vn 0.67810965 -0.7263236 0.112344734
vn 0.6642527 -0.71049374 0.23230828
vn 0.13966747 -0.66037285 0.73783517
vn 0.28005385 -0.6633946 0.6938858
vn 0.32395238 -0.52551234 0.7866967
vn 0.15898873 -0.5222653 0.8378314
vn 0.1681576 -0.43517393 0.88450366
vn 0.15898873 -0.5222653 0.8378314
vn 0.32395238 -0.52551234 0.7866967
vn 0.3451506 -0.4385999 0.8297598
vn 0.28005385 -0.6633946 0.6938858
vn 0.3925284 -0.66783154 0.6323943
vn 0.4580414 -0.5306629 0.7131585
vn 0.32395238 -0.52551234 0.7866967
vn 0.3451506 -0.4385999 0.8297598
vn 0.32395238 -0.52551234 0.7866967
vn 0.4580414 -0.5306629 0.7131585
vn 0.48984772 -0.44430184 0.7500967
vn 0.3925284 -0.66783154 0.6323943
vn 0.48991284 -0.6747816 0.55195576
vn 0.5739614 -0.53852224 0.6168973
vn 0.4580414 -0.5306629 0.7131585
vn 0.48984772 -0.44430184 0.7500967
vn 0.4580414 -0.5306629 0.7131585
vn 0.5739614 -0.53852224 0.6168973
vn 0.6147205 -0.45278925 0.64583325
vn 0.48991284 -0.6747816 0.55195576
vn 0.5691037 -0.684201 0.4560591
vn 0.66807103 -0.54904956 0.5022207
vn 0.5739614 -0.53852224 0.6168973
vn 0.6147205 -0.45278925 0.64583325
vn 0.5739614 -0.53852224 0.6168973
vn 0.66807103 -0.54904956 0.5022207
vn 0.71588284 -0.46398896 0.52175283
vn 0.5691037 -0.684201 0.4560591
vn 0.62781274 -0.6960988 0.34827802
vn 0.7377854 -0.56223285 0.37358665
vn 0.66807103 -0.54904956 0.5022207
vn 0.71588284 -0.46398896 0.52175283
vn 0.66807103 -0.54904956 0.5022207
vn 0.7377854 -0.56223285 0.37358665
vn 0.79065806 -0.47782367 0.38281116
vn 0.62781274 -0.6960988 0.34827802
vn 0.6642527 -0.71049374 0.23230828
vn 0.7812718 -0.57805586 0.2355119
vn 0.7377854 -0.56223285 0.37358665
vn 0.79065806 -0.47782367 0.38281116
vn 0.7377854 -0.56223285 0.37358665
vn 0.7812718 -0.57805586 0.2355119
vn 0.8372791 -0.49419054 0.23396453
vn 0.6642527 -0.71049374 0.23230828
vn 0.67810965 -0.7263236 0.112344734
vn 0.7978772 -0.5956795 0.09250808
vn 0.7812718 -0.57805586 0.2355119
vn 0.8372791 -0.49419054 0.23396453
vn 0.7812718 -0.57805586 0.2355119
vn 0.7978772 -0.5956795 0.09250808
vn 0.85498893 -0.51246476 0.07983685
vn 0.09521847 0.98752177 -0.12543611
vn 0.19597615 0.97509223 -0.10386801
vn 0.20072259 0.9682819 -0.14879678
vn 0.09944942 0.98347044 -0.15131336
vn -0.018391853 -0.92161673 0.38766503
vn -0.062418193 -0.9230954 0.37947172
vn 0.00034798228 -0.9697798 0.24398167
vn 0.03459618 -0.9682337 0.24764192
vn -0.062418193 -0.9230954 0.37947172
vn -0.10939559 -0.9272789 0.35803133
vn -0.019138107 -0.9715609 0.23601492
vn 0.00034798228 -0.9697798 0.24398167
vn -0.10939559 -0.9272789 0.35803133
vn -0.15172543 -0.9322468 0.32847437
vn -0.03728061 -0.9736891 0.22481067
vn -0.019138107 -0.9715609 0.23601492
vn -0.15172543 -0.9322468 0.32847437
vn -0.1879429 -0.9379016 0.2915786
vn -0.053561304 -0.97613716 0.2104461
vn -0.03728061 -0.9736891 0.22481067
vn -0.1879429 -0.9379016 0.2915786
vn -0.21961534 -0.94459516 0.24394496
vn -0.0703587 -0.97909963 0.19082287
vn -0.053561304 -0.97613716 0.2104461
vn -0.21961534 -0.94459516 0.24394496
vn -0.24075527 -0.9521211 0.1884208
vn -0.080982834 -0.98260534 0.16711806
vn -0.0703587 -0.97909963 0.19082287
vn -0.24075527 -0.9521211 0.1884208
vn -0.24600117 -0.9580294 0.14718352
vn -0.08257438 -0.9849893 0.15158343
vn -0.080982834 -0.98260534 0.16711806
vn -0.018391853 -0.92161673 0.38766503
vn -0.052815273 -0.8515813 0.5215551
vn -0.12085913 -0.857762 0.49963734
vn -0.062418193 -0.9230954 0.37947172
vn -0.07341671 -0.779919 0.6215597
vn -0.16895968 -0.7869941 0.5933741
vn -0.12085913 -0.857762 0.49963734
vn -0.052815273 -0.8515813 0.5215551
vn -0.062418193 -0.9230954 0.37947172
vn -0.12085913 -0.857762 0.49963734
vn -0.19176124 -0.8647924 0.4640708
vn -0.10939559 -0.9272789 0.35803133
vn -0.16895968 -0.7869941 0.5933741
vn -0.25927243 -0.7963928 0.54638475
vn -0.19176124 -0.8647924 0.4640708
vn -0.12085913 -0.857762 0.49963734
vn -0.10939559 -0.9272789 0.35803133
vn -0.19176124 -0.8647924 0.4640708
vn -0.25364727 -0.87334925 0.41584137
vn -0.15172543 -0.9322468 0.32847437
vn -0.25927243 -0.7963928 0.54638475
vn -0.33707693 -0.80807394 0.4831104
vn -0.25364727 -0.87334925 0.41584137
vn -0.19176124 -0.8647924 0.4640708
vn -0.15172543 -0.9322468 0.32847437
vn -0.25364727 -0.87334925 0.41584137
vn -0.3041062 -0.8832204 0.35698882
vn -0.1879429 -0.9379016 0.2915786
vn -0.33707693 -0.80807394 0.4831104
vn -0.39928037 -0.8217219 0.40663058
vn -0.3041062 -0.8832204 0.35698882
vn -0.25364727 -0.87334925 0.41584137
vn -0.1879429 -0.9379016 0.2915786
vn -0.3041062 -0.8832204 0.35698882
vn -0.34334427 -0.8949908 0.2847917
vn -0.21961534 -0.94459516 0.24394496
vn -0.39928037 -0.8217219 0.40663058
vn -0.4451318 -0.8379857 0.31565437
vn -0.34334427 -0.8949908 0.2847917
vn -0.3041062 -0.8832204 0.35698882
vn -0.21961534 -0.94459516 0.24394496
vn -0.34334427 -0.8949908 0.2847917
vn -0.36617896 -0.9080029 0.20357749
vn -0.24075527 -0.9521211 0.1884208
vn -0.4451318 -0.8379857 0.31565437
vn -0.47015157 -0.8559736 0.21509714
vn -0.36617896 -0.9080029 0.20357749
vn -0.34334427 -0.8949908 0.2847917
vn -0.36617896 -0.9080029 0.20357749
vn -0.3711615 -0.91783243 0.14079326
vn -0.24600117 -0.9580294 0.14718352
vn -0.24075527 -0.9521211 0.1884208
vn -0.47015157 -0.8559736 0.21509714
vn -0.47567523 -0.8694829 0.1331638
vn -0.3711615 -0.91783243 0.14079326
vn -0.36617896 -0.9080029 0.20357749
vn -0.07341671 -0.779919 0.6215597
vn -0.09956762 -0.6815445 0.72497123
vn -0.22043608 -0.69039756 0.68902767
vn -0.16895968 -0.7869941 0.5933741
vn -0.13997813 -0.47598186 0.86824393
vn -0.2983121 -0.48835304 0.8200739
vn -0.22043608 -0.69039756 0.68902767
vn -0.09956762 -0.6815445 0.72497123
vn -0.16895968 -0.7869941 0.5933741
vn -0.22043608 -0.69039756 0.68902767
vn -0.33131197 -0.7020601 0.6303523
vn -0.25927243 -0.7963928 0.54638475
vn -0.2983121 -0.48835304 0.8200739
vn -0.43867844 -0.50447464 0.7436845
vn -0.33131197 -0.7020601 0.6303523
vn -0.22043608 -0.69039756 0.68902767
vn -0.25927243 -0.7963928 0.54638475
vn -0.33131197 -0.7020601 0.6303523
vn -0.4263225 -0.71685284 0.5516984
vn -0.33707693 -0.80807394 0.4831104
vn -0.43867844 -0.50447464 0.7436845
vn -0.55803144 -0.5254445 0.64226866
vn -0.4263225 -0.71685284 0.5516984
vn -0.33131197 -0.7020601 0.6303523
vn -0.33707693 -0.80807394 0.4831104
vn -0.4263225 -0.71685284 0.5516984
vn -0.50176805 -0.734357 0.45710886
vn -0.39928037 -0.8217219 0.40663058
vn -0.55803144 -0.5254445 0.64226866
vn -0.6520014 -0.5505304 0.52135444
vn -0.50176805 -0.734357 0.45710886
vn -0.4263225 -0.71685284 0.5516984
vn -0.39928037 -0.8217219 0.40663058
vn -0.50176805 -0.734357 0.45710886
vn -0.5562495 -0.75512224 0.3469538
vn -0.4451318 -0.8379857 0.31565437
vn -0.6520014 -0.5505304 0.52135444
vn -0.71866333 -0.5801849 0.38328636
vn -0.5562495 -0.75512224 0.3469538
vn -0.50176805 -0.734357 0.45710886
vn -0.4451318 -0.8379857 0.31565437
vn -0.5562495 -0.75512224 0.3469538
vn -0.58556294 -0.77843773 0.22616534
vn -0.47015157 -0.8559736 0.21509714
vn -0.71866333 -0.5801849 0.38328636
vn -0.7540447 -0.61389965 0.2335461
vn -0.58556294 -0.77843773 0.22616534
vn -0.5562495 -0.75512224 0.3469538
vn -0.58556294 -0.77843773 0.22616534
vn -0.59237945 -0.7964208 0.121657364
vn -0.47567523 -0.8694829 0.1331638
vn -0.47015157 -0.8559736 0.21509714
vn -0.7540447 -0.61389965 0.2335461
vn -0.7625499 -0.63960457 0.09707573
vn -0.59237945 -0.7964208 0.121657364
vn -0.58556294 -0.77843773 0.22616534
vn -0.13997813 -0.47598186 0.86824393
vn -0.14923117 -0.4091317 0.9001896
vn -0.31696653 -0.42285082 0.84895784
vn -0.2983121 -0.48835304 0.8200739
vn -0.067485176 -0.79335684 0.6050047
vn -0.15809536 -0.8009335 0.57750446
vn -0.31696653 -0.42285082 0.84895784
vn -0.14923117 -0.4091317 0.9001896
vn -0.2983121 -0.48835304 0.8200739
vn -0.31696653 -0.42285082 0.84895784
vn -0.46349844 -0.4434629 0.76714396
vn -0.43867844 -0.50447464 0.7436845
vn -0.15809536 -0.8009335 0.57750446
vn -0.24145198 -0.8143472 0.5277685
vn -0.46349844 -0.4434629 0.76714396
vn -0.31696653 -0.42285082 0.84895784
vn -0.43867844 -0.50447464 0.7436845
vn -0.46349844 -0.4434629 0.76714396
vn -0.5870666 -0.4694984 0.6594877
vn -0.55803144 -0.5254445 0.64226866
vn -0.24145198 -0.8143472 0.5277685
vn -0.31052026 -0.82992405 0.46346855
vn -0.5870666 -0.4694984 0.6594877
vn -0.46349844 -0.4434629 0.76714396
vn -0.55803144 -0.5254445 0.64226866
vn -0.5870666 -0.4694984 0.6594877
vn -0.68332803 -0.49994373 0.53208953
vn -0.6520014 -0.5505304 0.52135444
vn -0.31052026 -0.82992405 0.46346855
vn -0.36293498 -0.8469956 0.38842863
vn -0.68332803 -0.49994373 0.53208953
vn -0.5870666 -0.4694984 0.6594877
vn -0.6520014 -0.5505304 0.52135444
vn -0.68332803 -0.49994373 0.53208953
vn -0.7499352 -0.53525877 0.38871
vn -0.71866333 -0.5801849 0.38328636
vn -0.36293498 -0.8469956 0.38842863
vn -0.39701685 -0.86552787 0.30535114
vn -0.7499352 -0.53525877 0.38871
vn -0.68332803 -0.49994373 0.53208953
vn -0.71866333 -0.5801849 0.38328636
vn -0.7499352 -0.53525877 0.38871
vn -0.7841197 -0.5742493 0.23535927
vn -0.7540447 -0.61389965 0.2335461
vn -0.39701685 -0.86552787 0.30535114
vn -0.41237485 -0.88440907 0.21855788
vn -0.7841197 -0.5742493 0.23535927
vn -0.7499352 -0.53525877 0.38871
vn -0.7540447 -0.61389965 0.2335461
vn -0.7841197 -0.5742493 0.23535927
vn -0.79336977 -0.601796 0.091684155
vn -0.7625499 -0.63960457 0.09707573
vn -0.41237485 -0.88440907 0.21855788
vn -0.41762212 -0.8980303 0.13832302
vn -0.79336977 -0.601796 0.091684155
vn -0.7841197 -0.5742493 0.23535927
vn -0.067485176 -0.79335684 0.6050047
vn 0.038545854 -0.9924967 0.11603628
vn 0.05759745 -0.99101335 0.12072742
vn -0.15809536 -0.8009335 0.57750446
vn 0.08422933 -0.9876223 -0.13231649
vn 0.15303697 -0.9820984 -0.10982952
vn 0.05759745 -0.99101335 0.12072742
vn 0.038545854 -0.9924967 0.11603628
vn -0.15809536 -0.8009335 0.57750446
vn 0.05759745 -0.99101335 0.12072742
vn 0.06475504 -0.9903315 0.122679934
vn -0.24145198 -0.8143472 0.5277685
vn 0.15303697 -0.9820984 -0.10982952
vn 0.20164476 -0.97600573 -0.082172245
vn 0.06475504 -0.9903315 0.122679934
vn 0.05759745 -0.99101335 0.12072742
vn -0.24145198 -0.8143472 0.5277685
vn 0.06475504 -0.9903315 0.122679934
vn 0.07150066 -0.9894369 0.12610446
vn -0.31052026 -0.82992405 0.46346855
vn 0.20164476 -0.97600573 -0.082172245
vn 0.24300808 -0.96891445 -0.046387766
vn 0.07150066 -0.9894369 0.12610446
vn 0.06475504 -0.9903315 0.122679934
vn -0.31052026 -0.82992405 0.46346855
vn 0.07150066 -0.9894369 0.12610446
vn 0.077479936 -0.9883586 0.13093512
vn -0.36293498 -0.8469956 0.38842863
vn 0.24300808 -0.96891445 -0.046387766
vn 0.27581957 -0.9612006 -0.0041139685
vn 0.077479936 -0.9883586 0.13093512
vn 0.07150066 -0.9894369 0.12610446
vn -0.36293498 -0.8469956 0.38842863
vn 0.077479936 -0.9883586 0.13093512
vn 0.082479775 -0.98713195 0.13699436
vn -0.39701685 -0.86552787 0.30535114
vn 0.27581957 -0.9612006 -0.0041139685
vn 0.29922464 -0.9532084 0.043109257
vn 0.082479775 -0.98713195 0.13699436
vn 0.077479936 -0.9883586 0.13093512
vn -0.39701685 -0.86552787 0.30535114
vn 0.082479775 -0.98713195 0.13699436
vn 0.085984714 -0.98581785 0.14411679
vn -0.41237485 -0.88440907 0.21855788
vn 0.29922464 -0.9532084 0.043109257
vn 0.3125195 -0.94528437 0.09364369
vn 0.085984714 -0.98581785 0.14411679
vn 0.082479775 -0.98713195 0.13699436
vn 0.085984714 -0.98581785 0.14411679
vn 0.086786404 -0.98461187 0.15168233
vn -0.41762212 -0.8980303 0.13832302
vn -0.41237485 -0.88440907 0.21855788
vn 0.31602773 -0.9376566 0.14465973
vn 0.086786404 -0.98461187 0.15168233
vn 0.085984714 -0.98581785 0.14411679
vn 0.3125195 -0.94528437 0.09364369
vn 0.18133016 -0.63743734 -0.74886113
vn 0.19047733 -0.52086735 -0.8321151
vn 0.38503927 -0.5095908 -0.76945555
vn 0.36346617 -0.6260328 -0.68990964
vn 0.19529715 -0.4049839 -0.8932228
vn 0.39790583 -0.3947048 -0.82817817
vn 0.38503927 -0.5095908 -0.76945555
vn 0.19047733 -0.52086735 -0.8321151
vn 0.36346617 -0.6260328 -0.68990964
vn 0.38503927 -0.5095908 -0.76945555
vn 0.5430137 -0.4947562 -0.67849267
vn 0.50985944 -0.61090463 -0.60567224
vn 0.39790583 -0.3947048 -0.82817817
vn 0.5638341 -0.38066038 -0.73293155
vn 0.5430137 -0.4947562 -0.67849267
vn 0.38503927 -0.5095908 -0.76945555
vn 0.50985944 -0.61090463 -0.60567224
vn 0.5430137 -0.4947562 -0.67849267
vn 0.6770242 -0.47668776 -0.5607201
vn 0.6340374 -0.59271085 -0.49667946
vn 0.5638341 -0.38066038 -0.73293155
vn 0.7047297 -0.36330688 -0.6093967
vn 0.6770242 -0.47668776 -0.5607201
vn 0.5430137 -0.4947562 -0.67849267
vn 0.6340374 -0.59271085 -0.49667946
vn 0.6770242 -0.47668776 -0.5607201
vn 0.78318286 -0.4565735 -0.42209628
vn 0.7323561 -0.57268673 -0.3683538
vn 0.7047297 -0.36330688 -0.6093967
vn 0.8164919 -0.34372252 -0.46389192
vn 0.78318286 -0.4565735 -0.42209628
vn 0.6770242 -0.47668776 -0.5607201
vn 0.7323561 -0.57268673 -0.3683538
vn 0.78318286 -0.4565735 -0.42209628
vn 0.8591883 -0.435542 -0.2685116
vn 0.80259377 -0.5520227 -0.22608434
vn 0.8164919 -0.34372252 -0.46389192
vn 0.8967273 -0.32294118 -0.3026367
vn 0.8591883 -0.435542 -0.2685116
vn 0.78318286 -0.4565735 -0.42209628
vn 0.80259377 -0.5520227 -0.22608434
vn 0.8591883 -0.435542 -0.2685116
vn 0.90386015 -0.41459665 -0.105576605
vn 0.8435341 -0.5318039 -0.07506598
vn 0.8967273 -0.32294118 -0.3026367
vn 0.9442361 -0.3018765 -0.13148667
vn 0.90386015 -0.41459665 -0.105576605
vn 0.8591883 -0.435542 -0.2685116
vn 0.8435341 -0.5318039 -0.07506598
vn 0.90386015 -0.41459665 -0.105576605
vn 0.9168836 -0.39436284 0.0616642
vn 0.85498893 -0.51246476 0.07983685
vn 0.9442361 -0.3018765 -0.13148667
vn 0.95860255 -0.28125614 0.04445426
vn 0.9168836 -0.39436284 0.0616642
vn 0.90386015 -0.41459665 -0.105576605
vn 0.19529715 -0.4049839 -0.8932228
vn 0.19651891 -0.34920606 -0.9162072
vn 0.4016174 -0.33948836 -0.85055923
vn 0.39790583 -0.3947048 -0.82817817
vn 0.19697428 -0.2798662 -0.9396149
vn 0.40415627 -0.2707504 -0.8737002
vn 0.4016174 -0.33948836 -0.85055923
vn 0.19651891 -0.34920606 -0.9162072
vn 0.39790583 -0.3947048 -0.82817817
vn 0.4016174 -0.33948836 -0.85055923
vn 0.5703057 -0.32595688 -0.7539917
vn 0.5638341 -0.38066038 -0.73293155
vn 0.40415627 -0.2707504 -0.8737002
vn 0.57549226 -0.25790033 -0.7760774
vn 0.5703057 -0.32595688 -0.7539917
vn 0.4016174 -0.33948836 -0.85055923
vn 0.5638341 -0.38066038 -0.73293155
vn 0.5703057 -0.32595688 -0.7539917
vn 0.7136818 -0.3090895 -0.62858737
vn 0.7047297 -0.36330688 -0.6093967
vn 0.57549226 -0.25790033 -0.7760774
vn 0.7212839 -0.24164163 -0.6491215
vn 0.7136818 -0.3090895 -0.62858737
vn 0.5703057 -0.32595688 -0.7539917
vn 0.7047297 -0.36330688 -0.6093967
vn 0.7136818 -0.3090895 -0.62858737
vn 0.82754 -0.28992227 -0.48075223
vn 0.8164919 -0.34372252 -0.46389192
vn 0.7212839 -0.24164163 -0.6491215
vn 0.83728486 -0.22303109 -0.4992105
vn 0.82754 -0.28992227 -0.48075223
vn 0.7136818 -0.3090895 -0.62858737
vn 0.8164919 -0.34372252 -0.46389192
vn 0.82754 -0.28992227 -0.48075223
vn 0.9094121 -0.26942414 -0.31682843
vn 0.8967273 -0.32294118 -0.3026367
vn 0.83728486 -0.22303109 -0.4992105
vn 0.9209015 -0.20293066 -0.3328055
vn 0.9094121 -0.26942414 -0.31682843
vn 0.82754 -0.28992227 -0.48075223
vn 0.8967273 -0.32294118 -0.3026367
vn 0.9094121 -0.26942414 -0.31682843
vn 0.9580612 -0.24846967 -0.14276369
vn 0.9442361 -0.3018765 -0.13148667
vn 0.9209015 -0.20293066 -0.3328055
vn 0.97082376 -0.18215168 -0.15595555
vn 0.9580612 -0.24846967 -0.14276369
vn 0.9094121 -0.26942414 -0.31682843
vn 0.9580612 -0.24846967 -0.14276369
vn 0.97304 -0.22776797 0.036260936
vn 0.95860255 -0.28125614 0.04445426
vn 0.9442361 -0.3018765 -0.13148667
vn 0.98654866 -0.16137537 0.026073698
vn 0.97304 -0.22776797 0.036260936
vn 0.9580612 -0.24846967 -0.14276369
vn 0.97082376 -0.18215168 -0.15595555
vn 0.19697428 -0.2798662 -0.9396149
vn 0.19605158 -0.19496584 -0.9610161
vn 0.4044585 -0.18662757 -0.895312
vn 0.40415627 -0.2707504 -0.8737002
vn 0.1936117 -0.109382786 -0.9749614
vn 0.40171915 -0.10165961 -0.9101027
vn 0.4044585 -0.18662757 -0.895312
vn 0.19605158 -0.19496584 -0.9610161
vn 0.40415627 -0.2707504 -0.8737002
vn 0.4044585 -0.18662757 -0.895312
vn 0.5779155 -0.17463791 -0.7971921
vn 0.57549226 -0.25790033 -0.7760774
vn 0.40171915 -0.10165961 -0.9101027
vn 0.5761008 -0.09050946 -0.812352
vn 0.5779155 -0.17463791 -0.7971921
vn 0.4044585 -0.18662757 -0.895312
vn 0.57549226 -0.25790033 -0.7760774
vn 0.5779155 -0.17463791 -0.7971921
vn 0.72568274 -0.15919986 -0.6693577
vn 0.7212839 -0.24164163 -0.6491215
vn 0.5761008 -0.09050946 -0.812352
vn 0.7248603 -0.07597352 -0.6846938
vn 0.72568274 -0.15919986 -0.6693577
vn 0.5779155 -0.17463791 -0.7971921
vn 0.7212839 -0.24164163 -0.6491215
vn 0.72568274 -0.15919986 -0.6693577
vn 0.8435916 -0.14133418 -0.518052
vn 0.83728486 -0.22303109 -0.4992105
vn 0.7248603 -0.07597352 -0.6846938
vn 0.84394693 -0.05888461 -0.53318495
vn 0.8435916 -0.14133418 -0.518052
vn 0.72568274 -0.15919986 -0.6693577
vn 0.83728486 -0.22303109 -0.4992105
vn 0.8435916 -0.14133418 -0.518052
vn 0.92886823 -0.12178434 -0.34981775
vn 0.9209015 -0.20293066 -0.3328055
vn 0.84394693 -0.05888461 -0.53318495
vn 0.93039554 -0.03991217 -0.36437795
vn 0.92886823 -0.12178434 -0.34981775
vn 0.8435916 -0.14133418 -0.518052
vn 0.9209015 -0.20293066 -0.3328055
vn 0.92886823 -0.12178434 -0.34981775
vn 0.9800868 -0.10128699 -0.17079474
vn 0.97082376 -0.18215168 -0.15595555
vn 0.93039554 -0.03991217 -0.36437795
vn 0.9826416 -0.019729346 -0.18446209
vn 0.9800868 -0.10128699 -0.17079474
vn 0.92886823 -0.12178434 -0.34981775
vn 0.9800868 -0.10128699 -0.17079474
vn 0.996662 -0.08048552 0.013674314
vn 0.98654866 -0.16137537 0.026073698
vn 0.97082376 -0.18215168 -0.15595555
vn 0.99999875 0.0010610853 0.0011663062
vn 0.996662 -0.08048552 0.013674314
vn 0.9800868 -0.10128699 -0.17079474
vn 0.9826416 -0.019729346 -0.18446209
vn 0.1936117 -0.109382786 -0.9749614
vn 0.18975274 -0.023449589 -0.9815519
vn 0.3959706 -0.016217299 -0.91812
vn 0.40171915 -0.10165961 -0.9101027
vn 0.18450198 0.06250438 -0.98084253
vn 0.38728693 0.06932714 -0.9193491
vn 0.3959706 -0.016217299 -0.91812
vn 0.18975274 -0.023449589 -0.9815519
vn 0.40171915 -0.10165961 -0.9101027
vn 0.3959706 -0.016217299 -0.91812
vn 0.57004213 -0.0058382777 -0.8215946
vn 0.5761008 -0.09050946 -0.812352
vn 0.38728693 0.06932714 -0.9193491
vn 0.55976546 0.07905939 -0.8248711
vn 0.57004213 -0.0058382777 -0.8215946
vn 0.3959706 -0.016217299 -0.91812
vn 0.5761008 -0.09050946 -0.812352
vn 0.57004213 -0.0058382777 -0.8215946
vn 0.71884143 0.00782095 -0.69513
vn 0.7248603 -0.07597352 -0.6846938
vn 0.55976546 0.07905939 -0.8248711
vn 0.707599 0.09197584 -0.7006027
vn 0.71884143 0.00782095 -0.69513
vn 0.57004213 -0.0058382777 -0.8215946
vn 0.7248603 -0.07597352 -0.6846938
vn 0.71884143 0.00782095 -0.69513
vn 0.8383581 0.02415423 -0.54458433
vn 0.84394693 -0.05888461 -0.53318495
vn 0.707599 0.09197584 -0.7006027
vn 0.82675093 0.107620865 -0.552178
vn 0.8383581 0.02415423 -0.54458433
vn 0.71884143 0.00782095 -0.69513
vn 0.84394693 -0.05888461 -0.53318495
vn 0.8383581 0.02415423 -0.54458433
vn 0.9254577 0.04255311 -0.3764534
vn 0.93039554 -0.03991217 -0.36437795
vn 0.82675093 0.107620865 -0.552178
vn 0.91393554 0.12547539 -0.38597655
vn 0.9254577 0.04255311 -0.3764534
vn 0.8383581 0.02415423 -0.54458433
vn 0.93039554 -0.03991217 -0.36437795
vn 0.9254577 0.04255311 -0.3764534
vn 0.9784299 0.062407114 -0.19692762
vn 0.9826416 -0.019729346 -0.18446209
vn 0.91393554 0.12547539 -0.38597655
vn 0.96729064 0.14500056 -0.2081435
vn 0.9784299 0.062407114 -0.19692762
vn 0.9254577 0.04255311 -0.3764534
vn 0.9826416 -0.019729346 -0.18446209
vn 0.9784299 0.062407114 -0.19692762
vn 0.99647087 0.083156765 -0.011434824
vn 0.99999875 0.0010610853 0.0011663062
vn 0.96729064 0.14500056 -0.2081435
vn 0.9858848 0.16568011 -0.024111744
vn 0.99647087 0.083156765 -0.011434824
vn 0.9784299 0.062407114 -0.19692762
vn 0.18450198 0.06250438 -0.98084253
vn 0.17785336 0.14824119 -0.9728272
vn 0.37569058 0.15475798 -0.91373223
vn 0.38728693 0.06932714 -0.9193491
vn 0.16979803 0.23347528 -0.95742255
vn 0.36114517 0.239822 -0.9011435
vn 0.37569058 0.15475798 -0.91373223
vn 0.17785336 0.14824119 -0.9728272
vn 0.38728693 0.06932714 -0.9193491
vn 0.37569058 0.15475798 -0.91373223
vn 0.54526913 0.16397752 -0.8220663
vn 0.55976546 0.07905939 -0.8248711
vn 0.36114517 0.239822 -0.9011435
vn 0.5264841 0.2486592 -0.8130087
vn 0.54526913 0.16397752 -0.8220663
vn 0.37569058 0.15475798 -0.91373223
vn 0.55976546 0.07905939 -0.8248711
vn 0.54526913 0.16397752 -0.8220663
vn 0.69105005 0.17628142 -0.7009814
vn 0.707599 0.09197584 -0.7006027
vn 0.5264841 0.2486592 -0.8130087
vn 0.66905385 0.26046583 -0.696078
vn 0.69105005 0.17628142 -0.7009814
vn 0.54526913 0.16397752 -0.8220663
vn 0.707599 0.09197584 -0.7006027
vn 0.69105005 0.17628142 -0.7009814
vn 0.80897737 0.19131845 -0.55583525
vn 0.82675093 0.107620865 -0.552178
vn 0.66905385 0.26046583 -0.696078
vn 0.7848214 0.274982 -0.5553739
vn 0.80897737 0.19131845 -0.55583525
vn 0.69105005 0.17628142 -0.7009814
vn 0.82675093 0.107620865 -0.552178
vn 0.80897737 0.19131845 -0.55583525
vn 0.8956216 0.20867004 -0.3928343
vn 0.91393554 0.12547539 -0.38597655
vn 0.7848214 0.274982 -0.5553739
vn 0.87023073 0.29187638 -0.3968712
vn 0.8956216 0.20867004 -0.3928343
vn 0.80897737 0.19131845 -0.55583525
vn 0.91393554 0.12547539 -0.38597655
vn 0.8956216 0.20867004 -0.3928343
vn 0.9489665 0.22786885 -0.21803296
vn 0.96729064 0.14500056 -0.2081435
vn 0.87023073 0.29187638 -0.3968712
vn 0.9231135 0.31074762 -0.22648922
vn 0.9489665 0.22786885 -0.21803296
vn 0.8956216 0.20867004 -0.3928343
vn 0.9489665 0.22786885 -0.21803296
vn 0.96794635 0.24844065 -0.036838062
vn 0.9858848 0.16568011 -0.024111744
vn 0.96729064 0.14500056 -0.2081435
vn 0.9422715 0.33116013 -0.049571924
vn 0.96794635 0.24844065 -0.036838062
vn 0.9489665 0.22786885 -0.21803296
vn 0.9231135 0.31074762 -0.22648922
vn 0.16979803 0.23347528 -0.95742255
vn 0.16032943 0.31795093 -0.9344526
vn 0.34357917 0.32425183 -0.88137066
vn 0.36114517 0.239822 -0.9011435
vn 0.14940625 0.4013013 -0.9036786
vn 0.3228446 0.40766236 -0.85415614
vn 0.34357917 0.32425183 -0.88137066
vn 0.16032943 0.31795093 -0.9344526
vn 0.36114517 0.239822 -0.9011435
vn 0.34357917 0.32425183 -0.88137066
vn 0.5032741 0.33279768 -0.7974715
vn 0.5264841 0.2486592 -0.8130087
vn 0.3228446 0.40766236 -0.85415614
vn 0.4754442 0.4159568 -0.7751985
vn 0.5032741 0.33279768 -0.7974715
vn 0.34357917 0.32425183 -0.88137066
vn 0.5264841 0.2486592 -0.8130087
vn 0.5032741 0.33279768 -0.7974715
vn 0.6414191 0.34418738 -0.6856504
vn 0.66905385 0.26046583 -0.696078
vn 0.4754442 0.4159568 -0.7751985
vn 0.60792994 0.4269681 -0.66941714
vn 0.6414191 0.34418738 -0.6856504
vn 0.5032741 0.33279768 -0.7974715
vn 0.66905385 0.26046583 -0.696078
vn 0.6414191 0.34418738 -0.6856504
vn 0.7540127 0.35825908 -0.550559
vn 0.7848214 0.274982 -0.5553739
vn 0.60792994 0.4269681 -0.66941714
vn 0.7162552 0.44065297 -0.54111326
vn 0.7540127 0.35825908 -0.550559
vn 0.6414191 0.34418738 -0.6856504
vn 0.7848214 0.274982 -0.5553739
vn 0.7540127 0.35825908 -0.550559
vn 0.83741206 0.3747335 -0.39788932
vn 0.87023073 0.29187638 -0.3968712
vn 0.7162552 0.44065297 -0.54111326
vn 0.7967831 0.45672524 -0.39564967
vn 0.83741206 0.3747335 -0.39788932
vn 0.7540127 0.35825908 -0.550559
vn 0.87023073 0.29187638 -0.3968712
vn 0.83741206 0.3747335 -0.39788932
vn 0.8893163 0.39325935 -0.23337422
vn 0.9231135 0.31074762 -0.22648922
vn 0.7967831 0.45672524 -0.39564967
vn 0.84712386 0.4748595 -0.23851535
vn 0.8893163 0.39325935 -0.23337422
vn 0.83741206 0.3747335 -0.39788932
vn 0.8893163 0.39325935 -0.23337422
vn 0.9084039 0.41343284 -0.0622543
vn 0.9422715 0.33116013 -0.049571924
vn 0.9231135 0.31074762 -0.22648922
vn 0.8658523 0.49467683 -0.07479707
vn 0.9084039 0.41343284 -0.0622543
vn 0.8893163 0.39325935 -0.23337422
vn 0.84712386 0.4748595 -0.23851535
vn 0.14940625 0.4013013 -0.9036786
vn 0.13699323 0.48286408 -0.8649134
vn 0.29886132 0.4892978 -0.8193104
vn 0.3228446 0.40766236 -0.85415614
vn 0.12318063 0.56178224 -0.818063
vn 0.27178177 0.56826013 -0.77666926
vn 0.29886132 0.4892978 -0.8193104
vn 0.13699323 0.48286408 -0.8649134
vn 0.3228446 0.40766236 -0.85415614
vn 0.29886132 0.4892978 -0.8193104
vn 0.44285882 0.49745435 -0.74593246
vn 0.4754442 0.4159568 -0.7751985
vn 0.27178177 0.56826013 -0.77666926
vn 0.405559 0.57644546 -0.709389
vn 0.44285882 0.49745435 -0.74593246
vn 0.29886132 0.4892978 -0.8193104
vn 0.4754442 0.4159568 -0.7751985
vn 0.44285882 0.49745435 -0.74593246
vn 0.56837296 0.50818866 -0.6470675
vn 0.60792994 0.4269681 -0.66941714
vn 0.405559 0.57644546 -0.709389
vn 0.52260464 0.5870333 -0.61828494
vn 0.56837296 0.50818866 -0.6470675
vn 0.44285882 0.49745435 -0.74593246
vn 0.60792994 0.4269681 -0.66941714
vn 0.56837296 0.50818866 -0.6470675
vn 0.671245 0.5215231 -0.52672935
vn 0.7162552 0.44065297 -0.54111326
vn 0.52260464 0.5870333 -0.61828494
vn 0.6187385 0.60001177 -0.50709826
vn 0.671245 0.5215231 -0.52672935
vn 0.56837296 0.50818866 -0.6470675
vn 0.7162552 0.44065297 -0.54111326
vn 0.671245 0.5215231 -0.52672935
vn 0.74795544 0.53717005 -0.38988584
vn 0.7967831 0.45672524 -0.39564967
vn 0.6187385 0.60001177 -0.50709826
vn 0.69060963 0.61515677 -0.38031626
vn 0.74795544 0.53717005 -0.38988584
vn 0.671245 0.5215231 -0.52672935
vn 0.7967831 0.45672524 -0.39564967
vn 0.74795544 0.53717005 -0.38988584
vn 0.7960819 0.5548228 -0.24171318
vn 0.84712386 0.4748595 -0.23851535
vn 0.69060963 0.61515677 -0.38031626
vn 0.7358127 0.63218445 -0.24273957
vn 0.7960819 0.5548228 -0.24171318
vn 0.74795544 0.53717005 -0.38988584
vn 0.84712386 0.4748595 -0.23851535
vn 0.7960819 0.5548228 -0.24171318
vn 0.8141266 0.5741203 -0.08708547
vn 0.8658523 0.49467683 -0.07479707
vn 0.7358127 0.63218445 -0.24273957
vn 0.752822 0.65074223 -0.09896226
vn 0.8141266 0.5741203 -0.08708547
vn 0.7960819 0.5548228 -0.24171318
vn 0.12318063 0.56178224 -0.818063
vn 0.1079839 0.637498 -0.7628471
vn 0.24166961 0.6439643 -0.7258827
vn 0.27178177 0.56826013 -0.77666926
vn 0.09137235 0.7092317 -0.699029
vn 0.20847692 0.71557426 -0.66670144
vn 0.24166961 0.6439643 -0.7258827
vn 0.1079839 0.637498 -0.7628471
vn 0.27178177 0.56826013 -0.77666926
vn 0.24166961 0.6439643 -0.7258827
vn 0.3635619 0.6521599 -0.66521436
vn 0.405559 0.57644546 -0.709389
vn 0.20847692 0.71557426 -0.66670144
vn 0.31687424 0.72358096 -0.6132058
vn 0.3635619 0.6521599 -0.66521436
vn 0.24166961 0.6439643 -0.7258827
vn 0.405559 0.57644546 -0.709389
vn 0.3635619 0.6521599 -0.66521436
vn 0.47052723 0.6625569 -0.5827714
vn 0.52260464 0.5870333 -0.61828494
vn 0.31687424 0.72358096 -0.6132058
vn 0.41218382 0.7335796 -0.5403383
vn 0.47052723 0.6625569 -0.5827714
vn 0.3635619 0.6521599 -0.66521436
vn 0.52260464 0.5870333 -0.61828494
vn 0.47052723 0.6625569 -0.5827714
vn 0.55856913 0.6750858 -0.4819332
vn 0.6187385 0.60001177 -0.50709826
vn 0.41218382 0.7335796 -0.5403383
vn 0.49077004 0.74546784 -0.451024
vn 0.55856913 0.6750858 -0.4819332
vn 0.47052723 0.6625569 -0.5827714
vn 0.6187385 0.60001177 -0.50709826
vn 0.55856913 0.6750858 -0.4819332
vn 0.6245257 0.68957996 -0.36667043
vn 0.69060963 0.61515677 -0.38031626
vn 0.49077004 0.74546784 -0.451024
vn 0.54971814 0.75908047 -0.3487218
vn 0.6245257 0.68957996 -0.36667043
vn 0.55856913 0.6750858 -0.4819332
vn 0.69060963 0.61515677 -0.38031626
vn 0.6245257 0.68957996 -0.36667043
vn 0.6660609 0.7057681 -0.24135956
vn 0.7358127 0.63218445 -0.24273957
vn 0.54971814 0.75908047 -0.3487218
vn 0.5868333 0.7741421 -0.2373411
vn 0.6660609 0.7057681 -0.24135956
vn 0.6245257 0.68957996 -0.36667043
vn 0.7358127 0.63218445 -0.24273957
vn 0.6660609 0.7057681 -0.24135956
vn 0.68167466 0.72330266 -0.1102405
vn 0.752822 0.65074223 -0.09896226
vn 0.5868333 0.7741421 -0.2373411
vn 0.6007032 0.7903101 -0.120687805
vn 0.68167466 0.72330266 -0.1102405
vn 0.6660609 0.7057681 -0.24135956
vn 0.09137235 0.7092317 -0.699029
vn 0.073419675 0.77586776 -0.62660897
vn 0.17227384 0.7818712 -0.59916544
vn 0.20847692 0.71557426 -0.66670144
vn 0.054310303 0.83609533 -0.54588914
vn 0.13332695 0.8414803 -0.52357876
vn 0.17227384 0.7818712 -0.59916544
vn 0.073419675 0.77586776 -0.62660897
vn 0.20847692 0.71557426 -0.66670144
vn 0.17227384 0.7818712 -0.59916544
vn 0.26560897 0.78944236 -0.55338275
vn 0.31687424 0.72358096 -0.6132058
vn 0.13332695 0.8414803 -0.52357876
vn 0.21013084 0.8483191 -0.4860038
vn 0.26560897 0.78944236 -0.55338275
vn 0.17227384 0.7818712 -0.59916544
vn 0.31687424 0.72358096 -0.6132058
vn 0.26560897 0.78944236 -0.55338275
vn 0.34776598 0.7987741 -0.4909364
vn 0.41218382 0.7335796 -0.5403383
vn 0.21013084 0.8483191 -0.4860038
vn 0.27775583 0.8566517 -0.43474072
vn 0.34776598 0.7987741 -0.4909364
vn 0.26560897 0.78944236 -0.55338275
vn 0.41218382 0.7335796 -0.5403383
vn 0.34776598 0.7987741 -0.4909364
vn 0.4155745 0.8097395 -0.4142703
vn 0.49077004 0.74546784 -0.451024
vn 0.27775583 0.8566517 -0.43474072
vn 0.33357245 0.86632746 -0.37176108
vn 0.4155745 0.8097395 -0.4142703
vn 0.34776598 0.7987741 -0.4909364
vn 0.49077004 0.74546784 -0.451024
vn 0.4155745 0.8097395 -0.4142703
vn 0.46645308 0.82215214 -0.32632414
vn 0.54971814 0.75908047 -0.3487218
vn 0.33357245 0.86632746 -0.37176108
vn 0.3754188 0.87714386 -0.29946518
vn 0.46645308 0.82215214 -0.32632414
vn 0.4155745 0.8097395 -0.4142703
vn 0.54971814 0.75908047 -0.3487218
vn 0.46645308 0.82215214 -0.32632414
vn 0.4984312 0.83572805 -0.23048846
vn 0.5868333 0.7741421 -0.2373411
vn 0.3754188 0.87714386 -0.29946518
vn 0.401632 0.8888178 -0.22066881
vn 0.4984312 0.83572805 -0.23048846
vn 0.46645308 0.82215214 -0.32632414
vn 0.5868333 0.7741421 -0.2373411
vn 0.4984312 0.83572805 -0.23048846
vn 0.5102517 0.8501347 -0.1300545
vn 0.6007032 0.7903101 -0.120687805
vn 0.401632 0.8888178 -0.22066881
vn 0.41117033 0.90104157 -0.1380685
vn 0.5102517 0.8501347 -0.1300545
vn 0.4984312 0.83572805 -0.23048846
vn 0.054310303 0.83609533 -0.54588914
vn 0.036493715 0.886793 -0.46072376
vn 0.093266144 0.8916208 -0.44307303
vn 0.13332695 0.8414803 -0.52357876
vn 0.0136495 0.93047136 -0.3661102
vn 0.051711123 0.9327636 -0.35676044
vn 0.093266144 0.8916208 -0.44307303
vn 0.036493715 0.886793 -0.46072376
vn 0.13332695 0.8414803 -0.52357876
vn 0.093266144 0.8916208 -0.44307303
vn 0.15280794 0.8973998 -0.41391218
vn 0.21013084 0.8483191 -0.4860038
vn 0.051711123 0.9327636 -0.35676044
vn 0.093127735 0.9371168 -0.336362
vn 0.15280794 0.8973998 -0.41391218
vn 0.093266144 0.8916208 -0.44307303
vn 0.21013084 0.8483191 -0.4860038
vn 0.15280794 0.8973998 -0.41391218
vn 0.20520712 0.90437275 -0.37416562
vn 0.27775583 0.8566517 -0.43474072
vn 0.093127735 0.9371168 -0.336362
vn 0.12951738 0.94232386 -0.30862767
vn 0.20520712 0.90437275 -0.37416562
vn 0.15280794 0.8973998 -0.41391218
vn 0.27775583 0.8566517 -0.43474072
vn 0.20520712 0.90437275 -0.37416562
vn 0.24841776 0.91237897 -0.3253508
vn 0.33357245 0.86632746 -0.37176108
vn 0.12951738 0.94232386 -0.30862767
vn 0.15946078 0.9482374 -0.27462396
vn 0.24841776 0.91237897 -0.3253508
vn 0.20520712 0.90437275 -0.37416562
vn 0.33357245 0.86632746 -0.37176108
vn 0.24841776 0.91237897 -0.3253508
vn 0.2807522 0.9212184 -0.26932293
vn 0.3754188 0.87714386 -0.29946518
vn 0.15946078 0.9482374 -0.27462396
vn 0.18180189 0.9546839 -0.23564129
vn 0.2807522 0.9212184 -0.26932293
vn 0.24841776 0.91237897 -0.3253508
vn 0.3754188 0.87714386 -0.29946518
vn 0.2807522 0.9212184 -0.26932293
vn 0.3009303 0.9306082 -0.20834915
vn 0.401632 0.8888178 -0.22066881
vn 0.18180189 0.9546839 -0.23564129
vn 0.19563927 0.9613867 -0.1935478
vn 0.3009303 0.9306082 -0.20834915
vn 0.2807522 0.9212184 -0.26932293
vn 0.401632 0.8888178 -0.22066881
vn 0.3009303 0.9306082 -0.20834915
vn 0.3081473 0.94032973 -0.14430965
vn 0.41117033 0.90104157 -0.1380685
vn 0.19563927 0.9613867 -0.1935478
vn 0.20072259 0.9682819 -0.14879678
vn 0.3081473 0.94032973 -0.14430965
vn 0.3009303 0.9306082 -0.20834915
vn 0 0.9286359 -0.37099236
vn 0 0.95922214 -0.28265348
vn -0.016230946 0.95978266 -0.28027424
vn 0.0136495 0.93047136 -0.3661102
vn 0.0136495 0.93047136 -0.3661102
vn -0.016230946 0.95978266 -0.28027424
vn 0.013150942 0.96161985 -0.2740701
vn 0.051711123 0.9327636 -0.35676044
vn 0.051711123 0.9327636 -0.35676044
vn 0.013150942 0.96161985 -0.2740701
vn 0.037253805 0.9644816 -0.26151022
vn 0.093127735 0.9371168 -0.336362
vn 0.093127735 0.9371168 -0.336362
vn 0.037253805 0.9644816 -0.26151022
vn 0.058223035 0.96781856 -0.24482124
vn 0.12951738 0.94232386 -0.30862767
vn 0.12951738 0.94232386 -0.30862767
vn 0.058223035 0.96781856 -0.24482124
vn 0.07530584 0.9715214 -0.22466704
vn 0.15946078 0.9482374 -0.27462396
vn 0.15946078 0.9482374 -0.27462396
vn 0.07530584 0.9715214 -0.22466704
vn 0.08793611 0.97547317 -0.20179069
vn 0.18180189 0.9546839 -0.23564129
vn 0.18180189 0.9546839 -0.23564129
vn 0.08793611 0.97547317 -0.20179069
vn 0.09521941 0.97956413 -0.1771643
vn 0.19563927 0.9613867 -0.1935478
vn 0.08422933 -0.9876223 -0.13231649
vn 0.11756144 -0.9370481 -0.32881638
vn 0.22439887 -0.9292633 -0.29345325
vn 0.15303697 -0.9820984 -0.10982952
vn 0.15064318 -0.8323775 -0.53334266
vn 0.2955803 -0.8224356 -0.48603705
vn 0.22439887 -0.9292633 -0.29345325
vn 0.11756144 -0.9370481 -0.32881638
vn 0.15303697 -0.9820984 -0.10982952
vn 0.22439887 -0.9292633 -0.29345325
vn 0.30556148 -0.9195367 -0.24715257
vn 0.20164476 -0.97600573 -0.082172245
vn 0.2955803 -0.8224356 -0.48603705
vn 0.4096553 -0.80927616 -0.42101607
vn 0.30556148 -0.9195367 -0.24715257
vn 0.22439887 -0.9292633 -0.29345325
vn 0.20164476 -0.97600573 -0.082172245
vn 0.30556148 -0.9195367 -0.24715257
vn 0.37457082 -0.9080984 -0.18722744
vn 0.24300808 -0.96891445 -0.046387766
vn 0.4096553 -0.80927616 -0.42101607
vn 0.506625 -0.79369056 -0.33672893
vn 0.37457082 -0.9080984 -0.18722744
vn 0.30556148 -0.9195367 -0.24715257
vn 0.24300808 -0.96891445 -0.046387766
vn 0.37457082 -0.9080984 -0.18722744
vn 0.42926425 -0.89563656 -0.1164785
vn 0.27581957 -0.9612006 -0.0041139685
vn 0.506625 -0.79369056 -0.33672893
vn 0.58350486 -0.77669215 -0.23721594
vn 0.42926425 -0.89563656 -0.1164785
vn 0.37457082 -0.9080984 -0.18722744
vn 0.27581957 -0.9612006 -0.0041139685
vn 0.42926425 -0.89563656 -0.1164785
vn 0.46818545 -0.8828295 -0.037609626
vn 0.29922464 -0.9532084 0.043109257
vn 0.58350486 -0.77669215 -0.23721594
vn 0.63833493 -0.75930053 -0.12645619
vn 0.46818545 -0.8828295 -0.037609626
vn 0.42926425 -0.89563656 -0.1164785
vn 0.29922464 -0.9532084 0.043109257
vn 0.46818545 -0.8828295 -0.037609626
vn 0.490245 -0.870336 0.046638988
vn 0.3125195 -0.94528437 0.09364369
vn 0.63833493 -0.75930053 -0.12645619
vn 0.6697888 -0.7425042 -0.0084007
vn 0.490245 -0.870336 0.046638988
vn 0.46818545 -0.8828295 -0.037609626
vn 0.3125195 -0.94528437 0.09364369
vn 0.490245 -0.870336 0.046638988
vn 0.49597618 -0.8581666 0.13250558
vn 0.31602773 -0.9376566 0.14465973
vn 0.6697888 -0.7425042 -0.0084007
vn 0.67810965 -0.7263236 0.112344734
vn 0.49597618 -0.8581666 0.13250558
vn 0.490245 -0.870336 0.046638988
vn 0.17172419 -0.7160378 -0.6766096
vn 0.34188747 -0.7049321 -0.6214368
vn 0.2955803 -0.8224356 -0.48603705
vn 0.15064318 -0.8323775 -0.53334266
vn 0.36346617 -0.6260328 -0.68990964
vn 0.34188747 -0.7049321 -0.6214368
vn 0.17172419 -0.7160378 -0.6766096
vn 0.18133016 -0.63743734 -0.74886113
vn 0.34188747 -0.7049321 -0.6214368
vn 0.47778577 -0.6901506 -0.543519
vn 0.4096553 -0.80927616 -0.42101607
vn 0.2955803 -0.8224356 -0.48603705
vn 0.50985944 -0.61090463 -0.60567224
vn 0.47778577 -0.6901506 -0.543519
vn 0.34188747 -0.7049321 -0.6214368
vn 0.36346617 -0.6260328 -0.68990964
vn 0.47778577 -0.6901506 -0.543519
vn 0.5931493 -0.67249846 -0.44262832
vn 0.506625 -0.79369056 -0.33672893
vn 0.4096553 -0.80927616 -0.42101607
vn 0.6340374 -0.59271085 -0.49667946
vn 0.5931493 -0.67249846 -0.44262832
vn 0.47778577 -0.6901506 -0.543519
vn 0.50985944 -0.61090463 -0.60567224
vn 0.5931493 -0.67249846 -0.44262832
vn 0.68452984 -0.6531675 -0.32371467
vn 0.58350486 -0.77669215 -0.23721594
vn 0.506625 -0.79369056 -0.33672893
vn 0.7323561 -0.57268673 -0.3683538
vn 0.68452984 -0.6531675 -0.32371467
vn 0.5931493 -0.67249846 -0.44262832
vn 0.6340374 -0.59271085 -0.49667946
vn 0.68452984 -0.6531675 -0.32371467
vn 0.7497649 -0.6333309 -0.19168839
vn 0.63833493 -0.75930053 -0.12645619
vn 0.58350486 -0.77669215 -0.23721594
vn 0.80259377 -0.5520227 -0.22608434
vn 0.7497649 -0.6333309 -0.19168839
vn 0.68452984 -0.6531675 -0.32371467
vn 0.7323561 -0.57268673 -0.3683538
vn 0.7497649 -0.6333309 -0.19168839
vn 0.78756464 -0.6140906 -0.051329535
vn 0.6697888 -0.7425042 -0.0084007
vn 0.63833493 -0.75930053 -0.12645619
vn 0.8435341 -0.5318039 -0.07506598
vn 0.78756464 -0.6140906 -0.051329535
vn 0.7497649 -0.6333309 -0.19168839
vn 0.80259377 -0.5520227 -0.22608434
vn 0.78756464 -0.6140906 -0.051329535
vn 0.7978772 -0.5956795 0.09250808
vn 0.67810965 -0.7263236 0.112344734
vn 0.6697888 -0.7425042 -0.0084007
vn 0.85498893 -0.51246476 0.07983685
vn 0.7978772 -0.5956795 0.09250808
vn 0.78756464 -0.6140906 -0.051329535
vn 0.8435341 -0.5318039 -0.07506598
vn 0.20072259 0.9682819 -0.14879678
vn 0.19563927 0.9613867 -0.1935478
vn 0.09521941 0.97956413 -0.1771643
vn 0.09944942 0.98347044 -0.15131336
vn 0.18320256 -0.19051181 0.96443874
vn 0.18501732 -0.13341425 0.9736372
vn -7.859031E-08 -0.1309616 0.9913874
vn -3.5727787E-08 -0.18804334 0.98216075
vn 0.18634155 -0.06272095 0.9804809
vn 0.18659186 0.023087928 0.98216623
vn -1.5736208E-07 0.025012847 0.99968714
vn -1.1922103E-07 -0.060582742 0.9981632
vn 0.18541673 0.10911214 0.97658336
vn 0.18284996 0.19503933 0.9636003
vn -1.1442279E-07 0.1963044 0.98054296
vn -1.2397464E-07 0.110731676 0.99385035
vn 0.1788561 0.28050375 0.943042
vn 0.1733724 0.36512288 0.9146733
vn -1.501292E-07 0.3656822 0.93073976
vn -1.5373513E-07 0.28141236 0.9595869
vn 0.16633768 0.44839945 0.8782197
vn 0.15770529 0.5297567 0.8333587
vn -1.5005863E-07 0.5296543 0.8482136
vn -1.4533384E-07 0.44862127 0.89372194
vn 0.1474008 0.6084388 0.77979183
vn 0.13537134 0.6833278 0.7174522
vn -1.4401868E-07 0.6827273 0.73067325
vn -1.4763854E-07 0.6080389 0.7939072
vn 0.121715695 0.7531091 0.64653844
vn 0.10648822 0.81672615 0.5671145
vn -4.162995E-08 0.816122 0.57787967
vn -1.09466754E-07 0.7524625 0.658635
vn 0.08971322 0.8729505 0.47948825
vn 0.0715508 0.92036897 0.38444957
vn 2.6743487E-09 0.9200038 0.39190957
vn -1.7835513E-09 0.8724443 0.4887135
vn 0.05229188 0.95761514 0.28326473
vn 0.034533948 0.98281366 0.18134171
vn -7.4220935E-10 0.9826498 0.18547103
vn 0 0.9574237 0.28868634
vn 0.19529715 -0.4049839 -0.8932228
vn 0.19047733 -0.52086735 -0.8321151
vn 4.2061153E-08 -0.5238949 -0.8517829
vn 7.868045E-08 -0.40711758 -0.9133757
vn 0.19697428 -0.2798662 -0.9396149
vn 0.19651891 -0.34920606 -0.9162072
vn 4.2908148E-08 -0.35125402 -0.9362802
vn 1.074099E-08 -0.2820342 -0.9594043
vn 0.1936117 -0.109382786 -0.9749614
vn 0.19605158 -0.19496584 -0.9610161
vn 7.1594384E-09 -0.1971606 -0.98037124
vn 5.9651417E-09 -0.111689314 -0.9937432
vn 0.18450198 0.06250438 -0.98084253
vn 0.18975274 -0.023449589 -0.9815519
vn 4.770888E-09 -0.025920305 -0.99966395
vn 4.7696713E-09 0.059862204 -0.99820656
vn 0.16979803 0.23347528 -0.95742255
vn 0.17785336 0.14824119 -0.9728272
vn 0 0.14542641 -0.98936903
vn 1.1916588E-09 0.23049131 -0.9730744
vn 0.14940625 0.4013013 -0.9036786
vn 0.16032943 0.31795093 -0.9344526
vn 1.191219E-09 0.31479988 -0.949158
vn 4.7632147E-09 0.39799845 -0.9173861
vn 0.12318063 0.56178224 -0.818063
vn 0.13699323 0.48286408 -0.8649134
vn 4.404188E-08 0.47950387 -0.87753975
vn 8.983526E-08 0.55853534 -0.82948077
vn 0.09137235 0.7092317 -0.699029
vn 0.1079839 0.637498 -0.7628471
vn 5.3522726E-08 0.6344811 -0.7729384
vn 4.5775256E-08 0.7065437 -0.7076694
vn 0.054310303 0.83609533 -0.54588914
vn 0.073419675 0.77586776 -0.62660897
vn 1.01024206E-07 0.77362317 -0.633646
vn 5.6139893E-08 0.8344309 -0.5511127
vn 0.0136495 0.93047136 -0.3661102
vn 0.036493715 0.886793 -0.46072376
vn 0 0.8854413 -0.46475133
vn 0 0.9286359 -0.37099236
vn -0.018391853 -0.92161673 0.38766503
vn 0.03459618 -0.9682337 0.24764192
vn -9.4959525E-09 -0.96826994 0.24990653
vn -7.152285E-09 -0.9160775 0.40100095
vn -0.018391853 -0.92161673 0.38766503
vn -7.152285E-09 -0.9160775 0.40100095
vn 1.1895344E-09 -0.84936553 0.5278051
vn -0.052815273 -0.8515813 0.5215551
vn -0.052815273 -0.8515813 0.5215551
vn 1.1895344E-09 -0.84936553 0.5278051
vn 5.946186E-10 -0.77720195 0.6292513
vn -0.07341671 -0.779919 0.6215597
vn -0.09956762 -0.6815445 0.72497123
vn -0.07341671 -0.779919 0.6215597
vn 5.946186E-10 -0.77720195 0.6292513
vn 0 -0.67819095 0.73488563
vn -0.09956762 -0.6815445 0.72497123
vn 0 -0.67819095 0.73488563
vn 0 -0.471761 0.88172644
vn -0.13997813 -0.47598186 0.86824393
vn -0.14923117 -0.4091317 0.9001896
vn -0.13997813 -0.47598186 0.86824393
vn 0 -0.471761 0.88172644
vn -3.5639771E-09 -0.40203795 0.91562295
vn -0.14923117 -0.4091317 0.9001896
vn -3.5639771E-09 -0.40203795 0.91562295
vn -2.8592718E-08 -0.7856686 0.61864763
vn -0.067485176 -0.79335684 0.6050047
vn 0.038545854 -0.9924967 0.11603628
vn -0.067485176 -0.79335684 0.6050047
vn -2.8592718E-08 -0.7856686 0.61864763
vn -1.7482499E-08 -0.9931451 0.11688748
vn 0.038545854 -0.9924967 0.11603628
vn -1.7482499E-08 -0.9931451 0.11688748
vn 3.5859027E-09 -0.9901214 -0.14021266
vn 0.08422933 -0.9876223 -0.13231649
vn 0.18133016 -0.63743734 -0.74886113
vn 3.2200894E-08 -0.6396923 -0.76863116
vn 4.2061153E-08 -0.5238949 -0.8517829
vn 0.19047733 -0.52086735 -0.8321151
vn 0.11756144 -0.9370481 -0.32881638
vn 0.08422933 -0.9876223 -0.13231649
vn 3.5859027E-09 -0.9901214 -0.14021266
vn 1.1995679E-09 -0.93998396 -0.34121868
vn 0.11756144 -0.9370481 -0.32881638
vn 1.1995679E-09 -0.93998396 -0.34121868
vn 3.850809E-08 -0.8355439 -0.54942375
vn 0.15064318 -0.8323775 -0.53334266
vn 0.15064318 -0.8323775 -0.53334266
vn 3.850809E-08 -0.8355439 -0.54942375
vn 6.9332714E-08 -0.7185401 -0.69548565
vn 0.17172419 -0.7160378 -0.6766096
vn 0.18133016 -0.63743734 -0.74886113
vn 0.17172419 -0.7160378 -0.6766096
vn 6.9332714E-08 -0.7185401 -0.69548565
vn 3.2200894E-08 -0.6396923 -0.76863116
vn 0.17760624 -0.31008407 0.93397206
vn 0.18320256 -0.19051181 0.96443874
vn -3.5727787E-08 -0.18804334 0.98216075
vn 4.7964166E-09 -0.30857465 0.9512
vn -7.859031E-08 -0.1309616 0.9913874
vn 0.18501732 -0.13341425 0.9736372
vn 0.18634155 -0.06272095 0.9804809
vn -1.1922103E-07 -0.060582742 0.9981632
vn -1.5736208E-07 0.025012847 0.99968714
vn 0.18659186 0.023087928 0.98216623
vn 0.18541673 0.10911214 0.97658336
vn -1.2397464E-07 0.110731676 0.99385035
vn -1.1442279E-07 0.1963044 0.98054296
vn 0.18284996 0.19503933 0.9636003
vn 0.1788561 0.28050375 0.943042
vn -1.5373513E-07 0.28141236 0.9595869
vn -1.501292E-07 0.3656822 0.93073976
vn 0.1733724 0.36512288 0.9146733
vn 0.16633768 0.44839945 0.8782197
vn -1.4533384E-07 0.44862127 0.89372194
vn -1.5005863E-07 0.5296543 0.8482136
vn 0.15770529 0.5297567 0.8333587
vn 0.1474008 0.6084388 0.77979183
vn -1.4763854E-07 0.6080389 0.7939072
vn -1.4401868E-07 0.6827273 0.73067325
vn 0.13537134 0.6833278 0.7174522
vn 0.121715695 0.7531091 0.64653844
vn -1.09466754E-07 0.7524625 0.658635
vn -4.162995E-08 0.816122 0.57787967
vn 0.10648822 0.81672615 0.5671145
vn 0.08971322 0.8729505 0.47948825
vn -1.7835513E-09 0.8724443 0.4887135
vn 2.6743487E-09 0.9200038 0.39190957
vn 0.0715508 0.92036897 0.38444957
vn 0.05229188 0.95761514 0.28326473
vn 0 0.9574237 0.28868634
vn -7.4220935E-10 0.9826498 0.18547103
vn 0.034533948 0.98281366 0.18134171
vn 0.01015519 0.9972857 0.07292526
vn -2.9717584E-10 0.9969896 0.077535465
vn 0.04803668 -0.99741817 0.05337941
vn -0.013294122 -0.9951681 -0.09728184
vn 0 -0.99374753 -0.11165076
vn 0 -0.99867946 0.051374756
vn -0.013294122 -0.9951681 -0.09728184
vn -0.05094299 -0.9659068 -0.25382832
vn -2.9743244E-10 -0.965503 -0.26039168
vn 0 -0.99374753 -0.11165076
vn -2.9743244E-10 -0.965503 -0.26039168
vn -0.05094299 -0.9659068 -0.25382832
vn -0.071597256 -0.9230189 -0.37803456
vn 0 -0.9223815 -0.38628027
vn -0.071597256 -0.9230189 -0.37803456
vn -0.0980308 -0.8517334 -0.51472354
vn 0 -0.8509094 -0.5253125
vn 0 -0.9223815 -0.38628027
vn 0 -0.8509094 -0.5253125
vn -0.0980308 -0.8517334 -0.51472354
vn -0.13820371 -0.67785877 -0.72208524
vn 8.008587E-08 -0.67679185 -0.7361745
vn -0.13820371 -0.67785877 -0.72208524
vn -0.14751135 -0.61540586 -0.77428424
vn 1.984388E-07 -0.611414 -0.7913108
vn 8.008587E-08 -0.67679185 -0.7361745
vn 1.984388E-07 -0.611414 -0.7913108
vn -0.14751135 -0.61540586 -0.77428424
vn -0.06735115 -0.9292448 -0.3632737
vn 1.1736662E-07 -0.9245525 -0.38105458
vn -0.06735115 -0.9292448 -0.3632737
vn 0.037777085 -0.98186576 0.1857751
vn -4.9424685E-08 -0.9829141 0.18406452
vn 1.1736662E-07 -0.9245525 -0.38105458
vn -4.9424685E-08 -0.9829141 0.18406452
vn 0.037777085 -0.98186576 0.1857751
vn 0.0801104 -0.90526867 0.4172183
vn -1.0271321E-07 -0.9054427 0.4244684
vn 0.1681576 -0.43517393 0.88450366
vn 0.17760624 -0.31008407 0.93397206
vn 4.7964166E-09 -0.30857465 0.9512
vn -2.9781106E-08 -0.4325176 0.9016255
vn 0.0801104 -0.90526867 0.4172183
vn 0.1099884 -0.80606705 0.5815141
vn -8.2630386E-08 -0.8055064 0.5925872
vn -1.0271321E-07 -0.9054427 0.4244684
vn -8.2630386E-08 -0.8055064 0.5925872
vn 0.1099884 -0.80606705 0.5815141
vn 0.13966747 -0.66037285 0.73783517
vn -6.961851E-08 -0.6592908 0.75188804
vn -6.961851E-08 -0.6592908 0.75188804
vn 0.13966747 -0.66037285 0.73783517
vn 0.15898873 -0.5222653 0.8378314
vn -7.0419205E-08 -0.51997125 0.85418373
vn 0.15898873 -0.5222653 0.8378314
vn 0.1681576 -0.43517393 0.88450366
vn -2.9781106E-08 -0.4325176 0.9016255
vn -7.0419205E-08 -0.51997125 0.85418373
vn 0.19651891 -0.34920606 -0.9162072
vn 0.19529715 -0.4049839 -0.8932228
vn 7.868045E-08 -0.40711758 -0.9133757
vn 4.2908148E-08 -0.35125402 -0.9362802
vn 0.19605158 -0.19496584 -0.9610161
vn 0.19697428 -0.2798662 -0.9396149
vn 1.074099E-08 -0.2820342 -0.9594043
vn 7.1594384E-09 -0.1971606 -0.98037124
vn 0.18975274 -0.023449589 -0.9815519
vn 0.1936117 -0.109382786 -0.9749614
vn 5.9651417E-09 -0.111689314 -0.9937432
vn 4.770888E-09 -0.025920305 -0.99966395
vn 0.17785336 0.14824119 -0.9728272
vn 0.18450198 0.06250438 -0.98084253
vn 4.7696713E-09 0.059862204 -0.99820656
vn 0 0.14542641 -0.98936903
vn 0.16032943 0.31795093 -0.9344526
vn 0.16979803 0.23347528 -0.95742255
vn 1.1916588E-09 0.23049131 -0.9730744
vn 1.191219E-09 0.31479988 -0.949158
vn 0.13699323 0.48286408 -0.8649134
vn 0.14940625 0.4013013 -0.9036786
vn 4.7632147E-09 0.39799845 -0.9173861
vn 4.404188E-08 0.47950387 -0.87753975
vn 0.1079839 0.637498 -0.7628471
vn 0.12318063 0.56178224 -0.818063
vn 8.983526E-08 0.55853534 -0.82948077
vn 5.3522726E-08 0.6344811 -0.7729384
vn 0.073419675 0.77586776 -0.62660897
vn 0.09137235 0.7092317 -0.699029
vn 4.5775256E-08 0.7065437 -0.7076694
vn 1.01024206E-07 0.77362317 -0.633646
vn 0.036493715 0.886793 -0.46072376
vn 0.054310303 0.83609533 -0.54588914
vn 5.6139893E-08 0.8344309 -0.5511127
vn 0 0.8854413 -0.46475133
vn 1.1867084E-09 0.99985695 -0.01691715
vn -0.02354518 0.9995312 -0.019568348
vn -8.489422E-09 0.98842263 -0.1517252
vn -0.02354518 0.9995312 -0.019568348
vn 0.012142284 0.9995755 -0.026482712
vn -8.489422E-09 0.98842263 -0.1517252
vn 0.012142284 0.9995755 -0.026482712
vn 0.03660405 0.99854803 -0.039521724
vn -8.489422E-09 0.98842263 -0.1517252
vn 0.03660405 0.99854803 -0.039521724
vn 0.057853326 0.99671394 -0.056695104
vn -8.489422E-09 0.98842263 -0.1517252
vn 0.057853326 0.99671394 -0.056695104
vn 0.07515098 0.99417007 -0.07731823
vn -8.489422E-09 0.98842263 -0.1517252
vn 0.07515098 0.99417007 -0.07731823
vn 0.087898664 0.99104 -0.100566596
vn -8.489422E-09 0.98842263 -0.1517252
vn 0.087898664 0.99104 -0.100566596
vn 0.09521847 0.98752177 -0.12543611
vn -8.489422E-09 0.98842263 -0.1517252
vn 0.09521847 0.98752177 -0.12543611
vn 0.09944942 0.98347044 -0.15131336
vn -8.489422E-09 0.98842263 -0.1517252
vn 0.013150942 0.96161985 -0.2740701
vn -0.016230946 0.95978266 -0.28027424
vn -8.489422E-09 0.98842263 -0.1517252
vn 0.037253805 0.9644816 -0.26151022
vn 0.013150942 0.96161985 -0.2740701
vn -8.489422E-09 0.98842263 -0.1517252
vn 0.058223035 0.96781856 -0.24482124
vn 0.037253805 0.9644816 -0.26151022
vn -8.489422E-09 0.98842263 -0.1517252
vn 0.07530584 0.9715214 -0.22466704
vn 0.058223035 0.96781856 -0.24482124
vn -8.489422E-09 0.98842263 -0.1517252
vn 0.08793611 0.97547317 -0.20179069
vn 0.07530584 0.9715214 -0.22466704
vn -8.489422E-09 0.98842263 -0.1517252
vn 0.09521941 0.97956413 -0.1771643
vn 0.08793611 0.97547317 -0.20179069
vn -8.489422E-09 0.98842263 -0.1517252
vn 0.09944942 0.98347044 -0.15131336
vn 0.09521941 0.97956413 -0.1771643
vn -8.489422E-09 0.98842263 -0.1517252
vn -0.016230946 0.95978266 -0.28027424
vn 0 0.95922214 -0.28265348
vn -8.489422E-09 0.98842263 -0.1517252
vn 0.04803668 -0.99741817 0.05337941
vn 0 -0.99867946 0.051374756
vn -2.9649005E-09 -0.988361 0.1521263
vn 0.0010926311 -0.99832 0.05793027
vn 0.04803668 -0.99741817 0.05337941
vn -2.9649005E-09 -0.988361 0.1521263
vn -0.018688256 -0.99763197 0.06619018
vn 0.0010926311 -0.99832 0.05793027
vn -2.9649005E-09 -0.988361 0.1521263
vn -0.037077714 -0.9962868 0.07770336
vn -0.018688256 -0.99763197 0.06619018
vn -2.9649005E-09 -0.988361 0.1521263
vn -0.053530127 -0.99428636 0.092353486
vn -0.037077714 -0.9962868 0.07770336
vn -2.9649005E-09 -0.988361 0.1521263
vn -0.07041308 -0.99119186 0.11216321
vn -0.053530127 -0.99428636 0.092353486
vn -2.9649005E-09 -0.988361 0.1521263
vn -0.0810183 -0.98739254 0.13598493
vn -0.07041308 -0.99119186 0.11216321
vn -2.9649005E-09 -0.988361 0.1521263
vn -0.08257438 -0.9849893 0.15158343
vn -0.0810183 -0.98739254 0.13598493
vn -2.9649005E-09 -0.988361 0.1521263
vn -9.4959525E-09 -0.96826994 0.24990653
vn 0.03459618 -0.9682337 0.24764192
vn -2.9649005E-09 -0.988361 0.1521263
vn 0.03459618 -0.9682337 0.24764192
vn 0.00034798228 -0.9697798 0.24398167
vn -2.9649005E-09 -0.988361 0.1521263
vn 0.00034798228 -0.9697798 0.24398167
vn -0.019138107 -0.9715609 0.23601492
vn -2.9649005E-09 -0.988361 0.1521263
vn -0.019138107 -0.9715609 0.23601492
vn -0.03728061 -0.9736891 0.22481067
vn -2.9649005E-09 -0.988361 0.1521263
vn -0.03728061 -0.9736891 0.22481067
vn -0.053561304 -0.97613716 0.2104461
vn -2.9649005E-09 -0.988361 0.1521263
vn -0.053561304 -0.97613716 0.2104461
vn -0.0703587 -0.97909963 0.19082287
vn -2.9649005E-09 -0.988361 0.1521263
vn -0.0703587 -0.97909963 0.19082287
vn -0.080982834 -0.98260534 0.16711806
vn -2.9649005E-09 -0.988361 0.1521263
vn -0.080982834 -0.98260534 0.16711806
vn -0.08257438 -0.9849893 0.15158343
vn -2.9649005E-09 -0.988361 0.1521263
vn 3.9550148E-08 -3.0400567E-08 1
vn -3.361596E-07 0.07853396 0.99691147
vn -0.060645238 0.074174166 0.9953996
vn 3.9550148E-08 -3.0400567E-08 1
vn -0.060645238 0.074174166 0.9953996
vn -0.11208696 0.06641567 0.99147636
vn 3.9550148E-08 -3.0400567E-08 1
vn -0.11208696 0.06641567 0.99147636
vn -0.1559647 0.05769828 0.98607606
vn 3.9550148E-08 -3.0400567E-08 1
vn -0.1559647 0.05769828 0.98607606
vn -0.19251221 0.047698386 0.9801347
vn 3.9550148E-08 -3.0400567E-08 1
vn -0.19251221 0.047698386 0.9801347
vn -0.22112693 0.03650446 0.9745616
vn 3.9550148E-08 -3.0400567E-08 1
vn -0.22112693 0.03650446 0.9745616
vn -0.24136028 0.0244829 0.9701266
vn 3.9550148E-08 -3.0400567E-08 1
vn -0.24136028 0.0244829 0.9701266
vn -0.25310695 0.012147312 0.9673621
vn 3.9550148E-08 -3.0400567E-08 1
vn -0.25310695 0.012147312 0.9673621
vn -0.25683212 1.1160975E-06 0.966456
vn 3.9550148E-08 -3.0400567E-08 1
vn -0.25683212 1.1160975E-06 0.966456
vn -0.2531042 -0.012145722 0.9673628
vn 3.9550148E-08 -3.0400567E-08 1
vn -0.2531042 -0.012145722 0.9673628
vn -0.24135536 -0.024482664 0.9701279
vn 3.9550148E-08 -3.0400567E-08 1
vn -0.24135536 -0.024482664 0.9701279
vn -0.22112203 -0.036504127 0.97456276
vn 3.9550148E-08 -3.0400567E-08 1
vn -0.22112203 -0.036504127 0.97456276
vn -0.19250785 -0.047697775 0.9801355
vn 3.9550148E-08 -3.0400567E-08 1
vn -0.19250785 -0.047697775 0.9801355
vn -0.15596199 -0.057697125 0.98607653
vn 3.9550148E-08 -3.0400567E-08 1
vn -0.15596199 -0.057697125 0.98607653
vn -0.1120869 -0.066413485 0.9914766
vn 3.9550148E-08 -3.0400567E-08 1
vn -0.1120869 -0.066413485 0.9914766
vn -0.06064217 -0.074171655 0.9953999
vn 3.9550148E-08 -3.0400567E-08 1
vn -0.06064217 -0.074171655 0.9953999
vn -6.651919E-08 -0.07853127 0.99691164
vn 3.9550148E-08 -3.0400567E-08 1
vn -6.651919E-08 -0.07853127 0.99691164
vn 0.060643334 -0.07417184 0.99539983
vn 3.9550148E-08 -3.0400567E-08 1
vn 0.060643334 -0.07417184 0.99539983
vn 0.11208771 -0.066413224 0.9914764
vn 3.9550148E-08 -3.0400567E-08 1
vn 0.11208771 -0.066413224 0.9914764
vn 0.15596186 -0.057696994 0.9860766
vn 3.9550148E-08 -3.0400567E-08 1
vn 0.15596186 -0.057696994 0.9860766
vn 0.19250783 -0.0476977 0.98013544
vn 3.9550148E-08 -3.0400567E-08 1
vn 0.19250783 -0.0476977 0.98013544
vn 0.22112252 -0.03650391 0.97456264
vn 3.9550148E-08 -3.0400567E-08 1
vn 0.22112252 -0.03650391 0.97456264
vn 0.24135567 -0.0244826 0.9701278
vn 3.9550148E-08 -3.0400567E-08 1
vn 0.24135567 -0.0244826 0.9701278
vn 0.25310466 -0.012145395 0.96736276
vn 3.9550148E-08 -3.0400567E-08 1
vn 0.25310466 -0.012145395 0.96736276
vn 0.2568322 1.4329127E-06 0.966456
vn 3.9550148E-08 -3.0400567E-08 1
vn 0.2568322 1.4329127E-06 0.966456
vn 0.25310698 0.012147181 0.967362
vn 3.9550148E-08 -3.0400567E-08 1
vn 0.25310698 0.012147181 0.967362
vn 0.24136034 0.024482949 0.9701266
vn 3.9550148E-08 -3.0400567E-08 1
vn 0.24136034 0.024482949 0.9701266
vn 0.22112654 0.0365047 0.97456163
vn 3.9550148E-08 -3.0400567E-08 1
vn 0.22112654 0.0365047 0.97456163
vn 0.19251221 0.04769834 0.9801346
vn 3.9550148E-08 -3.0400567E-08 1
vn 0.19251221 0.04769834 0.9801346
vn 0.15596466 0.057698395 0.98607606
vn 3.9550148E-08 -3.0400567E-08 1
vn 0.15596466 0.057698395 0.98607606
vn 0.11208636 0.066415764 0.9914764
vn 3.9550148E-08 -3.0400567E-08 1
vn 0.11208636 0.066415764 0.9914764
vn 0.06064487 0.07417425 0.9953996
vn 3.9550148E-08 -3.0400567E-08 1
vn 0.06064487 0.07417425 0.9953996
vn -3.361596E-07 0.07853396 0.99691147
vn -3.361596E-07 0.07853396 0.99691147
vn -6.04732E-07 0.15442705 0.98800415
vn -0.11586434 0.14744948 0.9822596
vn -0.060645238 0.074174166 0.9953996
vn -0.060645238 0.074174166 0.9953996
vn -0.11586434 0.14744948 0.9822596
vn -0.21639141 0.13311361 0.9671895
vn -0.11208696 0.06641567 0.99147636
vn -0.11208696 0.06641567 0.99147636
vn -0.21639141 0.13311361 0.9671895
vn -0.30069098 0.11529311 0.94672716
vn -0.1559647 0.05769828 0.98607606
vn -0.1559647 0.05769828 0.98607606
vn -0.30069098 0.11529311 0.94672716
vn -0.36843655 0.09467721 0.92481935
vn -0.19251221 0.047698386 0.9801347
vn -0.19251221 0.047698386 0.9801347
vn -0.36843655 0.09467721 0.92481935
vn -0.41970387 0.072127625 0.90479076
vn -0.22112693 0.03650446 0.9745616
vn -0.22112693 0.03650446 0.9745616
vn -0.41970387 0.072127625 0.90479076
vn -0.4552379 0.048461735 0.88905007
vn -0.24136028 0.0244829 0.9701266
vn -0.24136028 0.0244829 0.9701266
vn -0.4552379 0.048461735 0.88905007
vn -0.47601607 0.024303192 0.8791008
vn -0.25310695 0.012147312 0.9673621
vn -0.25310695 0.012147312 0.9673621
vn -0.47601607 0.024303192 0.8791008
vn -0.48285344 1.5575395E-06 0.87570125
vn -0.25683212 1.1160975E-06 0.966456
vn -0.25683212 1.1160975E-06 0.966456
vn -0.48285344 1.5575395E-06 0.87570125
vn -0.47601548 -0.024301725 0.879101
vn -0.2531042 -0.012145722 0.9673628
vn -0.2531042 -0.012145722 0.9673628
vn -0.47601548 -0.024301725 0.879101
vn -0.4552377 -0.048461325 0.8890501
vn -0.24135536 -0.024482664 0.9701279
vn -0.24135536 -0.024482664 0.9701279
vn -0.4552377 -0.048461325 0.8890501
vn -0.4197026 -0.07212653 0.9047915
vn -0.22112203 -0.036504127 0.97456276
vn -0.22112203 -0.036504127 0.97456276
vn -0.4197026 -0.07212653 0.9047915
vn -0.36843276 -0.09467651 0.92482096
vn -0.19250785 -0.047697775 0.9801355
vn -0.19250785 -0.047697775 0.9801355
vn -0.36843276 -0.09467651 0.92482096
vn -0.3006916 -0.11529123 0.94672734
vn -0.15596199 -0.057697125 0.98607653
vn -0.15596199 -0.057697125 0.98607653
vn -0.3006916 -0.11529123 0.94672734
vn -0.2163922 -0.13311195 0.96718955
vn -0.1120869 -0.066413485 0.9914766
vn -0.1120869 -0.066413485 0.9914766
vn -0.2163922 -0.13311195 0.96718955
vn -0.11586352 -0.14744873 0.98225987
vn -0.06064217 -0.074171655 0.9953999
vn -0.06064217 -0.074171655 0.9953999
vn -0.11586352 -0.14744873 0.98225987
vn 3.2617442E-07 -0.15442641 0.9880043
vn -6.651919E-08 -0.07853127 0.99691164
vn -6.651919E-08 -0.07853127 0.99691164
vn 3.2617442E-07 -0.15442641 0.9880043
vn 0.115864724 -0.14744872 0.9822598
vn 0.060643334 -0.07417184 0.99539983
vn 0.060643334 -0.07417184 0.99539983
vn 0.115864724 -0.14744872 0.9822598
vn 0.21639362 -0.13311175 0.96718925
vn 0.11208771 -0.066413224 0.9914764
vn 0.11208771 -0.066413224 0.9914764
vn 0.21639362 -0.13311175 0.96718925
vn 0.3006924 -0.115291186 0.94672704
vn 0.15596186 -0.057696994 0.9860766
vn 0.15596186 -0.057696994 0.9860766
vn 0.3006924 -0.115291186 0.94672704
vn 0.36843327 -0.094676435 0.9248208
vn 0.19250783 -0.0476977 0.98013544
vn 0.19250783 -0.0476977 0.98013544
vn 0.36843327 -0.094676435 0.9248208
vn 0.41970286 -0.07212621 0.9047913
vn 0.22112252 -0.03650391 0.97456264
vn 0.22112252 -0.03650391 0.97456264
vn 0.41970286 -0.07212621 0.9047913
vn 0.4552376 -0.048460953 0.8890502
vn 0.24135567 -0.0244826 0.9701278
vn 0.24135567 -0.0244826 0.9701278
vn 0.4552376 -0.048460953 0.8890502
vn 0.47601533 -0.024301304 0.87910116
vn 0.25310466 -0.012145395 0.96736276
vn 0.25310466 -0.012145395 0.96736276
vn 0.47601533 -0.024301304 0.87910116
vn 0.48285326 2.0673078E-06 0.8757013
vn 0.2568322 1.4329127E-06 0.966456
vn 0.2568322 1.4329127E-06 0.966456
vn 0.48285326 2.0673078E-06 0.8757013
vn 0.4760161 0.024303194 0.8791007
vn 0.25310698 0.012147181 0.967362
vn 0.25310698 0.012147181 0.967362
vn 0.4760161 0.024303194 0.8791007
vn 0.45523757 0.048461825 0.8890501
vn 0.24136034 0.024482949 0.9701266
vn 0.24136034 0.024482949 0.9701266
vn 0.45523757 0.048461825 0.8890501
vn 0.41970295 0.072127946 0.9047912
vn 0.22112654 0.0365047 0.97456163
vn 0.22112654 0.0365047 0.97456163
vn 0.41970295 0.072127946 0.9047912
vn 0.36843613 0.094677344 0.92481935
vn 0.19251221 0.04769834 0.9801346
vn 0.19251221 0.04769834 0.9801346
vn 0.36843613 0.094677344 0.92481935
vn 0.3006903 0.11529337 0.94672734
vn 0.15596466 0.057698395 0.98607606
vn 0.15596466 0.057698395 0.98607606
vn 0.3006903 0.11529337 0.94672734
vn 0.21639068 0.13311371 0.96718967
vn 0.11208636 0.066415764 0.9914764
vn 0.11208636 0.066415764 0.9914764
vn 0.21639068 0.13311371 0.96718967
vn 0.11586366 0.14744955 0.98225963
vn 0.06064487 0.07417425 0.9953996
vn 0.06064487 0.07417425 0.9953996
vn 0.11586366 0.14744955 0.98225963
vn -6.04732E-07 0.15442705 0.98800415
vn -3.361596E-07 0.07853396 0.99691147
vn -6.04732E-07 0.15442705 0.98800415
vn -8.916023E-07 0.24157475 0.9703822
vn -0.17734087 0.22973269 0.95696044
vn -0.11586434 0.14744948 0.9822596
vn -0.11586434 0.14744948 0.9822596
vn -0.17734087 0.22973269 0.95696044
vn -0.3263963 0.20420037 0.9229127
vn -0.21639141 0.13311361 0.9671895
vn -0.21639141 0.13311361 0.9671895
vn -0.3263963 0.20420037 0.9229127
vn -0.44357026 0.17285727 0.8794122
vn -0.30069098 0.11529311 0.94672716
vn -0.30069098 0.11529311 0.94672716
vn -0.44357026 0.17285727 0.8794122
vn -0.53101194 0.13870013 0.83593583
vn -0.36843655 0.09467721 0.92481935
vn -0.36843655 0.09467721 0.92481935
vn -0.53101194 0.13870013 0.83593583
vn -0.5928756 0.10368981 0.79859066
vn -0.41970387 0.072127625 0.90479076
vn -0.41970387 0.072127625 0.90479076
vn -0.5928756 0.10368981 0.79859066
vn -0.633616 0.068831086 0.77057976
vn -0.4552379 0.048461735 0.88905007
vn -0.4552379 0.048461735 0.88905007
vn -0.633616 0.068831086 0.77057976
vn -0.6567686 0.034358714 0.753309
vn -0.47601607 0.024303192 0.8791008
vn -0.47601607 0.024303192 0.8791008
vn -0.6567686 0.034358714 0.753309
vn -0.6643355 2.4713034E-07 0.74743456
vn -0.48285344 1.5575395E-06 0.87570125
vn -0.48285344 1.5575395E-06 0.87570125
vn -0.6643355 2.4713034E-07 0.74743456
vn -0.656771 -0.03435827 0.7533069
vn -0.47601548 -0.024301725 0.879101
vn -0.47601548 -0.024301725 0.879101
vn -0.656771 -0.03435827 0.7533069
vn -0.63361824 -0.0688295 0.77057797
vn -0.4552377 -0.048461325 0.8890501
vn -0.4552377 -0.048461325 0.8890501
vn -0.63361824 -0.0688295 0.77057797
vn -0.5928753 -0.103689246 0.79859096
vn -0.4197026 -0.07212653 0.9047915
vn -0.4197026 -0.07212653 0.9047915
vn -0.5928753 -0.103689246 0.79859096
vn -0.5310117 -0.13870026 0.8359359
vn -0.36843276 -0.09467651 0.92482096
vn -0.36843276 -0.09467651 0.92482096
vn -0.5310117 -0.13870026 0.8359359
vn -0.44357207 -0.17285748 0.8794112
vn -0.3006916 -0.11529123 0.94672734
vn -0.3006916 -0.11529123 0.94672734
vn -0.44357207 -0.17285748 0.8794112
vn -0.32639727 -0.20420109 0.922912
vn -0.2163922 -0.13311195 0.96718955
vn -0.2163922 -0.13311195 0.96718955
vn -0.32639727 -0.20420109 0.922912
vn -0.17734063 -0.22973406 0.9569601
vn -0.11586352 -0.14744873 0.98225987
vn -0.11586352 -0.14744873 0.98225987
vn -0.17734063 -0.22973406 0.9569601
vn 4.924131E-07 -0.24157579 0.970382
vn 3.2617442E-07 -0.15442641 0.9880043
vn 3.2617442E-07 -0.15442641 0.9880043
vn 4.924131E-07 -0.24157579 0.970382
vn 0.17734292 -0.2297337 0.9569597
vn 0.115864724 -0.14744872 0.9822598
vn 0.115864724 -0.14744872 0.9822598
vn 0.17734292 -0.2297337 0.9569597
vn 0.3263989 -0.20420091 0.9229116
vn 0.21639362 -0.13311175 0.96718925
vn 0.21639362 -0.13311175 0.96718925
vn 0.3263989 -0.20420091 0.9229116
vn 0.44357318 -0.1728572 0.8794107
vn 0.3006924 -0.115291186 0.94672704
vn 0.3006924 -0.115291186 0.94672704
vn 0.44357318 -0.1728572 0.8794107
vn 0.53101224 -0.13870025 0.8359356
vn 0.36843327 -0.094676435 0.9248208
vn 0.36843327 -0.094676435 0.9248208
vn 0.53101224 -0.13870025 0.8359356
vn 0.5928757 -0.10368907 0.79859066
vn 0.41970286 -0.07212621 0.9047913
vn 0.41970286 -0.07212621 0.9047913
vn 0.5928757 -0.10368907 0.79859066
vn 0.63361865 -0.06882911 0.77057767
vn 0.4552376 -0.048460953 0.8890502
vn 0.4552376 -0.048460953 0.8890502
vn 0.63361865 -0.06882911 0.77057767
vn 0.65677106 -0.034357715 0.753307
vn 0.47601533 -0.024301304 0.87910116
vn 0.47601533 -0.024301304 0.87910116
vn 0.65677106 -0.034357715 0.753307
vn 0.66433525 8.993507E-07 0.7474347
vn 0.48285326 2.0673078E-06 0.8757013
vn 0.48285326 2.0673078E-06 0.8757013
vn 0.66433525 8.993507E-07 0.7474347
vn 0.65676856 0.034358837 0.7533092
vn 0.4760161 0.024303194 0.8791007
vn 0.4760161 0.024303194 0.8791007
vn 0.65676856 0.034358837 0.7533092
vn 0.63361555 0.0688313 0.77058
vn 0.45523757 0.048461825 0.8890501
vn 0.45523757 0.048461825 0.8890501
vn 0.63361555 0.0688313 0.77058
vn 0.59287506 0.10369032 0.798591
vn 0.41970295 0.072127946 0.9047912
vn 0.41970295 0.072127946 0.9047912
vn 0.59287506 0.10369032 0.798591
vn 0.5310112 0.13870044 0.8359361
vn 0.36843613 0.094677344 0.92481935
vn 0.36843613 0.094677344 0.92481935
vn 0.5310112 0.13870044 0.8359361
vn 0.4435692 0.17285752 0.8794126
vn 0.3006903 0.11529337 0.94672734
vn 0.3006903 0.11529337 0.94672734
vn 0.4435692 0.17285752 0.8794126
vn 0.32639518 0.20420066 0.9229129
vn 0.21639068 0.13311371 0.96718967
vn 0.21639068 0.13311371 0.96718967
vn 0.32639518 0.20420066 0.9229129
vn 0.17734005 0.22973292 0.9569605
vn 0.11586366 0.14744955 0.98225963
vn 0.11586366 0.14744955 0.98225963
vn 0.17734005 0.22973292 0.9569605
vn -8.916023E-07 0.24157475 0.9703822
vn -6.04732E-07 0.15442705 0.98800415
vn -8.916023E-07 0.24157475 0.9703822
vn -9.440614E-07 0.34872773 0.9372241
vn -0.24868692 0.32720315 0.911643
vn -0.17734087 0.22973269 0.95696044
vn -0.17734087 0.22973269 0.95696044
vn -0.24868692 0.32720315 0.911643
vn -0.4437299 0.28160262 0.8507666
vn -0.3263963 0.20420037 0.9229127
vn -0.3263963 0.20420037 0.9229127
vn -0.4437299 0.28160262 0.8507666
vn -0.58196896 0.22974984 0.7800815
vn -0.44357026 0.17285727 0.8794122
vn -0.44357026 0.17285727 0.8794122
vn -0.58196896 0.22974984 0.7800815
vn -0.6749617 0.17844723 0.71594924
vn -0.53101194 0.13870013 0.83593583
vn -0.53101194 0.13870013 0.83593583
vn -0.6749617 0.17844723 0.71594924
vn -0.73525107 0.13014075 0.66518354
vn -0.5928756 0.10368981 0.79859066
vn -0.5928756 0.10368981 0.79859066
vn -0.73525107 0.13014075 0.66518354
vn -0.7724846 0.08497691 0.6293223
vn -0.633616 0.068831086 0.77057976
vn -0.633616 0.068831086 0.77057976
vn -0.7724846 0.08497691 0.6293223
vn -0.79280835 0.042024136 0.6080205
vn -0.6567686 0.034358714 0.753309
vn -0.6567686 0.034358714 0.753309
vn -0.79280835 0.042024136 0.6080205
vn -0.79931635 -1.9510745E-07 0.60091054
vn -0.6643355 2.4713034E-07 0.74743456
vn -0.6643355 2.4713034E-07 0.74743456
vn -0.79931635 -1.9510745E-07 0.60091054
vn -0.79280794 -0.04202319 0.60802114
vn -0.656771 -0.03435827 0.7533069
vn -0.656771 -0.03435827 0.7533069
vn -0.79280794 -0.04202319 0.60802114
vn -0.772484 -0.08497547 0.6293232
vn -0.63361824 -0.0688295 0.77057797
vn -0.63361824 -0.0688295 0.77057797
vn -0.772484 -0.08497547 0.6293232
vn -0.73525035 -0.13014075 0.6651844
vn -0.5928753 -0.103689246 0.79859096
vn -0.5928753 -0.103689246 0.79859096
vn -0.73525035 -0.13014075 0.6651844
vn -0.67496073 -0.17844737 0.71595013
vn -0.5310117 -0.13870026 0.8359359
vn -0.5310117 -0.13870026 0.8359359
vn -0.67496073 -0.17844737 0.71595013
vn -0.5819676 -0.22975022 0.7800823
vn -0.44357207 -0.17285748 0.8794112
vn -0.44357207 -0.17285748 0.8794112
vn -0.5819676 -0.22975022 0.7800823
vn -0.44372883 -0.28160334 0.85076684
vn -0.32639727 -0.20420109 0.922912
vn -0.32639727 -0.20420109 0.922912
vn -0.44372883 -0.28160334 0.85076684
vn -0.24868576 -0.3272037 0.91164315
vn -0.17734063 -0.22973406 0.9569601
vn -0.17734063 -0.22973406 0.9569601
vn -0.24868576 -0.3272037 0.91164315
vn 4.0941447E-07 -0.3487282 0.9372239
vn 4.924131E-07 -0.24157579 0.970382
vn 4.924131E-07 -0.24157579 0.970382
vn 4.0941447E-07 -0.3487282 0.9372239
vn 0.24868844 -0.32720333 0.9116425
vn 0.17734292 -0.2297337 0.9569597
vn 0.17734292 -0.2297337 0.9569597
vn 0.24868844 -0.32720333 0.9116425
vn 0.44373038 -0.28160238 0.85076636
vn 0.3263989 -0.20420091 0.9229116
vn 0.3263989 -0.20420091 0.9229116
vn 0.44373038 -0.28160238 0.85076636
vn 0.5819681 -0.22974972 0.78008217
vn 0.44357318 -0.1728572 0.8794107
vn 0.44357318 -0.1728572 0.8794107
vn 0.5819681 -0.22974972 0.78008217
vn 0.6749609 -0.17844695 0.71595
vn 0.53101224 -0.13870025 0.8359356
vn 0.53101224 -0.13870025 0.8359356
vn 0.6749609 -0.17844695 0.71595
vn 0.7352506 -0.1301404 0.6651843
vn 0.5928757 -0.10368907 0.79859066
vn 0.5928757 -0.10368907 0.79859066
vn 0.7352506 -0.1301404 0.6651843
vn 0.7724843 -0.08497506 0.6293228
vn 0.63361865 -0.06882911 0.77057767
vn 0.63361865 -0.06882911 0.77057767
vn 0.7724843 -0.08497506 0.6293228
vn 0.79280823 -0.042022675 0.6080207
vn 0.65677106 -0.034357715 0.753307
vn 0.65677106 -0.034357715 0.753307
vn 0.79280823 -0.042022675 0.6080207
vn 0.7993162 3.6492543E-07 0.6009106
vn 0.66433525 8.993507E-07 0.7474347
vn 0.66433525 8.993507E-07 0.7474347
vn 0.7993162 3.6492543E-07 0.6009106
vn 0.7928081 0.042024385 0.6080208
vn 0.65676856 0.034358837 0.7533092
vn 0.65676856 0.034358837 0.7533092
vn 0.7928081 0.042024385 0.6080208
vn 0.7724843 0.084977515 0.6293226
vn 0.63361555 0.0688313 0.77058
vn 0.63361555 0.0688313 0.77058
vn 0.7724843 0.084977515 0.6293226
vn 0.73525065 0.13014136 0.665184
vn 0.59287506 0.10369032 0.798591
vn 0.59287506 0.10369032 0.798591
vn 0.73525065 0.13014136 0.665184
vn 0.6749612 0.17844751 0.7159496
vn 0.5310112 0.13870044 0.8359361
vn 0.5310112 0.13870044 0.8359361
vn 0.6749612 0.17844751 0.7159496
vn 0.58196765 0.22975048 0.78008235
vn 0.4435692 0.17285752 0.8794126
vn 0.4435692 0.17285752 0.8794126
vn 0.58196765 0.22975048 0.78008235
vn 0.44372824 0.28160316 0.8507674
vn 0.32639518 0.20420066 0.9229129
vn 0.32639518 0.20420066 0.9229129
vn 0.44372824 0.28160316 0.8507674
vn 0.24868548 0.32720348 0.9116432
vn 0.17734005 0.22973292 0.9569605
vn 0.17734005 0.22973292 0.9569605
vn 0.24868548 0.32720348 0.9116432
vn -9.440614E-07 0.34872773 0.9372241
vn -8.916023E-07 0.24157475 0.9703822
vn -9.440614E-07 0.34872773 0.9372241
vn -1.4423135E-06 0.48903948 0.8722617
vn -0.33305556 0.44755906 0.82991856
vn -0.24868692 0.32720315 0.911643
vn -0.24868692 0.32720315 0.911643
vn -0.33305556 0.44755906 0.82991856
vn -0.567006 0.3660029 0.7379338
vn -0.4437299 0.28160262 0.8507666
vn -0.4437299 0.28160262 0.8507666
vn -0.567006 0.3660029 0.7379338
vn -0.7104384 0.28425065 0.6438003
vn -0.58196896 0.22974984 0.7800815
vn -0.58196896 0.22974984 0.7800815
vn -0.7104384 0.28425065 0.6438003
vn -0.79521716 0.2125742 0.56783974
vn -0.6749617 0.17844723 0.71594924
vn -0.6749617 0.17844723 0.71594924
vn -0.79521716 0.2125742 0.56783974
vn -0.8450518 0.15103272 0.51290965
vn -0.73525107 0.13014075 0.66518354
vn -0.73525107 0.13014075 0.66518354
vn -0.8450518 0.15103272 0.51290965
vn -0.8738406 0.09697305 0.47644395
vn -0.7724846 0.08497691 0.6293223
vn -0.7724846 0.08497691 0.6293223
vn -0.8738406 0.09697305 0.47644395
vn -0.88890815 0.047474876 0.4556187
vn -0.79280835 0.042024136 0.6080205
vn -0.79280835 0.042024136 0.6080205
vn -0.88890815 0.047474876 0.4556187
vn -0.8936222 -6.538607E-08 0.4488199
vn -0.79931635 -1.9510745E-07 0.60091054
vn -0.79931635 -1.9510745E-07 0.60091054
vn -0.8936222 -6.538607E-08 0.4488199
vn -0.8889086 -0.047474172 0.455618
vn -0.79280794 -0.04202319 0.60802114
vn -0.79280794 -0.04202319 0.60802114
vn -0.8889086 -0.047474172 0.455618
vn -0.8738408 -0.09697297 0.47644353
vn -0.772484 -0.08497547 0.6293232
vn -0.772484 -0.08497547 0.6293232
vn -0.8738408 -0.09697297 0.47644353
vn -0.8450525 -0.15103312 0.5129087
vn -0.73525035 -0.13014075 0.6651844
vn -0.73525035 -0.13014075 0.6651844
vn -0.8450525 -0.15103312 0.5129087
vn -0.7952175 -0.21257424 0.56783897
vn -0.67496073 -0.17844737 0.71595013
vn -0.67496073 -0.17844737 0.71595013
vn -0.7952175 -0.21257424 0.56783897
vn -0.71043736 -0.2842509 0.64380133
vn -0.5819676 -0.22975022 0.7800823
vn -0.5819676 -0.22975022 0.7800823
vn -0.71043736 -0.2842509 0.64380133
vn -0.5670035 -0.36600357 0.7379353
vn -0.44372883 -0.28160334 0.85076684
vn -0.44372883 -0.28160334 0.85076684
vn -0.5670035 -0.36600357 0.7379353
vn -0.33305338 -0.4475601 0.829919
vn -0.24868576 -0.3272037 0.91164315
vn -0.24868576 -0.3272037 0.91164315
vn -0.33305338 -0.4475601 0.829919
vn 1.2369679E-06 -0.48904118 0.8722608
vn 4.0941447E-07 -0.3487282 0.9372239
vn 4.0941447E-07 -0.3487282 0.9372239
vn 1.2369679E-06 -0.48904118 0.8722608
vn 0.33305532 -0.44755965 0.82991827
vn 0.24868844 -0.32720333 0.9116425
vn 0.24868844 -0.32720333 0.9116425
vn 0.33305532 -0.44755965 0.82991827
vn 0.5670062 -0.36600253 0.7379337
vn 0.44373038 -0.28160238 0.85076636
vn 0.44373038 -0.28160238 0.85076636
vn 0.5670062 -0.36600253 0.7379337
vn 0.71043813 -0.28425047 0.64380074
vn 0.5819681 -0.22974972 0.78008217
vn 0.5819681 -0.22974972 0.78008217
vn 0.71043813 -0.28425047 0.64380074
vn 0.7952179 -0.21257381 0.5678386
vn 0.6749609 -0.17844695 0.71595
vn 0.6749609 -0.17844695 0.71595
vn 0.7952179 -0.21257381 0.5678386
vn 0.8450526 -0.1510326 0.5129085
vn 0.7352506 -0.1301404 0.6651843
vn 0.7352506 -0.1301404 0.6651843
vn 0.8450526 -0.1510326 0.5129085
vn 0.87384117 -0.09697228 0.47644308
vn 0.7724843 -0.08497506 0.6293228
vn 0.7724843 -0.08497506 0.6293228
vn 0.87384117 -0.09697228 0.47644308
vn 0.88890857 -0.047473736 0.455618
vn 0.79280823 -0.042022675 0.6080207
vn 0.79280823 -0.042022675 0.6080207
vn 0.88890857 -0.047473736 0.455618
vn 0.8936221 3.762229E-07 0.44882008
vn 0.7993162 3.6492543E-07 0.6009106
vn 0.7993162 3.6492543E-07 0.6009106
vn 0.8936221 3.762229E-07 0.44882008
vn 0.8889078 0.047475338 0.45561925
vn 0.7928081 0.042024385 0.6080208
vn 0.7928081 0.042024385 0.6080208
vn 0.8889078 0.047475338 0.45561925
vn 0.8738401 0.0969738 0.47644475
vn 0.7724843 0.084977515 0.6293226
vn 0.7724843 0.084977515 0.6293226
vn 0.8738401 0.0969738 0.47644475
vn 0.84505135 0.15103339 0.5129103
vn 0.73525065 0.13014136 0.665184
vn 0.73525065 0.13014136 0.665184
vn 0.84505135 0.15103339 0.5129103
vn 0.79521686 0.21257457 0.56784004
vn 0.6749612 0.17844751 0.7159496
vn 0.6749612 0.17844751 0.7159496
vn 0.79521686 0.21257457 0.56784004
vn 0.7104369 0.2842514 0.6438017
vn 0.58196765 0.22975048 0.78008235
vn 0.58196765 0.22975048 0.78008235
vn 0.7104369 0.2842514 0.6438017
vn 0.5670037 0.36600348 0.737935
vn 0.44372824 0.28160316 0.8507674
vn 0.44372824 0.28160316 0.8507674
vn 0.5670037 0.36600348 0.737935
vn 0.333053 0.4475592 0.8299196
vn 0.24868548 0.32720348 0.9116432
vn 0.24868548 0.32720348 0.9116432
vn 0.333053 0.4475592 0.8299196
vn -1.4423135E-06 0.48903948 0.8722617
vn -9.440614E-07 0.34872773 0.9372241
vn -1.4423135E-06 0.48903948 0.8722617
vn -2.184563E-06 0.67681223 0.73615575
vn -0.42843667 0.5960619 0.67908186
vn -0.33305556 0.44755906 0.82991856
vn -0.33305556 0.44755906 0.82991856
vn -0.42843667 0.5960619 0.67908186
vn -0.6877925 0.4541579 0.5662881
vn -0.567006 0.3660029 0.7379338
vn -0.567006 0.3660029 0.7379338
vn -0.6877925 0.4541579 0.5662881
vn -0.81957346 0.3328721 0.46636403
vn -0.7104384 0.28425065 0.6438003
vn -0.7104384 0.28425065 0.6438003
vn -0.81957346 0.3328721 0.46636403
vn -0.8867399 0.23960519 0.39532477
vn -0.79521716 0.2125742 0.56783974
vn -0.79521716 0.2125742 0.56783974
vn -0.8867399 0.23960519 0.39532477
vn -0.9225367 0.16623846 0.3482683
vn -0.8450518 0.15103272 0.51290965
vn -0.8450518 0.15103272 0.51290965
vn -0.9225367 0.16623846 0.3482683
vn -0.9419912 0.10518236 0.31873056
vn -0.8738406 0.09697305 0.47644395
vn -0.8738406 0.09697305 0.47644395
vn -0.9419912 0.10518236 0.31873056
vn -0.951798 0.051051714 0.30244708
vn -0.88890815 0.047474876 0.4556187
vn -0.88890815 0.047474876 0.4556187
vn -0.951798 0.051051714 0.30244708
vn -0.9548046 -4.376241E-09 0.29723433
vn -0.8936222 -6.538607E-08 0.4488199
vn -0.8936222 -6.538607E-08 0.4488199
vn -0.9548046 -4.376241E-09 0.29723433
vn -0.95179814 -0.05105163 0.30244693
vn -0.8889086 -0.047474172 0.455618
vn -0.8889086 -0.047474172 0.455618
vn -0.95179814 -0.05105163 0.30244693
vn -0.9419916 -0.105182685 0.31872952
vn -0.8738408 -0.09697297 0.47644353
vn -0.8738408 -0.09697297 0.47644353
vn -0.9419916 -0.105182685 0.31872952
vn -0.92253727 -0.16623831 0.34826696
vn -0.8450525 -0.15103312 0.5129087
vn -0.8450525 -0.15103312 0.5129087
vn -0.92253727 -0.16623831 0.34826696
vn -0.88674 -0.23960455 0.3953249
vn -0.7952175 -0.21257424 0.56783897
vn -0.7952175 -0.21257424 0.56783897
vn -0.88674 -0.23960455 0.3953249
vn -0.8195726 -0.3328729 0.46636513
vn -0.71043736 -0.2842509 0.64380133
vn -0.71043736 -0.2842509 0.64380133
vn -0.8195726 -0.3328729 0.46636513
vn -0.6877907 -0.4541601 0.5662885
vn -0.5670035 -0.36600357 0.7379353
vn -0.5670035 -0.36600357 0.7379353
vn -0.6877907 -0.4541601 0.5662885
vn -0.42843536 -0.59606504 0.67907995
vn -0.33305338 -0.4475601 0.829919
vn -0.33305338 -0.4475601 0.829919
vn -0.42843536 -0.59606504 0.67907995
vn 1.5438254E-06 -0.676814 0.73615414
vn 1.2369679E-06 -0.48904118 0.8722608
vn 1.2369679E-06 -0.48904118 0.8722608
vn 1.5438254E-06 -0.676814 0.73615414
vn 0.4284381 -0.5960637 0.6790795
vn 0.33305532 -0.44755965 0.82991827
vn 0.33305532 -0.44755965 0.82991827
vn 0.4284381 -0.5960637 0.6790795
vn 0.6877923 -0.45415866 0.56628764
vn 0.5670062 -0.36600253 0.7379337
vn 0.5670062 -0.36600253 0.7379337
vn 0.6877923 -0.45415866 0.56628764
vn 0.819574 -0.3328714 0.46636352
vn 0.71043813 -0.28425047 0.64380074
vn 0.71043813 -0.28425047 0.64380074
vn 0.819574 -0.3328714 0.46636352
vn 0.8867409 -0.23960425 0.3953233
vn 0.7952179 -0.21257381 0.5678386
vn 0.7952179 -0.21257381 0.5678386
vn 0.8867409 -0.23960425 0.3953233
vn 0.92253757 -0.16623797 0.3482662
vn 0.8450526 -0.1510326 0.5129085
vn 0.8450526 -0.1510326 0.5129085
vn 0.92253757 -0.16623797 0.3482662
vn 0.94199187 -0.10518188 0.31872913
vn 0.87384117 -0.09697228 0.47644308
vn 0.87384117 -0.09697228 0.47644308
vn 0.94199187 -0.10518188 0.31872913
vn 0.9517983 -0.051051084 0.30244642
vn 0.88890857 -0.047473736 0.455618
vn 0.88890857 -0.047473736 0.455618
vn 0.9517983 -0.051051084 0.30244642
vn 0.95480466 3.589766E-07 0.29723394
vn 0.8936221 3.762229E-07 0.44882008
vn 0.8936221 3.762229E-07 0.44882008
vn 0.95480466 3.589766E-07 0.29723394
vn 0.951798 0.05105206 0.3024473
vn 0.8889078 0.047475338 0.45561925
vn 0.8889078 0.047475338 0.45561925
vn 0.951798 0.05105206 0.3024473
vn 0.9419909 0.1051832 0.3187315
vn 0.8738401 0.0969738 0.47644475
vn 0.8738401 0.0969738 0.47644475
vn 0.9419909 0.1051832 0.3187315
vn 0.9225363 0.16623926 0.348269
vn 0.84505135 0.15103339 0.5129103
vn 0.84505135 0.15103339 0.5129103
vn 0.9225363 0.16623926 0.348269
vn 0.88673955 0.23960543 0.39532536
vn 0.79521686 0.21257457 0.56784004
vn 0.79521686 0.21257457 0.56784004
vn 0.88673955 0.23960543 0.39532536
vn 0.8195723 0.33287287 0.4663655
vn 0.7104369 0.2842514 0.6438017
vn 0.7104369 0.2842514 0.6438017
vn 0.8195723 0.33287287 0.4663655
vn 0.6877901 0.4541592 0.56628996
vn 0.5670037 0.36600348 0.737935
vn 0.5670037 0.36600348 0.737935
vn 0.6877901 0.4541592 0.56628996
vn 0.42843342 0.5960632 0.6790827
vn 0.333053 0.4475592 0.8299196
vn 0.333053 0.4475592 0.8299196
vn 0.42843342 0.5960632 0.6790827
vn -2.184563E-06 0.67681223 0.73615575
vn -1.4423135E-06 0.48903948 0.8722617
vn -2.184563E-06 0.67681223 0.73615575
vn -1.8915217E-06 0.8913031 0.45340788
vn -0.51545143 0.7540189 0.407143
vn -0.42843667 0.5960619 0.67908186
vn -0.42843667 0.5960619 0.67908186
vn -0.51545143 0.7540189 0.407143
vn -0.7848118 0.53212625 0.31766668
vn -0.6877925 0.4541579 0.5662881
vn -0.6877925 0.4541579 0.5662881
vn -0.7848118 0.53212625 0.31766668
vn -0.89566755 0.36926317 0.24783927
vn -0.81957346 0.3328721 0.46636403
vn -0.81957346 0.3328721 0.46636403
vn -0.89566755 0.36926317 0.24783927
vn -0.94457793 0.25764552 0.20344833
vn -0.8867399 0.23960519 0.39532477
vn -0.8867399 0.23960519 0.39532477
vn -0.94457793 0.25764552 0.20344833
vn -0.96859574 0.17561123 0.17601936
vn -0.9225367 0.16623846 0.3482683
vn -0.9225367 0.16623846 0.3482683
vn -0.96859574 0.17561123 0.17601936
vn -0.9810531 0.109961815 0.15950917
vn -0.9419912 0.10518236 0.31873056
vn -0.9419912 0.10518236 0.31873056
vn -0.9810531 0.109961815 0.15950917
vn -0.9871638 0.053064622 0.1506381
vn -0.951798 0.051051714 0.30244708
vn -0.951798 0.051051714 0.30244708
vn -0.9871638 0.053064622 0.1506381
vn -0.9890119 5.5686467E-08 0.14783566
vn -0.9548046 -4.376241E-09 0.29723433
vn -0.9548046 -4.376241E-09 0.29723433
vn -0.9890119 5.5686467E-08 0.14783566
vn -0.9871638 -0.053064715 0.15063848
vn -0.95179814 -0.05105163 0.30244693
vn -0.95179814 -0.05105163 0.30244693
vn -0.9871638 -0.053064715 0.15063848
vn -0.981053 -0.10996218 0.15951003
vn -0.9419916 -0.105182685 0.31872952
vn -0.9419916 -0.105182685 0.31872952
vn -0.981053 -0.10996218 0.15951003
vn -0.9685957 -0.1756112 0.17602049
vn -0.92253727 -0.16623831 0.34826696
vn -0.92253727 -0.16623831 0.34826696
vn -0.9685957 -0.1756112 0.17602049
vn -0.94457805 -0.25764543 0.20344816
vn -0.88674 -0.23960455 0.3953249
vn -0.88674 -0.23960455 0.3953249
vn -0.94457805 -0.25764543 0.20344816
vn -0.8956675 -0.3692646 0.24783775
vn -0.8195726 -0.3328729 0.46636513
vn -0.8195726 -0.3328729 0.46636513
vn -0.8956675 -0.3692646 0.24783775
vn -0.7848112 -0.5321284 0.3176645
vn -0.6877907 -0.4541601 0.5662885
vn -0.6877907 -0.4541601 0.5662885
vn -0.7848112 -0.5321284 0.3176645
vn -0.51545024 -0.7540201 0.40714216
vn -0.42843536 -0.59606504 0.67907995
vn -0.42843536 -0.59606504 0.67907995
vn -0.51545024 -0.7540201 0.40714216
vn 1.635045E-06 -0.89130324 0.45340765
vn 1.5438254E-06 -0.676814 0.73615414
vn 1.5438254E-06 -0.676814 0.73615414
vn 1.635045E-06 -0.89130324 0.45340765
vn 0.5154536 -0.7540183 0.40714127
vn 0.4284381 -0.5960637 0.6790795
vn 0.4284381 -0.5960637 0.6790795
vn 0.5154536 -0.7540183 0.40714127
vn 0.7848131 -0.5321259 0.317664
vn 0.6877923 -0.45415866 0.56628764
vn 0.6877923 -0.45415866 0.56628764
vn 0.7848131 -0.5321259 0.317664
vn 0.895668 -0.36926278 0.24783799
vn 0.819574 -0.3328714 0.46636352
vn 0.819574 -0.3328714 0.46636352
vn 0.895668 -0.36926278 0.24783799
vn 0.94457835 -0.25764441 0.20344827
vn 0.8867409 -0.23960425 0.3953233
vn 0.8867409 -0.23960425 0.3953233
vn 0.94457835 -0.25764441 0.20344827
vn 0.9685958 -0.17561078 0.17601971
vn 0.92253757 -0.16623797 0.3482662
vn 0.92253757 -0.16623797 0.3482662
vn 0.9685958 -0.17561078 0.17601971
vn 0.9810531 -0.10996143 0.15950923
vn 0.94199187 -0.10518188 0.31872913
vn 0.94199187 -0.10518188 0.31872913
vn 0.9810531 -0.10996143 0.15950923
vn 0.98716396 -0.053064015 0.15063776
vn 0.9517983 -0.051051084 0.30244642
vn 0.9517983 -0.051051084 0.30244642
vn 0.98716396 -0.053064015 0.15063776
vn 0.98901206 3.820144E-07 0.14783484
vn 0.95480466 3.589766E-07 0.29723394
vn 0.95480466 3.589766E-07 0.29723394
vn 0.98901206 3.820144E-07 0.14783484
vn 0.98716396 0.05306481 0.15063752
vn 0.951798 0.05105206 0.3024473
vn 0.951798 0.05105206 0.3024473
vn 0.98716396 0.05306481 0.15063752
vn 0.98105305 0.109962665 0.15950905
vn 0.9419909 0.1051832 0.3187315
vn 0.9419909 0.1051832 0.3187315
vn 0.98105305 0.109962665 0.15950905
vn 0.9685956 0.17561208 0.17601968
vn 0.9225363 0.16623926 0.348269
vn 0.9225363 0.16623926 0.348269
vn 0.9685956 0.17561208 0.17601968
vn 0.9445778 0.257646 0.20344841
vn 0.88673955 0.23960543 0.39532536
vn 0.88673955 0.23960543 0.39532536
vn 0.9445778 0.257646 0.20344841
vn 0.8956671 0.3692647 0.24783932
vn 0.8195723 0.33287287 0.4663655
vn 0.8195723 0.33287287 0.4663655
vn 0.8956671 0.3692647 0.24783932
vn 0.78481 0.5321288 0.31766668
vn 0.6877901 0.4541592 0.56628996
vn 0.6877901 0.4541592 0.56628996
vn 0.78481 0.5321288 0.31766668
vn 0.51544785 0.7540213 0.4071429
vn 0.42843342 0.5960632 0.6790827
vn 0.42843342 0.5960632 0.6790827
vn 0.51544785 0.7540213 0.4071429
vn -1.8915217E-06 0.8913031 0.45340788
vn -2.184563E-06 0.67681223 0.73615575
vn -1.8915217E-06 0.8913031 0.45340788
vn -1.4815358E-06 1 1.3707564E-06
vn -0.5527262 0.8333629 1.5062128E-06
vn -0.51545143 0.7540189 0.407143
vn -0.51545143 0.7540189 0.407143
vn -0.5527262 0.8333629 1.5062128E-06
vn -0.82400084 0.56658846 1.6565189E-06
vn -0.7848118 0.53212625 0.31766668
vn -0.7848118 0.53212625 0.31766668
vn -0.82400084 0.56658846 1.6565189E-06
vn -0.9235361 0.38351166 1.2297912E-06
vn -0.89566755 0.36926317 0.24783927
vn -0.89566755 0.36926317 0.24783927
vn -0.9235361 0.38351166 1.2297912E-06
vn -0.96447843 0.26416194 3.6553243E-07
vn -0.94457793 0.25764552 0.20344833
vn -0.94457793 0.25764552 0.20344833
vn -0.96447843 0.26416194 3.6553243E-07
vn -0.9838836 0.17881048 -1.7710953E-07
vn -0.96859574 0.17561123 0.17601936
vn -0.96859574 0.17561123 0.17601936
vn -0.9838836 0.17881048 -1.7710953E-07
vn -0.9937609 0.111531734 -4.0866902E-07
vn -0.9810531 0.109961815 0.15950917
vn -0.9810531 0.109961815 0.15950917
vn -0.9937609 0.111531734 -4.0866902E-07
vn -0.99855644 0.05371306 -4.945353E-07
vn -0.9871638 0.053064622 0.1506381
vn -0.9871638 0.053064622 0.1506381
vn -0.99855644 0.05371306 -4.945353E-07
vn -0.99999994 1.7863078E-08 -4.9897324E-07
vn -0.9890119 5.5686467E-08 0.14783566
vn -0.9890119 5.5686467E-08 0.14783566
vn -0.99999994 1.7863078E-08 -4.9897324E-07
vn -0.99855644 -0.053713173 -3.6425047E-07
vn -0.9871638 -0.053064715 0.15063848
vn -0.9871638 -0.053064715 0.15063848
vn -0.99855644 -0.053713173 -3.6425047E-07
vn -0.9937609 -0.11153199 -3.6010928E-07
vn -0.981053 -0.10996218 0.15951003
vn -0.981053 -0.10996218 0.15951003
vn -0.9937609 -0.11153199 -3.6010928E-07
vn -0.9838836 -0.17881058 -3.0153242E-07
vn -0.9685957 -0.1756112 0.17602049
vn -0.9685957 -0.1756112 0.17602049
vn -0.9838836 -0.17881058 -3.0153242E-07
vn -0.96447825 -0.26416224 -1.5482092E-07
vn -0.94457805 -0.25764543 0.20344816
vn -0.94457805 -0.25764543 0.20344816
vn -0.96447825 -0.26416224 -1.5482092E-07
vn -0.9235355 -0.38351297 4.8945196E-07
vn -0.8956675 -0.3692646 0.24783775
vn -0.8956675 -0.3692646 0.24783775
vn -0.9235355 -0.38351297 4.8945196E-07
vn -0.82400024 -0.5665894 2.6846797E-07
vn -0.7848112 -0.5321284 0.3176645
vn -0.7848112 -0.5321284 0.3176645
vn -0.82400024 -0.5665894 2.6846797E-07
vn -0.5527251 -0.8333636 4.2110884E-07
vn -0.51545024 -0.7540201 0.40714216
vn -0.51545024 -0.7540201 0.40714216
vn -0.5527251 -0.8333636 4.2110884E-07
vn 1.6597686E-06 -1 3.0571906E-07
vn 1.635045E-06 -0.89130324 0.45340765
vn 1.635045E-06 -0.89130324 0.45340765
vn 1.6597686E-06 -1 3.0571906E-07
vn 0.5527282 -0.8333617 4.3152653E-07
vn 0.5154536 -0.7540183 0.40714127
vn 0.5154536 -0.7540183 0.40714127
vn 0.5527282 -0.8333617 4.3152653E-07
vn 0.824002 -0.56658685 2.8321912E-07
vn 0.7848131 -0.5321259 0.317664
vn 0.7848131 -0.5321259 0.317664
vn 0.824002 -0.56658685 2.8321912E-07
vn 0.92353624 -0.38351116 5.039199E-07
vn 0.895668 -0.36926278 0.24783799
vn 0.895668 -0.36926278 0.24783799
vn 0.92353624 -0.38351116 5.039199E-07
vn 0.9644787 -0.26416096 -1.2129847E-07
vn 0.94457835 -0.25764441 0.20344827
vn 0.94457835 -0.25764441 0.20344827
vn 0.9644787 -0.26416096 -1.2129847E-07
vn 0.9838837 -0.17881013 -2.7169182E-07
vn 0.9685958 -0.17561078 0.17601971
vn 0.9685958 -0.17561078 0.17601971
vn 0.9838837 -0.17881013 -2.7169182E-07
vn 0.99376094 -0.111531325 -3.6964443E-07
vn 0.9810531 -0.10996143 0.15950923
vn 0.9810531 -0.10996143 0.15950923
vn 0.99376094 -0.111531325 -3.6964443E-07
vn 0.99855644 -0.05371244 -3.6544142E-07
vn 0.98716396 -0.053064015 0.15063776
vn 0.98716396 -0.053064015 0.15063776
vn 0.99855644 -0.05371244 -3.6544142E-07
vn 0.99999994 3.4296974E-07 -4.9182796E-07
vn 0.98901206 3.820144E-07 0.14783484
vn 0.98901206 3.820144E-07 0.14783484
vn 0.99999994 3.4296974E-07 -4.9182796E-07
vn 0.9985564 0.05371322 -4.981085E-07
vn 0.98716396 0.05306481 0.15063752
vn 0.98716396 0.05306481 0.15063752
vn 0.9985564 0.05371322 -4.981085E-07
vn 0.99376076 0.1115325 -4.3846643E-07
vn 0.98105305 0.109962665 0.15950905
vn 0.98105305 0.109962665 0.15950905
vn 0.99376076 0.1115325 -4.3846643E-07
vn 0.98388344 0.17881127 -2.403713E-07
vn 0.9685956 0.17561208 0.17601968
vn 0.9685956 0.17561208 0.17601968
vn 0.98388344 0.17881127 -2.403713E-07
vn 0.9644782 0.26416272 1.2608763E-07
vn 0.9445778 0.257646 0.20344841
vn 0.9445778 0.257646 0.20344841
vn 0.9644782 0.26416272 1.2608763E-07
vn 0.92353547 0.38351297 7.2824474E-07
vn 0.8956671 0.3692647 0.24783932
vn 0.8956671 0.3692647 0.24783932
vn 0.92353547 0.38351297 7.2824474E-07
vn 0.82399887 0.5665914 1.2262864E-06
vn 0.78481 0.5321288 0.31766668
vn 0.78481 0.5321288 0.31766668
vn 0.82399887 0.5665914 1.2262864E-06
vn 0.5527232 0.8333649 1.3759877E-06
vn 0.51544785 0.7540213 0.4071429
vn 0.51544785 0.7540213 0.4071429
vn 0.5527232 0.8333649 1.3759877E-06
vn -1.4815358E-06 1 1.3707564E-06
vn -1.8915217E-06 0.8913031 0.45340788
vn -1.4815358E-06 1 1.3707564E-06
vn -1.4159716E-06 0.8913031 -0.4534079
vn -0.5154504 0.75401944 -0.4071431
vn -0.5527262 0.8333629 1.5062128E-06
vn -0.5527262 0.8333629 1.5062128E-06
vn -0.5154504 0.75401944 -0.4071431
vn -0.78481126 0.5321267 -0.31766692
vn -0.82400084 0.56658846 1.6565189E-06
vn -0.82400084 0.56658846 1.6565189E-06
vn -0.78481126 0.5321267 -0.31766692
vn -0.89566785 0.3692626 -0.24783893
vn -0.9235361 0.38351166 1.2297912E-06
vn -0.9235361 0.38351166 1.2297912E-06
vn -0.89566785 0.3692626 -0.24783893
vn -0.94457823 0.25764477 -0.20344797
vn -0.96447843 0.26416194 3.6553243E-07
vn -0.96447843 0.26416194 3.6553243E-07
vn -0.94457823 0.25764477 -0.20344797
vn -0.96859586 0.17561105 -0.1760192
vn -0.9838836 0.17881048 -1.7710953E-07
vn -0.9838836 0.17881048 -1.7710953E-07
vn -0.96859586 0.17561105 -0.1760192
vn -0.98105323 0.10996173 -0.15950815
vn -0.9937609 0.111531734 -4.0866902E-07
vn -0.9937609 0.111531734 -4.0866902E-07
vn -0.98105323 0.10996173 -0.15950815
vn -0.9871639 0.05306452 -0.1506372
vn -0.99855644 0.05371306 -4.945353E-07
vn -0.99855644 0.05371306 -4.945353E-07
vn -0.9871639 0.05306452 -0.1506372
vn -0.98901206 -5.6655005E-09 -0.14783503
vn -0.99999994 1.7863078E-08 -4.9897324E-07
vn -0.99999994 1.7863078E-08 -4.9897324E-07
vn -0.98901206 -5.6655005E-09 -0.14783503
vn -0.9871639 -0.053064726 -0.15063743
vn -0.99855644 -0.053713173 -3.6425047E-07
vn -0.99855644 -0.053713173 -3.6425047E-07
vn -0.9871639 -0.053064726 -0.15063743
vn -0.98105323 -0.109962046 -0.15950863
vn -0.9937609 -0.11153199 -3.6010928E-07
vn -0.9937609 -0.11153199 -3.6010928E-07
vn -0.98105323 -0.109962046 -0.15950863
vn -0.96859586 -0.17561127 -0.17601939
vn -0.9838836 -0.17881058 -3.0153242E-07
vn -0.9838836 -0.17881058 -3.0153242E-07
vn -0.96859586 -0.17561127 -0.17601939
vn -0.9445783 -0.25764522 -0.2034474
vn -0.96447825 -0.26416224 -1.5482092E-07
vn -0.96447825 -0.26416224 -1.5482092E-07
vn -0.9445783 -0.25764522 -0.2034474
vn -0.8956683 -0.36926302 -0.24783687
vn -0.9235355 -0.38351297 4.8945196E-07
vn -0.9235355 -0.38351297 4.8945196E-07
vn -0.8956683 -0.36926302 -0.24783687
vn -0.7848119 -0.5321266 -0.31766582
vn -0.82400024 -0.5665894 2.6846797E-07
vn -0.82400024 -0.5665894 2.6846797E-07
vn -0.7848119 -0.5321266 -0.31766582
vn -0.5154498 -0.75402 -0.40714288
vn -0.5527251 -0.8333636 4.2110884E-07
vn -0.5527251 -0.8333636 4.2110884E-07
vn -0.5154498 -0.75402 -0.40714288
vn 1.3892532E-06 -0.89130306 -0.45340806
vn 1.6597686E-06 -1 3.0571906E-07
vn 1.6597686E-06 -1 3.0571906E-07
vn 1.3892532E-06 -0.89130306 -0.45340806
vn 0.5154533 -0.7540183 -0.40714186
vn 0.5527282 -0.8333617 4.3152653E-07
vn 0.5527282 -0.8333617 4.3152653E-07
vn 0.5154533 -0.7540183 -0.40714186
vn 0.7848139 -0.5321241 -0.3176651
vn 0.824002 -0.56658685 2.8321912E-07
vn 0.824002 -0.56658685 2.8321912E-07
vn 0.7848139 -0.5321241 -0.3176651
vn 0.8956689 -0.36926162 -0.24783674
vn 0.92353624 -0.38351116 5.039199E-07
vn 0.92353624 -0.38351116 5.039199E-07
vn 0.8956689 -0.36926162 -0.24783674
vn 0.94457877 -0.25764403 -0.20344673
vn 0.9644787 -0.26416096 -1.2129847E-07
vn 0.9644787 -0.26416096 -1.2129847E-07
vn 0.94457877 -0.25764403 -0.20344673
vn 0.9685959 -0.17561084 -0.17601864
vn 0.9838837 -0.17881013 -2.7169182E-07
vn 0.9838837 -0.17881013 -2.7169182E-07
vn 0.9685959 -0.17561084 -0.17601864
vn 0.98105335 -0.10996129 -0.15950789
vn 0.99376094 -0.111531325 -3.6964443E-07
vn 0.99376094 -0.111531325 -3.6964443E-07
vn 0.98105335 -0.10996129 -0.15950789
vn 0.98716396 -0.05306402 -0.15063664
vn 0.99855644 -0.05371244 -3.6544142E-07
vn 0.99855644 -0.05371244 -3.6544142E-07
vn 0.98716396 -0.05306402 -0.15063664
vn 0.9890122 3.0756144E-07 -0.14783421
vn 0.99999994 3.4296974E-07 -4.9182796E-07
vn 0.99999994 3.4296974E-07 -4.9182796E-07
vn 0.9890122 3.0756144E-07 -0.14783421
vn 0.9871639 0.053064846 -0.15063696
vn 0.9985564 0.05371322 -4.981085E-07
vn 0.9985564 0.05371322 -4.981085E-07
vn 0.9871639 0.053064846 -0.15063696
vn 0.9810531 0.10996252 -0.15950853
vn 0.99376076 0.1115325 -4.3846643E-07
vn 0.99376076 0.1115325 -4.3846643E-07
vn 0.9810531 0.10996252 -0.15950853
vn 0.9685956 0.17561176 -0.17601958
vn 0.98388344 0.17881127 -2.403713E-07
vn 0.98388344 0.17881127 -2.403713E-07
vn 0.9685956 0.17561176 -0.17601958
vn 0.94457805 0.2576454 -0.20344804
vn 0.9644782 0.26416272 1.2608763E-07
vn 0.9644782 0.26416272 1.2608763E-07
vn 0.94457805 0.2576454 -0.20344804
vn 0.89566725 0.36926398 -0.24783899
vn 0.92353547 0.38351297 7.2824474E-07
vn 0.92353547 0.38351297 7.2824474E-07
vn 0.89566725 0.36926398 -0.24783899
vn 0.7848096 0.532129 -0.31766754
vn 0.82399887 0.5665914 1.2262864E-06
vn 0.82399887 0.5665914 1.2262864E-06
vn 0.7848096 0.532129 -0.31766754
vn 0.5154473 0.75402135 -0.40714353
vn 0.5527232 0.8333649 1.3759877E-06
vn 0.5527232 0.8333649 1.3759877E-06
vn 0.5154473 0.75402135 -0.40714353
vn -1.4159716E-06 0.8913031 -0.4534079
vn -1.4815358E-06 1 1.3707564E-06
vn -1.4159716E-06 0.8913031 -0.4534079
vn -1.1906612E-06 0.67680985 -0.7361579
vn -0.4284345 0.59606075 -0.67908424
vn -0.5154504 0.75401944 -0.4071431
vn -0.5154504 0.75401944 -0.4071431
vn -0.4284345 0.59606075 -0.67908424
vn -0.6877915 0.45415637 -0.5662904
vn -0.78481126 0.5321267 -0.31766692
vn -0.78481126 0.5321267 -0.31766692
vn -0.6877915 0.45415637 -0.5662904
vn -0.81957334 0.33287057 -0.46636555
vn -0.89566785 0.3692626 -0.24783893
vn -0.89566785 0.3692626 -0.24783893
vn -0.81957334 0.33287057 -0.46636555
vn -0.8867402 0.23960423 -0.39532483
vn -0.94457823 0.25764477 -0.20344797
vn -0.94457823 0.25764477 -0.20344797
vn -0.8867402 0.23960423 -0.39532483
vn -0.92253715 0.16623847 -0.34826702
vn -0.96859586 0.17561105 -0.1760192
vn -0.96859586 0.17561105 -0.1760192
vn -0.92253715 0.16623847 -0.34826702
vn -0.94199175 0.105182454 -0.31872886
vn -0.98105323 0.10996173 -0.15950815
vn -0.98105323 0.10996173 -0.15950815
vn -0.94199175 0.105182454 -0.31872886
vn -0.9517986 0.05105163 -0.3024453
vn -0.9871639 0.05306452 -0.1506372
vn -0.9871639 0.05306452 -0.1506372
vn -0.9517986 0.05105163 -0.3024453
vn -0.95480514 -4.08942E-08 -0.29723263
vn -0.98901206 -5.6655005E-09 -0.14783503
vn -0.98901206 -5.6655005E-09 -0.14783503
vn -0.95480514 -4.08942E-08 -0.29723263
vn -0.95179826 -0.051051974 -0.3024462
vn -0.9871639 -0.053064726 -0.15063743
vn -0.9871639 -0.053064726 -0.15063743
vn -0.95179826 -0.051051974 -0.3024462
vn -0.9419913 -0.10518277 -0.31873032
vn -0.98105323 -0.109962046 -0.15950863
vn -0.98105323 -0.109962046 -0.15950863
vn -0.9419913 -0.10518277 -0.31873032
vn -0.9225367 -0.16623877 -0.34826848
vn -0.96859586 -0.17561127 -0.17601939
vn -0.96859586 -0.17561127 -0.17601939
vn -0.9225367 -0.16623877 -0.34826848
vn -0.88673955 -0.2396045 -0.39532605
vn -0.9445783 -0.25764522 -0.2034474
vn -0.9445783 -0.25764522 -0.2034474
vn -0.88673955 -0.2396045 -0.39532605
vn -0.8195729 -0.3328707 -0.46636596
vn -0.8956683 -0.36926302 -0.24783687
vn -0.8956683 -0.36926302 -0.24783687
vn -0.8195729 -0.3328707 -0.46636596
vn -0.6877924 -0.45415643 -0.56628925
vn -0.7848119 -0.5321266 -0.31766582
vn -0.7848119 -0.5321266 -0.31766582
vn -0.6877924 -0.45415643 -0.56628925
vn -0.42843467 -0.59606117 -0.67908376
vn -0.5154498 -0.75402 -0.40714288
vn -0.5154498 -0.75402 -0.40714288
vn -0.42843467 -0.59606117 -0.67908376
vn 1.0342624E-06 -0.6768108 -0.73615706
vn 1.3892532E-06 -0.89130306 -0.45340806
vn 1.3892532E-06 -0.89130306 -0.45340806
vn 1.0342624E-06 -0.6768108 -0.73615706
vn 0.4284375 -0.5960599 -0.6790831
vn 0.5154533 -0.7540183 -0.40714186
vn 0.5154533 -0.7540183 -0.40714186
vn 0.4284375 -0.5960599 -0.6790831
vn 0.68779415 -0.45415506 -0.5662883
vn 0.7848139 -0.5321241 -0.3176651
vn 0.7848139 -0.5321241 -0.3176651
vn 0.68779415 -0.45415506 -0.5662883
vn 0.81957424 -0.33286968 -0.46636444
vn 0.8956689 -0.36926162 -0.24783674
vn 0.8956689 -0.36926162 -0.24783674
vn 0.81957424 -0.33286968 -0.46636444
vn 0.8867404 -0.23960392 -0.3953246
vn 0.94457877 -0.25764403 -0.20344673
vn 0.94457877 -0.25764403 -0.20344673
vn 0.8867404 -0.23960392 -0.3953246
vn 0.922537 -0.16623819 -0.34826759
vn 0.9685959 -0.17561084 -0.17601864
vn 0.9685959 -0.17561084 -0.17601864
vn 0.922537 -0.16623819 -0.34826759
vn 0.94199145 -0.10518206 -0.31872988
vn 0.98105335 -0.10996129 -0.15950789
vn 0.98105335 -0.10996129 -0.15950789
vn 0.94199145 -0.10518206 -0.31872988
vn 0.95179844 -0.051051445 -0.30244568
vn 0.98716396 -0.05306402 -0.15063664
vn 0.98716396 -0.05306402 -0.15063664
vn 0.95179844 -0.051051445 -0.30244568
vn 0.9548052 3.403283E-07 -0.29723224
vn 0.9890122 3.0756144E-07 -0.14783421
vn 0.9890122 3.0756144E-07 -0.14783421
vn 0.9548052 3.403283E-07 -0.29723224
vn 0.9517985 0.051052187 -0.30244547
vn 0.9871639 0.053064846 -0.15063696
vn 0.9871639 0.053064846 -0.15063696
vn 0.9517985 0.051052187 -0.30244547
vn 0.94199145 0.10518327 -0.3187297
vn 0.9810531 0.10996252 -0.15950853
vn 0.9810531 0.10996252 -0.15950853
vn 0.94199145 0.10518327 -0.3187297
vn 0.92253673 0.16623907 -0.34826776
vn 0.9685956 0.17561176 -0.17601958
vn 0.9685956 0.17561176 -0.17601958
vn 0.92253673 0.16623907 -0.34826776
vn 0.88673985 0.23960462 -0.39532533
vn 0.94457805 0.2576454 -0.20344804
vn 0.94457805 0.2576454 -0.20344804
vn 0.88673985 0.23960462 -0.39532533
vn 0.81957227 0.33287153 -0.46636662
vn 0.89566725 0.36926398 -0.24783899
vn 0.89566725 0.36926398 -0.24783899
vn 0.81957227 0.33287153 -0.46636662
vn 0.68778926 0.4541581 -0.5662919
vn 0.7848096 0.532129 -0.31766754
vn 0.7848096 0.532129 -0.31766754
vn 0.68778926 0.4541581 -0.5662919
vn 0.42843175 0.59606165 -0.6790852
vn 0.5154473 0.75402135 -0.40714353
vn 0.5154473 0.75402135 -0.40714353
vn 0.42843175 0.59606165 -0.6790852
vn -1.1906612E-06 0.67680985 -0.7361579
vn -1.4159716E-06 0.8913031 -0.4534079
vn -1.1906612E-06 0.67680985 -0.7361579
vn -8.3605255E-07 0.4890377 -0.87226266
vn -0.33305416 0.44755757 -0.82991993
vn -0.4284345 0.59606075 -0.67908424
vn -0.4284345 0.59606075 -0.67908424
vn -0.33305416 0.44755757 -0.82991993
vn -0.56700504 0.36600152 -0.7379351
vn -0.6877915 0.45415637 -0.5662904
vn -0.6877915 0.45415637 -0.5662904
vn -0.56700504 0.36600152 -0.7379351
vn -0.7104388 0.28424948 -0.64380044
vn -0.81957334 0.33287057 -0.46636555
vn -0.81957334 0.33287057 -0.46636555
vn -0.7104388 0.28424948 -0.64380044
vn -0.79521745 0.21257412 -0.56783926
vn -0.8867402 0.23960423 -0.39532483
vn -0.8867402 0.23960423 -0.39532483
vn -0.79521745 0.21257412 -0.56783926
vn -0.84505206 0.15103301 -0.51290935
vn -0.92253715 0.16623847 -0.34826702
vn -0.92253715 0.16623847 -0.34826702
vn -0.84505206 0.15103301 -0.51290935
vn -0.87384063 0.096973106 -0.47644392
vn -0.94199175 0.105182454 -0.31872886
vn -0.94199175 0.105182454 -0.31872886
vn -0.87384063 0.096973106 -0.47644392
vn -0.8889081 0.047474734 -0.4556188
vn -0.9517986 0.05105163 -0.3024453
vn -0.9517986 0.05105163 -0.3024453
vn -0.8889081 0.047474734 -0.4556188
vn -0.89362204 -1.5333255E-07 -0.44882026
vn -0.95480514 -4.08942E-08 -0.29723263
vn -0.95480514 -4.08942E-08 -0.29723263
vn -0.89362204 -1.5333255E-07 -0.44882026
vn -0.8889081 -0.047475297 -0.4556188
vn -0.95179826 -0.051051974 -0.3024462
vn -0.95179826 -0.051051974 -0.3024462
vn -0.8889081 -0.047475297 -0.4556188
vn -0.8738399 -0.09697376 -0.4764451
vn -0.9419913 -0.10518277 -0.31873032
vn -0.9419913 -0.10518277 -0.31873032
vn -0.8738399 -0.09697376 -0.4764451
vn -0.84505105 -0.15103288 -0.5129111
vn -0.9225367 -0.16623877 -0.34826848
vn -0.9225367 -0.16623877 -0.34826848
vn -0.84505105 -0.15103288 -0.5129111
vn -0.7952159 -0.21257445 -0.56784135
vn -0.88673955 -0.2396045 -0.39532605
vn -0.88673955 -0.2396045 -0.39532605
vn -0.7952159 -0.21257445 -0.56784135
vn -0.710438 -0.2842487 -0.6438015
vn -0.8195729 -0.3328707 -0.46636596
vn -0.8195729 -0.3328707 -0.46636596
vn -0.710438 -0.2842487 -0.6438015
vn -0.5670032 -0.36599997 -0.7379373
vn -0.6877924 -0.45415643 -0.56628925
vn -0.6877924 -0.45415643 -0.56628925
vn -0.5670032 -0.36599997 -0.7379373
vn -0.33305284 -0.44755557 -0.8299216
vn -0.42843467 -0.59606117 -0.67908376
vn -0.42843467 -0.59606117 -0.67908376
vn -0.33305284 -0.44755557 -0.8299216
vn 9.1427984E-07 -0.4890353 -0.87226397
vn 1.0342624E-06 -0.6768108 -0.73615706
vn 1.0342624E-06 -0.6768108 -0.73615706
vn 9.1427984E-07 -0.4890353 -0.87226397
vn 0.33305508 -0.44755504 -0.82992095
vn 0.4284375 -0.5960599 -0.6790831
vn 0.4284375 -0.5960599 -0.6790831
vn 0.33305508 -0.44755504 -0.82992095
vn 0.5670054 -0.365999 -0.737936
vn 0.68779415 -0.45415506 -0.5662883
vn 0.68779415 -0.45415506 -0.5662883
vn 0.5670054 -0.365999 -0.737936
vn 0.7104383 -0.28424823 -0.64380145
vn 0.81957424 -0.33286968 -0.46636444
vn 0.81957424 -0.33286968 -0.46636444
vn 0.7104383 -0.28424823 -0.64380145
vn 0.7952164 -0.21257378 -0.56784093
vn 0.8867404 -0.23960392 -0.3953246
vn 0.8867404 -0.23960392 -0.3953246
vn 0.7952164 -0.21257378 -0.56784093
vn 0.8450512 -0.15103233 -0.5129108
vn 0.922537 -0.16623819 -0.34826759
vn 0.922537 -0.16623819 -0.34826759
vn 0.8450512 -0.15103233 -0.5129108
vn 0.87384033 -0.09697306 -0.47644448
vn 0.94199145 -0.10518206 -0.31872988
vn 0.94199145 -0.10518206 -0.31872988
vn 0.87384033 -0.09697306 -0.47644448
vn 0.8889081 -0.047474846 -0.45561874
vn 0.95179844 -0.051051445 -0.30244568
vn 0.95179844 -0.051051445 -0.30244568
vn 0.8889081 -0.047474846 -0.45561874
vn 0.893622 2.8052906E-07 -0.44882053
vn 0.9548052 3.403283E-07 -0.29723224
vn 0.9548052 3.403283E-07 -0.29723224
vn 0.893622 2.8052906E-07 -0.44882053
vn 0.88890797 0.047475304 -0.45561922
vn 0.9517985 0.051052187 -0.30244547
vn 0.9517985 0.051052187 -0.30244547
vn 0.88890797 0.047475304 -0.45561922
vn 0.8738405 0.096973896 -0.4764441
vn 0.94199145 0.10518327 -0.3187297
vn 0.94199145 0.10518327 -0.3187297
vn 0.8738405 0.096973896 -0.4764441
vn 0.84505177 0.15103355 -0.5129096
vn 0.92253673 0.16623907 -0.34826776
vn 0.92253673 0.16623907 -0.34826776
vn 0.84505177 0.15103355 -0.5129096
vn 0.7952171 0.2125745 -0.56783974
vn 0.88673985 0.23960462 -0.39532533
vn 0.88673985 0.23960462 -0.39532533
vn 0.7952171 0.2125745 -0.56783974
vn 0.71043706 0.28425026 -0.64380187
vn 0.81957227 0.33287153 -0.46636662
vn 0.81957227 0.33287153 -0.46636662
vn 0.71043706 0.28425026 -0.64380187
vn 0.56700283 0.36600217 -0.73793644
vn 0.68778926 0.4541581 -0.5662919
vn 0.68778926 0.4541581 -0.5662919
vn 0.56700283 0.36600217 -0.73793644
vn 0.3330517 0.44755805 -0.8299207
vn 0.42843175 0.59606165 -0.6790852
vn 0.42843175 0.59606165 -0.6790852
vn 0.3330517 0.44755805 -0.8299207
vn -8.3605255E-07 0.4890377 -0.87226266
vn -1.1906612E-06 0.67680985 -0.7361579
vn -8.3605255E-07 0.4890377 -0.87226266
vn -9.34428E-07 0.348727 -0.9372243
vn -0.248686 0.32720253 -0.9116434
vn -0.33305416 0.44755757 -0.82991993
vn -0.33305416 0.44755757 -0.82991993
vn -0.248686 0.32720253 -0.9116434
vn -0.4437303 0.28160208 -0.8507665
vn -0.56700504 0.36600152 -0.7379351
vn -0.56700504 0.36600152 -0.7379351
vn -0.4437303 0.28160208 -0.8507665
vn -0.581969 0.22974987 -0.7800814
vn -0.7104388 0.28424948 -0.64380044
vn -0.7104388 0.28424948 -0.64380044
vn -0.581969 0.22974987 -0.7800814
vn -0.67496157 0.17844741 -0.71594936
vn -0.79521745 0.21257412 -0.56783926
vn -0.79521745 0.21257412 -0.56783926
vn -0.67496157 0.17844741 -0.71594936
vn -0.73525095 0.13014087 -0.66518366
vn -0.84505206 0.15103301 -0.51290935
vn -0.84505206 0.15103301 -0.51290935
vn -0.73525095 0.13014087 -0.66518366
vn -0.77248424 0.08497678 -0.6293226
vn -0.87384063 0.096973106 -0.47644392
vn -0.87384063 0.096973106 -0.47644392
vn -0.77248424 0.08497678 -0.6293226
vn -0.7928085 0.042023852 -0.6080204
vn -0.8889081 0.047474734 -0.4556188
vn -0.8889081 0.047474734 -0.4556188
vn -0.7928085 0.042023852 -0.6080204
vn -0.79931635 -2.542905E-07 -0.6009105
vn -0.89362204 -1.5333255E-07 -0.44882026
vn -0.89362204 -1.5333255E-07 -0.44882026
vn -0.79931635 -2.542905E-07 -0.6009105
vn -0.792808 -0.042024475 -0.6080208
vn -0.8889081 -0.047475297 -0.4556188
vn -0.8889081 -0.047475297 -0.4556188
vn -0.792808 -0.042024475 -0.6080208
vn -0.7724845 -0.08497781 -0.6293224
vn -0.8738399 -0.09697376 -0.4764451
vn -0.8738399 -0.09697376 -0.4764451
vn -0.7724845 -0.08497781 -0.6293224
vn -0.73525137 -0.13014144 -0.66518307
vn -0.84505105 -0.15103288 -0.5129111
vn -0.84505105 -0.15103288 -0.5129111
vn -0.73525137 -0.13014144 -0.66518307
vn -0.6749603 -0.17844784 -0.7159503
vn -0.7952159 -0.21257445 -0.56784135
vn -0.7952159 -0.21257445 -0.56784135
vn -0.6749603 -0.17844784 -0.7159503
vn -0.581968 -0.22975002 -0.7800821
vn -0.710438 -0.2842487 -0.6438015
vn -0.710438 -0.2842487 -0.6438015
vn -0.581968 -0.22975002 -0.7800821
vn -0.44373015 -0.28160158 -0.85076684
vn -0.5670032 -0.36599997 -0.7379373
vn -0.5670032 -0.36599997 -0.7379373
vn -0.44373015 -0.28160158 -0.85076684
vn -0.24868426 -0.3272014 -0.91164434
vn -0.33305284 -0.44755557 -0.8299216
vn -0.33305284 -0.44755557 -0.8299216
vn -0.24868426 -0.3272014 -0.91164434
vn 5.2501355E-07 -0.34872547 -0.9372249
vn 9.1427984E-07 -0.4890353 -0.87226397
vn 9.1427984E-07 -0.4890353 -0.87226397
vn 5.2501355E-07 -0.34872547 -0.9372249
vn 0.248687 -0.32720098 -0.91164374
vn 0.33305508 -0.44755504 -0.82992095
vn 0.33305508 -0.44755504 -0.82992095
vn 0.248687 -0.32720098 -0.91164374
vn 0.44373128 -0.2816008 -0.8507665
vn 0.5670054 -0.365999 -0.737936
vn 0.5670054 -0.365999 -0.737936
vn 0.44373128 -0.2816008 -0.8507665
vn 0.58196837 -0.22974981 -0.780082
vn 0.7104383 -0.28424823 -0.64380145
vn 0.7104383 -0.28424823 -0.64380145
vn 0.58196837 -0.22974981 -0.780082
vn 0.6749612 -0.17844732 -0.7159497
vn 0.7952164 -0.21257378 -0.56784093
vn 0.7952164 -0.21257378 -0.56784093
vn 0.6749612 -0.17844732 -0.7159497
vn 0.7352516 -0.13014098 -0.66518295
vn 0.8450512 -0.15103233 -0.5129108
vn 0.8450512 -0.15103233 -0.5129108
vn 0.7352516 -0.13014098 -0.66518295
vn 0.7724847 -0.08497731 -0.6293221
vn 0.87384033 -0.09697306 -0.47644448
vn 0.87384033 -0.09697306 -0.47644448
vn 0.7724847 -0.08497731 -0.6293221
vn 0.79280823 -0.042024013 -0.60802054
vn 0.8889081 -0.047474846 -0.45561874
vn 0.8889081 -0.047474846 -0.45561874
vn 0.79280823 -0.042024013 -0.60802054
vn 0.7993163 2.0405359E-07 -0.6009104
vn 0.893622 2.8052906E-07 -0.44882053
vn 0.893622 2.8052906E-07 -0.44882053
vn 0.7993163 2.0405359E-07 -0.6009104
vn 0.7928084 0.04202419 -0.6080204
vn 0.88890797 0.047475304 -0.45561922
vn 0.88890797 0.047475304 -0.45561922
vn 0.7928084 0.04202419 -0.6080204
vn 0.772484 0.08497744 -0.6293229
vn 0.8738405 0.096973896 -0.4764441
vn 0.8738405 0.096973896 -0.4764441
vn 0.772484 0.08497744 -0.6293229
vn 0.7352506 0.13014145 -0.66518414
vn 0.84505177 0.15103355 -0.5129096
vn 0.84505177 0.15103355 -0.5129096
vn 0.7352506 0.13014145 -0.66518414
vn 0.674961 0.1784477 -0.71594983
vn 0.7952171 0.2125745 -0.56783974
vn 0.7952171 0.2125745 -0.56783974
vn 0.674961 0.1784477 -0.71594983
vn 0.5819678 0.22975056 -0.7800821
vn 0.71043706 0.28425026 -0.64380187
vn 0.71043706 0.28425026 -0.64380187
vn 0.5819678 0.22975056 -0.7800821
vn 0.44372857 0.28160268 -0.8507674
vn 0.56700283 0.36600217 -0.73793644
vn 0.56700283 0.36600217 -0.73793644
vn 0.44372857 0.28160268 -0.8507674
vn 0.24868466 0.3272028 -0.9116436
vn 0.3330517 0.44755805 -0.8299207
vn 0.3330517 0.44755805 -0.8299207
vn 0.24868466 0.3272028 -0.9116436
vn -9.34428E-07 0.348727 -0.9372243
vn -8.3605255E-07 0.4890377 -0.87226266
vn -9.34428E-07 0.348727 -0.9372243
vn -7.947928E-07 0.24157475 -0.9703821
vn -0.17734061 0.2297329 -0.9569604
vn -0.248686 0.32720253 -0.9116434
vn -0.248686 0.32720253 -0.9116434
vn -0.17734061 0.2297329 -0.9569604
vn -0.32639638 0.20420039 -0.9229125
vn -0.4437303 0.28160208 -0.8507665
vn -0.4437303 0.28160208 -0.8507665
vn -0.32639638 0.20420039 -0.9229125
vn -0.44357 0.17285746 -0.87941235
vn -0.581969 0.22974987 -0.7800814
vn -0.581969 0.22974987 -0.7800814
vn -0.44357 0.17285746 -0.87941235
vn -0.53101194 0.1387001 -0.83593583
vn -0.67496157 0.17844741 -0.71594936
vn -0.67496157 0.17844741 -0.71594936
vn -0.53101194 0.1387001 -0.83593583
vn -0.592875 0.10369006 -0.79859114
vn -0.73525095 0.13014087 -0.66518366
vn -0.73525095 0.13014087 -0.66518366
vn -0.592875 0.10369006 -0.79859114
vn -0.63361627 0.06883096 -0.77057946
vn -0.77248424 0.08497678 -0.6293226
vn -0.77248424 0.08497678 -0.6293226
vn -0.63361627 0.06883096 -0.77057946
vn -0.6567697 0.034358803 -0.7533081
vn -0.7928085 0.042023852 -0.6080204
vn -0.7928085 0.042023852 -0.6080204
vn -0.6567697 0.034358803 -0.7533081
vn -0.6643355 -4.372744E-07 -0.74743444
vn -0.79931635 -2.542905E-07 -0.6009105
vn -0.79931635 -2.542905E-07 -0.6009105
vn -0.6643355 -4.372744E-07 -0.74743444
vn -0.6567699 -0.034359414 -0.7533079
vn -0.792808 -0.042024475 -0.6080208
vn -0.792808 -0.042024475 -0.6080208
vn -0.6567699 -0.034359414 -0.7533079
vn -0.63361585 -0.06883173 -0.77057976
vn -0.7724845 -0.08497781 -0.6293224
vn -0.7724845 -0.08497781 -0.6293224
vn -0.63361585 -0.06883173 -0.77057976
vn -0.5928754 -0.10369074 -0.79859066
vn -0.73525137 -0.13014144 -0.66518307
vn -0.73525137 -0.13014144 -0.66518307
vn -0.5928754 -0.10369074 -0.79859066
vn -0.5310115 -0.1387013 -0.8359358
vn -0.6749603 -0.17844784 -0.7159503
vn -0.6749603 -0.17844784 -0.7159503
vn -0.5310115 -0.1387013 -0.8359358
vn -0.44357017 -0.17285848 -0.879412
vn -0.581968 -0.22975002 -0.7800821
vn -0.581968 -0.22975002 -0.7800821
vn -0.44357017 -0.17285848 -0.879412
vn -0.32639706 -0.20420086 -0.92291224
vn -0.44373015 -0.28160158 -0.85076684
vn -0.44373015 -0.28160158 -0.85076684
vn -0.32639706 -0.20420086 -0.92291224
vn -0.17734063 -0.22973363 -0.9569602
vn -0.24868426 -0.3272014 -0.91164434
vn -0.24868426 -0.3272014 -0.91164434
vn -0.17734063 -0.22973363 -0.9569602
vn 8.593327E-07 -0.24157552 -0.9703821
vn 5.2501355E-07 -0.34872547 -0.9372249
vn 5.2501355E-07 -0.34872547 -0.9372249
vn 8.593327E-07 -0.24157552 -0.9703821
vn 0.1773429 -0.22973315 -0.95695996
vn 0.248687 -0.32720098 -0.91164374
vn 0.248687 -0.32720098 -0.91164374
vn 0.1773429 -0.22973315 -0.95695996
vn 0.32639766 -0.20420091 -0.92291206
vn 0.44373128 -0.2816008 -0.8507665
vn 0.44373128 -0.2816008 -0.8507665
vn 0.32639766 -0.20420091 -0.92291206
vn 0.44357118 -0.17285818 -0.87941146
vn 0.58196837 -0.22974981 -0.780082
vn 0.58196837 -0.22974981 -0.780082
vn 0.44357118 -0.17285818 -0.87941146
vn 0.53101236 -0.1387009 -0.83593535
vn 0.6749612 -0.17844732 -0.7159497
vn 0.6749612 -0.17844732 -0.7159497
vn 0.53101236 -0.1387009 -0.83593535
vn 0.5928758 -0.103690304 -0.7985904
vn 0.7352516 -0.13014098 -0.66518295
vn 0.7352516 -0.13014098 -0.66518295
vn 0.5928758 -0.103690304 -0.7985904
vn 0.6336159 -0.06883162 -0.7705797
vn 0.7724847 -0.08497731 -0.6293221
vn 0.7724847 -0.08497731 -0.6293221
vn 0.6336159 -0.06883162 -0.7705797
vn 0.6567701 -0.034358855 -0.75330764
vn 0.79280823 -0.042024013 -0.60802054
vn 0.79280823 -0.042024013 -0.60802054
vn 0.6567701 -0.034358855 -0.75330764
vn 0.6643355 -8.3254456E-08 -0.74743444
vn 0.7993163 2.0405359E-07 -0.6009104
vn 0.7993163 2.0405359E-07 -0.6009104
vn 0.6643355 -8.3254456E-08 -0.74743444
vn 0.6567694 0.03435911 -0.7533084
vn 0.7928084 0.04202419 -0.6080204
vn 0.7928084 0.04202419 -0.6080204
vn 0.6567694 0.03435911 -0.7533084
vn 0.63361603 0.06883126 -0.7705797
vn 0.772484 0.08497744 -0.6293229
vn 0.772484 0.08497744 -0.6293229
vn 0.63361603 0.06883126 -0.7705797
vn 0.5928749 0.10369049 -0.798591
vn 0.7352506 0.13014145 -0.66518414
vn 0.7352506 0.13014145 -0.66518414
vn 0.5928749 0.10369049 -0.798591
vn 0.5310111 0.13870057 -0.83593625
vn 0.674961 0.1784477 -0.71594983
vn 0.674961 0.1784477 -0.71594983
vn 0.5310111 0.13870057 -0.83593625
vn 0.44356894 0.17285772 -0.8794128
vn 0.5819678 0.22975056 -0.7800821
vn 0.5819678 0.22975056 -0.7800821
vn 0.44356894 0.17285772 -0.8794128
vn 0.32639524 0.20420083 -0.9229129
vn 0.44372857 0.28160268 -0.8507674
vn 0.44372857 0.28160268 -0.8507674
vn 0.32639524 0.20420083 -0.9229129
vn 0.17733987 0.22973314 -0.95696044
vn 0.24868466 0.3272028 -0.9116436
vn 0.24868466 0.3272028 -0.9116436
vn 0.17733987 0.22973314 -0.95696044
vn -7.947928E-07 0.24157475 -0.9703821
vn -9.34428E-07 0.348727 -0.9372243
vn -7.947928E-07 0.24157475 -0.9703821
vn -4.5354903E-07 0.15442601 -0.9880044
vn -0.1158635 0.14744836 -0.98226
vn -0.17734061 0.2297329 -0.9569604
vn -0.17734061 0.2297329 -0.9569604
vn -0.1158635 0.14744836 -0.98226
vn -0.21638948 0.13311246 -0.96719015
vn -0.32639638 0.20420039 -0.9229125
vn -0.32639638 0.20420039 -0.9229125
vn -0.21638948 0.13311246 -0.96719015
vn -0.30068836 0.11529202 -0.94672817
vn -0.44357 0.17285746 -0.87941235
vn -0.44357 0.17285746 -0.87941235
vn -0.30068836 0.11529202 -0.94672817
vn -0.36843315 0.09467626 -0.9248208
vn -0.53101194 0.1387001 -0.83593583
vn -0.53101194 0.1387001 -0.83593583
vn -0.36843315 0.09467626 -0.9248208
vn -0.4196992 0.07212743 -0.9047929
vn -0.592875 0.10369006 -0.79859114
vn -0.592875 0.10369006 -0.79859114
vn -0.4196992 0.07212743 -0.9047929
vn -0.45523384 0.04846135 -0.88905215
vn -0.63361627 0.06883096 -0.77057946
vn -0.63361627 0.06883096 -0.77057946
vn -0.45523384 0.04846135 -0.88905215
vn -0.47601175 0.02430324 -0.87910306
vn -0.6567697 0.034358803 -0.7533081
vn -0.6567697 0.034358803 -0.7533081
vn -0.47601175 0.02430324 -0.87910306
vn -0.4828487 -2.2544737E-07 -0.8757038
vn -0.6643355 -4.372744E-07 -0.74743444
vn -0.6643355 -4.372744E-07 -0.74743444
vn -0.4828487 -2.2544737E-07 -0.8757038
vn -0.47601283 -0.02430377 -0.87910247
vn -0.6567699 -0.034359414 -0.7533079
vn -0.6567699 -0.034359414 -0.7533079
vn -0.47601283 -0.02430377 -0.87910247
vn -0.45523435 -0.04846245 -0.88905174
vn -0.63361585 -0.06883173 -0.77057976
vn -0.63361585 -0.06883173 -0.77057976
vn -0.45523435 -0.04846245 -0.88905174
vn -0.41970077 -0.07212822 -0.9047922
vn -0.5928754 -0.10369074 -0.79859066
vn -0.5928754 -0.10369074 -0.79859066
vn -0.41970077 -0.07212822 -0.9047922
vn -0.36843416 -0.09467695 -0.9248203
vn -0.5310115 -0.1387013 -0.8359358
vn -0.5310115 -0.1387013 -0.8359358
vn -0.36843416 -0.09467695 -0.9248203
vn -0.30068874 -0.1152934 -0.9467279
vn -0.44357017 -0.17285848 -0.879412
vn -0.44357017 -0.17285848 -0.879412
vn -0.30068874 -0.1152934 -0.9467279
vn -0.21639195 -0.1331137 -0.9671893
vn -0.32639706 -0.20420086 -0.92291224
vn -0.32639706 -0.20420086 -0.92291224
vn -0.21639195 -0.1331137 -0.9671893
vn -0.11586421 -0.14744969 -0.9822597
vn -0.17734063 -0.22973363 -0.9569602
vn -0.17734063 -0.22973363 -0.9569602
vn -0.11586421 -0.14744969 -0.9822597
vn 7.5651036E-07 -0.15442742 -0.98800415
vn 8.593327E-07 -0.24157552 -0.9703821
vn 8.593327E-07 -0.24157552 -0.9703821
vn 7.5651036E-07 -0.15442742 -0.98800415
vn 0.11586547 -0.14744961 -0.9822596
vn 0.1773429 -0.22973315 -0.95695996
vn 0.1773429 -0.22973315 -0.95695996
vn 0.11586547 -0.14744961 -0.9822596
vn 0.21639231 -0.13311355 -0.9671892
vn 0.32639766 -0.20420091 -0.92291206
vn 0.32639766 -0.20420091 -0.92291206
vn 0.21639231 -0.13311355 -0.9671892
vn 0.3006896 -0.11529312 -0.9467276
vn 0.44357118 -0.17285818 -0.87941146
vn 0.44357118 -0.17285818 -0.87941146
vn 0.3006896 -0.11529312 -0.9467276
vn 0.36843488 -0.09467663 -0.92482
vn 0.53101236 -0.1387009 -0.83593535
vn 0.53101236 -0.1387009 -0.83593535
vn 0.36843488 -0.09467663 -0.92482
vn 0.41970122 -0.07212787 -0.90479183
vn 0.5928758 -0.103690304 -0.7985904
vn 0.5928758 -0.103690304 -0.7985904
vn 0.41970122 -0.07212787 -0.90479183
vn 0.45523393 -0.04846241 -0.88905203
vn 0.6336159 -0.06883162 -0.7705797
vn 0.6336159 -0.06883162 -0.7705797
vn 0.45523393 -0.04846241 -0.88905203
vn 0.4760126 -0.024303176 -0.8791026
vn 0.6567701 -0.034358855 -0.75330764
vn 0.6567701 -0.034358855 -0.75330764
vn 0.4760126 -0.024303176 -0.8791026
vn 0.48284832 -9.5016965E-08 -0.87570393
vn 0.6643355 -8.3254456E-08 -0.74743444
vn 0.6643355 -8.3254456E-08 -0.74743444
vn 0.48284832 -9.5016965E-08 -0.87570393
vn 0.47601146 0.024303442 -0.87910324
vn 0.6567694 0.03435911 -0.7533084
vn 0.6567694 0.03435911 -0.7533084
vn 0.47601146 0.024303442 -0.87910324
vn 0.455233 0.04846159 -0.8890525
vn 0.63361603 0.06883126 -0.7705797
vn 0.63361603 0.06883126 -0.7705797
vn 0.455233 0.04846159 -0.8890525
vn 0.41969892 0.072127365 -0.90479314
vn 0.5928749 0.10369049 -0.798591
vn 0.5928749 0.10369049 -0.798591
vn 0.41969892 0.072127365 -0.90479314
vn 0.36843282 0.09467651 -0.92482096
vn 0.5310111 0.13870057 -0.83593625
vn 0.5310111 0.13870057 -0.83593625
vn 0.36843282 0.09467651 -0.92482096
vn 0.30068755 0.11529239 -0.94672847
vn 0.44356894 0.17285772 -0.8794128
vn 0.44356894 0.17285772 -0.8794128
vn 0.30068755 0.11529239 -0.94672847
vn 0.21638884 0.1331126 -0.9671902
vn 0.32639524 0.20420083 -0.9229129
vn 0.32639524 0.20420083 -0.9229129
vn 0.21638884 0.1331126 -0.9671902
vn 0.1158626 0.14744844 -0.98226005
vn 0.17733987 0.22973314 -0.95696044
vn 0.17733987 0.22973314 -0.95696044
vn 0.1158626 0.14744844 -0.98226005
vn -4.5354903E-07 0.15442601 -0.9880044
vn -7.947928E-07 0.24157475 -0.9703821
vn -4.5354903E-07 0.15442601 -0.9880044
vn -2.3370805E-07 0.07853351 -0.9969115
vn -0.060644407 0.07417394 -0.9953997
vn -0.1158635 0.14744836 -0.98226
vn -0.1158635 0.14744836 -0.98226
vn -0.060644407 0.07417394 -0.9953997
vn -0.11208591 0.06641586 -0.99147654
vn -0.21638948 0.13311246 -0.96719015
vn -0.21638948 0.13311246 -0.96719015
vn -0.11208591 0.06641586 -0.99147654
vn -0.1559645 0.057698503 -0.986076
vn -0.30068836 0.11529202 -0.94672817
vn -0.30068836 0.11529202 -0.94672817
vn -0.1559645 0.057698503 -0.986076
vn -0.19251147 0.0476989 -0.9801348
vn -0.36843315 0.09467626 -0.9248208
vn -0.36843315 0.09467626 -0.9248208
vn -0.19251147 0.0476989 -0.9801348
vn -0.2211264 0.03650518 -0.9745617
vn -0.4196992 0.07212743 -0.9047929
vn -0.4196992 0.07212743 -0.9047929
vn -0.2211264 0.03650518 -0.9745617
vn -0.24136047 0.024483327 -0.9701267
vn -0.45523384 0.04846135 -0.88905215
vn -0.45523384 0.04846135 -0.88905215
vn -0.24136047 0.024483327 -0.9701267
vn -0.25310737 0.012147651 -0.96736187
vn -0.47601175 0.02430324 -0.87910306
vn -0.47601175 0.02430324 -0.87910306
vn -0.25310737 0.012147651 -0.96736187
vn -0.25683326 1.4563173E-07 -0.96645576
vn -0.4828487 -2.2544737E-07 -0.8757038
vn -0.4828487 -2.2544737E-07 -0.8757038
vn -0.25683326 1.4563173E-07 -0.96645576
vn -0.25310737 -0.0121474415 -0.96736187
vn -0.47601283 -0.02430377 -0.87910247
vn -0.47601283 -0.02430377 -0.87910247
vn -0.25310737 -0.0121474415 -0.96736187
vn -0.24136037 -0.024483528 -0.9701267
vn -0.45523435 -0.04846245 -0.88905174
vn -0.45523435 -0.04846245 -0.88905174
vn -0.24136037 -0.024483528 -0.9701267
vn -0.22112648 -0.036505945 -0.97456163
vn -0.41970077 -0.07212822 -0.9047922
vn -0.41970077 -0.07212822 -0.9047922
vn -0.22112648 -0.036505945 -0.97456163
vn -0.19251351 -0.04769912 -0.98013437
vn -0.36843416 -0.09467695 -0.9248203
vn -0.36843416 -0.09467695 -0.9248203
vn -0.19251351 -0.04769912 -0.98013437
vn -0.15596603 -0.057698958 -0.98607576
vn -0.30068874 -0.1152934 -0.9467279
vn -0.30068874 -0.1152934 -0.9467279
vn -0.15596603 -0.057698958 -0.98607576
vn -0.11208732 -0.0664164 -0.9914763
vn -0.21639195 -0.1331137 -0.9671893
vn -0.21639195 -0.1331137 -0.9671893
vn -0.11208732 -0.0664164 -0.9914763
vn -0.06064447 -0.074174605 -0.99539965
vn -0.11586421 -0.14744969 -0.9822597
vn -0.11586421 -0.14744969 -0.9822597
vn -0.06064447 -0.074174605 -0.99539965
vn 3.1121482E-07 -0.07853417 -0.99691147
vn 7.5651036E-07 -0.15442742 -0.98800415
vn 7.5651036E-07 -0.15442742 -0.98800415
vn 3.1121482E-07 -0.07853417 -0.99691147
vn 0.060645398 -0.07417457 -0.99539953
vn 0.11586547 -0.14744961 -0.9822596
vn 0.11586547 -0.14744961 -0.9822596
vn 0.060645398 -0.07417457 -0.99539953
vn 0.11208793 -0.066416234 -0.99147624
vn 0.21639231 -0.13311355 -0.9671892
vn 0.21639231 -0.13311355 -0.9671892
vn 0.11208793 -0.066416234 -0.99147624
vn 0.15596566 -0.05769884 -0.9860758
vn 0.3006896 -0.11529312 -0.9467276
vn 0.3006896 -0.11529312 -0.9467276
vn 0.15596566 -0.05769884 -0.9860758
vn 0.19251461 -0.04769887 -0.9801341
vn 0.36843488 -0.09467663 -0.92482
vn 0.36843488 -0.09467663 -0.92482
vn 0.19251461 -0.04769887 -0.9801341
vn 0.22112642 -0.036505815 -0.9745617
vn 0.41970122 -0.07212787 -0.90479183
vn 0.41970122 -0.07212787 -0.90479183
vn 0.22112642 -0.036505815 -0.9745617
vn 0.24136037 -0.024483358 -0.9701267
vn 0.45523393 -0.04846241 -0.88905203
vn 0.45523393 -0.04846241 -0.88905203
vn 0.24136037 -0.024483358 -0.9701267
vn 0.2531074 -0.012147277 -0.96736187
vn 0.4760126 -0.024303176 -0.8791026
vn 0.4760126 -0.024303176 -0.8791026
vn 0.2531074 -0.012147277 -0.96736187
vn 0.25683343 1.3912798E-07 -0.9664557
vn 0.48284832 -9.5016965E-08 -0.87570393
vn 0.48284832 -9.5016965E-08 -0.87570393
vn 0.25683343 1.3912798E-07 -0.9664557
vn 0.25310728 0.012147681 -0.9673619
vn 0.47601146 0.024303442 -0.87910324
vn 0.47601146 0.024303442 -0.87910324
vn 0.25310728 0.012147681 -0.9673619
vn 0.24136047 0.024483599 -0.9701267
vn 0.455233 0.04846159 -0.8890525
vn 0.455233 0.04846159 -0.8890525
vn 0.24136047 0.024483599 -0.9701267
vn 0.22112659 0.036505133 -0.9745617
vn 0.41969892 0.072127365 -0.90479314
vn 0.41969892 0.072127365 -0.90479314
vn 0.22112659 0.036505133 -0.9745617
vn 0.19251125 0.04769884 -0.9801348
vn 0.36843282 0.09467651 -0.92482096
vn 0.36843282 0.09467651 -0.92482096
vn 0.19251125 0.04769884 -0.9801348
vn 0.15596378 0.057698626 -0.9860762
vn 0.30068755 0.11529239 -0.94672847
vn 0.30068755 0.11529239 -0.94672847
vn 0.15596378 0.057698626 -0.9860762
vn 0.112085395 0.06641595 -0.9914766
vn 0.21638884 0.1331126 -0.9671902
vn 0.21638884 0.1331126 -0.9671902
vn 0.112085395 0.06641595 -0.9914766
vn 0.060643822 0.07417398 -0.99539965
vn 0.1158626 0.14744844 -0.98226005
vn 0.1158626 0.14744844 -0.98226005
vn 0.060643822 0.07417398 -0.99539965
vn -2.3370805E-07 0.07853351 -0.9969115
vn -4.5354903E-07 0.15442601 -0.9880044
vn 7.9839E-08 1.2756489E-07 -1
vn -0.060644407 0.07417394 -0.9953997
vn -2.3370805E-07 0.07853351 -0.9969115
vn 7.9839E-08 1.2756489E-07 -1
vn -0.11208591 0.06641586 -0.99147654
vn -0.060644407 0.07417394 -0.9953997
vn 7.9839E-08 1.2756489E-07 -1
vn -0.1559645 0.057698503 -0.986076
vn -0.11208591 0.06641586 -0.99147654
vn 7.9839E-08 1.2756489E-07 -1
vn -0.19251147 0.0476989 -0.9801348
vn -0.1559645 0.057698503 -0.986076
vn 7.9839E-08 1.2756489E-07 -1
vn -0.2211264 0.03650518 -0.9745617
vn -0.19251147 0.0476989 -0.9801348
vn 7.9839E-08 1.2756489E-07 -1
vn -0.24136047 0.024483327 -0.9701267
vn -0.2211264 0.03650518 -0.9745617
vn 7.9839E-08 1.2756489E-07 -1
vn -0.25310737 0.012147651 -0.96736187
vn -0.24136047 0.024483327 -0.9701267
vn 7.9839E-08 1.2756489E-07 -1
vn -0.25683326 1.4563173E-07 -0.96645576
vn -0.25310737 0.012147651 -0.96736187
vn 7.9839E-08 1.2756489E-07 -1
vn -0.25310737 -0.0121474415 -0.96736187
vn -0.25683326 1.4563173E-07 -0.96645576
vn 7.9839E-08 1.2756489E-07 -1
vn -0.24136037 -0.024483528 -0.9701267
vn -0.25310737 -0.0121474415 -0.96736187
vn 7.9839E-08 1.2756489E-07 -1
vn -0.22112648 -0.036505945 -0.97456163
vn -0.24136037 -0.024483528 -0.9701267
vn 7.9839E-08 1.2756489E-07 -1
vn -0.19251351 -0.04769912 -0.98013437
vn -0.22112648 -0.036505945 -0.97456163
vn 7.9839E-08 1.2756489E-07 -1
vn -0.15596603 -0.057698958 -0.98607576
vn -0.19251351 -0.04769912 -0.98013437
vn 7.9839E-08 1.2756489E-07 -1
vn -0.11208732 -0.0664164 -0.9914763
vn -0.15596603 -0.057698958 -0.98607576
vn 7.9839E-08 1.2756489E-07 -1
vn -0.06064447 -0.074174605 -0.99539965
vn -0.11208732 -0.0664164 -0.9914763
vn 7.9839E-08 1.2756489E-07 -1
vn 3.1121482E-07 -0.07853417 -0.99691147
vn -0.06064447 -0.074174605 -0.99539965
vn 7.9839E-08 1.2756489E-07 -1
vn 0.060645398 -0.07417457 -0.99539953
vn 3.1121482E-07 -0.07853417 -0.99691147
vn 7.9839E-08 1.2756489E-07 -1
vn 0.11208793 -0.066416234 -0.99147624
vn 0.060645398 -0.07417457 -0.99539953
vn 7.9839E-08 1.2756489E-07 -1
vn 0.15596566 -0.05769884 -0.9860758
vn 0.11208793 -0.066416234 -0.99147624
vn 7.9839E-08 1.2756489E-07 -1
vn 0.19251461 -0.04769887 -0.9801341
vn 0.15596566 -0.05769884 -0.9860758
vn 7.9839E-08 1.2756489E-07 -1
vn 0.22112642 -0.036505815 -0.9745617
vn 0.19251461 -0.04769887 -0.9801341
vn 7.9839E-08 1.2756489E-07 -1
vn 0.24136037 -0.024483358 -0.9701267
vn 0.22112642 -0.036505815 -0.9745617
vn 7.9839E-08 1.2756489E-07 -1
vn 0.2531074 -0.012147277 -0.96736187
vn 0.24136037 -0.024483358 -0.9701267
vn 7.9839E-08 1.2756489E-07 -1
vn 0.25683343 1.3912798E-07 -0.9664557
vn 0.2531074 -0.012147277 -0.96736187
vn 7.9839E-08 1.2756489E-07 -1
vn 0.25310728 0.012147681 -0.9673619
vn 0.25683343 1.3912798E-07 -0.9664557
vn 7.9839E-08 1.2756489E-07 -1
vn 0.24136047 0.024483599 -0.9701267
vn 0.25310728 0.012147681 -0.9673619
vn 7.9839E-08 1.2756489E-07 -1
vn 0.22112659 0.036505133 -0.9745617
vn 0.24136047 0.024483599 -0.9701267
vn 7.9839E-08 1.2756489E-07 -1
vn 0.19251125 0.04769884 -0.9801348
vn 0.22112659 0.036505133 -0.9745617
vn 7.9839E-08 1.2756489E-07 -1
vn 0.15596378 0.057698626 -0.9860762
vn 0.19251125 0.04769884 -0.9801348
vn 7.9839E-08 1.2756489E-07 -1
vn 0.112085395 0.06641595 -0.9914766
vn 0.15596378 0.057698626 -0.9860762
vn 7.9839E-08 1.2756489E-07 -1
vn 0.060643822 0.07417398 -0.99539965
vn 0.112085395 0.06641595 -0.9914766
vn 7.9839E-08 1.2756489E-07 -1
vn -2.3370805E-07 0.07853351 -0.9969115
vn 0.060643822 0.07417398 -0.99539965
vn 2.6880945E-08 -1.425248E-07 1
vn 0.060643986 0.07417332 0.9953997
vn -3.5635281E-09 0.078532435 0.9969116
vn 2.6880945E-08 -1.425248E-07 1
vn 0.1120855 0.06641461 0.9914766
vn 0.060643986 0.07417332 0.9953997
vn 2.6880945E-08 -1.425248E-07 1
vn 0.15596285 0.057697587 0.98607635
vn 0.1120855 0.06641461 0.9914766
vn 2.6880945E-08 -1.425248E-07 1
vn 0.19250998 0.047697704 0.98013514
vn 0.15596285 0.057697587 0.98607635
vn 2.6880945E-08 -1.425248E-07 1
vn 0.22112404 0.03650449 0.9745623
vn 0.19250998 0.047697704 0.98013514
vn 2.6880945E-08 -1.425248E-07 1
vn 0.24135795 0.024482802 0.9701272
vn 0.22112404 0.03650449 0.9745623
vn 2.6880945E-08 -1.425248E-07 1
vn 0.25310498 0.012146942 0.9673625
vn 0.24135795 0.024482802 0.9701272
vn 2.6880945E-08 -1.425248E-07 1
vn 0.25683066 -1.3352141E-07 0.9664565
vn 0.25310498 0.012146942 0.9673625
vn 2.6880945E-08 -1.425248E-07 1
vn 0.25310498 -0.012147274 0.9673625
vn 0.25683066 -1.3352141E-07 0.9664565
vn 2.6880945E-08 -1.425248E-07 1
vn 0.24135792 -0.024483122 0.9701272
vn 0.25310498 -0.012147274 0.9673625
vn 2.6880945E-08 -1.425248E-07 1
vn 0.22112398 -0.03650474 0.9745622
vn 0.24135792 -0.024483122 0.9701272
vn 2.6880945E-08 -1.425248E-07 1
vn 0.19250956 -0.047698215 0.9801352
vn 0.22112398 -0.03650474 0.9745622
vn 2.6880945E-08 -1.425248E-07 1
vn 0.15596369 -0.057697527 0.9860762
vn 0.19250956 -0.047698215 0.9801352
vn 2.6880945E-08 -1.425248E-07 1
vn 0.11208827 -0.06641431 0.99147636
vn 0.15596369 -0.057697527 0.9860762
vn 2.6880945E-08 -1.425248E-07 1
vn 0.060642373 -0.07417242 0.9953999
vn 0.11208827 -0.06641431 0.99147636
vn 2.6880945E-08 -1.425248E-07 1
vn -3.2071753E-08 -0.078531764 0.99691164
vn 0.060642373 -0.07417242 0.9953999
vn 2.6880945E-08 -1.425248E-07 1
vn -0.06064372 -0.07417257 0.9953998
vn -3.2071753E-08 -0.078531764 0.99691164
vn 2.6880945E-08 -1.425248E-07 1
vn -0.112087786 -0.066414 0.9914765
vn -0.06064372 -0.07417257 0.9953998
vn 2.6880945E-08 -1.425248E-07 1
vn -0.15596403 -0.057697564 0.9860762
vn -0.112087786 -0.066414 0.9914765
vn 2.6880945E-08 -1.425248E-07 1
vn -0.19251022 -0.047697943 0.980135
vn -0.15596403 -0.057697564 0.9860762
vn 2.6880945E-08 -1.425248E-07 1
vn -0.22112429 -0.036504526 0.97456217
vn -0.19251022 -0.047697943 0.980135
vn 2.6880945E-08 -1.425248E-07 1
vn -0.24135765 -0.0244831 0.97012734
vn -0.22112429 -0.036504526 0.97456217
vn 2.6880945E-08 -1.425248E-07 1
vn -0.25310478 -0.0121474415 0.9673625
vn -0.24135765 -0.0244831 0.97012734
vn 2.6880945E-08 -1.425248E-07 1
vn -0.25683078 3.9313957E-08 0.9664564
vn -0.25310478 -0.0121474415 0.9673625
vn 2.6880945E-08 -1.425248E-07 1
vn -0.25310466 0.012147319 0.96736264
vn -0.25683078 3.9313957E-08 0.9664564
vn 2.6880945E-08 -1.425248E-07 1
vn -0.24135785 0.02448291 0.9701272
vn -0.25310466 0.012147319 0.96736264
vn 2.6880945E-08 -1.425248E-07 1
vn -0.22112443 0.036504444 0.9745622
vn -0.24135785 0.02448291 0.9701272
vn 2.6880945E-08 -1.425248E-07 1
vn -0.19250987 0.047697905 0.98013514
vn -0.22112443 0.036504444 0.9745622
vn 2.6880945E-08 -1.425248E-07 1
vn -0.1559624 0.057697743 0.9860764
vn -0.19250987 0.047697905 0.98013514
vn 2.6880945E-08 -1.425248E-07 1
vn -0.11208426 0.06641504 0.9914768
vn -0.1559624 0.057697743 0.9860764
vn 2.6880945E-08 -1.425248E-07 1
vn -0.060643222 0.07417307 0.9953998
vn -0.11208426 0.06641504 0.9914768
vn 2.6880945E-08 -1.425248E-07 1
vn -3.5635281E-09 0.078532435 0.9969116
vn -0.060643222 0.07417307 0.9953998
vn -3.5635281E-09 0.078532435 0.9969116
vn 0.060643986 0.07417332 0.9953997
vn 0.115862764 0.1474482 0.98226
vn 4.880711E-07 0.15442565 0.9880044
vn 0.060643986 0.07417332 0.9953997
vn 0.1120855 0.06641461 0.9914766
vn 0.21639027 0.13311225 0.9671899
vn 0.115862764 0.1474482 0.98226
vn 0.1120855 0.06641461 0.9914766
vn 0.15596285 0.057697587 0.98607635
vn 0.30068848 0.1152918 0.9467281
vn 0.21639027 0.13311225 0.9671899
vn 0.15596285 0.057697587 0.98607635
vn 0.19250998 0.047697704 0.98013514
vn 0.3684333 0.09467593 0.9248207
vn 0.30068848 0.1152918 0.9467281
vn 0.19250998 0.047697704 0.98013514
vn 0.22112404 0.03650449 0.9745623
vn 0.41969922 0.07212678 0.90479296
vn 0.3684333 0.09467593 0.9248207
vn 0.22112404 0.03650449 0.9745623
vn 0.24135795 0.024482802 0.9701272
vn 0.455233 0.04846129 0.88905257
vn 0.41969922 0.07212678 0.90479296
vn 0.24135795 0.024482802 0.9701272
vn 0.25310498 0.012146942 0.9673625
vn 0.4760114 0.024302607 0.87910324
vn 0.455233 0.04846129 0.88905257
vn 0.25310498 0.012146942 0.9673625
vn 0.25683066 -1.3352141E-07 0.9664565
vn 0.48284808 -2.3203E-07 0.8757041
vn 0.4760114 0.024302607 0.87910324
vn 0.25683066 -1.3352141E-07 0.9664565
vn 0.25310498 -0.012147274 0.9673625
vn 0.47601172 -0.024302967 0.87910306
vn 0.48284808 -2.3203E-07 0.8757041
vn 0.25310498 -0.012147274 0.9673625
vn 0.24135792 -0.024483122 0.9701272
vn 0.45523334 -0.048461337 0.88905233
vn 0.47601172 -0.024302967 0.87910306
vn 0.24135792 -0.024483122 0.9701272
vn 0.22112398 -0.03650474 0.9745622
vn 0.41969895 -0.07212721 0.90479314
vn 0.45523334 -0.048461337 0.88905233
vn 0.22112398 -0.03650474 0.9745622
vn 0.19250956 -0.047698215 0.9801352
vn 0.3684327 -0.09467636 0.92482096
vn 0.41969895 -0.07212721 0.90479314
vn 0.19250956 -0.047698215 0.9801352
vn 0.15596369 -0.057697527 0.9860762
vn 0.3006927 -0.11529037 0.9467269
vn 0.3684327 -0.09467636 0.92482096
vn 0.15596369 -0.057697527 0.9860762
vn 0.11208827 -0.06641431 0.99147636
vn 0.21639057 -0.13311116 0.96719
vn 0.3006927 -0.11529037 0.9467269
vn 0.11208827 -0.06641431 0.99147636
vn 0.060642373 -0.07417242 0.9953999
vn 0.11586297 -0.14744769 0.98226017
vn 0.21639057 -0.13311116 0.96719
vn 0.060642373 -0.07417242 0.9953999
vn -3.2071753E-08 -0.078531764 0.99691164
vn -5.428304E-07 -0.15442531 0.9880045
vn 0.11586297 -0.14744769 0.98226017
vn -3.2071753E-08 -0.078531764 0.99691164
vn -0.06064372 -0.07417257 0.9953998
vn -0.115864545 -0.14744774 0.9822599
vn -5.428304E-07 -0.15442531 0.9880045
vn -0.06064372 -0.07417257 0.9953998
vn -0.112087786 -0.066414 0.9914765
vn -0.21639192 -0.13311115 0.9671897
vn -0.115864545 -0.14744774 0.9822599
vn -0.112087786 -0.066414 0.9914765
vn -0.15596403 -0.057697564 0.9860762
vn -0.3006926 -0.11529059 0.94672704
vn -0.21639192 -0.13311115 0.9671897
vn -0.15596403 -0.057697564 0.9860762
vn -0.19251022 -0.047697943 0.980135
vn -0.3684345 -0.0946758 0.92482036
vn -0.3006926 -0.11529059 0.94672704
vn -0.19251022 -0.047697943 0.980135
vn -0.22112429 -0.036504526 0.97456217
vn -0.4196993 -0.07212722 0.9047929
vn -0.3684345 -0.0946758 0.92482036
vn -0.22112429 -0.036504526 0.97456217
vn -0.24135765 -0.0244831 0.97012734
vn -0.45523357 -0.04846114 0.88905233
vn -0.4196993 -0.07212722 0.9047929
vn -0.24135765 -0.0244831 0.97012734
vn -0.25310478 -0.0121474415 0.9673625
vn -0.47601178 -0.024302872 0.87910295
vn -0.45523357 -0.04846114 0.88905233
vn -0.25310478 -0.0121474415 0.9673625
vn -0.25683078 3.9313957E-08 0.9664564
vn -0.48284832 4.3472337E-08 0.87570393
vn -0.47601178 -0.024302872 0.87910295
vn -0.25683078 3.9313957E-08 0.9664564
vn -0.25310466 0.012147319 0.96736264
vn -0.47601137 0.02430307 0.87910324
vn -0.48284832 4.3472337E-08 0.87570393
vn -0.25310466 0.012147319 0.96736264
vn -0.24135785 0.02448291 0.9701272
vn -0.45523307 0.048461407 0.88905257
vn -0.47601137 0.02430307 0.87910324
vn -0.24135785 0.02448291 0.9701272
vn -0.22112443 0.036504444 0.9745622
vn -0.41969883 0.07212702 0.9047931
vn -0.45523307 0.048461407 0.88905257
vn -0.22112443 0.036504444 0.9745622
vn -0.19250987 0.047697905 0.98013514
vn -0.36843258 0.09467632 0.92482096
vn -0.41969883 0.07212702 0.9047931
vn -0.19250987 0.047697905 0.98013514
vn -0.1559624 0.057697743 0.9860764
vn -0.30068776 0.11529213 0.9467284
vn -0.36843258 0.09467632 0.92482096
vn -0.1559624 0.057697743 0.9860764
vn -0.11208426 0.06641504 0.9914768
vn -0.21638837 0.13311242 0.96719027
vn -0.30068776 0.11529213 0.9467284
vn -0.11208426 0.06641504 0.9914768
vn -0.060643222 0.07417307 0.9953998
vn -0.1158624 0.14744827 0.98226005
vn -0.21638837 0.13311242 0.96719027
vn -0.060643222 0.07417307 0.9953998
vn -3.5635281E-09 0.078532435 0.9969116
vn 4.880711E-07 0.15442565 0.9880044
vn -0.1158624 0.14744827 0.98226005
vn 4.880711E-07 0.15442565 0.9880044
vn 0.115862764 0.1474482 0.98226
vn 0.17734192 0.2297347 0.9569596
vn 1.0828312E-06 0.24157697 0.9703817
vn 0.115862764 0.1474482 0.98226
vn 0.21639027 0.13311225 0.9671899
vn 0.32639846 0.20420186 0.9229115
vn 0.17734192 0.2297347 0.9569596
vn 0.21639027 0.13311225 0.9671899
vn 0.30068848 0.1152918 0.9467281
vn 0.44357395 0.17285804 0.8794102
vn 0.32639846 0.20420186 0.9229115
vn 0.30068848 0.1152918 0.9467281
vn 0.3684333 0.09467593 0.9248207
vn 0.5310145 0.13870114 0.835934
vn 0.44357395 0.17285804 0.8794102
vn 0.3684333 0.09467593 0.9248207
vn 0.41969922 0.07212678 0.90479296
vn 0.5928784 0.10369008 0.7985885
vn 0.5310145 0.13870114 0.835934
vn 0.41969922 0.07212678 0.90479296
vn 0.455233 0.04846129 0.88905257
vn 0.6336184 0.06883137 0.77057767
vn 0.5928784 0.10369008 0.7985885
vn 0.455233 0.04846129 0.88905257
vn 0.4760114 0.024302607 0.87910324
vn 0.6567713 0.03435863 0.7533067
vn 0.6336184 0.06883137 0.77057767
vn 0.4760114 0.024302607 0.87910324
vn 0.48284808 -2.3203E-07 0.8757041
vn 0.664337 -3.9792604E-07 0.7474332
vn 0.6567713 0.03435863 0.7533067
vn 0.48284808 -2.3203E-07 0.8757041
vn 0.47601172 -0.024302967 0.87910306
vn 0.6567708 -0.034358554 0.75330716
vn 0.664337 -3.9792604E-07 0.7474332
vn 0.47601172 -0.024302967 0.87910306
vn 0.45523334 -0.048461337 0.88905233
vn 0.6336171 -0.06883058 0.77057886
vn 0.6567708 -0.034358554 0.75330716
vn 0.45523334 -0.048461337 0.88905233
vn 0.41969895 -0.07212721 0.90479314
vn 0.5928752 -0.10369031 0.7985908
vn 0.6336171 -0.06883058 0.77057886
vn 0.41969895 -0.07212721 0.90479314
vn 0.3684327 -0.09467636 0.92482096
vn 0.5310128 -0.13869992 0.8359352
vn 0.5928752 -0.10369031 0.7985908
vn 0.3684327 -0.09467636 0.92482096
vn 0.3006927 -0.11529037 0.9467269
vn 0.44357347 -0.17285682 0.87941074
vn 0.5310128 -0.13869992 0.8359352
vn 0.3006927 -0.11529037 0.9467269
vn 0.21639057 -0.13311116 0.96719
vn 0.326398 -0.20420118 0.9229118
vn 0.44357347 -0.17285682 0.87941074
vn 0.21639057 -0.13311116 0.96719
vn 0.11586297 -0.14744769 0.98226017
vn 0.17734179 -0.22973433 0.9569597
vn 0.326398 -0.20420118 0.9229118
vn 0.11586297 -0.14744769 0.98226017
vn -5.428304E-07 -0.15442531 0.9880045
vn -8.7726045E-07 -0.24157639 0.97038174
vn 0.17734179 -0.22973433 0.9569597
vn -5.428304E-07 -0.15442531 0.9880045
vn -0.115864545 -0.14744774 0.9822599
vn -0.17734414 -0.22973375 0.9569594
vn -8.7726045E-07 -0.24157639 0.97038174
vn -0.115864545 -0.14744774 0.9822599
vn -0.21639192 -0.13311115 0.9671897
vn -0.32639945 -0.20420069 0.92291135
vn -0.17734414 -0.22973375 0.9569594
vn -0.21639192 -0.13311115 0.9671897
vn -0.3006926 -0.11529059 0.94672704
vn -0.44357267 -0.17285691 0.8794111
vn -0.32639945 -0.20420069 0.92291135
vn -0.3006926 -0.11529059 0.94672704
vn -0.3684345 -0.0946758 0.92482036
vn -0.5310138 -0.13869923 0.8359348
vn -0.44357267 -0.17285691 0.8794111
vn -0.3684345 -0.0946758 0.92482036
vn -0.4196993 -0.07212722 0.9047929
vn -0.5928756 -0.103690006 0.7985905
vn -0.5310138 -0.13869923 0.8359348
vn -0.4196993 -0.07212722 0.9047929
vn -0.45523357 -0.04846114 0.88905233
vn -0.63361734 -0.06883051 0.7705787
vn -0.5928756 -0.103690006 0.7985905
vn -0.45523357 -0.04846114 0.88905233
vn -0.47601178 -0.024302872 0.87910295
vn -0.65677124 -0.0343581 0.7533067
vn -0.63361734 -0.06883051 0.7705787
vn -0.47601178 -0.024302872 0.87910295
vn -0.48284832 4.3472337E-08 0.87570393
vn -0.66433704 -6.2356664E-10 0.7474331
vn -0.65677124 -0.0343581 0.7533067
vn -0.48284832 4.3472337E-08 0.87570393
vn -0.47601137 0.02430307 0.87910324
vn -0.65677106 0.03435903 0.75330687
vn -0.66433704 -6.2356664E-10 0.7474331
vn -0.47601137 0.02430307 0.87910324
vn -0.45523307 0.048461407 0.88905257
vn -0.6336181 0.06883158 0.7705779
vn -0.65677106 0.03435903 0.75330687
vn -0.45523307 0.048461407 0.88905257
vn -0.41969883 0.07212702 0.9047931
vn -0.59287775 0.10369077 0.7985888
vn -0.6336181 0.06883158 0.7705779
vn -0.41969883 0.07212702 0.9047931
vn -0.36843258 0.09467632 0.92482096
vn -0.5310139 0.13870127 0.8359343
vn -0.59287775 0.10369077 0.7985888
vn -0.36843258 0.09467632 0.92482096
vn -0.30068776 0.11529213 0.9467284
vn -0.4435721 0.17285858 0.8794109
vn -0.5310139 0.13870127 0.8359343
vn -0.30068776 0.11529213 0.9467284
vn -0.21638837 0.13311242 0.96719027
vn -0.32639763 0.20420213 0.9229118
vn -0.4435721 0.17285858 0.8794109
vn -0.21638837 0.13311242 0.96719027
vn -0.1158624 0.14744827 0.98226005
vn -0.17734155 0.22973472 0.9569598
vn -0.32639763 0.20420213 0.9229118
vn -0.1158624 0.14744827 0.98226005
vn 4.880711E-07 0.15442565 0.9880044
vn 1.0828312E-06 0.24157697 0.9703817
vn -0.17734155 0.22973472 0.9569598
vn 1.0828312E-06 0.24157697 0.9703817
vn 0.17734192 0.2297347 0.9569596
vn 0.2486878 0.32720435 0.9116424
vn 1.1078272E-06 0.34872916 0.9372235
vn 0.17734192 0.2297347 0.9569596
vn 0.32639846 0.20420186 0.9229115
vn 0.4437309 0.28160444 0.8507655
vn 0.2486878 0.32720435 0.9116424
vn 0.32639846 0.20420186 0.9229115
vn 0.44357395 0.17285804 0.8794102
vn 0.58197105 0.22975053 0.78007984
vn 0.4437309 0.28160444 0.8507655
vn 0.44357395 0.17285804 0.8794102
vn 0.5310145 0.13870114 0.835934
vn 0.6749642 0.17844766 0.71594685
vn 0.58197105 0.22975053 0.78007984
vn 0.5310145 0.13870114 0.835934
vn 0.5928784 0.10369008 0.7985885
vn 0.7352537 0.13014145 0.6651805
vn 0.6749642 0.17844766 0.71594685
vn 0.5928784 0.10369008 0.7985885
vn 0.6336184 0.06883137 0.77057767
vn 0.77248734 0.08497699 0.6293189
vn 0.7352537 0.13014145 0.6651805
vn 0.6336184 0.06883137 0.77057767
vn 0.6567713 0.03435863 0.7533067
vn 0.79281086 0.04202425 0.60801715
vn 0.77248734 0.08497699 0.6293189
vn 0.6567713 0.03435863 0.7533067
vn 0.664337 -3.9792604E-07 0.7474332
vn 0.79931873 -2.1955985E-07 0.6009072
vn 0.79281086 0.04202425 0.60801715
vn 0.664337 -3.9792604E-07 0.7474332
vn 0.6567708 -0.034358554 0.75330716
vn 0.7928103 -0.042023256 0.60801786
vn 0.79931873 -2.1955985E-07 0.6009072
vn 0.6567708 -0.034358554 0.75330716
vn 0.6336171 -0.06883058 0.77057886
vn 0.77248526 -0.08497592 0.6293216
vn 0.7928103 -0.042023256 0.60801786
vn 0.6336171 -0.06883058 0.77057886
vn 0.5928752 -0.10369031 0.7985908
vn 0.73525006 -0.13014136 0.6651845
vn 0.77248526 -0.08497592 0.6293216
vn 0.5928752 -0.10369031 0.7985908
vn 0.5310128 -0.13869992 0.8359352
vn 0.6749619 -0.17844701 0.715949
vn 0.73525006 -0.13014136 0.6651845
vn 0.5310128 -0.13869992 0.8359352
vn 0.44357347 -0.17285682 0.87941074
vn 0.5819685 -0.22975047 0.7800816
vn 0.6749619 -0.17844701 0.715949
vn 0.44357347 -0.17285682 0.87941074
vn 0.326398 -0.20420118 0.9229118
vn 0.44372958 -0.28160366 0.85076636
vn 0.5819685 -0.22975047 0.7800816
vn 0.326398 -0.20420118 0.9229118
vn 0.17734179 -0.22973433 0.9569597
vn 0.248686 -0.32720444 0.9116428
vn 0.44372958 -0.28160366 0.85076636
vn 0.17734179 -0.22973433 0.9569597
vn -8.7726045E-07 -0.24157639 0.97038174
vn -5.1056384E-07 -0.34872892 0.9372236
vn 0.248686 -0.32720444 0.9116428
vn -8.7726045E-07 -0.24157639 0.97038174
vn -0.17734414 -0.22973375 0.9569594
vn -0.24868885 -0.32720396 0.9116422
vn -5.1056384E-07 -0.34872892 0.9372236
vn -0.17734414 -0.22973375 0.9569594
vn -0.32639945 -0.20420069 0.92291135
vn -0.4437314 -0.2816028 0.85076576
vn -0.24868885 -0.32720396 0.9116422
vn -0.32639945 -0.20420069 0.92291135
vn -0.44357267 -0.17285691 0.8794111
vn -0.58196926 -0.2297501 0.7800813
vn -0.4437314 -0.2816028 0.85076576
vn -0.44357267 -0.17285691 0.8794111
vn -0.5310138 -0.13869923 0.8359348
vn -0.67496186 -0.17844684 0.71594906
vn -0.58196926 -0.2297501 0.7800813
vn -0.5310138 -0.13869923 0.8359348
vn -0.5928756 -0.103690006 0.7985905
vn -0.73525065 -0.13014035 0.6651842
vn -0.67496186 -0.17844684 0.71594906
vn -0.5928756 -0.103690006 0.7985905
vn -0.63361734 -0.06883051 0.7705787
vn -0.7724849 -0.08497574 0.629322
vn -0.73525065 -0.13014035 0.6651842
vn -0.63361734 -0.06883051 0.7705787
vn -0.65677124 -0.0343581 0.7533067
vn -0.7928104 -0.042022735 0.608018
vn -0.7724849 -0.08497574 0.629322
vn -0.65677124 -0.0343581 0.7533067
vn -0.66433704 -6.2356664E-10 0.7474331
vn -0.7993183 1.2576369E-07 0.6009078
vn -0.7928104 -0.042022735 0.608018
vn -0.66433704 -6.2356664E-10 0.7474331
vn -0.65677106 0.03435903 0.75330687
vn -0.7928103 0.042024553 0.608018
vn -0.7993183 1.2576369E-07 0.6009078
vn -0.65677106 0.03435903 0.75330687
vn -0.6336181 0.06883158 0.7705779
vn -0.7724866 0.08497773 0.6293196
vn -0.7928103 0.042024553 0.608018
vn -0.6336181 0.06883158 0.7705779
vn -0.59287775 0.10369077 0.7985888
vn -0.73525274 0.13014199 0.6651815
vn -0.7724866 0.08497773 0.6293196
vn -0.59287775 0.10369077 0.7985888
vn -0.5310139 0.13870127 0.8359343
vn -0.67496353 0.17844827 0.7159472
vn -0.73525274 0.13014199 0.6651815
vn -0.5310139 0.13870127 0.8359343
vn -0.4435721 0.17285858 0.8794109
vn -0.58197004 0.22975138 0.7800803
vn -0.67496353 0.17844827 0.7159472
vn -0.4435721 0.17285858 0.8794109
vn -0.32639763 0.20420213 0.9229118
vn -0.4437301 0.28160435 0.8507659
vn -0.58197004 0.22975138 0.7800803
vn -0.32639763 0.20420213 0.9229118
vn -0.17734155 0.22973472 0.9569598
vn -0.24868676 0.32720476 0.91164243
vn -0.4437301 0.28160435 0.8507659
vn -0.17734155 0.22973472 0.9569598
vn 1.0828312E-06 0.24157697 0.9703817
vn 1.1078272E-06 0.34872916 0.9372235
vn -0.24868676 0.32720476 0.91164243
vn 1.1078272E-06 0.34872916 0.9372235
vn 0.2486878 0.32720435 0.9116424
vn 0.33305597 0.44755855 0.82991874
vn 3.1779786E-07 0.48903936 0.87226176
vn 0.2486878 0.32720435 0.9116424
vn 0.4437309 0.28160444 0.8507655
vn 0.5670054 0.36600292 0.7379342
vn 0.33305597 0.44755855 0.82991874
vn 0.4437309 0.28160444 0.8507655
vn 0.58197105 0.22975053 0.78007984
vn 0.7104385 0.28425097 0.6438
vn 0.5670054 0.36600292 0.7379342
vn 0.58197105 0.22975053 0.78007984
vn 0.6749642 0.17844766 0.71594685
vn 0.7952175 0.21257366 0.56783926
vn 0.7104385 0.28425097 0.6438
vn 0.6749642 0.17844766 0.71594685
vn 0.7352537 0.13014145 0.6651805
vn 0.8450518 0.15103278 0.5129099
vn 0.7952175 0.21257366 0.56783926
vn 0.7352537 0.13014145 0.6651805
vn 0.77248734 0.08497699 0.6293189
vn 0.8738407 0.09697299 0.4764437
vn 0.8450518 0.15103278 0.5129099
vn 0.77248734 0.08497699 0.6293189
vn 0.79281086 0.04202425 0.60801715
vn 0.88890815 0.047474924 0.4556187
vn 0.8738407 0.09697299 0.4764437
vn 0.79281086 0.04202425 0.60801715
vn 0.79931873 -2.1955985E-07 0.6009072
vn 0.8936222 -9.2800384E-08 0.4488199
vn 0.88890815 0.047474924 0.4556187
vn 0.79931873 -2.1955985E-07 0.6009072
vn 0.7928103 -0.042023256 0.60801786
vn 0.8889087 -0.047474112 0.45561787
vn 0.8936222 -9.2800384E-08 0.4488199
vn 0.7928103 -0.042023256 0.60801786
vn 0.77248526 -0.08497592 0.6293216
vn 0.87384105 -0.09697271 0.47644317
vn 0.8889087 -0.047474112 0.45561787
vn 0.77248526 -0.08497592 0.6293216
vn 0.73525006 -0.13014136 0.6651845
vn 0.8450523 -0.15103288 0.5129091
vn 0.87384105 -0.09697271 0.47644317
vn 0.73525006 -0.13014136 0.6651845
vn 0.6749619 -0.17844701 0.715949
vn 0.7952167 -0.2125733 0.5678407
vn 0.8450523 -0.15103288 0.5129091
vn 0.6749619 -0.17844701 0.715949
vn 0.5819685 -0.22975047 0.7800816
vn 0.7104354 -0.28424996 0.643804
vn 0.7952167 -0.2125733 0.5678407
vn 0.5819685 -0.22975047 0.7800816
vn 0.44372958 -0.28160366 0.85076636
vn 0.5670009 -0.3660027 0.7379377
vn 0.7104354 -0.28424996 0.643804
vn 0.44372958 -0.28160366 0.85076636
vn 0.248686 -0.32720444 0.9116428
vn 0.33305028 -0.44755924 0.82992053
vn 0.5670009 -0.3660027 0.7379377
vn 0.248686 -0.32720444 0.9116428
vn -5.1056384E-07 -0.34872892 0.9372236
vn -8.9472354E-07 -0.48903975 0.87226146
vn 0.33305028 -0.44755924 0.82992053
vn -5.1056384E-07 -0.34872892 0.9372236
vn -0.24868885 -0.32720396 0.9116422
vn -0.33305272 -0.44755882 0.82991993
vn -8.9472354E-07 -0.48903975 0.87226146
vn -0.24868885 -0.32720396 0.9116422
vn -0.4437314 -0.2816028 0.85076576
vn -0.5670035 -0.36600158 0.73793626
vn -0.33305272 -0.44755882 0.82991993
vn -0.4437314 -0.2816028 0.85076576
vn -0.58196926 -0.2297501 0.7800813
vn -0.7104368 -0.2842493 0.6438028
vn -0.5670035 -0.36600158 0.73793626
vn -0.58196926 -0.2297501 0.7800813
vn -0.67496186 -0.17844684 0.71594906
vn -0.7952175 -0.21257316 0.5678395
vn -0.7104368 -0.2842493 0.6438028
vn -0.67496186 -0.17844684 0.71594906
vn -0.73525065 -0.13014035 0.6651842
vn -0.84505266 -0.15103248 0.51290846
vn -0.7952175 -0.21257316 0.5678395
vn -0.73525065 -0.13014035 0.6651842
vn -0.7724849 -0.08497574 0.629322
vn -0.8738409 -0.0969722 0.47644335
vn -0.84505266 -0.15103248 0.51290846
vn -0.7724849 -0.08497574 0.629322
vn -0.7928104 -0.042022735 0.608018
vn -0.88890857 -0.047473494 0.45561805
vn -0.8738409 -0.0969722 0.47644335
vn -0.7928104 -0.042022735 0.608018
vn -0.7993183 1.2576369E-07 0.6009078
vn -0.8936222 1.6644377E-07 0.44882005
vn -0.88890857 -0.047473494 0.45561805
vn -0.7993183 1.2576369E-07 0.6009078
vn -0.7928103 0.042024553 0.608018
vn -0.88890785 0.047475263 0.45561913
vn -0.8936222 1.6644377E-07 0.44882005
vn -0.7928103 0.042024553 0.608018
vn -0.7724866 0.08497773 0.6293196
vn -0.87384003 0.0969738 0.47644487
vn -0.88890785 0.047475263 0.45561913
vn -0.7724866 0.08497773 0.6293196
vn -0.73525274 0.13014199 0.6651815
vn -0.84505135 0.15103352 0.5129105
vn -0.87384003 0.0969738 0.47644487
vn -0.73525274 0.13014199 0.6651815
vn -0.67496353 0.17844827 0.7159472
vn -0.7952167 0.21257453 0.56784016
vn -0.84505135 0.15103352 0.5129105
vn -0.67496353 0.17844827 0.7159472
vn -0.58197004 0.22975138 0.7800803
vn -0.71043706 0.28425124 0.6438016
vn -0.7952167 0.21257453 0.56784016
vn -0.58197004 0.22975138 0.7800803
vn -0.4437301 0.28160435 0.8507659
vn -0.5670038 0.36600363 0.7379349
vn -0.71043706 0.28425124 0.6438016
vn -0.4437301 0.28160435 0.8507659
vn -0.24868676 0.32720476 0.91164243
vn -0.33305374 0.4475593 0.8299192
vn -0.5670038 0.36600363 0.7379349
vn -0.24868676 0.32720476 0.91164243
vn 1.1078272E-06 0.34872916 0.9372235
vn 3.1779786E-07 0.48903936 0.87226176
vn -0.33305374 0.4475593 0.8299192
vn 3.1779786E-07 0.48903936 0.87226176
vn 0.33305597 0.44755855 0.82991874
vn 0.42843547 0.5960611 0.67908335
vn 1.7153589E-07 0.6768105 0.73615724
vn 0.33305597 0.44755855 0.82991874
vn 0.5670054 0.36600292 0.7379342
vn 0.68779236 0.4541564 0.56628925
vn 0.42843547 0.5960611 0.67908335
vn 0.5670054 0.36600292 0.7379342
vn 0.7104385 0.28425097 0.6438
vn 0.81957334 0.3328718 0.46636453
vn 0.68779236 0.4541564 0.56628925
vn 0.7104385 0.28425097 0.6438
vn 0.7952175 0.21257366 0.56783926
vn 0.88674045 0.23960486 0.39532372
vn 0.81957334 0.3328718 0.46636453
vn 0.7952175 0.21257366 0.56783926
vn 0.8450518 0.15103278 0.5129099
vn 0.92253685 0.16623843 0.34826785
vn 0.88674045 0.23960486 0.39532372
vn 0.8450518 0.15103278 0.5129099
vn 0.8738407 0.09697299 0.4764437
vn 0.941991 0.105182394 0.31873122
vn 0.92253685 0.16623843 0.34826785
vn 0.8738407 0.09697299 0.4764437
vn 0.88890815 0.047474924 0.4556187
vn 0.95179796 0.0510516 0.30244723
vn 0.941991 0.105182394 0.31873122
vn 0.88890815 0.047474924 0.4556187
vn 0.8936222 -9.2800384E-08 0.4488199
vn 0.95480454 -2.2246043E-08 0.2972343
vn 0.95179796 0.0510516 0.30244723
vn 0.8936222 -9.2800384E-08 0.4488199
vn 0.8889087 -0.047474112 0.45561787
vn 0.95179814 -0.0510515 0.30244675
vn 0.95480454 -2.2246043E-08 0.2972343
vn 0.8889087 -0.047474112 0.45561787
vn 0.87384105 -0.09697271 0.47644317
vn 0.9419916 -0.10518243 0.31872937
vn 0.95179814 -0.0510515 0.30244675
vn 0.87384105 -0.09697271 0.47644317
vn 0.8450523 -0.15103288 0.5129091
vn 0.92253757 -0.16623762 0.34826648
vn 0.9419916 -0.10518243 0.31872937
vn 0.8450523 -0.15103288 0.5129091
vn 0.7952167 -0.2125733 0.5678407
vn 0.88674 -0.23960431 0.39532512
vn 0.92253757 -0.16623762 0.34826648
vn 0.7952167 -0.2125733 0.5678407
vn 0.7104354 -0.28424996 0.643804
vn 0.8195727 -0.33287275 0.46636507
vn 0.88674 -0.23960431 0.39532512
vn 0.7104354 -0.28424996 0.643804
vn 0.5670009 -0.3660027 0.7379377
vn 0.6877888 -0.4541611 0.5662899
vn 0.8195727 -0.33287275 0.46636507
vn 0.5670009 -0.3660027 0.7379377
vn 0.33305028 -0.44755924 0.82992053
vn 0.4284342 -0.59606534 0.6790805
vn 0.6877888 -0.4541611 0.5662899
vn 0.33305028 -0.44755924 0.82992053
vn -8.9472354E-07 -0.48903975 0.87226146
vn -2.3561024E-06 -0.6768143 0.73615366
vn 0.4284342 -0.59606534 0.6790805
vn -8.9472354E-07 -0.48903975 0.87226146
vn -0.33305272 -0.44755882 0.82991993
vn -0.4284372 -0.5960647 0.679079
vn -2.3561024E-06 -0.6768143 0.73615366
vn -0.33305272 -0.44755882 0.82991993
vn -0.5670035 -0.36600158 0.73793626
vn -0.68779063 -0.45415983 0.56628877
vn -0.4284372 -0.5960647 0.679079
vn -0.5670035 -0.36600158 0.73793626
vn -0.7104368 -0.2842493 0.6438028
vn -0.81957364 -0.33287114 0.46636438
vn -0.68779063 -0.45415983 0.56628877
vn -0.7104368 -0.2842493 0.6438028
vn -0.7952175 -0.21257316 0.5678395
vn -0.8867404 -0.23960352 0.39532477
vn -0.81957364 -0.33287114 0.46636438
vn -0.7952175 -0.21257316 0.5678395
vn -0.84505266 -0.15103248 0.51290846
vn -0.9225375 -0.1662376 0.34826666
vn -0.8867404 -0.23960352 0.39532477
vn -0.84505266 -0.15103248 0.51290846
vn -0.8738409 -0.0969722 0.47644335
vn -0.9419917 -0.10518188 0.3187292
vn -0.9225375 -0.1662376 0.34826666
vn -0.8738409 -0.0969722 0.47644335
vn -0.88890857 -0.047473494 0.45561805
vn -0.9517982 -0.051050905 0.30244678
vn -0.9419917 -0.10518188 0.3187292
vn -0.88890857 -0.047473494 0.45561805
vn -0.8936222 1.6644377E-07 0.44882005
vn -0.9548046 3.9590745E-07 0.2972342
vn -0.9517982 -0.051050905 0.30244678
vn -0.8936222 1.6644377E-07 0.44882005
vn -0.88890785 0.047475263 0.45561913
vn -0.9517981 0.051051997 0.302447
vn -0.9548046 3.9590745E-07 0.2972342
vn -0.88890785 0.047475263 0.45561913
vn -0.87384003 0.0969738 0.47644487
vn -0.9419911 0.105183095 0.3187309
vn -0.9517981 0.051051997 0.302447
vn -0.87384003 0.0969738 0.47644487
vn -0.84505135 0.15103352 0.5129105
vn -0.9225363 0.16623925 0.34826896
vn -0.9419911 0.105183095 0.3187309
vn -0.84505135 0.15103352 0.5129105
vn -0.7952167 0.21257453 0.56784016
vn -0.88673955 0.23960543 0.39532563
vn -0.9225363 0.16623925 0.34826896
vn -0.7952167 0.21257453 0.56784016
vn -0.71043706 0.28425124 0.6438016
vn -0.81957227 0.33287296 0.46636572
vn -0.88673955 0.23960543 0.39532563
vn -0.71043706 0.28425124 0.6438016
vn -0.5670038 0.36600363 0.7379349
vn -0.68779 0.45415863 0.56629044
vn -0.81957227 0.33287296 0.46636572
vn -0.5670038 0.36600363 0.7379349
vn -0.33305374 0.4475593 0.8299192
vn -0.42843336 0.59606194 0.67908394
vn -0.68779 0.45415863 0.56629044
vn -0.33305374 0.4475593 0.8299192
vn 3.1779786E-07 0.48903936 0.87226176
vn 1.7153589E-07 0.6768105 0.73615724
vn -0.42843336 0.59606194 0.67908394
vn 1.7153589E-07 0.6768105 0.73615724
vn 0.42843547 0.5960611 0.67908335
vn 0.51545084 0.75401914 0.40714335
vn 6.3050805E-07 0.8913027 0.45340887
vn 0.42843547 0.5960611 0.67908335
vn 0.68779236 0.4541564 0.56628925
vn 0.7848117 0.5321263 0.31766698
vn 0.51545084 0.75401914 0.40714335
vn 0.68779236 0.4541564 0.56628925
vn 0.81957334 0.3328718 0.46636453
vn 0.8956677 0.36926284 0.24783947
vn 0.7848117 0.5321263 0.31766698
vn 0.81957334 0.3328718 0.46636453
vn 0.88674045 0.23960486 0.39532372
vn 0.9445782 0.25764477 0.20344868
vn 0.8956677 0.36926284 0.24783947
vn 0.88674045 0.23960486 0.39532372
vn 0.92253685 0.16623843 0.34826785
vn 0.96859574 0.17561147 0.17601997
vn 0.9445782 0.25764477 0.20344868
vn 0.92253685 0.16623843 0.34826785
vn 0.941991 0.105182394 0.31873122
vn 0.981053 0.10996192 0.15950951
vn 0.96859574 0.17561147 0.17601997
vn 0.941991 0.105182394 0.31873122
vn 0.95179796 0.0510516 0.30244723
vn 0.98716384 0.053064242 0.15063794
vn 0.981053 0.10996192 0.15950951
vn 0.95179796 0.0510516 0.30244723
vn 0.95480454 -2.2246043E-08 0.2972343
vn 0.98901194 3.7821877E-08 0.1478351
vn 0.98716384 0.053064242 0.15063794
vn 0.95480454 -2.2246043E-08 0.2972343
vn 0.95179814 -0.0510515 0.30244675
vn 0.9871638 -0.05306454 0.15063849
vn 0.98901194 3.7821877E-08 0.1478351
vn 0.95179814 -0.0510515 0.30244675
vn 0.9419916 -0.10518243 0.31872937
vn 0.9810529 -0.10996197 0.15951051
vn 0.9871638 -0.05306454 0.15063849
vn 0.9419916 -0.10518243 0.31872937
vn 0.92253757 -0.16623762 0.34826648
vn 0.9685956 -0.1756112 0.17602028
vn 0.9810529 -0.10996197 0.15951051
vn 0.92253757 -0.16623762 0.34826648
vn 0.88674 -0.23960431 0.39532512
vn 0.9445783 -0.25764552 0.2034469
vn 0.9685956 -0.1756112 0.17602028
vn 0.88674 -0.23960431 0.39532512
vn 0.8195727 -0.33287275 0.46636507
vn 0.8956681 -0.36926445 0.24783568
vn 0.9445783 -0.25764552 0.2034469
vn 0.8195727 -0.33287275 0.46636507
vn 0.6877888 -0.4541611 0.5662899
vn 0.7848115 -0.53212893 0.31766284
vn 0.8956681 -0.36926445 0.24783568
vn 0.6877888 -0.4541611 0.5662899
vn 0.4284342 -0.59606534 0.6790805
vn 0.5154506 -0.75402087 0.40714028
vn 0.7848115 -0.53212893 0.31766284
vn 0.4284342 -0.59606534 0.6790805
vn -2.3561024E-06 -0.6768143 0.73615366
vn -2.6823263E-06 -0.8913035 0.45340717
vn 0.5154506 -0.75402087 0.40714028
vn -2.3561024E-06 -0.6768143 0.73615366
vn -0.4284372 -0.5960647 0.679079
vn -0.5154542 -0.75401825 0.4071406
vn -2.6823263E-06 -0.8913035 0.45340717
vn -0.4284372 -0.5960647 0.679079
vn -0.68779063 -0.45415983 0.56628877
vn -0.78481275 -0.53212714 0.31766284
vn -0.5154542 -0.75401825 0.4071406
vn -0.68779063 -0.45415983 0.56628877
vn -0.81957364 -0.33287114 0.46636438
vn -0.89566857 -0.36926302 0.24783619
vn -0.78481275 -0.53212714 0.31766284
vn -0.81957364 -0.33287114 0.46636438
vn -0.8867404 -0.23960352 0.39532477
vn -0.94457865 -0.25764436 0.20344715
vn -0.89566857 -0.36926302 0.24783619
vn -0.8867404 -0.23960352 0.39532477
vn -0.9225375 -0.1662376 0.34826666
vn -0.96859586 -0.17561077 0.17601977
vn -0.94457865 -0.25764436 0.20344715
vn -0.9225375 -0.1662376 0.34826666
vn -0.9419917 -0.10518188 0.3187292
vn -0.98105305 -0.10996139 0.15950973
vn -0.96859586 -0.17561077 0.17601977
vn -0.9419917 -0.10518188 0.3187292
vn -0.9517982 -0.051050905 0.30244678
vn -0.98716384 -0.05306394 0.15063818
vn -0.98105305 -0.10996139 0.15950973
vn -0.9517982 -0.051050905 0.30244678
vn -0.9548046 3.9590745E-07 0.2972342
vn -0.98901194 4.552594E-07 0.14783537
vn -0.98716384 -0.05306394 0.15063818
vn -0.9548046 3.9590745E-07 0.2972342
vn -0.9517981 0.051051997 0.302447
vn -0.9871638 0.05306509 0.15063764
vn -0.98901194 4.552594E-07 0.14783537
vn -0.9517981 0.051051997 0.302447
vn -0.9419911 0.105183095 0.3187309
vn -0.981053 0.10996261 0.15950875
vn -0.9871638 0.05306509 0.15063764
vn -0.9419911 0.105183095 0.3187309
vn -0.9225363 0.16623925 0.34826896
vn -0.9685956 0.17561185 0.17601949
vn -0.981053 0.10996261 0.15950875
vn -0.9225363 0.16623925 0.34826896
vn -0.88673955 0.23960543 0.39532563
vn -0.9445778 0.25764593 0.20344855
vn -0.9685956 0.17561185 0.17601949
vn -0.88673955 0.23960543 0.39532563
vn -0.81957227 0.33287296 0.46636572
vn -0.8956669 0.36926457 0.24783978
vn -0.9445778 0.25764593 0.20344855
vn -0.81957227 0.33287296 0.46636572
vn -0.68779 0.45415863 0.56629044
vn -0.7848097 0.5321284 0.31766817
vn -0.8956669 0.36926457 0.24783978
vn -0.68779 0.45415863 0.56629044
vn -0.42843336 0.59606194 0.67908394
vn -0.5154487 0.75402004 0.40714422
vn -0.7848097 0.5321284 0.31766817
vn -0.42843336 0.59606194 0.67908394
vn 1.7153589E-07 0.6768105 0.73615724
vn 6.3050805E-07 0.8913027 0.45340887
vn -0.5154487 0.75402004 0.40714422
vn 6.3050805E-07 0.8913027 0.45340887
vn 0.51545084 0.75401914 0.40714335
vn 0.5527262 0.833363 2.1364965E-06
vn 5.56968E-07 1 2.1393719E-06
vn 0.51545084 0.75401914 0.40714335
vn 0.7848117 0.5321263 0.31766698
vn 0.82400084 0.5665886 1.6368498E-06
vn 0.5527262 0.833363 2.1364965E-06
vn 0.7848117 0.5321263 0.31766698
vn 0.8956677 0.36926284 0.24783947
vn 0.9235361 0.38351166 1.3045407E-06
vn 0.82400084 0.5665886 1.6368498E-06
vn 0.8956677 0.36926284 0.24783947
vn 0.9445782 0.25764477 0.20344868
vn 0.9644785 0.26416156 1.1293616E-06
vn 0.9235361 0.38351166 1.3045407E-06
vn 0.9445782 0.25764477 0.20344868
vn 0.96859574 0.17561147 0.17601997
vn 0.98388356 0.17881063 4.1134558E-07
vn 0.9644785 0.26416156 1.1293616E-06
vn 0.96859574 0.17561147 0.17601997
vn 0.981053 0.10996192 0.15950951
vn 0.9937609 0.11153183 5.3789872E-08
vn 0.98388356 0.17881063 4.1134558E-07
vn 0.981053 0.10996192 0.15950951
vn 0.98716384 0.053064242 0.15063794
vn 0.9985564 0.05371252 5.7281584E-09
vn 0.9937609 0.11153183 5.3789872E-08
vn 0.98716384 0.053064242 0.15063794
vn 0.98901194 3.7821877E-08 0.1478351
vn 1 2.2626477E-08 -4.406207E-08
vn 0.9985564 0.05371252 5.7281584E-09
vn 0.98901194 3.7821877E-08 0.1478351
vn 0.9871638 -0.05306454 0.15063849
vn 0.99855644 -0.053712748 -1.0458979E-07
vn 1 2.2626477E-08 -4.406207E-08
vn 0.9871638 -0.05306454 0.15063849
vn 0.9810529 -0.10996197 0.15951051
vn 0.9937609 -0.111531764 1.1188486E-07
vn 0.99855644 -0.053712748 -1.0458979E-07
vn 0.9810529 -0.10996197 0.15951051
vn 0.9685956 -0.1756112 0.17602028
vn 0.9838835 -0.17881091 2.6901833E-07
vn 0.9937609 -0.111531764 1.1188486E-07
vn 0.9685956 -0.1756112 0.17602028
vn 0.9445783 -0.25764552 0.2034469
vn 0.9644782 -0.26416257 6.185861E-07
vn 0.9838835 -0.17881091 2.6901833E-07
vn 0.9445783 -0.25764552 0.2034469
vn 0.8956681 -0.36926445 0.24783568
vn 0.9235356 -0.38351277 1.475666E-06
vn 0.9644782 -0.26416257 6.185861E-07
vn 0.8956681 -0.36926445 0.24783568
vn 0.7848115 -0.53212893 0.31766284
vn 0.8240008 -0.56658864 7.306614E-07
vn 0.9235356 -0.38351277 1.475666E-06
vn 0.7848115 -0.53212893 0.31766284
vn 0.5154506 -0.75402087 0.40714028
vn 0.55272573 -0.83336323 9.2116903E-07
vn 0.8240008 -0.56658864 7.306614E-07
vn 0.5154506 -0.75402087 0.40714028
vn -2.6823263E-06 -0.8913035 0.45340717
vn -2.534215E-06 -0.99999994 8.4598105E-07
vn 0.55272573 -0.83336323 9.2116903E-07
vn -2.6823263E-06 -0.8913035 0.45340717
vn -0.5154542 -0.75401825 0.4071406
vn -0.552729 -0.833361 9.1075304E-07
vn -2.534215E-06 -0.99999994 8.4598105E-07
vn -0.5154542 -0.75401825 0.4071406
vn -0.78481275 -0.53212714 0.31766284
vn -0.8240019 -0.56658703 6.3478114E-07
vn -0.552729 -0.833361 9.1075304E-07
vn -0.78481275 -0.53212714 0.31766284
vn -0.89566857 -0.36926302 0.24783619
vn -0.92353606 -0.38351145 1.2658849E-06
vn -0.8240019 -0.56658703 6.3478114E-07
vn -0.89566857 -0.36926302 0.24783619
vn -0.94457865 -0.25764436 0.20344715
vn -0.96447855 -0.264161 5.10836E-07
vn -0.92353606 -0.38351145 1.2658849E-06
vn -0.94457865 -0.25764436 0.20344715
vn -0.96859586 -0.17561077 0.17601977
vn -0.9838837 -0.17881025 2.7259918E-07
vn -0.96447855 -0.264161 5.10836E-07
vn -0.96859586 -0.17561077 0.17601977
vn -0.98105305 -0.10996139 0.15950973
vn -0.99376094 -0.11153133 9.519823E-08
vn -0.9838837 -0.17881025 2.7259918E-07
vn -0.98105305 -0.10996139 0.15950973
vn -0.98716384 -0.05306394 0.15063818
vn -0.99855644 -0.053712267 -1.1650075E-07
vn -0.99376094 -0.11153133 9.519823E-08
vn -0.98716384 -0.05306394 0.15063818
vn -0.98901194 4.552594E-07 0.14783537
vn -1 4.1620797E-07 -4.1680277E-08
vn -0.99855644 -0.053712267 -1.1650075E-07
vn -0.98901194 4.552594E-07 0.14783537
vn -0.9871638 0.05306509 0.15063764
vn -0.9985563 0.05371357 -2.2720062E-10
vn -1 4.1620797E-07 -4.1680277E-08
vn -0.9871638 0.05306509 0.15063764
vn -0.981053 0.10996261 0.15950875
vn -0.9937608 0.11153226 3.8295177E-08
vn -0.9985563 0.05371357 -2.2720062E-10
vn -0.981053 0.10996261 0.15950875
vn -0.9685956 0.17561185 0.17601949
vn -0.98388344 0.17881113 3.254049E-07
vn -0.9937608 0.11153226 3.8295177E-08
vn -0.9685956 0.17561185 0.17601949
vn -0.9445778 0.25764593 0.20344855
vn -0.96447814 0.26416245 9.1865E-07
vn -0.98388344 0.17881113 3.254049E-07
vn -0.9445778 0.25764593 0.20344855
vn -0.8956669 0.36926457 0.24783978
vn -0.92353535 0.38351336 1.2852508E-06
vn -0.96447814 0.26416245 9.1865E-07
vn -0.8956669 0.36926457 0.24783978
vn -0.7848097 0.5321284 0.31766817
vn -0.8239992 0.566591 1.6245586E-06
vn -0.92353535 0.38351336 1.2852508E-06
vn -0.7848097 0.5321284 0.31766817
vn -0.5154487 0.75402004 0.40714422
vn -0.55272454 0.833364 1.7979144E-06
vn -0.8239992 0.566591 1.6245586E-06
vn -0.5154487 0.75402004 0.40714422
vn 6.3050805E-07 0.8913027 0.45340887
vn 5.56968E-07 1 2.1393719E-06
vn -0.55272454 0.833364 1.7979144E-06
vn 5.56968E-07 1 2.1393719E-06
vn 0.5527262 0.833363 2.1364965E-06
vn 0.51545095 0.75401974 -0.4071419
vn 1.5495561E-07 0.89130354 -0.453407
vn 0.5527262 0.833363 2.1364965E-06
vn 0.82400084 0.5665886 1.6368498E-06
vn 0.7848117 0.5321269 -0.317666
vn 0.51545095 0.75401974 -0.4071419
vn 0.82400084 0.5665886 1.6368498E-06
vn 0.9235361 0.38351166 1.3045407E-06
vn 0.8956679 0.36926284 -0.24783853
vn 0.7848117 0.5321269 -0.317666
vn 0.9235361 0.38351166 1.3045407E-06
vn 0.9644785 0.26416156 1.1293616E-06
vn 0.94457847 0.25764406 -0.2034475
vn 0.8956679 0.36926284 -0.24783853
vn 0.9644785 0.26416156 1.1293616E-06
vn 0.98388356 0.17881063 4.1134558E-07
vn 0.96859604 0.17561108 -0.17601845
vn 0.94457847 0.25764406 -0.2034475
vn 0.98388356 0.17881063 4.1134558E-07
vn 0.9937609 0.11153183 5.3789872E-08
vn 0.98105335 0.10996201 -0.15950751
vn 0.96859604 0.17561108 -0.17601845
vn 0.9937609 0.11153183 5.3789872E-08
vn 0.9985564 0.05371252 5.7281584E-09
vn 0.9871641 0.053064253 -0.15063572
vn 0.98105335 0.10996201 -0.15950751
vn 0.9985564 0.05371252 5.7281584E-09
vn 1 2.2626477E-08 -4.406207E-08
vn 0.98901236 -8.188831E-08 -0.1478333
vn 0.9871641 0.053064253 -0.15063572
vn 1 2.2626477E-08 -4.406207E-08
vn 0.99855644 -0.053712748 -1.0458979E-07
vn 0.98716396 -0.053064555 -0.15063655
vn 0.98901236 -8.188831E-08 -0.1478333
vn 0.99855644 -0.053712748 -1.0458979E-07
vn 0.9937609 -0.111531764 1.1188486E-07
vn 0.98105323 -0.10996187 -0.15950812
vn 0.98716396 -0.053064555 -0.15063655
vn 0.9937609 -0.111531764 1.1188486E-07
vn 0.9838835 -0.17881091 2.6901833E-07
vn 0.968596 -0.17561151 -0.17601855
vn 0.98105323 -0.10996187 -0.15950812
vn 0.9838835 -0.17881091 2.6901833E-07
vn 0.9644782 -0.26416257 6.185861E-07
vn 0.94457847 -0.25764537 -0.2034463
vn 0.968596 -0.17561151 -0.17601855
vn 0.9644782 -0.26416257 6.185861E-07
vn 0.9235356 -0.38351277 1.475666E-06
vn 0.8956684 -0.36926302 -0.24783635
vn 0.94457847 -0.25764537 -0.2034463
vn 0.9235356 -0.38351277 1.475666E-06
vn 0.8240008 -0.56658864 7.306614E-07
vn 0.7848123 -0.5321266 -0.31766486
vn 0.8956684 -0.36926302 -0.24783635
vn 0.8240008 -0.56658864 7.306614E-07
vn 0.55272573 -0.83336323 9.2116903E-07
vn 0.51545036 -0.75402045 -0.40714133
vn 0.7848123 -0.5321266 -0.31766486
vn 0.55272573 -0.83336323 9.2116903E-07
vn -2.534215E-06 -0.99999994 8.4598105E-07
vn -2.4792816E-06 -0.89130324 -0.45340765
vn 0.51545036 -0.75402045 -0.40714133
vn -2.534215E-06 -0.99999994 8.4598105E-07
vn -0.552729 -0.833361 9.1075304E-07
vn -0.515454 -0.754018 -0.40714145
vn -2.4792816E-06 -0.89130324 -0.45340765
vn -0.552729 -0.833361 9.1075304E-07
vn -0.8240019 -0.56658703 6.3478114E-07
vn -0.78481364 -0.53212476 -0.31766453
vn -0.515454 -0.754018 -0.40714145
vn -0.8240019 -0.56658703 6.3478114E-07
vn -0.92353606 -0.38351145 1.2658849E-06
vn -0.895669 -0.3692617 -0.24783629
vn -0.78481364 -0.53212476 -0.31766453
vn -0.92353606 -0.38351145 1.2658849E-06
vn -0.96447855 -0.264161 5.10836E-07
vn -0.9445788 -0.25764415 -0.20344597
vn -0.895669 -0.3692617 -0.24783629
vn -0.96447855 -0.264161 5.10836E-07
vn -0.9838837 -0.17881025 2.7259918E-07
vn -0.9685961 -0.17561099 -0.17601806
vn -0.9445788 -0.25764415 -0.20344597
vn -0.9838837 -0.17881025 2.7259918E-07
vn -0.99376094 -0.11153133 9.519823E-08
vn -0.9810535 -0.10996132 -0.1595075
vn -0.9685961 -0.17561099 -0.17601806
vn -0.99376094 -0.11153133 9.519823E-08
vn -0.99855644 -0.053712267 -1.1650075E-07
vn -0.987164 -0.05306395 -0.15063626
vn -0.9810535 -0.10996132 -0.1595075
vn -0.99855644 -0.053712267 -1.1650075E-07
vn -1 4.1620797E-07 -4.1680277E-08
vn -0.9890122 4.2189524E-07 -0.14783385
vn -0.987164 -0.05306395 -0.15063626
vn -1 4.1620797E-07 -4.1680277E-08
vn -0.9985563 0.05371357 -2.2720062E-10
vn -0.987164 0.053065103 -0.15063602
vn -0.9890122 4.2189524E-07 -0.14783385
vn -0.9985563 0.05371357 -2.2720062E-10
vn -0.9937608 0.11153226 3.8295177E-08
vn -0.98105335 0.10996256 -0.15950704
vn -0.987164 0.053065103 -0.15063602
vn -0.9937608 0.11153226 3.8295177E-08
vn -0.98388344 0.17881113 3.254049E-07
vn -0.968596 0.17561144 -0.17601782
vn -0.98105335 0.10996256 -0.15950704
vn -0.98388344 0.17881113 3.254049E-07
vn -0.96447814 0.26416245 9.1865E-07
vn -0.9445783 0.25764528 -0.2034472
vn -0.968596 0.17561144 -0.17601782
vn -0.96447814 0.26416245 9.1865E-07
vn -0.92353535 0.38351336 1.2852508E-06
vn -0.89566725 0.36926416 -0.24783859
vn -0.9445783 0.25764528 -0.2034472
vn -0.92353535 0.38351336 1.2852508E-06
vn -0.8239992 0.566591 1.6245586E-06
vn -0.7848094 0.5321295 -0.31766704
vn -0.89566725 0.36926416 -0.24783859
vn -0.8239992 0.566591 1.6245586E-06
vn -0.55272454 0.833364 1.7979144E-06
vn -0.51544887 0.75402075 -0.40714276
vn -0.7848094 0.5321295 -0.31766704
vn -0.55272454 0.833364 1.7979144E-06
vn 5.56968E-07 1 2.1393719E-06
vn 1.5495561E-07 0.89130354 -0.453407
vn -0.51544887 0.75402075 -0.40714276
vn 1.5495561E-07 0.89130354 -0.453407
vn 0.51545095 0.75401974 -0.4071419
vn 0.42843485 0.59606045 -0.6790843
vn 5.045174E-08 0.6768097 -0.73615795
vn 0.51545095 0.75401974 -0.4071419
vn 0.7848117 0.5321269 -0.317666
vn 0.6877915 0.45415616 -0.56629056
vn 0.42843485 0.59606045 -0.6790843
vn 0.7848117 0.5321269 -0.317666
vn 0.8956679 0.36926284 -0.24783853
vn 0.8195731 0.33287063 -0.46636578
vn 0.6877915 0.45415616 -0.56629056
vn 0.8956679 0.36926284 -0.24783853
vn 0.94457847 0.25764406 -0.2034475
vn 0.8867409 0.23960377 -0.3953233
vn 0.8195731 0.33287063 -0.46636578
vn 0.94457847 0.25764406 -0.2034475
vn 0.96859604 0.17561108 -0.17601845
vn 0.9225376 0.16623835 -0.34826592
vn 0.8867409 0.23960377 -0.3953233
vn 0.96859604 0.17561108 -0.17601845
vn 0.98105335 0.10996201 -0.15950751
vn 0.94199175 0.10518275 -0.3187288
vn 0.9225376 0.16623835 -0.34826592
vn 0.98105335 0.10996201 -0.15950751
vn 0.9871641 0.053064253 -0.15063572
vn 0.95179874 0.051051643 -0.302445
vn 0.94199175 0.10518275 -0.3187288
vn 0.9871641 0.053064253 -0.15063572
vn 0.98901236 -8.188831E-08 -0.1478333
vn 0.95480525 -2.5652335E-07 -0.29723218
vn 0.95179874 0.051051643 -0.302445
vn 0.98901236 -8.188831E-08 -0.1478333
vn 0.98716396 -0.053064555 -0.15063655
vn 0.9517985 -0.051051904 -0.3024456
vn 0.95480525 -2.5652335E-07 -0.29723218
vn 0.98716396 -0.053064555 -0.15063655
vn 0.98105323 -0.10996187 -0.15950812
vn 0.94199157 -0.10518257 -0.31872967
vn 0.9517985 -0.051051904 -0.3024456
vn 0.98105323 -0.10996187 -0.15950812
vn 0.968596 -0.17561151 -0.17601855
vn 0.92253697 -0.16623873 -0.3482675
vn 0.94199157 -0.10518257 -0.31872967
vn 0.968596 -0.17561151 -0.17601855
vn 0.94457847 -0.25764537 -0.2034463
vn 0.8867401 -0.23960486 -0.3953247
vn 0.92253697 -0.16623873 -0.3482675
vn 0.94457847 -0.25764537 -0.2034463
vn 0.8956684 -0.36926302 -0.24783635
vn 0.8195737 -0.332871 -0.46636432
vn 0.8867401 -0.23960486 -0.3953247
vn 0.8956684 -0.36926302 -0.24783635
vn 0.7848123 -0.5321266 -0.31766486
vn 0.68779224 -0.45415717 -0.5662888
vn 0.8195737 -0.332871 -0.46636432
vn 0.7848123 -0.5321266 -0.31766486
vn 0.51545036 -0.75402045 -0.40714133
vn 0.42843476 -0.5960611 -0.67908376
vn 0.68779224 -0.45415717 -0.5662888
vn 0.51545036 -0.75402045 -0.40714133
vn -2.4792816E-06 -0.89130324 -0.45340765
vn -1.8818542E-06 -0.6768116 -0.7361563
vn 0.42843476 -0.5960611 -0.67908376
vn -2.4792816E-06 -0.89130324 -0.45340765
vn -0.515454 -0.754018 -0.40714145
vn -0.42843774 -0.5960609 -0.6790822
vn -1.8818542E-06 -0.6768116 -0.7361563
vn -0.515454 -0.754018 -0.40714145
vn -0.78481364 -0.53212476 -0.31766453
vn -0.68779415 -0.45415595 -0.5662874
vn -0.42843774 -0.5960609 -0.6790822
vn -0.78481364 -0.53212476 -0.31766453
vn -0.895669 -0.3692617 -0.24783629
vn -0.8195745 -0.33286992 -0.46636376
vn -0.68779415 -0.45415595 -0.5662874
vn -0.895669 -0.3692617 -0.24783629
vn -0.9445788 -0.25764415 -0.20344597
vn -0.88674057 -0.23960392 -0.3953242
vn -0.8195745 -0.33286992 -0.46636376
vn -0.9445788 -0.25764415 -0.20344597
vn -0.9685961 -0.17561099 -0.17601806
vn -0.922537 -0.16623844 -0.34826738
vn -0.88674057 -0.23960392 -0.3953242
vn -0.9685961 -0.17561099 -0.17601806
vn -0.9810535 -0.10996132 -0.1595075
vn -0.9419917 -0.10518206 -0.31872943
vn -0.922537 -0.16623844 -0.34826738
vn -0.9810535 -0.10996132 -0.1595075
vn -0.987164 -0.05306395 -0.15063626
vn -0.95179856 -0.051051304 -0.3024456
vn -0.9419917 -0.10518206 -0.31872943
vn -0.987164 -0.05306395 -0.15063626
vn -0.9890122 4.2189524E-07 -0.14783385
vn -0.9548053 3.6951562E-07 -0.29723197
vn -0.95179856 -0.051051304 -0.3024456
vn -0.9890122 4.2189524E-07 -0.14783385
vn -0.987164 0.053065103 -0.15063602
vn -0.9517988 0.0510521 -0.30244467
vn -0.9548053 3.6951562E-07 -0.29723197
vn -0.987164 0.053065103 -0.15063602
vn -0.98105335 0.10996256 -0.15950704
vn -0.94199175 0.10518334 -0.31872854
vn -0.9517988 0.0510521 -0.30244467
vn -0.98105335 0.10996256 -0.15950704
vn -0.968596 0.17561144 -0.17601782
vn -0.92253715 0.16623901 -0.34826684
vn -0.94199175 0.10518334 -0.31872854
vn -0.968596 0.17561144 -0.17601782
vn -0.9445783 0.25764528 -0.2034472
vn -0.8867399 0.2396046 -0.39532506
vn -0.92253715 0.16623901 -0.34826684
vn -0.9445783 0.25764528 -0.2034472
vn -0.89566725 0.36926416 -0.24783859
vn -0.8195722 0.33287162 -0.4663666
vn -0.8867399 0.2396046 -0.39532506
vn -0.89566725 0.36926416 -0.24783859
vn -0.7848094 0.5321295 -0.31766704
vn -0.687789 0.45415828 -0.56629175
vn -0.8195722 0.33287162 -0.4663666
vn -0.7848094 0.5321295 -0.31766704
vn -0.51544887 0.75402075 -0.40714276
vn -0.42843232 0.5960617 -0.67908484
vn -0.687789 0.45415828 -0.56629175
vn -0.51544887 0.75402075 -0.40714276
vn 1.5495561E-07 0.89130354 -0.453407
vn 5.045174E-08 0.6768097 -0.73615795
vn -0.42843232 0.5960617 -0.67908484
vn 5.045174E-08 0.6768097 -0.73615795
vn 0.42843485 0.59606045 -0.6790843
vn 0.33305496 0.44755742 -0.82991976
vn 4.7669675E-07 0.48903796 -0.8722625
vn 0.42843485 0.59606045 -0.6790843
vn 0.6877915 0.45415616 -0.56629056
vn 0.5670043 0.36600158 -0.7379355
vn 0.33305496 0.44755742 -0.82991976
vn 0.6877915 0.45415616 -0.56629056
vn 0.8195731 0.33287063 -0.46636578
vn 0.7104388 0.2842498 -0.64380026
vn 0.5670043 0.36600158 -0.7379355
vn 0.8195731 0.33287063 -0.46636578
vn 0.8867409 0.23960377 -0.3953233
vn 0.7952178 0.21257362 -0.56783897
vn 0.7104388 0.2842498 -0.64380026
vn 0.8867409 0.23960377 -0.3953233
vn 0.9225376 0.16623835 -0.34826592
vn 0.8450521 0.15103303 -0.51290935
vn 0.7952178 0.21257362 -0.56783897
vn 0.9225376 0.16623835 -0.34826592
vn 0.94199175 0.10518275 -0.3187288
vn 0.87384075 0.09697317 -0.47644368
vn 0.8450521 0.15103303 -0.51290935
vn 0.94199175 0.10518275 -0.3187288
vn 0.95179874 0.051051643 -0.302445
vn 0.88890785 0.04747482 -0.45561934
vn 0.87384075 0.09697317 -0.47644368
vn 0.95179874 0.051051643 -0.302445
vn 0.95480525 -2.5652335E-07 -0.29723218
vn 0.89362186 -2.7192928E-07 -0.4488206
vn 0.88890785 0.04747482 -0.45561934
vn 0.95480525 -2.5652335E-07 -0.29723218
vn 0.9517985 -0.051051904 -0.3024456
vn 0.8889081 -0.047475252 -0.45561868
vn 0.89362186 -2.7192928E-07 -0.4488206
vn 0.9517985 -0.051051904 -0.3024456
vn 0.94199157 -0.10518257 -0.31872967
vn 0.8738401 -0.096973486 -0.47644475
vn 0.8889081 -0.047475252 -0.45561868
vn 0.94199157 -0.10518257 -0.31872967
vn 0.92253697 -0.16623873 -0.3482675
vn 0.845051 -0.1510329 -0.51291126
vn 0.8738401 -0.096973486 -0.47644475
vn 0.92253697 -0.16623873 -0.3482675
vn 0.8867401 -0.23960486 -0.3953247
vn 0.79521567 -0.21257424 -0.5678418
vn 0.845051 -0.1510329 -0.51291126
vn 0.8867401 -0.23960486 -0.3953247
vn 0.8195737 -0.332871 -0.46636432
vn 0.710438 -0.28424862 -0.64380175
vn 0.79521567 -0.21257424 -0.5678418
vn 0.8195737 -0.332871 -0.46636432
vn 0.68779224 -0.45415717 -0.5662888
vn 0.56700325 -0.36600038 -0.737937
vn 0.710438 -0.28424862 -0.64380175
vn 0.68779224 -0.45415717 -0.5662888
vn 0.42843476 -0.5960611 -0.67908376
vn 0.33305252 -0.44755605 -0.8299214
vn 0.56700325 -0.36600038 -0.737937
vn 0.42843476 -0.5960611 -0.67908376
vn -1.8818542E-06 -0.6768116 -0.7361563
vn -5.915928E-07 -0.48903552 -0.87226385
vn 0.33305252 -0.44755605 -0.8299214
vn -1.8818542E-06 -0.6768116 -0.7361563
vn -0.42843774 -0.5960609 -0.6790822
vn -0.333055 -0.44755548 -0.8299208
vn -5.915928E-07 -0.48903552 -0.87226385
vn -0.42843774 -0.5960609 -0.6790822
vn -0.68779415 -0.45415595 -0.5662874
vn -0.5670053 -0.36599934 -0.73793596
vn -0.333055 -0.44755548 -0.8299208
vn -0.68779415 -0.45415595 -0.5662874
vn -0.8195745 -0.33286992 -0.46636376
vn -0.7104389 -0.28424802 -0.64380103
vn -0.5670053 -0.36599934 -0.73793596
vn -0.8195745 -0.33286992 -0.46636376
vn -0.88674057 -0.23960392 -0.3953242
vn -0.7952166 -0.21257392 -0.5678406
vn -0.7104389 -0.28424802 -0.64380103
vn -0.88674057 -0.23960392 -0.3953242
vn -0.922537 -0.16623844 -0.34826738
vn -0.8450514 -0.15103249 -0.51291054
vn -0.7952166 -0.21257392 -0.5678406
vn -0.922537 -0.16623844 -0.34826738
vn -0.9419917 -0.10518206 -0.31872943
vn -0.8738401 -0.09697296 -0.47644484
vn -0.8450514 -0.15103249 -0.51291054
vn -0.9419917 -0.10518206 -0.31872943
vn -0.95179856 -0.051051304 -0.3024456
vn -0.8889081 -0.047474623 -0.45561877
vn -0.8738401 -0.09697296 -0.47644484
vn -0.95179856 -0.051051304 -0.3024456
vn -0.9548053 3.6951562E-07 -0.29723197
vn -0.893622 8.0881186E-08 -0.44882032
vn -0.8889081 -0.047474623 -0.45561877
vn -0.9548053 3.6951562E-07 -0.29723197
vn -0.9517988 0.0510521 -0.30244467
vn -0.88890797 0.04747523 -0.4556191
vn -0.893622 8.0881186E-08 -0.44882032
vn -0.9517988 0.0510521 -0.30244467
vn -0.94199175 0.10518334 -0.31872854
vn -0.87384033 0.09697387 -0.4764443
vn -0.88890797 0.04747523 -0.4556191
vn -0.94199175 0.10518334 -0.31872854
vn -0.92253715 0.16623901 -0.34826684
vn -0.8450516 0.15103364 -0.5129099
vn -0.87384033 0.09697387 -0.4764443
vn -0.92253715 0.16623901 -0.34826684
vn -0.8867399 0.2396046 -0.39532506
vn -0.79521686 0.21257444 -0.56784004
vn -0.8450516 0.15103364 -0.5129099
vn -0.8867399 0.2396046 -0.39532506
vn -0.8195722 0.33287162 -0.4663666
vn -0.7104371 0.28425017 -0.6438019
vn -0.79521686 0.21257444 -0.56784004
vn -0.8195722 0.33287162 -0.4663666
vn -0.687789 0.45415828 -0.56629175
vn -0.5670028 0.36600226 -0.7379363
vn -0.7104371 0.28425017 -0.6438019
vn -0.687789 0.45415828 -0.56629175
vn -0.42843232 0.5960617 -0.67908484
vn -0.33305225 0.447558 -0.8299204
vn -0.5670028 0.36600226 -0.7379363
vn -0.42843232 0.5960617 -0.67908484
vn 5.045174E-08 0.6768097 -0.73615795
vn 4.7669675E-07 0.48903796 -0.8722625
vn -0.33305225 0.447558 -0.8299204
vn 4.7669675E-07 0.48903796 -0.8722625
vn 0.33305496 0.44755742 -0.82991976
vn 0.24868533 0.32720074 -0.9116442
vn 1.1174607E-06 0.34872556 -0.93722486
vn 0.33305496 0.44755742 -0.82991976
vn 0.5670043 0.36600158 -0.7379355
vn 0.44372812 0.28160125 -0.8507679
vn 0.24868533 0.32720074 -0.9116442
vn 0.5670043 0.36600158 -0.7379355
vn 0.7104388 0.2842498 -0.64380026
vn 0.58196646 0.2297488 -0.7800838
vn 0.44372812 0.28160125 -0.8507679
vn 0.7104388 0.2842498 -0.64380026
vn 0.7952178 0.21257362 -0.56783897
vn 0.6749596 0.17844655 -0.7159515
vn 0.58196646 0.2297488 -0.7800838
vn 0.7952178 0.21257362 -0.56783897
vn 0.8450521 0.15103303 -0.51290935
vn 0.73524904 0.13014075 -0.6651858
vn 0.6749596 0.17844655 -0.7159515
vn 0.8450521 0.15103303 -0.51290935
vn 0.87384075 0.09697317 -0.47644368
vn 0.77248275 0.084976286 -0.6293246
vn 0.73524904 0.13014075 -0.6651858
vn 0.87384075 0.09697317 -0.47644368
vn 0.88890785 0.04747482 -0.45561934
vn 0.7928068 0.042023666 -0.6080226
vn 0.77248275 0.084976286 -0.6293246
vn 0.88890785 0.04747482 -0.45561934
vn 0.89362186 -2.7192928E-07 -0.4488206
vn 0.7993148 -5.180773E-08 -0.60091245
vn 0.7928068 0.042023666 -0.6080226
vn 0.89362186 -2.7192928E-07 -0.4488206
vn 0.8889081 -0.047475252 -0.45561868
vn 0.7928067 -0.042024467 -0.6080226
vn 0.7993148 -5.180773E-08 -0.60091245
vn 0.8889081 -0.047475252 -0.45561868
vn 0.8738401 -0.096973486 -0.47644475
vn 0.77248275 -0.08497737 -0.6293245
vn 0.7928067 -0.042024467 -0.6080226
vn 0.8738401 -0.096973486 -0.47644475
vn 0.845051 -0.1510329 -0.51291126
vn 0.7352489 -0.1301413 -0.66518587
vn 0.77248275 -0.08497737 -0.6293245
vn 0.845051 -0.1510329 -0.51291126
vn 0.79521567 -0.21257424 -0.5678418
vn 0.6749593 -0.17844695 -0.7159515
vn 0.7352489 -0.1301413 -0.66518587
vn 0.79521567 -0.21257424 -0.5678418
vn 0.710438 -0.28424862 -0.64380175
vn 0.58196694 -0.22974934 -0.7800833
vn 0.6749593 -0.17844695 -0.7159515
vn 0.710438 -0.28424862 -0.64380175
vn 0.56700325 -0.36600038 -0.737937
vn 0.44372946 -0.28160065 -0.8507675
vn 0.58196694 -0.22974934 -0.7800833
vn 0.56700325 -0.36600038 -0.737937
vn 0.33305252 -0.44755605 -0.8299214
vn 0.24868353 -0.32720077 -0.9116448
vn 0.44372946 -0.28160065 -0.8507675
vn 0.33305252 -0.44755605 -0.8299214
vn -5.915928E-07 -0.48903552 -0.87226385
vn -5.1778864E-07 -0.34872487 -0.93722516
vn 0.24868353 -0.32720077 -0.9116448
vn -5.915928E-07 -0.48903552 -0.87226385
vn -0.333055 -0.44755548 -0.8299208
vn -0.24868625 -0.32720026 -0.91164416
vn -5.1778864E-07 -0.34872487 -0.93722516
vn -0.333055 -0.44755548 -0.8299208
vn -0.5670053 -0.36599934 -0.73793596
vn -0.4437309 -0.28159994 -0.85076696
vn -0.24868625 -0.32720026 -0.91164416
vn -0.5670053 -0.36599934 -0.73793596
vn -0.7104389 -0.28424802 -0.64380103
vn -0.5819675 -0.22974901 -0.7800828
vn -0.4437309 -0.28159994 -0.85076696
vn -0.7104389 -0.28424802 -0.64380103
vn -0.7952166 -0.21257392 -0.5678406
vn -0.67495966 -0.17844643 -0.71595126
vn -0.5819675 -0.22974901 -0.7800828
vn -0.7952166 -0.21257392 -0.5678406
vn -0.8450514 -0.15103249 -0.51291054
vn -0.7352491 -0.13014035 -0.6651858
vn -0.67495966 -0.17844643 -0.71595126
vn -0.8450514 -0.15103249 -0.51291054
vn -0.8738401 -0.09697296 -0.47644484
vn -0.7724823 -0.084977016 -0.62932503
vn -0.7352491 -0.13014035 -0.6651858
vn -0.8738401 -0.09697296 -0.47644484
vn -0.8889081 -0.047474623 -0.45561877
vn -0.7928064 -0.042024083 -0.6080229
vn -0.7724823 -0.084977016 -0.62932503
vn -0.8889081 -0.047474623 -0.45561877
vn -0.893622 8.0881186E-08 -0.44882032
vn -0.79931456 1.6737454E-07 -0.60091287
vn -0.7928064 -0.042024083 -0.6080229
vn -0.893622 8.0881186E-08 -0.44882032
vn -0.88890797 0.04747523 -0.4556191
vn -0.7928063 0.04202412 -0.60802317
vn -0.79931456 1.6737454E-07 -0.60091287
vn -0.88890797 0.04747523 -0.4556191
vn -0.87384033 0.09697387 -0.4764443
vn -0.77248186 0.084977254 -0.6293256
vn -0.7928063 0.04202412 -0.60802317
vn -0.87384033 0.09697387 -0.4764443
vn -0.8450516 0.15103364 -0.5129099
vn -0.7352481 0.13014108 -0.6651868
vn -0.77248186 0.084977254 -0.6293256
vn -0.8450516 0.15103364 -0.5129099
vn -0.79521686 0.21257444 -0.56784004
vn -0.6749586 0.17844713 -0.7159523
vn -0.7352481 0.13014108 -0.6651868
vn -0.79521686 0.21257444 -0.56784004
vn -0.7104371 0.28425017 -0.6438019
vn -0.5819658 0.22974941 -0.78008395
vn -0.6749586 0.17844713 -0.7159523
vn -0.7104371 0.28425017 -0.6438019
vn -0.5670028 0.36600226 -0.7379363
vn -0.4437271 0.2816013 -0.85076845
vn -0.5819658 0.22974941 -0.78008395
vn -0.5670028 0.36600226 -0.7379363
vn -0.33305225 0.447558 -0.8299204
vn -0.24868403 0.32720134 -0.91164446
vn -0.4437271 0.2816013 -0.85076845
vn -0.33305225 0.447558 -0.8299204
vn 4.7669675E-07 0.48903796 -0.8722625
vn 1.1174607E-06 0.34872556 -0.93722486
vn -0.24868403 0.32720134 -0.91164446
vn 1.1174607E-06 0.34872556 -0.93722486
vn 0.24868533 0.32720074 -0.9116442
vn 0.1773401 0.22973253 -0.95696056
vn 9.19091E-07 0.24157378 -0.9703824
vn 0.24868533 0.32720074 -0.9116442
vn 0.44372812 0.28160125 -0.8507679
vn 0.32639542 0.20420034 -0.92291296
vn 0.1773401 0.22973253 -0.95696056
vn 0.44372812 0.28160125 -0.8507679
vn 0.58196646 0.2297488 -0.7800838
vn 0.4435697 0.17285757 -0.8794124
vn 0.32639542 0.20420034 -0.92291296
vn 0.58196646 0.2297488 -0.7800838
vn 0.6749596 0.17844655 -0.7159515
vn 0.5310119 0.13870057 -0.8359357
vn 0.4435697 0.17285757 -0.8794124
vn 0.6749596 0.17844655 -0.7159515
vn 0.73524904 0.13014075 -0.6651858
vn 0.59287554 0.10369006 -0.79859054
vn 0.5310119 0.13870057 -0.8359357
vn 0.73524904 0.13014075 -0.6651858
vn 0.77248275 0.084976286 -0.6293246
vn 0.63361704 0.06883093 -0.77057886
vn 0.59287554 0.10369006 -0.79859054
vn 0.77248275 0.084976286 -0.6293246
vn 0.7928068 0.042023666 -0.6080226
vn 0.65677035 0.034358706 -0.75330746
vn 0.63361704 0.06883093 -0.77057886
vn 0.7928068 0.042023666 -0.6080226
vn 0.7993148 -5.180773E-08 -0.60091245
vn 0.66433626 7.4950016E-08 -0.74743384
vn 0.65677035 0.034358706 -0.75330746
vn 0.7993148 -5.180773E-08 -0.60091245
vn 0.7928067 -0.042024467 -0.6080226
vn 0.65677005 -0.034359332 -0.75330764
vn 0.66433626 7.4950016E-08 -0.74743384
vn 0.7928067 -0.042024467 -0.6080226
vn 0.77248275 -0.08497737 -0.6293245
vn 0.6336167 -0.068832256 -0.77057904
vn 0.65677005 -0.034359332 -0.75330764
vn 0.77248275 -0.08497737 -0.6293245
vn 0.7352489 -0.1301413 -0.66518587
vn 0.5928759 -0.10369095 -0.7985903
vn 0.6336167 -0.068832256 -0.77057904
vn 0.7352489 -0.1301413 -0.66518587
vn 0.6749593 -0.17844695 -0.7159515
vn 0.5310125 -0.138701 -0.8359352
vn 0.5928759 -0.10369095 -0.7985903
vn 0.6749593 -0.17844695 -0.7159515
vn 0.58196694 -0.22974934 -0.7800833
vn 0.4435711 -0.17285785 -0.87941164
vn 0.5310125 -0.138701 -0.8359352
vn 0.58196694 -0.22974934 -0.7800833
vn 0.44372946 -0.28160065 -0.8507675
vn 0.32639724 -0.20420077 -0.9229122
vn 0.4435711 -0.17285785 -0.87941164
vn 0.44372946 -0.28160065 -0.8507675
vn 0.24868353 -0.32720077 -0.9116448
vn 0.1773409 -0.22973348 -0.9569602
vn 0.32639724 -0.20420077 -0.9229122
vn 0.24868353 -0.32720077 -0.9116448
vn -5.1778864E-07 -0.34872487 -0.93722516
vn -8.939926E-07 -0.24157509 -0.97038215
vn 0.1773409 -0.22973348 -0.9569602
vn -5.1778864E-07 -0.34872487 -0.93722516
vn -0.24868625 -0.32720026 -0.91164416
vn -0.17734298 -0.22973296 -0.95695984
vn -8.939926E-07 -0.24157509 -0.97038215
vn -0.24868625 -0.32720026 -0.91164416
vn -0.4437309 -0.28159994 -0.85076696
vn -0.3263982 -0.2042005 -0.92291194
vn -0.17734298 -0.22973296 -0.95695984
vn -0.4437309 -0.28159994 -0.85076696
vn -0.5819675 -0.22974901 -0.7800828
vn -0.4435712 -0.17285761 -0.8794116
vn -0.3263982 -0.2042005 -0.92291194
vn -0.5819675 -0.22974901 -0.7800828
vn -0.67495966 -0.17844643 -0.71595126
vn -0.5310136 -0.13870025 -0.83593476
vn -0.4435712 -0.17285761 -0.8794116
vn -0.67495966 -0.17844643 -0.71595126
vn -0.7352491 -0.13014035 -0.6651858
vn -0.5928763 -0.10369053 -0.79858994
vn -0.5310136 -0.13870025 -0.83593476
vn -0.7352491 -0.13014035 -0.6651858
vn -0.7724823 -0.084977016 -0.62932503
vn -0.63361675 -0.06883213 -0.7705789
vn -0.5928763 -0.10369053 -0.79858994
vn -0.7724823 -0.084977016 -0.62932503
vn -0.7928064 -0.042024083 -0.6080229
vn -0.65677035 -0.0343591 -0.7533074
vn -0.63361675 -0.06883213 -0.7705789
vn -0.7928064 -0.042024083 -0.6080229
vn -0.79931456 1.6737454E-07 -0.60091287
vn -0.6643363 1.6688766E-07 -0.74743384
vn -0.65677035 -0.0343591 -0.7533074
vn -0.79931456 1.6737454E-07 -0.60091287
vn -0.7928063 0.04202412 -0.60802317
vn -0.6567701 0.03435909 -0.7533077
vn -0.6643363 1.6688766E-07 -0.74743384
vn -0.7928063 0.04202412 -0.60802317
vn -0.77248186 0.084977254 -0.6293256
vn -0.63361645 0.06883162 -0.7705792
vn -0.6567701 0.03435909 -0.7533077
vn -0.77248186 0.084977254 -0.6293256
vn -0.7352481 0.13014108 -0.6651868
vn -0.592875 0.10369072 -0.79859084
vn -0.63361645 0.06883162 -0.7705792
vn -0.7352481 0.13014108 -0.6651868
vn -0.6749586 0.17844713 -0.7159523
vn -0.531011 0.1387008 -0.83593625
vn -0.592875 0.10369072 -0.79859084
vn -0.6749586 0.17844713 -0.7159523
vn -0.5819658 0.22974941 -0.78008395
vn -0.44356862 0.17285782 -0.879413
vn -0.531011 0.1387008 -0.83593625
vn -0.5819658 0.22974941 -0.78008395
vn -0.4437271 0.2816013 -0.85076845
vn -0.32639465 0.20420058 -0.92291313
vn -0.44356862 0.17285782 -0.879413
vn -0.4437271 0.2816013 -0.85076845
vn -0.24868403 0.32720134 -0.91164446
vn -0.17733914 0.22973254 -0.9569607
vn -0.32639465 0.20420058 -0.92291313
vn -0.24868403 0.32720134 -0.91164446
vn 1.1174607E-06 0.34872556 -0.93722486
vn 9.19091E-07 0.24157378 -0.9703824
vn -0.17733914 0.22973254 -0.9569607
vn 9.19091E-07 0.24157378 -0.9703824
vn 0.1773401 0.22973253 -0.95696056
vn 0.11586557 0.14745024 -0.98225945
vn -5.4759212E-08 0.15442832 -0.98800397
vn 0.1773401 0.22973253 -0.95696056
vn 0.32639542 0.20420034 -0.92291296
vn 0.21639186 0.13311397 -0.9671894
vn 0.11586557 0.14745024 -0.98225945
vn 0.32639542 0.20420034 -0.92291296
vn 0.4435697 0.17285757 -0.8794124
vn 0.3006918 0.11529328 -0.9467269
vn 0.21639186 0.13311397 -0.9671894
vn 0.4435697 0.17285757 -0.8794124
vn 0.5310119 0.13870057 -0.8359357
vn 0.36843663 0.09467703 -0.9248193
vn 0.3006918 0.11529328 -0.9467269
vn 0.5310119 0.13870057 -0.8359357
vn 0.59287554 0.10369006 -0.79859054
vn 0.41970268 0.07212793 -0.9047913
vn 0.36843663 0.09467703 -0.9248193
vn 0.59287554 0.10369006 -0.79859054
vn 0.63361704 0.06883093 -0.77057886
vn 0.45523736 0.048461713 -0.8890502
vn 0.41970268 0.07212793 -0.9047913
vn 0.63361704 0.06883093 -0.77057886
vn 0.65677035 0.034358706 -0.75330746
vn 0.47601557 0.024303101 -0.879101
vn 0.45523736 0.048461713 -0.8890502
vn 0.65677035 0.034358706 -0.75330746
vn 0.66433626 7.4950016E-08 -0.74743384
vn 0.48285195 1.5822377E-07 -0.8757021
vn 0.47601557 0.024303101 -0.879101
vn 0.66433626 7.4950016E-08 -0.74743384
vn 0.65677005 -0.034359332 -0.75330764
vn 0.4760157 -0.0243032 -0.8791009
vn 0.48285195 1.5822377E-07 -0.8757021
vn 0.65677005 -0.034359332 -0.75330764
vn 0.6336167 -0.068832256 -0.77057904
vn 0.45523643 -0.048463374 -0.8890507
vn 0.4760157 -0.0243032 -0.8791009
vn 0.6336167 -0.068832256 -0.77057904
vn 0.5928759 -0.10369095 -0.7985903
vn 0.41970432 -0.07212869 -0.90479046
vn 0.45523643 -0.048463374 -0.8890507
vn 0.5928759 -0.10369095 -0.7985903
vn 0.5310125 -0.138701 -0.8359352
vn 0.36843765 -0.09467777 -0.9248188
vn 0.41970432 -0.07212869 -0.90479046
vn 0.5310125 -0.138701 -0.8359352
vn 0.4435711 -0.17285785 -0.87941164
vn 0.3006929 -0.11529366 -0.9467265
vn 0.36843765 -0.09467777 -0.9248188
vn 0.4435711 -0.17285785 -0.87941164
vn 0.32639724 -0.20420077 -0.9229122
vn 0.21639338 -0.13311431 -0.96718895
vn 0.3006929 -0.11529366 -0.9467265
vn 0.32639724 -0.20420077 -0.9229122
vn 0.1773409 -0.22973348 -0.9569602
vn 0.115865245 -0.14745045 -0.9822594
vn 0.21639338 -0.13311431 -0.96718895
vn 0.1773409 -0.22973348 -0.9569602
vn -8.939926E-07 -0.24157509 -0.97038215
vn -5.612819E-07 -0.15442838 -0.98800397
vn 0.115865245 -0.14745045 -0.9822594
vn -8.939926E-07 -0.24157509 -0.97038215
vn -0.17734298 -0.22973296 -0.95695984
vn -0.11586649 -0.1474505 -0.9822593
vn -5.612819E-07 -0.15442838 -0.98800397
vn -0.17734298 -0.22973296 -0.95695984
vn -0.3263982 -0.2042005 -0.92291194
vn -0.21639453 -0.13311426 -0.9671887
vn -0.11586649 -0.1474505 -0.9822593
vn -0.3263982 -0.2042005 -0.92291194
vn -0.4435712 -0.17285761 -0.8794116
vn -0.30069345 -0.11529361 -0.9467263
vn -0.21639453 -0.13311426 -0.9671887
vn -0.4435712 -0.17285761 -0.8794116
vn -0.5310136 -0.13870025 -0.83593476
vn -0.3684391 -0.09467745 -0.92481834
vn -0.30069345 -0.11529361 -0.9467263
vn -0.5310136 -0.13870025 -0.83593476
vn -0.5928763 -0.10369053 -0.79858994
vn -0.4197052 -0.072128646 -0.90479
vn -0.3684391 -0.09467745 -0.92481834
vn -0.5928763 -0.10369053 -0.79858994
vn -0.63361675 -0.06883213 -0.7705789
vn -0.45523736 -0.048463088 -0.8890502
vn -0.4197052 -0.072128646 -0.90479
vn -0.63361675 -0.06883213 -0.7705789
vn -0.65677035 -0.0343591 -0.7533074
vn -0.4760158 -0.024303192 -0.87910086
vn -0.45523736 -0.048463088 -0.8890502
vn -0.65677035 -0.0343591 -0.7533074
vn -0.6643363 1.6688766E-07 -0.74743384
vn -0.4828521 1.3058386E-07 -0.8757019
vn -0.4760158 -0.024303192 -0.87910086
vn -0.6643363 1.6688766E-07 -0.74743384
vn -0.6567701 0.03435909 -0.7533077
vn -0.4760153 0.024303522 -0.87910116
vn -0.4828521 1.3058386E-07 -0.8757019
vn -0.6567701 0.03435909 -0.7533077
vn -0.63361645 0.06883162 -0.7705792
vn -0.45523673 0.04846215 -0.8890506
vn -0.4760153 0.024303522 -0.87910116
vn -0.63361645 0.06883162 -0.7705792
vn -0.592875 0.10369072 -0.79859084
vn -0.41970217 0.07212826 -0.9047915
vn -0.45523673 0.04846215 -0.8890506
vn -0.592875 0.10369072 -0.79859084
vn -0.531011 0.1387008 -0.83593625
vn -0.3684364 0.09467738 -0.9248193
vn -0.41970217 0.07212826 -0.9047915
vn -0.531011 0.1387008 -0.83593625
vn -0.44356862 0.17285782 -0.879413
vn -0.300691 0.115293525 -0.94672716
vn -0.3684364 0.09467738 -0.9248193
vn -0.44356862 0.17285782 -0.879413
vn -0.32639465 0.20420058 -0.92291313
vn -0.2163912 0.13311407 -0.9671895
vn -0.300691 0.115293525 -0.94672716
vn -0.32639465 0.20420058 -0.92291313
vn -0.17733914 0.22973254 -0.9569607
vn -0.11586432 0.14745004 -0.98225963
vn -0.2163912 0.13311407 -0.9671895
vn -0.17733914 0.22973254 -0.9569607
vn 9.19091E-07 0.24157378 -0.9703824
vn -5.4759212E-08 0.15442832 -0.98800397
vn -0.11586432 0.14745004 -0.98225963
vn -5.4759212E-08 0.15442832 -0.98800397
vn 0.11586557 0.14745024 -0.98225945
vn 0.060643964 0.074173465 -0.99539965
vn -3.1032394E-07 0.07853262 -0.9969116
vn 0.11586557 0.14745024 -0.98225945
vn 0.21639186 0.13311397 -0.9671894
vn 0.11208549 0.066415265 -0.9914766
vn 0.060643964 0.074173465 -0.99539965
vn 0.21639186 0.13311397 -0.9671894
vn 0.3006918 0.11529328 -0.9467269
vn 0.15596321 0.057697643 -0.98607624
vn 0.11208549 0.066415265 -0.9914766
vn 0.3006918 0.11529328 -0.9467269
vn 0.36843663 0.09467703 -0.9248193
vn 0.19250943 0.04769829 -0.9801352
vn 0.15596321 0.057697643 -0.98607624
vn 0.36843663 0.09467703 -0.9248193
vn 0.41970268 0.07212793 -0.9047913
vn 0.22112396 0.036504872 -0.9745623
vn 0.19250943 0.04769829 -0.9801352
vn 0.41970268 0.07212793 -0.9047913
vn 0.45523736 0.048461713 -0.8890502
vn 0.24135822 0.024482885 -0.9701272
vn 0.22112396 0.036504872 -0.9745623
vn 0.45523736 0.048461713 -0.8890502
vn 0.47601557 0.024303101 -0.879101
vn 0.2531047 0.012147237 -0.9673627
vn 0.24135822 0.024482885 -0.9701272
vn 0.47601557 0.024303101 -0.879101
vn 0.48285195 1.5822377E-07 -0.8757021
vn 0.25683057 1.5706948E-07 -0.9664565
vn 0.2531047 0.012147237 -0.9673627
vn 0.48285195 1.5822377E-07 -0.8757021
vn 0.4760157 -0.0243032 -0.8791009
vn 0.25310466 -0.012147015 -0.9673627
vn 0.25683057 1.5706948E-07 -0.9664565
vn 0.4760157 -0.0243032 -0.8791009
vn 0.45523643 -0.048463374 -0.8890507
vn 0.24135773 -0.024483232 -0.9701272
vn 0.25310466 -0.012147015 -0.9673627
vn 0.45523643 -0.048463374 -0.8890507
vn 0.41970432 -0.07212869 -0.90479046
vn 0.22112346 -0.036505565 -0.9745623
vn 0.24135773 -0.024483232 -0.9701272
vn 0.41970432 -0.07212869 -0.90479046
vn 0.36843765 -0.09467777 -0.9248188
vn 0.19251202 -0.047698393 -0.9801347
vn 0.22112346 -0.036505565 -0.9745623
vn 0.36843765 -0.09467777 -0.9248188
vn 0.3006929 -0.11529366 -0.9467265
vn 0.15596454 -0.057698276 -0.98607606
vn 0.19251202 -0.047698393 -0.9801347
vn 0.3006929 -0.11529366 -0.9467265
vn 0.21639338 -0.13311431 -0.96718895
vn 0.11208679 -0.06641572 -0.9914765
vn 0.15596454 -0.057698276 -0.98607606
vn 0.21639338 -0.13311431 -0.96718895
vn 0.115865245 -0.14745045 -0.9822594
vn 0.060644053 -0.07417408 -0.99539965
vn 0.11208679 -0.06641572 -0.9914765
vn 0.115865245 -0.14745045 -0.9822594
vn -5.612819E-07 -0.15442838 -0.98800397
vn -9.829398E-08 -0.078533195 -0.9969114
vn 0.060644053 -0.07417408 -0.99539965
vn -5.612819E-07 -0.15442838 -0.98800397
vn -0.11586649 -0.1474505 -0.9822593
vn -0.060645144 -0.07417414 -0.99539965
vn -9.829398E-08 -0.078533195 -0.9969114
vn -0.11586649 -0.1474505 -0.9822593
vn -0.21639453 -0.13311426 -0.9671887
vn -0.11208692 -0.06641541 -0.9914765
vn -0.060645144 -0.07417414 -0.99539965
vn -0.21639453 -0.13311426 -0.9671887
vn -0.30069345 -0.11529361 -0.9467263
vn -0.15596454 -0.057698272 -0.98607606
vn -0.11208692 -0.06641541 -0.9914765
vn -0.30069345 -0.11529361 -0.9467263
vn -0.3684391 -0.09467745 -0.92481834
vn -0.19251212 -0.04769833 -0.9801347
vn -0.15596454 -0.057698272 -0.98607606
vn -0.3684391 -0.09467745 -0.92481834
vn -0.4197052 -0.072128646 -0.90479
vn -0.22112416 -0.03650539 -0.97456217
vn -0.19251212 -0.04769833 -0.9801347
vn -0.4197052 -0.072128646 -0.90479
vn -0.45523736 -0.048463088 -0.8890502
vn -0.24135782 -0.024482956 -0.9701272
vn -0.22112416 -0.03650539 -0.97456217
vn -0.45523736 -0.048463088 -0.8890502
vn -0.4760158 -0.024303192 -0.87910086
vn -0.25310484 -0.012147075 -0.96736264
vn -0.24135782 -0.024482956 -0.9701272
vn -0.4760158 -0.024303192 -0.87910086
vn -0.4828521 1.3058386E-07 -0.8757019
vn -0.25683066 1.3449323E-07 -0.9664565
vn -0.25310484 -0.012147075 -0.96736264
vn -0.4828521 1.3058386E-07 -0.8757019
vn -0.4760153 0.024303522 -0.87910116
vn -0.2531047 0.012147449 -0.9673627
vn -0.25683066 1.3449323E-07 -0.9664565
vn -0.4760153 0.024303522 -0.87910116
vn -0.45523673 0.04846215 -0.8890506
vn -0.24135782 0.024483297 -0.9701272
vn -0.2531047 0.012147449 -0.9673627
vn -0.45523673 0.04846215 -0.8890506
vn -0.41970217 0.07212826 -0.9047915
vn -0.22112393 0.036504976 -0.9745623
vn -0.24135782 0.024483297 -0.9701272
vn -0.41970217 0.07212826 -0.9047915
vn -0.3684364 0.09467738 -0.9248193
vn -0.19250898 0.047698382 -0.9801354
vn -0.22112393 0.036504976 -0.9745623
vn -0.3684364 0.09467738 -0.9248193
vn -0.300691 0.115293525 -0.94672716
vn -0.15596257 0.057697862 -0.9860763
vn -0.19250898 0.047698382 -0.9801354
vn -0.300691 0.115293525 -0.94672716
vn -0.2163912 0.13311407 -0.9671895
vn -0.11208477 0.06641533 -0.99147666
vn -0.15596257 0.057697862 -0.9860763
vn -0.2163912 0.13311407 -0.9671895
vn -0.11586432 0.14745004 -0.98225963
vn -0.060643494 0.074173406 -0.9953998
vn -0.11208477 0.06641533 -0.99147666
vn -0.11586432 0.14745004 -0.98225963
vn -5.4759212E-08 0.15442832 -0.98800397
vn -3.1032394E-07 0.07853262 -0.9969116
vn -0.060643494 0.074173406 -0.9953998
vn -5.0218432E-08 1.3108047E-07 -1
vn -3.1032394E-07 0.07853262 -0.9969116
vn 0.060643964 0.074173465 -0.99539965
vn -5.0218432E-08 1.3108047E-07 -1
vn 0.060643964 0.074173465 -0.99539965
vn 0.11208549 0.066415265 -0.9914766
vn -5.0218432E-08 1.3108047E-07 -1
vn 0.11208549 0.066415265 -0.9914766
vn 0.15596321 0.057697643 -0.98607624
vn -5.0218432E-08 1.3108047E-07 -1
vn 0.15596321 0.057697643 -0.98607624
vn 0.19250943 0.04769829 -0.9801352
vn -5.0218432E-08 1.3108047E-07 -1
vn 0.19250943 0.04769829 -0.9801352
vn 0.22112396 0.036504872 -0.9745623
vn -5.0218432E-08 1.3108047E-07 -1
vn 0.22112396 0.036504872 -0.9745623
vn 0.24135822 0.024482885 -0.9701272
vn -5.0218432E-08 1.3108047E-07 -1
vn 0.24135822 0.024482885 -0.9701272
vn 0.2531047 0.012147237 -0.9673627
vn -5.0218432E-08 1.3108047E-07 -1
vn 0.2531047 0.012147237 -0.9673627
vn 0.25683057 1.5706948E-07 -0.9664565
vn -5.0218432E-08 1.3108047E-07 -1
vn 0.25683057 1.5706948E-07 -0.9664565
vn 0.25310466 -0.012147015 -0.9673627
vn -5.0218432E-08 1.3108047E-07 -1
vn 0.25310466 -0.012147015 -0.9673627
vn 0.24135773 -0.024483232 -0.9701272
vn -5.0218432E-08 1.3108047E-07 -1
vn 0.24135773 -0.024483232 -0.9701272
vn 0.22112346 -0.036505565 -0.9745623
vn -5.0218432E-08 1.3108047E-07 -1
vn 0.22112346 -0.036505565 -0.9745623
vn 0.19251202 -0.047698393 -0.9801347
vn -5.0218432E-08 1.3108047E-07 -1
vn 0.19251202 -0.047698393 -0.9801347
vn 0.15596454 -0.057698276 -0.98607606
vn -5.0218432E-08 1.3108047E-07 -1
vn 0.15596454 -0.057698276 -0.98607606
vn 0.11208679 -0.06641572 -0.9914765
vn -5.0218432E-08 1.3108047E-07 -1
vn 0.11208679 -0.06641572 -0.9914765
vn 0.060644053 -0.07417408 -0.99539965
vn -5.0218432E-08 1.3108047E-07 -1
vn 0.060644053 -0.07417408 -0.99539965
vn -9.829398E-08 -0.078533195 -0.9969114
vn -5.0218432E-08 1.3108047E-07 -1
vn -9.829398E-08 -0.078533195 -0.9969114
vn -0.060645144 -0.07417414 -0.99539965
vn -5.0218432E-08 1.3108047E-07 -1
vn -0.060645144 -0.07417414 -0.99539965
vn -0.11208692 -0.06641541 -0.9914765
vn -5.0218432E-08 1.3108047E-07 -1
vn -0.11208692 -0.06641541 -0.9914765
vn -0.15596454 -0.057698272 -0.98607606
vn -5.0218432E-08 1.3108047E-07 -1
vn -0.15596454 -0.057698272 -0.98607606
vn -0.19251212 -0.04769833 -0.9801347
vn -5.0218432E-08 1.3108047E-07 -1
vn -0.19251212 -0.04769833 -0.9801347
vn -0.22112416 -0.03650539 -0.97456217
vn -5.0218432E-08 1.3108047E-07 -1
vn -0.22112416 -0.03650539 -0.97456217
vn -0.24135782 -0.024482956 -0.9701272
vn -5.0218432E-08 1.3108047E-07 -1
vn -0.24135782 -0.024482956 -0.9701272
vn -0.25310484 -0.012147075 -0.96736264
vn -5.0218432E-08 1.3108047E-07 -1
vn -0.25310484 -0.012147075 -0.96736264
vn -0.25683066 1.3449323E-07 -0.9664565
vn -5.0218432E-08 1.3108047E-07 -1
vn -0.25683066 1.3449323E-07 -0.9664565
vn -0.2531047 0.012147449 -0.9673627
vn -5.0218432E-08 1.3108047E-07 -1
vn -0.2531047 0.012147449 -0.9673627
vn -0.24135782 0.024483297 -0.9701272
vn -5.0218432E-08 1.3108047E-07 -1
vn -0.24135782 0.024483297 -0.9701272
vn -0.22112393 0.036504976 -0.9745623
vn -5.0218432E-08 1.3108047E-07 -1
vn -0.22112393 0.036504976 -0.9745623
vn -0.19250898 0.047698382 -0.9801354
vn -5.0218432E-08 1.3108047E-07 -1
vn -0.19250898 0.047698382 -0.9801354
vn -0.15596257 0.057697862 -0.9860763
vn -5.0218432E-08 1.3108047E-07 -1
vn -0.15596257 0.057697862 -0.9860763
vn -0.11208477 0.06641533 -0.99147666
vn -5.0218432E-08 1.3108047E-07 -1
vn -0.11208477 0.06641533 -0.99147666
vn -0.060643494 0.074173406 -0.9953998
vn -5.0218432E-08 1.3108047E-07 -1
vn -0.060643494 0.074173406 -0.9953998
vn -3.1032394E-07 0.07853262 -0.9969116
vn -0.02583608 -0.9926466 0.118259646
vn -0.051948655 -0.96982497 0.23820345
vn -0.10176461 -0.9692422 0.2240838
vn -0.05067183 -0.99249214 0.111318044
vn -0.05067183 -0.99249214 0.111318044
vn -0.10176461 -0.9692422 0.2240838
vn -0.14744867 -0.9683736 0.20127518
vn -0.073465265 -0.99226856 0.100030266
vn -0.073465265 -0.99226856 0.100030266
vn -0.14744867 -0.9683736 0.20127518
vn -0.1872406 -0.96735406 0.17078364
vn -0.09332574 -0.9920093 0.08489806
vn -0.09332574 -0.9920093 0.08489806
vn -0.1872406 -0.96735406 0.17078364
vn -0.21968305 -0.9663403 0.13388713
vn -0.109515965 -0.9917539 0.06656191
vn -0.109515965 -0.9917539 0.06656191
vn -0.21968305 -0.9663403 0.13388713
vn -0.24364814 -0.96548516 0.09205331
vn -0.12146468 -0.99154043 0.045758724
vn -0.12146468 -0.99154043 0.045758724
vn -0.24364814 -0.96548516 0.09205331
vn -0.25834087 -0.9649161 0.04687143
vn -0.12877014 -0.991401 0.023288438
vn -0.12877014 -0.991401 0.023288438
vn -0.25834087 -0.9649161 0.04687143
vn -0.26329035 -0.9647166 2.691271E-07
vn -0.13119733 -0.9913563 -1.3512952E-05
vn -0.13119733 -0.9913563 -1.3512952E-05
vn -0.26329035 -0.9647166 2.691271E-07
vn -0.25834078 -0.96491617 -0.046871483
vn -0.12867412 -0.99141324 -0.023297748
vn -0.12867412 -0.99141324 -0.023297748
vn -0.25834078 -0.96491617 -0.046871483
vn -0.24364789 -0.9654852 -0.092054255
vn -0.12128855 -0.991564 -0.045717914
vn -0.12128855 -0.991564 -0.045717914
vn -0.24364789 -0.9654852 -0.092054255
vn -0.21968286 -0.9663403 -0.13388772
vn -0.10928876 -0.9917866 -0.06644693
vn -0.10928876 -0.9917866 -0.06644693
vn -0.21968286 -0.9663403 -0.13388772
vn -0.18724044 -0.9673542 -0.17078386
vn -0.09308351 -0.9920492 -0.08469785
vn -0.09308351 -0.9920492 -0.08469785
vn -0.18724044 -0.9673542 -0.17078386
vn -0.14744873 -0.9683735 -0.20127527
vn -0.073245265 -0.9923132 -0.099747375
vn -0.073245265 -0.9923132 -0.099747375
vn -0.14744873 -0.9683735 -0.20127527
vn -0.10176501 -0.969242 -0.22408396
vn -0.050506245 -0.9925398 -0.110967815
vn -0.050506245 -0.9925398 -0.110967815
vn -0.10176501 -0.969242 -0.22408396
vn -0.05194837 -0.96982485 -0.2382036
vn -0.02574752 -0.9926955 -0.11786704
vn -0.05194837 -0.96982485 -0.2382036
vn 0 -0.97003 -0.24298503
vn -4.4575105E-10 -0.99275184 -0.1201826
vn -0.02574752 -0.9926955 -0.11786704
vn -0.051948655 -0.96982497 0.23820345
vn -0.07971618 -0.9272101 0.36596012
vn -0.15606046 -0.9258911 0.34405053
vn -0.10176461 -0.9692422 0.2240838
vn -0.10176461 -0.9692422 0.2240838
vn -0.15606046 -0.9258911 0.34405053
vn -0.22590494 -0.9239298 0.30874056
vn -0.14744867 -0.9683736 0.20127518
vn -0.14744867 -0.9683736 0.20127518
vn -0.22590494 -0.9239298 0.30874056
vn -0.2865515 -0.9216353 0.26168036
vn -0.1872406 -0.96735406 0.17078364
vn -0.1872406 -0.96735406 0.17078364
vn -0.2865515 -0.9216353 0.26168036
vn -0.33583084 -0.9193609 0.20492211
vn -0.21968305 -0.9663403 0.13388713
vn -0.21968305 -0.9663403 0.13388713
vn -0.33583084 -0.9193609 0.20492211
vn -0.37212119 -0.9174483 0.14076363
vn -0.24364814 -0.96548516 0.09205331
vn -0.24364814 -0.96548516 0.09205331
vn -0.37212119 -0.9174483 0.14076363
vn -0.3943183 -0.916178 0.071629874
vn -0.25834087 -0.9649161 0.04687143
vn -0.25834087 -0.9649161 0.04687143
vn -0.3943183 -0.916178 0.071629874
vn -0.40178642 -0.9157335 5.2488204E-08
vn -0.26329035 -0.9647166 2.691271E-07
vn -0.26329035 -0.9647166 2.691271E-07
vn -0.40178642 -0.9157335 5.2488204E-08
vn -0.3943184 -0.9161779 -0.0716302
vn -0.25834078 -0.96491617 -0.046871483
vn -0.25834078 -0.96491617 -0.046871483
vn -0.3943184 -0.9161779 -0.0716302
vn -0.37212107 -0.9174483 -0.1407644
vn -0.24364789 -0.9654852 -0.092054255
vn -0.24364789 -0.9654852 -0.092054255
vn -0.37212107 -0.9174483 -0.1407644
vn -0.3358306 -0.9193608 -0.20492253
vn -0.21968286 -0.9663403 -0.13388772
vn -0.21968286 -0.9663403 -0.13388772
vn -0.3358306 -0.9193608 -0.20492253
vn -0.2865515 -0.9216353 -0.26168054
vn -0.18724044 -0.9673542 -0.17078386
vn -0.18724044 -0.9673542 -0.17078386
vn -0.2865515 -0.9216353 -0.26168054
vn -0.22590458 -0.9239297 -0.30874103
vn -0.14744873 -0.9683735 -0.20127527
vn -0.14744873 -0.9683735 -0.20127527
vn -0.22590458 -0.9239297 -0.30874103
vn -0.15606038 -0.9258909 -0.34405112
vn -0.10176501 -0.969242 -0.22408396
vn -0.10176501 -0.969242 -0.22408396
vn -0.15606038 -0.9258909 -0.34405112
vn -0.079716146 -0.92720985 -0.3659607
vn -0.05194837 -0.96982485 -0.2382036
vn -0.079716146 -0.92720985 -0.3659607
vn -4.768408E-09 -0.9276745 -0.37338984
vn 0 -0.97003 -0.24298503
vn -0.05194837 -0.96982485 -0.2382036
vn -0.07971618 -0.9272101 0.36596012
vn -0.10997394 -0.8558845 0.50533897
vn -0.21503843 -0.85357594 0.47451708
vn -0.15606046 -0.9258911 0.34405053
vn -0.15606046 -0.9258911 0.34405053
vn -0.21503843 -0.85357594 0.47451708
vn -0.31072763 -0.8501575 0.42506522
vn -0.22590494 -0.9239298 0.30874056
vn -0.22590494 -0.9239298 0.30874056
vn -0.31072763 -0.8501575 0.42506522
vn -0.3933364 -0.8461801 0.3595356
vn -0.2865515 -0.9216353 0.26168036
vn -0.2865515 -0.9216353 0.26168036
vn -0.3933364 -0.8461801 0.3595356
vn -0.46004936 -0.84226 0.2809853
vn -0.33583084 -0.9193609 0.20492211
vn -0.33583084 -0.9193609 0.20492211
vn -0.46004936 -0.84226 0.2809853
vn -0.50890386 -0.83898044 0.19268776
vn -0.37212119 -0.9174483 0.14076363
vn -0.37212119 -0.9174483 0.14076363
vn -0.50890386 -0.83898044 0.19268776
vn -0.5386598 -0.836811 0.09794334
vn -0.3943183 -0.916178 0.071629874
vn -0.3943183 -0.916178 0.071629874
vn -0.5386598 -0.836811 0.09794334
vn -0.5486485 -0.8360532 -2.266518E-07
vn -0.40178642 -0.9157335 5.2488204E-08
vn -0.40178642 -0.9157335 5.2488204E-08
vn -0.5486485 -0.8360532 -2.266518E-07
vn -0.5386599 -0.836811 -0.097943775
vn -0.3943184 -0.9161779 -0.0716302
vn -0.3943184 -0.9161779 -0.0716302
vn -0.5386599 -0.836811 -0.097943775
vn -0.5089037 -0.83898044 -0.1926883
vn -0.37212107 -0.9174483 -0.1407644
vn -0.37212107 -0.9174483 -0.1407644
vn -0.5089037 -0.83898044 -0.1926883
vn -0.460049 -0.8422599 -0.28098583
vn -0.3358306 -0.9193608 -0.20492253
vn -0.3358306 -0.9193608 -0.20492253
vn -0.460049 -0.8422599 -0.28098583
vn -0.39333642 -0.84617984 -0.35953605
vn -0.2865515 -0.9216353 -0.26168054
vn -0.2865515 -0.9216353 -0.26168054
vn -0.39333642 -0.84617984 -0.35953605
vn -0.31072718 -0.8501574 -0.42506573
vn -0.22590458 -0.9239297 -0.30874103
vn -0.22590458 -0.9239297 -0.30874103
vn -0.31072718 -0.8501574 -0.42506573
vn -0.21503803 -0.8535759 -0.47451752
vn -0.15606038 -0.9258909 -0.34405112
vn -0.15606038 -0.9258909 -0.34405112
vn -0.21503803 -0.8535759 -0.47451752
vn -0.109973535 -0.8558845 -0.5053392
vn -0.079716146 -0.92720985 -0.3659607
vn -0.109973535 -0.8558845 -0.5053392
vn -7.1739708E-09 -0.8566998 -0.5158154
vn -4.768408E-09 -0.9276745 -0.37338984
vn -0.079716146 -0.92720985 -0.3659607
vn -0.10997394 -0.8558845 0.50533897
vn -0.14259762 -0.7412358 0.6559233
vn -0.2783382 -0.73791134 0.61482894
vn -0.21503843 -0.85357594 0.47451708
vn -0.21503843 -0.85357594 0.47451708
vn -0.2783382 -0.73791134 0.61482894
vn -0.40115526 -0.7330172 0.54932696
vn -0.31072763 -0.8501575 0.42506522
vn -0.31072763 -0.8501575 0.42506522
vn -0.40115526 -0.7330172 0.54932696
vn -0.5062941 -0.72736585 0.46325505
vn -0.3933364 -0.8461801 0.3595356
vn -0.3933364 -0.8461801 0.3595356
vn -0.5062941 -0.72736585 0.46325505
vn -0.5904495 -0.7218405 0.36099267
vn -0.46004936 -0.84226 0.2809853
vn -0.46004936 -0.84226 0.2809853
vn -0.5904495 -0.7218405 0.36099267
vn -0.6515845 -0.7172514 0.24695782
vn -0.50890386 -0.83898044 0.19268776
vn -0.50890386 -0.83898044 0.19268776
vn -0.6515845 -0.7172514 0.24695782
vn -0.6885963 -0.714232 0.12533052
vn -0.5386598 -0.836811 0.09794334
vn -0.5386598 -0.836811 0.09794334
vn -0.6885963 -0.714232 0.12533052
vn -0.7009803 -0.71318066 -2.6608512E-07
vn -0.5486485 -0.8360532 -2.266518E-07
vn -0.5486485 -0.8360532 -2.266518E-07
vn -0.7009803 -0.71318066 -2.6608512E-07
vn -0.68859625 -0.714232 -0.12533103
vn -0.5386599 -0.836811 -0.097943775
vn -0.5386599 -0.836811 -0.097943775
vn -0.68859625 -0.714232 -0.12533103
vn -0.65158445 -0.7172511 -0.24695852
vn -0.5089037 -0.83898044 -0.1926883
vn -0.5089037 -0.83898044 -0.1926883
vn -0.65158445 -0.7172511 -0.24695852
vn -0.59044945 -0.72184014 -0.36099342
vn -0.460049 -0.8422599 -0.28098583
vn -0.460049 -0.8422599 -0.28098583
vn -0.59044945 -0.72184014 -0.36099342
vn -0.50629413 -0.72736543 -0.46325567
vn -0.39333642 -0.84617984 -0.35953605
vn -0.39333642 -0.84617984 -0.35953605
vn -0.50629413 -0.72736543 -0.46325567
vn -0.40115488 -0.7330171 -0.54932755
vn -0.31072718 -0.8501574 -0.42506573
vn -0.31072718 -0.8501574 -0.42506573
vn -0.40115488 -0.7330171 -0.54932755
vn -0.2783379 -0.73791134 -0.61482906
vn -0.21503803 -0.8535759 -0.47451752
vn -0.21503803 -0.8535759 -0.47451752
vn -0.2783379 -0.73791134 -0.61482906
vn -0.14259724 -0.74123603 -0.65592307
vn -0.109973535 -0.8558845 -0.5053392
vn -0.14259724 -0.74123603 -0.65592307
vn -7.2078943E-09 -0.7424143 -0.6699411
vn -7.1739708E-09 -0.8566998 -0.5158154
vn -0.109973535 -0.8558845 -0.5053392
vn -0.14259762 -0.7412358 0.6559233
vn -0.1752374 -0.563876 0.8070538
vn -0.34130406 -0.56012523 0.754832
vn -0.2783382 -0.73791134 0.61482894
vn -0.2783382 -0.73791134 0.61482894
vn -0.34130406 -0.56012523 0.754832
vn -0.49034616 -0.55464154 0.6722599
vn -0.40115526 -0.7330172 0.54932696
vn -0.40115526 -0.7330172 0.54932696
vn -0.49034616 -0.55464154 0.6722599
vn -0.6166259 -0.54836416 0.5648621
vn -0.5062941 -0.72736585 0.46325505
vn -0.5062941 -0.72736585 0.46325505
vn -0.6166259 -0.54836416 0.5648621
vn -0.71661484 -0.54228383 0.4386243
vn -0.5904495 -0.7218405 0.36099267
vn -0.5904495 -0.7218405 0.36099267
vn -0.71661484 -0.54228383 0.4386243
vn -0.7885514 -0.5372758 0.29920107
vn -0.6515845 -0.7172514 0.24695782
vn -0.6515845 -0.7172514 0.24695782
vn -0.7885514 -0.5372758 0.29920107
vn -0.83178866 -0.5340016 0.15155852
vn -0.6885963 -0.714232 0.12533052
vn -0.6885963 -0.714232 0.12533052
vn -0.83178866 -0.5340016 0.15155852
vn -0.8462003 -0.53286487 -3.144341E-07
vn -0.7009803 -0.71318066 -2.6608512E-07
vn -0.7009803 -0.71318066 -2.6608512E-07
vn -0.8462003 -0.53286487 -3.144341E-07
vn -0.83178884 -0.5340012 -0.15155914
vn -0.68859625 -0.714232 -0.12533103
vn -0.68859625 -0.714232 -0.12533103
vn -0.83178884 -0.5340012 -0.15155914
vn -0.78855115 -0.53727573 -0.29920182
vn -0.65158445 -0.7172511 -0.24695852
vn -0.65158445 -0.7172511 -0.24695852
vn -0.78855115 -0.53727573 -0.29920182
vn -0.71661454 -0.54228413 -0.43862468
vn -0.59044945 -0.72184014 -0.36099342
vn -0.59044945 -0.72184014 -0.36099342
vn -0.71661454 -0.54228413 -0.43862468
vn -0.6166256 -0.5483645 -0.56486225
vn -0.50629413 -0.72736543 -0.46325567
vn -0.50629413 -0.72736543 -0.46325567
vn -0.6166256 -0.5483645 -0.56486225
vn -0.49034578 -0.5546414 -0.6722603
vn -0.40115488 -0.7330171 -0.54932755
vn -0.40115488 -0.7330171 -0.54932755
vn -0.49034578 -0.5546414 -0.6722603
vn -0.34130386 -0.5601247 -0.7548324
vn -0.2783379 -0.73791134 -0.61482906
vn -0.2783379 -0.73791134 -0.61482906
vn -0.34130386 -0.5601247 -0.7548324
vn -0.17523761 -0.56387544 -0.807054
vn -0.14259724 -0.74123603 -0.65592307
vn -0.17523761 -0.56387544 -0.807054
vn -7.2569204E-09 -0.5652097 -0.82494724
vn -7.2078943E-09 -0.7424143 -0.6699411
vn -0.14259724 -0.74123603 -0.65592307
vn -0.1752374 -0.563876 0.8070538
vn -0.20531271 -0.24524228 0.94747186
vn -0.3989757 -0.24319755 0.88412297
vn -0.34130406 -0.56012523 0.754832
vn -0.34130406 -0.56012523 0.754832
vn -0.3989757 -0.24319755 0.88412297
vn -0.5713237 -0.24021833 0.78478295
vn -0.49034616 -0.55464154 0.6722599
vn -0.49034616 -0.55464154 0.6722599
vn -0.5713237 -0.24021833 0.78478295
vn -0.7157965 -0.23682345 0.6569247
vn -0.6166259 -0.54836416 0.5648621
vn -0.6166259 -0.54836416 0.5648621
vn -0.7157965 -0.23682345 0.6569247
vn -0.8289204 -0.23355171 0.50827605
vn -0.71661484 -0.54228383 0.4386243
vn -0.71661484 -0.54228383 0.4386243
vn -0.8289204 -0.23355171 0.50827605
vn -0.9095013 -0.23086976 0.34569708
vn -0.7885514 -0.5372758 0.29920107
vn -0.7885514 -0.5372758 0.29920107
vn -0.9095013 -0.23086976 0.34569708
vn -0.9575779 -0.2291225 0.17477813
vn -0.83178866 -0.5340016 0.15155852
vn -0.83178866 -0.5340016 0.15155852
vn -0.9575779 -0.2291225 0.17477813
vn -0.97353995 -0.22851686 -5.904541E-07
vn -0.8462003 -0.53286487 -3.144341E-07
vn -0.8462003 -0.53286487 -3.144341E-07
vn -0.97353995 -0.22851686 -5.904541E-07
vn -0.9575779 -0.22912207 -0.17477886
vn -0.83178884 -0.5340012 -0.15155914
vn -0.83178884 -0.5340012 -0.15155914
vn -0.9575779 -0.22912207 -0.17477886
vn -0.90950114 -0.23086967 -0.3456974
vn -0.78855115 -0.53727573 -0.29920182
vn -0.78855115 -0.53727573 -0.29920182
vn -0.90950114 -0.23086967 -0.3456974
vn -0.82892 -0.23355223 -0.5082766
vn -0.71661454 -0.54228413 -0.43862468
vn -0.71661454 -0.54228413 -0.43862468
vn -0.82892 -0.23355223 -0.5082766
vn -0.71579576 -0.23682395 -0.6569253
vn -0.6166256 -0.5483645 -0.56486225
vn -0.6166256 -0.5483645 -0.56486225
vn -0.71579576 -0.23682395 -0.6569253
vn -0.5713229 -0.24021807 -0.7847836
vn -0.49034578 -0.5546414 -0.6722603
vn -0.49034578 -0.5546414 -0.6722603
vn -0.5713229 -0.24021807 -0.7847836
vn -0.3989751 -0.24319671 -0.88412344
vn -0.34130386 -0.5601247 -0.7548324
vn -0.34130386 -0.5601247 -0.7548324
vn -0.3989751 -0.24319671 -0.88412344
vn -0.20531286 -0.24524127 -0.94747204
vn -0.17523761 -0.56387544 -0.807054
vn -0.20531286 -0.24524127 -0.94747204
vn -2.4805569E-09 -0.24597003 -0.96927756
vn -7.2569204E-09 -0.5652097 -0.82494724
vn -0.17523761 -0.56387544 -0.807054
vn -0.20531271 -0.24524228 0.94747186
vn -0.2118891 0.038658552 0.9765288
vn -0.41147372 0.038268786 0.9106178
vn -0.3989757 -0.24319755 0.88412297
vn -0.3989757 -0.24319755 0.88412297
vn -0.41147372 0.038268786 0.9106178
vn -0.5886434 0.037705403 0.807513
vn -0.5713237 -0.24021833 0.78478295
vn -0.5713237 -0.24021833 0.78478295
vn -0.5886434 0.037705403 0.807513
vn -0.73668844 0.037070166 0.6752155
vn -0.7157965 -0.23682345 0.6569247
vn -0.7157965 -0.23682345 0.6569247
vn -0.73668844 0.037070166 0.6752155
vn -0.8522323 0.036464468 0.52189136
vn -0.8289204 -0.23355171 0.50827605
vn -0.8289204 -0.23355171 0.50827605
vn -0.8522323 0.036464468 0.52189136
vn -0.9343017 0.035972584 0.35466382
vn -0.9095013 -0.23086976 0.34569708
vn -0.9095013 -0.23086976 0.34569708
vn -0.9343017 0.035972584 0.35466382
vn -0.9831635 0.03565425 0.17921613
vn -0.9575779 -0.2291225 0.17477813
vn -0.9575779 -0.2291225 0.17477813
vn -0.9831635 0.03565425 0.17921613
vn -0.9993682 0.035544336 -7.249043E-07
vn -0.97353995 -0.22851686 -5.904541E-07
vn -0.97353995 -0.22851686 -5.904541E-07
vn -0.9993682 0.035544336 -7.249043E-07
vn -0.98316336 0.03565426 -0.17921689
vn -0.9575779 -0.22912207 -0.17477886
vn -0.9575779 -0.22912207 -0.17477886
vn -0.98316336 0.03565426 -0.17921689
vn -0.9343015 0.035972588 -0.35466403
vn -0.90950114 -0.23086967 -0.3456974
vn -0.90950114 -0.23086967 -0.3456974
vn -0.9343015 0.035972588 -0.35466403
vn -0.8522321 0.036464527 -0.5218918
vn -0.82892 -0.23355223 -0.5082766
vn -0.82892 -0.23355223 -0.5082766
vn -0.8522321 0.036464527 -0.5218918
vn -0.7366879 0.037070166 -0.675216
vn -0.71579576 -0.23682395 -0.6569253
vn -0.71579576 -0.23682395 -0.6569253
vn -0.7366879 0.037070166 -0.675216
vn -0.5886426 0.037705373 -0.80751365
vn -0.5713229 -0.24021807 -0.7847836
vn -0.5713229 -0.24021807 -0.7847836
vn -0.5886426 0.037705373 -0.80751365
vn -0.41147292 0.038268857 -0.9106183
vn -0.3989751 -0.24319671 -0.88412344
vn -0.3989751 -0.24319671 -0.88412344
vn -0.41147292 0.038268857 -0.9106183
vn -0.21188854 0.038658883 -0.976529
vn -0.20531286 -0.24524127 -0.94747204
vn -0.21188854 0.038658883 -0.976529
vn 2.4019775E-09 0.03879847 -0.9992471
vn -2.4805569E-09 -0.24597003 -0.96927756
vn -0.20531286 -0.24524127 -0.94747204
vn -0.2118891 0.038658552 0.9765288
vn -0.20726824 0.21000065 0.95547885
vn -0.40268037 0.20801614 0.891391
vn -0.41147372 0.038268786 0.9106178
vn -0.41147372 0.038268786 0.9106178
vn -0.40268037 0.20801614 0.891391
vn -0.5764347 0.20514102 0.79097414
vn -0.5886434 0.037705403 0.807513
vn -0.5886434 0.037705403 0.807513
vn -0.5764347 0.20514102 0.79097414
vn -0.721927 0.2018882 0.6618629
vn -0.73668844 0.037070166 0.6752155
vn -0.73668844 0.037070166 0.6752155
vn -0.721927 0.2018882 0.6618629
vn -0.83572036 0.19877577 0.5119178
vn -0.8522323 0.036464468 0.52189136
vn -0.8522323 0.036464468 0.52189136
vn -0.83572036 0.19877577 0.5119178
vn -0.9166969 0.1962402 0.34807548
vn -0.9343017 0.035972584 0.35466382
vn -0.9343017 0.035972584 0.35466382
vn -0.9166969 0.1962402 0.34807548
vn -0.9649739 0.1945959 0.17594838
vn -0.9831635 0.03565425 0.17921613
vn -0.9831635 0.03565425 0.17921613
vn -0.9649739 0.1945959 0.17594838
vn -0.98099613 0.19402766 -6.394231E-07
vn -0.9993682 0.035544336 -7.249043E-07
vn -0.9993682 0.035544336 -7.249043E-07
vn -0.98099613 0.19402766 -6.394231E-07
vn -0.9649738 0.19459596 -0.1759492
vn -0.98316336 0.03565426 -0.17921689
vn -0.98316336 0.03565426 -0.17921689
vn -0.9649738 0.19459596 -0.1759492
vn -0.9166967 0.19624038 -0.34807575
vn -0.9343015 0.035972588 -0.35466403
vn -0.9343015 0.035972588 -0.35466403
vn -0.9166967 0.19624038 -0.34807575
vn -0.8357201 0.1987759 -0.5119179
vn -0.8522321 0.036464527 -0.5218918
vn -0.8522321 0.036464527 -0.5218918
vn -0.8357201 0.1987759 -0.5119179
vn -0.7219267 0.20188841 -0.6618633
vn -0.7366879 0.037070166 -0.675216
vn -0.7366879 0.037070166 -0.675216
vn -0.7219267 0.20188841 -0.6618633
vn -0.5764339 0.20514116 -0.79097474
vn -0.5886426 0.037705373 -0.80751365
vn -0.5886426 0.037705373 -0.80751365
vn -0.5764339 0.20514116 -0.79097474
vn -0.40267965 0.20801625 -0.8913913
vn -0.41147292 0.038268857 -0.9106183
vn -0.41147292 0.038268857 -0.9106183
vn -0.40267965 0.20801625 -0.8913913
vn -0.20726708 0.21000081 -0.9554789
vn -0.21188854 0.038658883 -0.976529
vn -0.20726708 0.21000081 -0.9554789
vn -1.4491606E-08 0.21071021 -0.97754854
vn 2.4019775E-09 0.03879847 -0.9992471
vn -0.21188854 0.038658883 -0.976529
vn -0.20726824 0.21000065 0.95547885
vn -0.19361866 0.4081801 0.8921327
vn -0.37659 0.40480554 0.83325416
vn -0.40268037 0.20801614 0.891391
vn -0.40268037 0.20801614 0.891391
vn -0.37659 0.40480554 0.83325416
vn -0.5399708 0.3998986 0.7406164
vn -0.5764347 0.20514102 0.79097414
vn -0.5764347 0.20514102 0.79097414
vn -0.5399708 0.3998986 0.7406164
vn -0.6775068 0.39431983 0.6208835
vn -0.721927 0.2018882 0.6618629
vn -0.721927 0.2018882 0.6618629
vn -0.6775068 0.39431983 0.6208835
vn -0.78567255 0.38895473 0.4810747
vn -0.83572036 0.19877577 0.5119178
vn -0.83572036 0.19877577 0.5119178
vn -0.78567255 0.38895473 0.4810747
vn -0.8630214 0.38456416 0.3275737
vn -0.9166969 0.1962402 0.34807548
vn -0.9166969 0.1962402 0.34807548
vn -0.8630214 0.38456416 0.3275737
vn -0.9093021 0.3817073 0.1657382
vn -0.9649739 0.1945959 0.17594838
vn -0.9649739 0.1945959 0.17594838
vn -0.9093021 0.3817073 0.1657382
vn -0.9246912 0.38071814 -4.0161638E-07
vn -0.98099613 0.19402766 -6.394231E-07
vn -0.98099613 0.19402766 -6.394231E-07
vn -0.9246912 0.38071814 -4.0161638E-07
vn -0.9093022 0.3817071 -0.16573894
vn -0.9649738 0.19459596 -0.1759492
vn -0.9649738 0.19459596 -0.1759492
vn -0.9093022 0.3817071 -0.16573894
vn -0.8630213 0.38456404 -0.32757413
vn -0.9166967 0.19624038 -0.34807575
vn -0.9166967 0.19624038 -0.34807575
vn -0.8630213 0.38456404 -0.32757413
vn -0.78567255 0.38895476 -0.48107472
vn -0.8357201 0.1987759 -0.5119179
vn -0.8357201 0.1987759 -0.5119179
vn -0.78567255 0.38895476 -0.48107472
vn -0.6775066 0.39431983 -0.6208838
vn -0.7219267 0.20188841 -0.6618633
vn -0.7219267 0.20188841 -0.6618633
vn -0.6775066 0.39431983 -0.6208838
vn -0.53997016 0.3998986 -0.740617
vn -0.5764339 0.20514116 -0.79097474
vn -0.5764339 0.20514116 -0.79097474
vn -0.53997016 0.3998986 -0.740617
vn -0.3765892 0.40480557 -0.83325446
vn -0.40267965 0.20801625 -0.8913913
vn -0.40267965 0.20801625 -0.8913913
vn -0.3765892 0.40480557 -0.83325446
vn -0.1936178 0.40817994 -0.892133
vn -0.20726708 0.21000081 -0.9554789
vn -0.1936178 0.40817994 -0.892133
vn -3.3761815E-08 0.40938365 -0.91236234
vn -1.4491606E-08 0.21071021 -0.97754854
vn -0.20726708 0.21000081 -0.9554789
vn -0.19361866 0.4081801 0.8921327
vn -0.17217503 0.5847166 0.7927561
vn -0.33543077 0.58088225 0.7416616
vn -0.37659 0.40480554 0.83325416
vn -0.37659 0.40480554 0.83325416
vn -0.33543077 0.58088225 0.7416616
vn -0.4820959 0.5752753 0.6607888
vn -0.5399708 0.3998986 0.7406164
vn -0.5399708 0.3998986 0.7406164
vn -0.4820959 0.5752753 0.6607888
vn -0.6065151 0.5688558 0.55546594
vn -0.6775068 0.39431983 0.6208835
vn -0.6775068 0.39431983 0.6208835
vn -0.6065151 0.5688558 0.55546594
vn -0.7051545 0.5626362 0.43150616
vn -0.78567255 0.38895473 0.4810747
vn -0.78567255 0.38895473 0.4810747
vn -0.7051545 0.5626362 0.43150616
vn -0.77619785 0.55751234 0.2944433
vn -0.8630214 0.38456416 0.3275737
vn -0.8630214 0.38456416 0.3275737
vn -0.77619785 0.55751234 0.2944433
vn -0.81893224 0.55416185 0.14918004
vn -0.9093021 0.3817073 0.1657382
vn -0.9093021 0.3817073 0.1657382
vn -0.81893224 0.55416185 0.14918004
vn -0.8331821 0.5529986 -1.061711E-07
vn -0.9246912 0.38071814 -4.0161638E-07
vn -0.9246912 0.38071814 -4.0161638E-07
vn -0.8331821 0.5529986 -1.061711E-07
vn -0.8189323 0.5541616 -0.14918055
vn -0.9093022 0.3817071 -0.16573894
vn -0.9093022 0.3817071 -0.16573894
vn -0.8189323 0.5541616 -0.14918055
vn -0.77619785 0.55751204 -0.29444382
vn -0.8630213 0.38456404 -0.32757413
vn -0.8630213 0.38456404 -0.32757413
vn -0.77619785 0.55751204 -0.29444382
vn -0.7051548 0.56263584 -0.43150625
vn -0.78567255 0.38895476 -0.48107472
vn -0.78567255 0.38895476 -0.48107472
vn -0.7051548 0.56263584 -0.43150625
vn -0.60651505 0.5688556 -0.5554664
vn -0.6775066 0.39431983 -0.6208838
vn -0.6775066 0.39431983 -0.6208838
vn -0.60651505 0.5688556 -0.5554664
vn -0.48209518 0.5752751 -0.66078943
vn -0.53997016 0.3998986 -0.740617
vn -0.53997016 0.3998986 -0.740617
vn -0.48209518 0.5752751 -0.66078943
vn -0.33543003 0.58088213 -0.74166214
vn -0.3765892 0.40480557 -0.83325446
vn -0.3765892 0.40480557 -0.83325446
vn -0.33543003 0.58088213 -0.74166214
vn -0.17217468 0.5847167 -0.7927561
vn -0.1936178 0.40817994 -0.892133
vn -0.17217468 0.5847167 -0.7927561
vn -2.4062174E-08 0.5860805 -0.81025296
vn -3.3761815E-08 0.40938365 -0.91236234
vn -0.1936178 0.40817994 -0.892133
vn -0.17217503 0.5847166 0.7927561
vn -0.14451262 0.73292613 0.6647822
vn -0.28205308 0.72953147 0.6230809
vn -0.33543077 0.58088225 0.7416616
vn -0.33543077 0.58088225 0.7416616
vn -0.28205308 0.72953147 0.6230809
vn -0.40645993 0.7245365 0.55663025
vn -0.4820959 0.5752753 0.6607888
vn -0.4820959 0.5752753 0.6607888
vn -0.40645993 0.7245365 0.55663025
vn -0.5129155 0.71877164 0.46934554
vn -0.6065151 0.5688558 0.55546594
vn -0.6065151 0.5688558 0.55546594
vn -0.5129155 0.71877164 0.46934554
vn -0.5980863 0.7131387 0.36568573
vn -0.7051545 0.5626362 0.43150616
vn -0.7051545 0.5626362 0.43150616
vn -0.5980863 0.7131387 0.36568573
vn -0.659933 0.70846295 0.25013757
vn -0.77619785 0.55751234 0.2944433
vn -0.77619785 0.55751234 0.2944433
vn -0.659933 0.70846295 0.25013757
vn -0.6973635 0.7053878 0.12693393
vn -0.81893224 0.55416185 0.14918004
vn -0.81893224 0.55416185 0.14918004
vn -0.6973635 0.7053878 0.12693393
vn -0.7098854 0.7043172 -4.5887283E-08
vn -0.8331821 0.5529986 -1.061711E-07
vn -0.8331821 0.5529986 -1.061711E-07
vn -0.7098854 0.7043172 -4.5887283E-08
vn -0.69736326 0.70538795 -0.1269343
vn -0.8189323 0.5541616 -0.14918055
vn -0.8189323 0.5541616 -0.14918055
vn -0.69736326 0.70538795 -0.1269343
vn -0.65993273 0.7084631 -0.25013754
vn -0.77619785 0.55751204 -0.29444382
vn -0.77619785 0.55751204 -0.29444382
vn -0.65993273 0.7084631 -0.25013754
vn -0.5980863 0.71313906 -0.36568514
vn -0.7051548 0.56263584 -0.43150625
vn -0.7051548 0.56263584 -0.43150625
vn -0.5980863 0.71313906 -0.36568514
vn -0.51291496 0.7187718 -0.4693454
vn -0.60651505 0.5688556 -0.5554664
vn -0.60651505 0.5688556 -0.5554664
vn -0.51291496 0.7187718 -0.4693454
vn -0.40645906 0.7245369 -0.55663043
vn -0.48209518 0.5752751 -0.66078943
vn -0.48209518 0.5752751 -0.66078943
vn -0.40645906 0.7245369 -0.55663043
vn -0.28205252 0.7295317 -0.6230809
vn -0.33543003 0.58088213 -0.74166214
vn -0.33543003 0.58088213 -0.74166214
vn -0.28205252 0.7295317 -0.6230809
vn -0.14451215 0.7329263 -0.66478217
vn -0.17217468 0.5847167 -0.7927561
vn -0.14451215 0.7329263 -0.66478217
vn -2.4001519E-09 0.73412955 -0.6790094
vn -2.4062174E-08 0.5860805 -0.81025296
vn -0.17217468 0.5847167 -0.7927561
vn -0.14451262 0.73292613 0.6647822
vn -0.112273544 0.84925497 0.5159076
vn -0.219501 0.8468806 0.48436815
vn -0.28205308 0.72953147 0.6230809
vn -0.28205308 0.72953147 0.6230809
vn -0.219501 0.8468806 0.48436815
vn -0.3171059 0.84336615 0.4337941
vn -0.40645993 0.7245365 0.55663025
vn -0.40645993 0.7245365 0.55663025
vn -0.3171059 0.84336615 0.4337941
vn -0.4013088 0.8392792 0.3668266
vn -0.5129155 0.71877164 0.46934554
vn -0.5129155 0.71877164 0.46934554
vn -0.4013088 0.8392792 0.3668266
vn -0.4692586 0.8352537 0.28661385
vn -0.5980863 0.7131387 0.36568573
vn -0.5980863 0.7131387 0.36568573
vn -0.4692586 0.8352537 0.28661385
vn -0.5189868 0.83188784 0.1965079
vn -0.659933 0.70846295 0.25013757
vn -0.659933 0.70846295 0.25013757
vn -0.5189868 0.83188784 0.1965079
vn -0.5492601 0.829662 0.09987201
vn -0.6973635 0.7053878 0.12693393
vn -0.6973635 0.7053878 0.12693393
vn -0.5492601 0.829662 0.09987201
vn -0.55941933 0.82888484 -6.0343005E-08
vn -0.7098854 0.7043172 -4.5887283E-08
vn -0.7098854 0.7043172 -4.5887283E-08
vn -0.55941933 0.82888484 -6.0343005E-08
vn -0.54925966 0.8296621 -0.0998728
vn -0.69736326 0.70538795 -0.1269343
vn -0.69736326 0.70538795 -0.1269343
vn -0.54925966 0.8296621 -0.0998728
vn -0.51898646 0.831888 -0.19650796
vn -0.65993273 0.7084631 -0.25013754
vn -0.65993273 0.7084631 -0.25013754
vn -0.51898646 0.831888 -0.19650796
vn -0.46925867 0.83525413 -0.2866128
vn -0.5980863 0.71313906 -0.36568514
vn -0.5980863 0.71313906 -0.36568514
vn -0.46925867 0.83525413 -0.2866128
vn -0.40130848 0.83927953 -0.3668262
vn -0.51291496 0.7187718 -0.4693454
vn -0.51291496 0.7187718 -0.4693454
vn -0.40130848 0.83927953 -0.3668262
vn -0.31710577 0.84336627 -0.43379405
vn -0.40645906 0.7245369 -0.55663043
vn -0.40645906 0.7245369 -0.55663043
vn -0.31710577 0.84336627 -0.43379405
vn -0.21950094 0.84688056 -0.48436818
vn -0.28205252 0.7295317 -0.6230809
vn -0.28205252 0.7295317 -0.6230809
vn -0.21950094 0.84688056 -0.48436818
vn -0.11227286 0.8492549 -0.5159078
vn -0.14451215 0.7329263 -0.66478217
vn -0.11227286 0.8492549 -0.5159078
vn 7.182509E-09 0.85009366 -0.5266316
vn -2.4001519E-09 0.73412955 -0.6790094
vn -0.14451215 0.7329263 -0.66478217
vn -0.112273544 0.84925497 0.5159076
vn -0.07692751 0.9324696 0.3529628
vn -0.15058543 0.93125343 0.33179957
vn -0.219501 0.8468806 0.48436815
vn -0.219501 0.8468806 0.48436815
vn -0.15058543 0.93125343 0.33179957
vn -0.21794924 0.92944545 0.29770675
vn -0.3171059 0.84336615 0.4337941
vn -0.3171059 0.84336615 0.4337941
vn -0.21794924 0.92944545 0.29770675
vn -0.27641854 0.9273306 0.25229082
vn -0.4013088 0.8392792 0.3668266
vn -0.4013088 0.8392792 0.3668266
vn -0.27641854 0.9273306 0.25229082
vn -0.3239099 0.9252348 0.19754216
vn -0.4692586 0.8352537 0.28661385
vn -0.4692586 0.8352537 0.28661385
vn -0.3239099 0.9252348 0.19754216
vn -0.3588727 0.9234725 0.13567923
vn -0.5189868 0.83188784 0.1965079
vn -0.5189868 0.83188784 0.1965079
vn -0.3588727 0.9234725 0.13567923
vn -0.38025308 0.92230225 0.06903766
vn -0.5492601 0.829662 0.09987201
vn -0.5492601 0.829662 0.09987201
vn -0.38025308 0.92230225 0.06903766
vn -0.38744524 0.92189276 1.49382E-08
vn -0.55941933 0.82888484 -6.0343005E-08
vn -0.55941933 0.82888484 -6.0343005E-08
vn -0.38744524 0.92189276 1.49382E-08
vn -0.38025266 0.92230225 -0.069038786
vn -0.54925966 0.8296621 -0.0998728
vn -0.54925966 0.8296621 -0.0998728
vn -0.38025266 0.92230225 -0.069038786
vn -0.35887283 0.92347246 -0.1356797
vn -0.51898646 0.831888 -0.19650796
vn -0.51898646 0.831888 -0.19650796
vn -0.35887283 0.92347246 -0.1356797
vn -0.32391062 0.92523485 -0.19754109
vn -0.46925867 0.83525413 -0.2866128
vn -0.46925867 0.83525413 -0.2866128
vn -0.32391062 0.92523485 -0.19754109
vn -0.2764191 0.92733073 -0.25229013
vn -0.40130848 0.83927953 -0.3668262
vn -0.40130848 0.83927953 -0.3668262
vn -0.2764191 0.92733073 -0.25229013
vn -0.21794964 0.9294455 -0.29770616
vn -0.31710577 0.84336627 -0.43379405
vn -0.31710577 0.84336627 -0.43379405
vn -0.21794964 0.9294455 -0.29770616
vn -0.15058546 0.9312537 -0.3317992
vn -0.21950094 0.84688056 -0.48436818
vn -0.21950094 0.84688056 -0.48436818
vn -0.15058546 0.9312537 -0.3317992
vn -0.07692702 0.9324697 -0.35296243
vn -0.11227286 0.8492549 -0.5159078
vn -0.07692702 0.9324697 -0.35296243
vn 7.763728E-09 0.9328982 -0.36013997
vn 7.182509E-09 0.85009366 -0.5266316
vn -0.11227286 0.8492549 -0.5159078
vn -0.07692751 0.9324696 0.3529628
vn -0.039438013 0.9827701 0.18057549
vn -0.07732902 0.982417 0.16993265
vn -0.15058543 0.93125343 0.33179957
vn -0.15058543 0.93125343 0.33179957
vn -0.07732902 0.982417 0.16993265
vn -0.112070166 0.9819064 0.15264331
vn -0.21794924 0.92944545 0.29770675
vn -0.21794924 0.92944545 0.29770675
vn -0.112070166 0.9819064 0.15264331
vn -0.14230362 0.98131585 0.12949471
vn -0.27641854 0.9273306 0.25229082
vn -0.27641854 0.9273306 0.25229082
vn -0.14230362 0.98131585 0.12949471
vn -0.16691686 0.98073447 0.10148255
vn -0.3239099 0.9252348 0.19754216
vn -0.3239099 0.9252348 0.19754216
vn -0.16691686 0.98073447 0.10148255
vn -0.18506022 0.98024946 0.069739975
vn -0.3588727 0.9234725 0.13567923
vn -0.3588727 0.9234725 0.13567923
vn -0.18506022 0.98024946 0.069739975
vn -0.19614302 0.979933 0.03548482
vn -0.38025308 0.92230225 0.06903766
vn -0.38025308 0.92230225 0.06903766
vn -0.19614302 0.979933 0.03548482
vn -0.1998232 0.97983193 -2.0931077E-05
vn -0.38744524 0.92189276 1.49382E-08
vn -0.38744524 0.92189276 1.49382E-08
vn -0.1998232 0.97983193 -2.0931077E-05
vn -0.19599682 0.97996175 -0.03550002
vn -0.38025266 0.92230225 -0.069038786
vn -0.38025266 0.92230225 -0.069038786
vn -0.19599682 0.97996175 -0.03550002
vn -0.18479237 0.9803044 -0.06967774
vn -0.35887283 0.92347246 -0.1356797
vn -0.35887283 0.92347246 -0.1356797
vn -0.18479237 0.9803044 -0.06967774
vn -0.16657095 0.9808115 -0.10130608
vn -0.32391062 0.92523485 -0.19754109
vn -0.32391062 0.92523485 -0.19754109
vn -0.16657095 0.9808115 -0.10130608
vn -0.1419341 0.9814097 -0.12918812
vn -0.2764191 0.92733073 -0.25229013
vn -0.2764191 0.92733073 -0.25229013
vn -0.1419341 0.9814097 -0.12918812
vn -0.11173365 0.9820119 -0.15221041
vn -0.21794964 0.9294455 -0.29770616
vn -0.21794964 0.9294455 -0.29770616
vn -0.11173365 0.9820119 -0.15221041
vn -0.07707533 0.9825294 -0.16939703
vn -0.15058546 0.9312537 -0.3317992
vn -0.15058546 0.9312537 -0.3317992
vn -0.07707533 0.9825294 -0.16939703
vn -0.03930309 0.9828857 -0.17997487
vn -0.07692702 0.9324697 -0.35296243
vn -0.03930309 0.9828857 -0.17997487
vn -1.0433937E-09 0.98301464 -0.18352686
vn 7.763728E-09 0.9328982 -0.36013997
vn -0.07692702 0.9324697 -0.35296243
vn 2.7338634E-08 -0.9927025 0.12058904
vn -0.02583608 -0.9926466 0.118259646
vn 3.3479072E-08 -0.99999994 0.00044450493
vn 3.3479072E-08 -0.99999994 0.00044450493
vn -0.02583608 -0.9926466 0.118259646
vn -0.05067183 -0.99249214 0.111318044
vn 3.3479072E-08 -0.99999994 0.00044450493
vn -0.05067183 -0.99249214 0.111318044
vn -0.073465265 -0.99226856 0.100030266
vn 3.3479072E-08 -0.99999994 0.00044450493
vn -0.073465265 -0.99226856 0.100030266
vn -0.09332574 -0.9920093 0.08489806
vn -0.09332574 -0.9920093 0.08489806
vn -0.109515965 -0.9917539 0.06656191
vn 3.3479072E-08 -0.99999994 0.00044450493
vn 3.3479072E-08 -0.99999994 0.00044450493
vn -0.109515965 -0.9917539 0.06656191
vn -0.12146468 -0.99154043 0.045758724
vn -0.12146468 -0.99154043 0.045758724
vn -0.12877014 -0.991401 0.023288438
vn 3.3479072E-08 -0.99999994 0.00044450493
vn 3.3479072E-08 -0.99999994 0.00044450493
vn -0.12877014 -0.991401 0.023288438
vn -0.13119733 -0.9913563 -1.3512952E-05
vn 3.3479072E-08 -0.99999994 0.00044450493
vn -0.13119733 -0.9913563 -1.3512952E-05
vn -0.12867412 -0.99141324 -0.023297748
vn -0.12867412 -0.99141324 -0.023297748
vn -0.12128855 -0.991564 -0.045717914
vn 3.3479072E-08 -0.99999994 0.00044450493
vn 3.3479072E-08 -0.99999994 0.00044450493
vn -0.12128855 -0.991564 -0.045717914
vn -0.10928876 -0.9917866 -0.06644693
vn -0.10928876 -0.9917866 -0.06644693
vn -0.09308351 -0.9920492 -0.08469785
vn 3.3479072E-08 -0.99999994 0.00044450493
vn 3.3479072E-08 -0.99999994 0.00044450493
vn -0.09308351 -0.9920492 -0.08469785
vn -0.073245265 -0.9923132 -0.099747375
vn -0.073245265 -0.9923132 -0.099747375
vn -0.050506245 -0.9925398 -0.110967815
vn 3.3479072E-08 -0.99999994 0.00044450493
vn 3.3479072E-08 -0.99999994 0.00044450493
vn -0.050506245 -0.9925398 -0.110967815
vn -0.02574752 -0.9926955 -0.11786704
vn 3.3479072E-08 -0.99999994 0.00044450493
vn -0.02574752 -0.9926955 -0.11786704
vn -4.4575105E-10 -0.99275184 -0.1201826
vn -0.051948655 -0.96982497 0.23820345
vn -0.02583608 -0.9926466 0.118259646
vn 2.7338634E-08 -0.9927025 0.12058904
vn 4.700156E-08 -0.97003 0.24298489
vn -0.07971618 -0.9272101 0.36596012
vn -0.051948655 -0.96982497 0.23820345
vn 4.700156E-08 -0.97003 0.24298489
vn 1.788153E-08 -0.92767483 0.37338912
vn -0.10997394 -0.8558845 0.50533897
vn -0.07971618 -0.9272101 0.36596012
vn 1.788153E-08 -0.92767483 0.37338912
vn -1.1956619E-09 -0.8566999 0.51581526
vn -0.14259762 -0.7412358 0.6559233
vn -0.10997394 -0.8558845 0.50533897
vn -1.1956619E-09 -0.8566999 0.51581526
vn -2.4026316E-09 -0.7424138 0.66994154
vn -0.1752374 -0.563876 0.8070538
vn -0.14259762 -0.7412358 0.6559233
vn -2.4026316E-09 -0.7424138 0.66994154
vn -4.837946E-09 -0.56521 0.8249471
vn -0.20531271 -0.24524228 0.94747186
vn -0.1752374 -0.563876 0.8070538
vn -4.837946E-09 -0.56521 0.8249471
vn -1.4139167E-07 -0.24597095 0.96927714
vn -0.2118891 0.038658552 0.9765288
vn -0.20531271 -0.24524228 0.94747186
vn -1.4139167E-07 -0.24597095 0.96927714
vn -2.7142346E-07 0.038798023 0.9992471
vn -0.20726824 0.21000065 0.95547885
vn -0.2118891 0.038658552 0.9765288
vn -2.7142346E-07 0.038798023 0.9992471
vn -2.7534062E-07 0.21071002 0.9775486
vn -0.19361866 0.4081801 0.8921327
vn -0.20726824 0.21000065 0.95547885
vn -2.7534062E-07 0.21071002 0.9775486
vn -2.942102E-07 0.409384 0.91236216
vn -0.17217503 0.5847166 0.7927561
vn -0.19361866 0.4081801 0.8921327
vn -2.942102E-07 0.409384 0.91236216
vn -1.744507E-07 0.5860805 0.8102527
vn -0.14451262 0.73292613 0.6647822
vn -0.17217503 0.5847166 0.7927561
vn -1.744507E-07 0.5860805 0.8102527
vn -6.0003806E-09 0.7341293 0.67900974
vn -0.112273544 0.84925497 0.5159076
vn -0.14451262 0.73292613 0.6647822
vn -6.0003806E-09 0.7341293 0.67900974
vn -2.3941698E-09 0.8500937 0.52663136
vn -0.07692751 0.9324696 0.3529628
vn -0.112273544 0.84925497 0.5159076
vn -2.3941698E-09 0.8500937 0.52663136
vn -1.7916297E-09 0.9328981 0.3601403
vn -0.039438013 0.9827701 0.18057549
vn -0.07692751 0.9324696 0.3529628
vn -1.7916297E-09 0.9328981 0.3601403
vn -1.4904647E-10 0.98289835 0.18414903
vn -5.2997247E-08 0.99999976 0.0006865483
vn -0.039438013 0.9827701 0.18057549
vn -1.4904647E-10 0.98289835 0.18414903
vn -5.2997247E-08 0.99999976 0.0006865483
vn -0.07732902 0.982417 0.16993265
vn -0.039438013 0.9827701 0.18057549
vn -5.2997247E-08 0.99999976 0.0006865483
vn -0.112070166 0.9819064 0.15264331
vn -0.07732902 0.982417 0.16993265
vn -5.2997247E-08 0.99999976 0.0006865483
vn -0.14230362 0.98131585 0.12949471
vn -0.112070166 0.9819064 0.15264331
vn -0.16691686 0.98073447 0.10148255
vn -0.14230362 0.98131585 0.12949471
vn -5.2997247E-08 0.99999976 0.0006865483
vn -5.2997247E-08 0.99999976 0.0006865483
vn -0.18506022 0.98024946 0.069739975
vn -0.16691686 0.98073447 0.10148255
vn -0.19614302 0.979933 0.03548482
vn -0.18506022 0.98024946 0.069739975
vn -5.2997247E-08 0.99999976 0.0006865483
vn -0.1998232 0.97983193 -2.0931077E-05
vn -0.19614302 0.979933 0.03548482
vn -5.2997247E-08 0.99999976 0.0006865483
vn -5.2997247E-08 0.99999976 0.0006865483
vn -0.19599682 0.97996175 -0.03550002
vn -0.1998232 0.97983193 -2.0931077E-05
vn -0.18479237 0.9803044 -0.06967774
vn -0.19599682 0.97996175 -0.03550002
vn -5.2997247E-08 0.99999976 0.0006865483
vn -5.2997247E-08 0.99999976 0.0006865483
vn -0.16657095 0.9808115 -0.10130608
vn -0.18479237 0.9803044 -0.06967774
vn -0.1419341 0.9814097 -0.12918812
vn -0.16657095 0.9808115 -0.10130608
vn -5.2997247E-08 0.99999976 0.0006865483
vn -5.2997247E-08 0.99999976 0.0006865483
vn -0.11173365 0.9820119 -0.15221041
vn -0.1419341 0.9814097 -0.12918812
vn -0.07707533 0.9825294 -0.16939703
vn -0.11173365 0.9820119 -0.15221041
vn -5.2997247E-08 0.99999976 0.0006865483
vn -5.2997247E-08 0.99999976 0.0006865483
vn -0.03930309 0.9828857 -0.17997487
vn -0.07707533 0.9825294 -0.16939703
vn -1.0433937E-09 0.98301464 -0.18352686
vn -0.03930309 0.9828857 -0.17997487
vn -5.2997247E-08 0.99999976 0.0006865483
vn 0.025836084 -0.9926465 0.11825965
vn 0.050671864 -0.99249214 0.111318044
vn 0.10176459 -0.9692422 0.22408381
vn 0.051948644 -0.96982497 0.2382034
vn 0.050671864 -0.99249214 0.111318044
vn 0.073465206 -0.99226856 0.100030206
vn 0.14744869 -0.96837354 0.20127513
vn 0.10176459 -0.9692422 0.22408381
vn 0.073465206 -0.99226856 0.100030206
vn 0.09332578 -0.9920094 0.08489814
vn 0.18724057 -0.96735406 0.17078361
vn 0.14744869 -0.96837354 0.20127513
vn 0.09332578 -0.9920094 0.08489814
vn 0.109515995 -0.9917539 0.066561915
vn 0.21968299 -0.9663403 0.13388714
vn 0.18724057 -0.96735406 0.17078361
vn 0.109515995 -0.9917539 0.066561915
vn 0.121464714 -0.99154043 0.045758735
vn 0.2436482 -0.9654853 0.092053354
vn 0.21968299 -0.9663403 0.13388714
vn 0.121464714 -0.99154043 0.045758735
vn 0.12877017 -0.991401 0.02328843
vn 0.2583409 -0.9649161 0.0468714
vn 0.2436482 -0.9654853 0.092053354
vn 0.12877017 -0.991401 0.02328843
vn 0.13119738 -0.9913563 -1.3530343E-05
vn 0.26329038 -0.9647166 2.6198572E-07
vn 0.2583409 -0.9649161 0.0468714
vn 0.13119738 -0.9913563 -1.3530343E-05
vn 0.12867413 -0.99141324 -0.023297748
vn 0.2583408 -0.96491617 -0.046871476
vn 0.26329038 -0.9647166 2.6198572E-07
vn 0.12867413 -0.99141324 -0.023297748
vn 0.121288605 -0.991564 -0.04571792
vn 0.24364792 -0.9654853 -0.09205424
vn 0.2583408 -0.96491617 -0.046871476
vn 0.121288605 -0.991564 -0.04571792
vn 0.10928875 -0.9917866 -0.06644693
vn 0.21968287 -0.9663403 -0.13388772
vn 0.24364792 -0.9654853 -0.09205424
vn 0.10928875 -0.9917866 -0.06644693
vn 0.09308354 -0.9920493 -0.08469785
vn 0.18724045 -0.96735406 -0.17078386
vn 0.21968287 -0.9663403 -0.13388772
vn 0.09308354 -0.9920493 -0.08469785
vn 0.073245265 -0.9923132 -0.09974736
vn 0.14744873 -0.9683735 -0.20127527
vn 0.18724045 -0.96735406 -0.17078386
vn 0.073245265 -0.9923132 -0.09974736
vn 0.050506238 -0.9925398 -0.11096781
vn 0.101765 -0.969242 -0.22408396
vn 0.14744873 -0.9683735 -0.20127527
vn 0.050506238 -0.9925398 -0.11096781
vn 0.025747515 -0.9926955 -0.11786704
vn 0.051948357 -0.9698249 -0.2382036
vn 0.101765 -0.969242 -0.22408396
vn -4.4575105E-10 -0.99275184 -0.1201826
vn 0 -0.97003 -0.24298503
vn 0.051948357 -0.9698249 -0.2382036
vn 0.025747515 -0.9926955 -0.11786704
vn 0.051948644 -0.96982497 0.2382034
vn 0.10176459 -0.9692422 0.22408381
vn 0.15606043 -0.9258911 0.34405053
vn 0.07971619 -0.9272101 0.3659601
vn 0.10176459 -0.9692422 0.22408381
vn 0.14744869 -0.96837354 0.20127513
vn 0.22590508 -0.92392975 0.30874056
vn 0.15606043 -0.9258911 0.34405053
vn 0.14744869 -0.96837354 0.20127513
vn 0.18724057 -0.96735406 0.17078361
vn 0.28655165 -0.92163527 0.26168036
vn 0.22590508 -0.92392975 0.30874056
vn 0.18724057 -0.96735406 0.17078361
vn 0.21968299 -0.9663403 0.13388714
vn 0.33583096 -0.9193609 0.2049222
vn 0.28655165 -0.92163527 0.26168036
vn 0.21968299 -0.9663403 0.13388714
vn 0.2436482 -0.9654853 0.092053354
vn 0.37212127 -0.9174482 0.14076383
vn 0.33583096 -0.9193609 0.2049222
vn 0.2436482 -0.9654853 0.092053354
vn 0.2583409 -0.9649161 0.0468714
vn 0.39431813 -0.9161781 0.071629986
vn 0.37212127 -0.9174482 0.14076383
vn 0.2583409 -0.9649161 0.0468714
vn 0.26329038 -0.9647166 2.6198572E-07
vn 0.4017862 -0.9157335 5.844946E-08
vn 0.39431813 -0.9161781 0.071629986
vn 0.26329038 -0.9647166 2.6198572E-07
vn 0.2583408 -0.96491617 -0.046871476
vn 0.3943183 -0.916178 -0.07163033
vn 0.4017862 -0.9157335 5.844946E-08
vn 0.2583408 -0.96491617 -0.046871476
vn 0.24364792 -0.9654853 -0.09205424
vn 0.37212113 -0.9174482 -0.14076458
vn 0.3943183 -0.916178 -0.07163033
vn 0.24364792 -0.9654853 -0.09205424
vn 0.21968287 -0.9663403 -0.13388772
vn 0.33583084 -0.91936076 -0.20492259
vn 0.37212113 -0.9174482 -0.14076458
vn 0.21968287 -0.9663403 -0.13388772
vn 0.18724045 -0.96735406 -0.17078386
vn 0.28655162 -0.92163527 -0.26168054
vn 0.33583084 -0.91936076 -0.20492259
vn 0.18724045 -0.96735406 -0.17078386
vn 0.14744873 -0.9683735 -0.20127527
vn 0.2259046 -0.92392975 -0.30874115
vn 0.28655162 -0.92163527 -0.26168054
vn 0.14744873 -0.9683735 -0.20127527
vn 0.101765 -0.969242 -0.22408396
vn 0.15606043 -0.92589086 -0.34405124
vn 0.2259046 -0.92392975 -0.30874115
vn 0.101765 -0.969242 -0.22408396
vn 0.051948357 -0.9698249 -0.2382036
vn 0.07971626 -0.92720973 -0.36596075
vn 0.15606043 -0.92589086 -0.34405124
vn 0 -0.97003 -0.24298503
vn -4.768408E-09 -0.9276745 -0.37338984
vn 0.07971626 -0.92720973 -0.36596075
vn 0.051948357 -0.9698249 -0.2382036
vn 0.07971619 -0.9272101 0.3659601
vn 0.15606043 -0.9258911 0.34405053
vn 0.21503846 -0.85357594 0.47451717
vn 0.10997396 -0.85588455 0.50533897
vn 0.15606043 -0.9258911 0.34405053
vn 0.22590508 -0.92392975 0.30874056
vn 0.3107278 -0.8501575 0.42506513
vn 0.21503846 -0.85357594 0.47451717
vn 0.22590508 -0.92392975 0.30874056
vn 0.28655165 -0.92163527 0.26168036
vn 0.39333647 -0.8461801 0.35953563
vn 0.3107278 -0.8501575 0.42506513
vn 0.28655165 -0.92163527 0.26168036
vn 0.33583096 -0.9193609 0.2049222
vn 0.46004912 -0.8422601 0.2809853
vn 0.39333647 -0.8461801 0.35953563
vn 0.33583096 -0.9193609 0.2049222
vn 0.37212127 -0.9174482 0.14076383
vn 0.5089036 -0.8389806 0.19268791
vn 0.46004912 -0.8422601 0.2809853
vn 0.37212127 -0.9174482 0.14076383
vn 0.39431813 -0.9161781 0.071629986
vn 0.53865963 -0.83681107 0.0979436
vn 0.5089036 -0.8389806 0.19268791
vn 0.39431813 -0.9161781 0.071629986
vn 0.4017862 -0.9157335 5.844946E-08
vn 0.54864836 -0.8360532 -3.1510936E-07
vn 0.53865963 -0.83681107 0.0979436
vn 0.4017862 -0.9157335 5.844946E-08
vn 0.3943183 -0.916178 -0.07163033
vn 0.5386598 -0.836811 -0.09794408
vn 0.54864836 -0.8360532 -3.1510936E-07
vn 0.3943183 -0.916178 -0.07163033
vn 0.37212113 -0.9174482 -0.14076458
vn 0.5089036 -0.8389805 -0.19268845
vn 0.5386598 -0.836811 -0.09794408
vn 0.37212113 -0.9174482 -0.14076458
vn 0.33583084 -0.91936076 -0.20492259
vn 0.460049 -0.84226 -0.2809857
vn 0.5089036 -0.8389805 -0.19268845
vn 0.33583084 -0.91936076 -0.20492259
vn 0.28655162 -0.92163527 -0.26168054
vn 0.3933364 -0.84617984 -0.35953596
vn 0.460049 -0.84226 -0.2809857
vn 0.28655162 -0.92163527 -0.26168054
vn 0.2259046 -0.92392975 -0.30874115
vn 0.31072712 -0.85015744 -0.42506588
vn 0.3933364 -0.84617984 -0.35953596
vn 0.2259046 -0.92392975 -0.30874115
vn 0.15606043 -0.92589086 -0.34405124
vn 0.21503803 -0.8535758 -0.47451746
vn 0.31072712 -0.85015744 -0.42506588
vn 0.15606043 -0.92589086 -0.34405124
vn 0.07971626 -0.92720973 -0.36596075
vn 0.10997369 -0.85588443 -0.50533915
vn 0.21503803 -0.8535758 -0.47451746
vn -4.768408E-09 -0.9276745 -0.37338984
vn -7.1739708E-09 -0.8566998 -0.5158154
vn 0.10997369 -0.85588443 -0.50533915
vn 0.07971626 -0.92720973 -0.36596075
vn 0.10997396 -0.85588455 0.50533897
vn 0.21503846 -0.85357594 0.47451717
vn 0.27833822 -0.73791134 0.61482906
vn 0.14259766 -0.7412359 0.6559233
vn 0.21503846 -0.85357594 0.47451717
vn 0.3107278 -0.8501575 0.42506513
vn 0.40115538 -0.7330173 0.5493269
vn 0.27833822 -0.73791134 0.61482906
vn 0.3107278 -0.8501575 0.42506513
vn 0.39333647 -0.8461801 0.35953563
vn 0.50629383 -0.72736603 0.46325508
vn 0.40115538 -0.7330173 0.5493269
vn 0.39333647 -0.8461801 0.35953563
vn 0.46004912 -0.8422601 0.2809853
vn 0.5904491 -0.72184074 0.3609927
vn 0.50629383 -0.72736603 0.46325508
vn 0.46004912 -0.8422601 0.2809853
vn 0.5089036 -0.8389806 0.19268791
vn 0.6515841 -0.7172517 0.24695782
vn 0.5904491 -0.72184074 0.3609927
vn 0.5089036 -0.8389806 0.19268791
vn 0.53865963 -0.83681107 0.0979436
vn 0.688596 -0.7142323 0.12533061
vn 0.6515841 -0.7172517 0.24695782
vn 0.53865963 -0.83681107 0.0979436
vn 0.54864836 -0.8360532 -3.1510936E-07
vn 0.7009803 -0.71318066 -5.972807E-07
vn 0.688596 -0.7142323 0.12533061
vn 0.54864836 -0.8360532 -3.1510936E-07
vn 0.5386598 -0.836811 -0.09794408
vn 0.6885962 -0.7142321 -0.12533127
vn 0.7009803 -0.71318066 -5.972807E-07
vn 0.5386598 -0.836811 -0.09794408
vn 0.5089036 -0.8389805 -0.19268845
vn 0.65158427 -0.7172514 -0.24695826
vn 0.6885962 -0.7142321 -0.12533127
vn 0.5089036 -0.8389805 -0.19268845
vn 0.460049 -0.84226 -0.2809857
vn 0.5904492 -0.72184044 -0.36099333
vn 0.65158427 -0.7172514 -0.24695826
vn 0.460049 -0.84226 -0.2809857
vn 0.3933364 -0.84617984 -0.35953596
vn 0.5062939 -0.7273657 -0.46325576
vn 0.5904492 -0.72184044 -0.36099333
vn 0.3933364 -0.84617984 -0.35953596
vn 0.31072712 -0.85015744 -0.42506588
vn 0.4011549 -0.7330171 -0.5493275
vn 0.5062939 -0.7273657 -0.46325576
vn 0.31072712 -0.85015744 -0.42506588
vn 0.21503803 -0.8535758 -0.47451746
vn 0.27833793 -0.7379114 -0.61482906
vn 0.4011549 -0.7330171 -0.5493275
vn 0.21503803 -0.8535758 -0.47451746
vn 0.10997369 -0.85588443 -0.50533915
vn 0.14259732 -0.7412361 -0.655923
vn 0.27833793 -0.7379114 -0.61482906
vn -7.1739708E-09 -0.8566998 -0.5158154
vn -7.2078943E-09 -0.7424143 -0.6699411
vn 0.14259732 -0.7412361 -0.655923
vn 0.10997369 -0.85588443 -0.50533915
vn 0.14259766 -0.7412359 0.6559233
vn 0.27833822 -0.73791134 0.61482906
vn 0.341304 -0.56012565 0.7548317
vn 0.1752372 -0.5638761 0.80705374
vn 0.27833822 -0.73791134 0.61482906
vn 0.40115538 -0.7330173 0.5493269
vn 0.4903462 -0.55464184 0.6722596
vn 0.341304 -0.56012565 0.7548317
vn 0.40115538 -0.7330173 0.5493269
vn 0.50629383 -0.72736603 0.46325508
vn 0.61662567 -0.5483643 0.5648621
vn 0.4903462 -0.55464184 0.6722596
vn 0.50629383 -0.72736603 0.46325508
vn 0.5904491 -0.72184074 0.3609927
vn 0.7166149 -0.5422837 0.4386245
vn 0.61662567 -0.5483643 0.5648621
vn 0.5904491 -0.72184074 0.3609927
vn 0.6515841 -0.7172517 0.24695782
vn 0.7885517 -0.5372755 0.2992014
vn 0.7166149 -0.5422837 0.4386245
vn 0.6515841 -0.7172517 0.24695782
vn 0.688596 -0.7142323 0.12533061
vn 0.83178896 -0.5340011 0.1515585
vn 0.7885517 -0.5372755 0.2992014
vn 0.688596 -0.7142323 0.12533061
vn 0.7009803 -0.71318066 -5.972807E-07
vn 0.84620035 -0.5328647 -6.183586E-07
vn 0.83178896 -0.5340011 0.1515585
vn 0.7009803 -0.71318066 -5.972807E-07
vn 0.6885962 -0.7142321 -0.12533127
vn 0.8317887 -0.53400135 -0.15155911
vn 0.84620035 -0.5328647 -6.183586E-07
vn 0.6885962 -0.7142321 -0.12533127
vn 0.65158427 -0.7172514 -0.24695826
vn 0.7885512 -0.5372758 -0.2992017
vn 0.8317887 -0.53400135 -0.15155911
vn 0.65158427 -0.7172514 -0.24695826
vn 0.5904492 -0.72184044 -0.36099333
vn 0.7166144 -0.542284 -0.4386248
vn 0.7885512 -0.5372758 -0.2992017
vn 0.5904492 -0.72184044 -0.36099333
vn 0.5062939 -0.7273657 -0.46325576
vn 0.61662537 -0.5483647 -0.5648624
vn 0.7166144 -0.542284 -0.4386248
vn 0.5062939 -0.7273657 -0.46325576
vn 0.4011549 -0.7330171 -0.5493275
vn 0.49034563 -0.5546416 -0.6722602
vn 0.61662537 -0.5483647 -0.5648624
vn 0.4011549 -0.7330171 -0.5493275
vn 0.27833793 -0.7379114 -0.61482906
vn 0.3413039 -0.56012475 -0.7548324
vn 0.49034563 -0.5546416 -0.6722602
vn 0.27833793 -0.7379114 -0.61482906
vn 0.14259732 -0.7412361 -0.655923
vn 0.17523761 -0.5638755 -0.807054
vn 0.3413039 -0.56012475 -0.7548324
vn -7.2078943E-09 -0.7424143 -0.6699411
vn -7.2569204E-09 -0.5652097 -0.82494724
vn 0.17523761 -0.5638755 -0.807054
vn 0.14259732 -0.7412361 -0.655923
vn 0.1752372 -0.5638761 0.80705374
vn 0.341304 -0.56012565 0.7548317
vn 0.39897582 -0.24319789 0.8841228
vn 0.20531236 -0.24524257 0.94747186
vn 0.341304 -0.56012565 0.7548317
vn 0.4903462 -0.55464184 0.6722596
vn 0.5713238 -0.24021855 0.7847828
vn 0.39897582 -0.24319789 0.8841228
vn 0.4903462 -0.55464184 0.6722596
vn 0.61662567 -0.5483643 0.5648621
vn 0.71579635 -0.23682357 0.6569248
vn 0.5713238 -0.24021855 0.7847828
vn 0.61662567 -0.5483643 0.5648621
vn 0.7166149 -0.5422837 0.4386245
vn 0.8289204 -0.23355153 0.50827605
vn 0.71579635 -0.23682357 0.6569248
vn 0.7166149 -0.5422837 0.4386245
vn 0.7885517 -0.5372755 0.2992014
vn 0.90950143 -0.2308692 0.34569725
vn 0.8289204 -0.23355153 0.50827605
vn 0.7885517 -0.5372755 0.2992014
vn 0.83178896 -0.5340011 0.1515585
vn 0.9575781 -0.2291219 0.17477818
vn 0.90950143 -0.2308692 0.34569725
vn 0.83178896 -0.5340011 0.1515585
vn 0.84620035 -0.5328647 -6.183586E-07
vn 0.97354 -0.22851661 -3.5183868E-07
vn 0.9575781 -0.2291219 0.17477818
vn 0.84620035 -0.5328647 -6.183586E-07
vn 0.8317887 -0.53400135 -0.15155911
vn 0.9575779 -0.22912215 -0.17477891
vn 0.97354 -0.22851661 -3.5183868E-07
vn 0.8317887 -0.53400135 -0.15155911
vn 0.7885512 -0.5372758 -0.2992017
vn 0.90950114 -0.23086949 -0.3456978
vn 0.9575779 -0.22912215 -0.17477891
vn 0.7885512 -0.5372758 -0.2992017
vn 0.7166144 -0.542284 -0.4386248
vn 0.8289201 -0.23355198 -0.50827646
vn 0.90950114 -0.23086949 -0.3456978
vn 0.7166144 -0.542284 -0.4386248
vn 0.61662537 -0.5483647 -0.5648624
vn 0.7157957 -0.236824 -0.65692544
vn 0.8289201 -0.23355198 -0.50827646
vn 0.61662537 -0.5483647 -0.5648624
vn 0.49034563 -0.5546416 -0.6722602
vn 0.5713228 -0.24021834 -0.7847837
vn 0.7157957 -0.236824 -0.65692544
vn 0.49034563 -0.5546416 -0.6722602
vn 0.3413039 -0.56012475 -0.7548324
vn 0.3989752 -0.24319683 -0.8841234
vn 0.5713228 -0.24021834 -0.7847837
vn 0.3413039 -0.56012475 -0.7548324
vn 0.17523761 -0.5638755 -0.807054
vn 0.20531291 -0.24524128 -0.9474721
vn 0.3989752 -0.24319683 -0.8841234
vn -7.2569204E-09 -0.5652097 -0.82494724
vn -2.4805569E-09 -0.24597003 -0.96927756
vn 0.20531291 -0.24524128 -0.9474721
vn 0.17523761 -0.5638755 -0.807054
vn 0.20531236 -0.24524257 0.94747186
vn 0.39897582 -0.24319789 0.8841228
vn 0.41147408 0.03826884 0.91061765
vn 0.21188892 0.038658723 0.97652894
vn 0.39897582 -0.24319789 0.8841228
vn 0.5713238 -0.24021855 0.7847828
vn 0.5886435 0.037705325 0.807513
vn 0.41147408 0.03826884 0.91061765
vn 0.5713238 -0.24021855 0.7847828
vn 0.71579635 -0.23682357 0.6569248
vn 0.7366882 0.03707023 0.6752157
vn 0.5886435 0.037705325 0.807513
vn 0.71579635 -0.23682357 0.6569248
vn 0.8289204 -0.23355153 0.50827605
vn 0.8522322 0.036464617 0.52189124
vn 0.7366882 0.03707023 0.6752157
vn 0.8289204 -0.23355153 0.50827605
vn 0.90950143 -0.2308692 0.34569725
vn 0.93430173 0.035972677 0.35466355
vn 0.8522322 0.036464617 0.52189124
vn 0.90950143 -0.2308692 0.34569725
vn 0.9575781 -0.2291219 0.17477818
vn 0.9831635 0.03565436 0.1792161
vn 0.93430173 0.035972677 0.35466355
vn 0.9575781 -0.2291219 0.17477818
vn 0.97354 -0.22851661 -3.5183868E-07
vn 0.9993681 0.03554447 -7.125157E-08
vn 0.9831635 0.03565436 0.1792161
vn 0.97354 -0.22851661 -3.5183868E-07
vn 0.9575779 -0.22912215 -0.17477891
vn 0.9831633 0.03565428 -0.17921692
vn 0.9993681 0.03554447 -7.125157E-08
vn 0.9575779 -0.22912215 -0.17477891
vn 0.90950114 -0.23086949 -0.3456978
vn 0.9343014 0.035972565 -0.35466468
vn 0.9831633 0.03565428 -0.17921692
vn 0.90950114 -0.23086949 -0.3456978
vn 0.8289201 -0.23355198 -0.50827646
vn 0.85223216 0.036464535 -0.5218915
vn 0.9343014 0.035972565 -0.35466468
vn 0.8289201 -0.23355198 -0.50827646
vn 0.7157957 -0.236824 -0.65692544
vn 0.7366879 0.03707013 -0.6752161
vn 0.85223216 0.036464535 -0.5218915
vn 0.7157957 -0.236824 -0.65692544
vn 0.5713228 -0.24021834 -0.7847837
vn 0.58864254 0.0377053 -0.8075137
vn 0.7366879 0.03707013 -0.6752161
vn 0.5713228 -0.24021834 -0.7847837
vn 0.3989752 -0.24319683 -0.8841234
vn 0.41147307 0.03826884 -0.91061825
vn 0.58864254 0.0377053 -0.8075137
vn 0.3989752 -0.24319683 -0.8841234
vn 0.20531291 -0.24524128 -0.9474721
vn 0.21188854 0.038658854 -0.976529
vn 0.41147307 0.03826884 -0.91061825
vn -2.4805569E-09 -0.24597003 -0.96927756
vn 2.4019775E-09 0.03879847 -0.9992471
vn 0.21188854 0.038658854 -0.976529
vn 0.20531291 -0.24524128 -0.9474721
vn 0.21188892 0.038658723 0.97652894
vn 0.41147408 0.03826884 0.91061765
vn 0.4026807 0.20801587 0.891391
vn 0.2072681 0.21000059 0.95547885
vn 0.41147408 0.03826884 0.91061765
vn 0.5886435 0.037705325 0.807513
vn 0.57643485 0.20514074 0.79097426
vn 0.4026807 0.20801587 0.891391
vn 0.5886435 0.037705325 0.807513
vn 0.7366882 0.03707023 0.6752157
vn 0.7219269 0.2018882 0.661863
vn 0.57643485 0.20514074 0.79097426
vn 0.7366882 0.03707023 0.6752157
vn 0.8522322 0.036464617 0.52189124
vn 0.83572024 0.19877604 0.5119177
vn 0.7219269 0.2018882 0.661863
vn 0.8522322 0.036464617 0.52189124
vn 0.93430173 0.035972677 0.35466355
vn 0.91669697 0.1962404 0.34807524
vn 0.83572024 0.19877604 0.5119177
vn 0.93430173 0.035972677 0.35466355
vn 0.9831635 0.03565436 0.1792161
vn 0.9649739 0.19459586 0.17594838
vn 0.91669697 0.1962404 0.34807524
vn 0.9831635 0.03565436 0.1792161
vn 0.9993681 0.03554447 -7.125157E-08
vn 0.98099613 0.19402768 -8.8570616E-08
vn 0.9649739 0.19459586 0.17594838
vn 0.9993681 0.03554447 -7.125157E-08
vn 0.9831633 0.03565428 -0.17921692
vn 0.9649736 0.19459608 -0.17594911
vn 0.98099613 0.19402768 -8.8570616E-08
vn 0.9831633 0.03565428 -0.17921692
vn 0.9343014 0.035972565 -0.35466468
vn 0.9166966 0.1962403 -0.3480763
vn 0.9649736 0.19459608 -0.17594911
vn 0.9343014 0.035972565 -0.35466468
vn 0.85223216 0.036464535 -0.5218915
vn 0.83572024 0.19877584 -0.5119179
vn 0.9166966 0.1962403 -0.3480763
vn 0.85223216 0.036464535 -0.5218915
vn 0.7366879 0.03707013 -0.6752161
vn 0.7219266 0.20188832 -0.6618632
vn 0.83572024 0.19877584 -0.5119179
vn 0.7366879 0.03707013 -0.6752161
vn 0.58864254 0.0377053 -0.8075137
vn 0.57643384 0.20514105 -0.79097474
vn 0.7219266 0.20188832 -0.6618632
vn 0.58864254 0.0377053 -0.8075137
vn 0.41147307 0.03826884 -0.91061825
vn 0.40267974 0.20801617 -0.89139116
vn 0.57643384 0.20514105 -0.79097474
vn 0.41147307 0.03826884 -0.91061825
vn 0.21188854 0.038658854 -0.976529
vn 0.20726706 0.21000078 -0.95547885
vn 0.40267974 0.20801617 -0.89139116
vn 2.4019775E-09 0.03879847 -0.9992471
vn -1.4491606E-08 0.21071021 -0.97754854
vn 0.20726706 0.21000078 -0.95547885
vn 0.21188854 0.038658854 -0.976529
vn 0.2072681 0.21000059 0.95547885
vn 0.4026807 0.20801587 0.891391
vn 0.37659016 0.4048056 0.83325404
vn 0.19361845 0.40818012 0.8921328
vn 0.4026807 0.20801587 0.891391
vn 0.57643485 0.20514074 0.79097426
vn 0.5399708 0.39989862 0.7406163
vn 0.37659016 0.4048056 0.83325404
vn 0.57643485 0.20514074 0.79097426
vn 0.7219269 0.2018882 0.661863
vn 0.67750686 0.39431995 0.6208834
vn 0.5399708 0.39989862 0.7406163
vn 0.7219269 0.2018882 0.661863
vn 0.83572024 0.19877604 0.5119177
vn 0.7856726 0.38895485 0.48107463
vn 0.67750686 0.39431995 0.6208834
vn 0.83572024 0.19877604 0.5119177
vn 0.91669697 0.1962404 0.34807524
vn 0.8630213 0.3845642 0.32757366
vn 0.7856726 0.38895485 0.48107463
vn 0.91669697 0.1962404 0.34807524
vn 0.9649739 0.19459586 0.17594838
vn 0.90930223 0.38170707 0.16573842
vn 0.8630213 0.3845642 0.32757366
vn 0.9649739 0.19459586 0.17594838
vn 0.98099613 0.19402768 -8.8570616E-08
vn 0.9246912 0.38071808 -2.670102E-07
vn 0.90930223 0.38170707 0.16573842
vn 0.98099613 0.19402768 -8.8570616E-08
vn 0.9649736 0.19459608 -0.17594911
vn 0.909302 0.38170746 -0.165739
vn 0.9246912 0.38071808 -2.670102E-07
vn 0.9649736 0.19459608 -0.17594911
vn 0.9166966 0.1962403 -0.3480763
vn 0.8630211 0.38456437 -0.32757422
vn 0.909302 0.38170746 -0.165739
vn 0.9166966 0.1962403 -0.3480763
vn 0.83572024 0.19877584 -0.5119179
vn 0.78567237 0.38895488 -0.48107478
vn 0.8630211 0.38456437 -0.32757422
vn 0.83572024 0.19877584 -0.5119179
vn 0.7219266 0.20188832 -0.6618632
vn 0.6775065 0.39431998 -0.62088376
vn 0.78567237 0.38895488 -0.48107478
vn 0.7219266 0.20188832 -0.6618632
vn 0.57643384 0.20514105 -0.79097474
vn 0.5399702 0.39989868 -0.7406168
vn 0.6775065 0.39431998 -0.62088376
vn 0.57643384 0.20514105 -0.79097474
vn 0.40267974 0.20801617 -0.89139116
vn 0.3765892 0.40480557 -0.83325434
vn 0.5399702 0.39989868 -0.7406168
vn 0.40267974 0.20801617 -0.89139116
vn 0.20726706 0.21000078 -0.95547885
vn 0.19361782 0.40818003 -0.892133
vn 0.3765892 0.40480557 -0.83325434
vn -1.4491606E-08 0.21071021 -0.97754854
vn -3.3761815E-08 0.40938365 -0.91236234
vn 0.19361782 0.40818003 -0.892133
vn 0.20726706 0.21000078 -0.95547885
vn 0.19361845 0.40818012 0.8921328
vn 0.37659016 0.4048056 0.83325404
vn 0.33543077 0.58088243 0.7416614
vn 0.17217496 0.58471686 0.79275596
vn 0.37659016 0.4048056 0.83325404
vn 0.5399708 0.39989862 0.7406163
vn 0.48209605 0.5752755 0.66078854
vn 0.33543077 0.58088243 0.7416614
vn 0.5399708 0.39989862 0.7406163
vn 0.67750686 0.39431995 0.6208834
vn 0.6065151 0.5688559 0.5554659
vn 0.48209605 0.5752755 0.66078854
vn 0.67750686 0.39431995 0.6208834
vn 0.7856726 0.38895485 0.48107463
vn 0.7051545 0.56263626 0.4315062
vn 0.6065151 0.5688559 0.5554659
vn 0.7856726 0.38895485 0.48107463
vn 0.8630213 0.3845642 0.32757366
vn 0.77619785 0.55751216 0.29444343
vn 0.7051545 0.56263626 0.4315062
vn 0.8630213 0.3845642 0.32757366
vn 0.90930223 0.38170707 0.16573842
vn 0.81893224 0.5541617 0.14918035
vn 0.77619785 0.55751216 0.29444343
vn 0.90930223 0.38170707 0.16573842
vn 0.9246912 0.38071808 -2.670102E-07
vn 0.8331822 0.55299866 -3.5706583E-07
vn 0.81893224 0.5541617 0.14918035
vn 0.9246912 0.38071808 -2.670102E-07
vn 0.909302 0.38170746 -0.165739
vn 0.818932 0.5541618 -0.14918089
vn 0.8331822 0.55299866 -3.5706583E-07
vn 0.909302 0.38170746 -0.165739
vn 0.8630211 0.38456437 -0.32757422
vn 0.77619785 0.5575123 -0.2944437
vn 0.818932 0.5541618 -0.14918089
vn 0.8630211 0.38456437 -0.32757422
vn 0.78567237 0.38895488 -0.48107478
vn 0.70515454 0.5626361 -0.43150625
vn 0.77619785 0.5575123 -0.2944437
vn 0.78567237 0.38895488 -0.48107478
vn 0.6775065 0.39431998 -0.62088376
vn 0.606515 0.5688556 -0.5554664
vn 0.70515454 0.5626361 -0.43150625
vn 0.6775065 0.39431998 -0.62088376
vn 0.5399702 0.39989868 -0.7406168
vn 0.48209536 0.57527524 -0.66078925
vn 0.606515 0.5688556 -0.5554664
vn 0.5399702 0.39989868 -0.7406168
vn 0.3765892 0.40480557 -0.83325434
vn 0.33543006 0.58088225 -0.741662
vn 0.48209536 0.57527524 -0.66078925
vn 0.3765892 0.40480557 -0.83325434
vn 0.19361782 0.40818003 -0.892133
vn 0.17217468 0.5847167 -0.7927561
vn 0.33543006 0.58088225 -0.741662
vn -3.3761815E-08 0.40938365 -0.91236234
vn -2.4062174E-08 0.5860805 -0.81025296
vn 0.17217468 0.5847167 -0.7927561
vn 0.19361782 0.40818003 -0.892133
vn 0.17217496 0.58471686 0.79275596
vn 0.33543077 0.58088243 0.7416614
vn 0.2820531 0.72953147 0.62308085
vn 0.14451262 0.73292613 0.6647821
vn 0.33543077 0.58088243 0.7416614
vn 0.48209605 0.5752755 0.66078854
vn 0.40646008 0.7245365 0.5566302
vn 0.2820531 0.72953147 0.62308085
vn 0.48209605 0.5752755 0.66078854
vn 0.6065151 0.5688559 0.5554659
vn 0.51291573 0.71877146 0.46934548
vn 0.40646008 0.7245365 0.5566302
vn 0.6065151 0.5688559 0.5554659
vn 0.7051545 0.56263626 0.4315062
vn 0.5980862 0.71313864 0.36568576
vn 0.51291573 0.71877146 0.46934548
vn 0.7051545 0.56263626 0.4315062
vn 0.77619785 0.55751216 0.29444343
vn 0.6599329 0.70846295 0.25013787
vn 0.5980862 0.71313864 0.36568576
vn 0.77619785 0.55751216 0.29444343
vn 0.81893224 0.5541617 0.14918035
vn 0.6973635 0.70538783 0.1269339
vn 0.6599329 0.70846295 0.25013787
vn 0.81893224 0.5541617 0.14918035
vn 0.8331822 0.55299866 -3.5706583E-07
vn 0.7098853 0.70431733 -3.539558E-07
vn 0.6973635 0.70538783 0.1269339
vn 0.8331822 0.55299866 -3.5706583E-07
vn 0.818932 0.5541618 -0.14918089
vn 0.69736326 0.70538795 -0.12693448
vn 0.7098853 0.70431733 -3.539558E-07
vn 0.818932 0.5541618 -0.14918089
vn 0.77619785 0.5575123 -0.2944437
vn 0.65993285 0.7084629 -0.25013757
vn 0.69736326 0.70538795 -0.12693448
vn 0.77619785 0.5575123 -0.2944437
vn 0.70515454 0.5626361 -0.43150625
vn 0.5980863 0.7131389 -0.36568514
vn 0.65993285 0.7084629 -0.25013757
vn 0.70515454 0.5626361 -0.43150625
vn 0.606515 0.5688556 -0.5554664
vn 0.51291513 0.71877176 -0.4693454
vn 0.5980863 0.7131389 -0.36568514
vn 0.606515 0.5688556 -0.5554664
vn 0.48209536 0.57527524 -0.66078925
vn 0.40645927 0.7245367 -0.55663043
vn 0.51291513 0.71877176 -0.4693454
vn 0.48209536 0.57527524 -0.66078925
vn 0.33543006 0.58088225 -0.741662
vn 0.28205252 0.7295317 -0.62308097
vn 0.40645927 0.7245367 -0.55663043
vn 0.33543006 0.58088225 -0.741662
vn 0.17217468 0.5847167 -0.7927561
vn 0.14451213 0.7329263 -0.66478217
vn 0.28205252 0.7295317 -0.62308097
vn -2.4062174E-08 0.5860805 -0.81025296
vn -2.4001519E-09 0.73412955 -0.6790094
vn 0.14451213 0.7329263 -0.66478217
vn 0.17217468 0.5847167 -0.7927561
vn 0.14451262 0.73292613 0.6647821
vn 0.2820531 0.72953147 0.62308085
vn 0.21950097 0.8468806 0.48436815
vn 0.11227357 0.84925497 0.5159076
vn 0.2820531 0.72953147 0.62308085
vn 0.40646008 0.7245365 0.5566302
vn 0.3171059 0.84336615 0.4337941
vn 0.21950097 0.8468806 0.48436815
vn 0.40646008 0.7245365 0.5566302
vn 0.51291573 0.71877146 0.46934548
vn 0.40130895 0.8392792 0.3668265
vn 0.3171059 0.84336615 0.4337941
vn 0.51291573 0.71877146 0.46934548
vn 0.5980862 0.71313864 0.36568576
vn 0.4692588 0.8352536 0.28661388
vn 0.40130895 0.8392792 0.3668265
vn 0.5980862 0.71313864 0.36568576
vn 0.6599329 0.70846295 0.25013787
vn 0.5189867 0.83188784 0.196508
vn 0.4692588 0.8352536 0.28661388
vn 0.6599329 0.70846295 0.25013787
vn 0.6973635 0.70538783 0.1269339
vn 0.54925996 0.8296621 0.09987181
vn 0.5189867 0.83188784 0.196508
vn 0.6973635 0.70538783 0.1269339
vn 0.7098853 0.70431733 -3.539558E-07
vn 0.5594193 0.82888484 -2.0515355E-07
vn 0.54925996 0.8296621 0.09987181
vn 0.7098853 0.70431733 -3.539558E-07
vn 0.69736326 0.70538795 -0.12693448
vn 0.54925966 0.8296621 -0.09987272
vn 0.5594193 0.82888484 -2.0515355E-07
vn 0.69736326 0.70538795 -0.12693448
vn 0.65993285 0.7084629 -0.25013757
vn 0.5189866 0.8318879 -0.19650795
vn 0.54925966 0.8296621 -0.09987272
vn 0.65993285 0.7084629 -0.25013757
vn 0.5980863 0.7131389 -0.36568514
vn 0.46925882 0.8352541 -0.2866128
vn 0.5189866 0.8318879 -0.19650795
vn 0.5980863 0.7131389 -0.36568514
vn 0.51291513 0.71877176 -0.4693454
vn 0.40130857 0.83927953 -0.3668262
vn 0.46925882 0.8352541 -0.2866128
vn 0.51291513 0.71877176 -0.4693454
vn 0.40645927 0.7245367 -0.55663043
vn 0.3171059 0.84336627 -0.4337941
vn 0.40130857 0.83927953 -0.3668262
vn 0.40645927 0.7245367 -0.55663043
vn 0.28205252 0.7295317 -0.62308097
vn 0.21950096 0.84688056 -0.4843682
vn 0.3171059 0.84336627 -0.4337941
vn 0.28205252 0.7295317 -0.62308097
vn 0.14451213 0.7329263 -0.66478217
vn 0.11227285 0.8492549 -0.5159079
vn 0.21950096 0.84688056 -0.4843682
vn -2.4001519E-09 0.73412955 -0.6790094
vn 7.182509E-09 0.85009366 -0.5266316
vn 0.11227285 0.8492549 -0.5159079
vn 0.14451213 0.7329263 -0.66478217
vn 0.11227357 0.84925497 0.5159076
vn 0.21950097 0.8468806 0.48436815
vn 0.15058543 0.93125343 0.33179957
vn 0.07692752 0.9324696 0.3529628
vn 0.21950097 0.8468806 0.48436815
vn 0.3171059 0.84336615 0.4337941
vn 0.2179492 0.92944545 0.2977067
vn 0.15058543 0.93125343 0.33179957
vn 0.3171059 0.84336615 0.4337941
vn 0.40130895 0.8392792 0.3668265
vn 0.2764185 0.9273306 0.25229087
vn 0.2179492 0.92944545 0.2977067
vn 0.40130895 0.8392792 0.3668265
vn 0.4692588 0.8352536 0.28661388
vn 0.32391003 0.9252348 0.19754207
vn 0.2764185 0.9273306 0.25229087
vn 0.4692588 0.8352536 0.28661388
vn 0.5189867 0.83188784 0.196508
vn 0.35887274 0.9234725 0.13567914
vn 0.32391003 0.9252348 0.19754207
vn 0.5189867 0.83188784 0.196508
vn 0.54925996 0.8296621 0.09987181
vn 0.3802531 0.9223022 0.06903764
vn 0.35887274 0.9234725 0.13567914
vn 0.54925996 0.8296621 0.09987181
vn 0.5594193 0.82888484 -2.0515355E-07
vn 0.38744545 0.9218926 1.2548462E-08
vn 0.3802531 0.9223022 0.06903764
vn 0.5594193 0.82888484 -2.0515355E-07
vn 0.54925966 0.8296621 -0.09987272
vn 0.3802528 0.92230225 -0.06903876
vn 0.38744545 0.9218926 1.2548462E-08
vn 0.54925966 0.8296621 -0.09987272
vn 0.5189866 0.8318879 -0.19650795
vn 0.35887298 0.92347246 -0.13567968
vn 0.3802528 0.92230225 -0.06903876
vn 0.5189866 0.8318879 -0.19650795
vn 0.46925882 0.8352541 -0.2866128
vn 0.32391068 0.92523485 -0.19754109
vn 0.35887298 0.92347246 -0.13567968
vn 0.46925882 0.8352541 -0.2866128
vn 0.40130857 0.83927953 -0.3668262
vn 0.2764191 0.92733073 -0.25229013
vn 0.32391068 0.92523485 -0.19754109
vn 0.40130857 0.83927953 -0.3668262
vn 0.3171059 0.84336627 -0.4337941
vn 0.21794966 0.9294455 -0.29770613
vn 0.2764191 0.92733073 -0.25229013
vn 0.3171059 0.84336627 -0.4337941
vn 0.21950096 0.84688056 -0.4843682
vn 0.15058541 0.93125355 -0.33179915
vn 0.21794966 0.9294455 -0.29770613
vn 0.21950096 0.84688056 -0.4843682
vn 0.11227285 0.8492549 -0.5159079
vn 0.07692701 0.9324697 -0.35296246
vn 0.15058541 0.93125355 -0.33179915
vn 7.182509E-09 0.85009366 -0.5266316
vn 7.763728E-09 0.9328982 -0.36013997
vn 0.07692701 0.9324697 -0.35296246
vn 0.11227285 0.8492549 -0.5159079
vn 0.07692752 0.9324696 0.3529628
vn 0.15058543 0.93125343 0.33179957
vn 0.07732905 0.98241705 0.16993266
vn 0.039438013 0.98277014 0.1805755
vn 0.15058543 0.93125343 0.33179957
vn 0.2179492 0.92944545 0.2977067
vn 0.1120701 0.9819064 0.15264332
vn 0.07732905 0.98241705 0.16993266
vn 0.2179492 0.92944545 0.2977067
vn 0.2764185 0.9273306 0.25229087
vn 0.1423036 0.98131585 0.12949476
vn 0.1120701 0.9819064 0.15264332
vn 0.2764185 0.9273306 0.25229087
vn 0.32391003 0.9252348 0.19754207
vn 0.16691689 0.98073447 0.101482466
vn 0.1423036 0.98131585 0.12949476
vn 0.32391003 0.9252348 0.19754207
vn 0.35887274 0.9234725 0.13567914
vn 0.18506025 0.98024946 0.069739975
vn 0.16691689 0.98073447 0.101482466
vn 0.35887274 0.9234725 0.13567914
vn 0.3802531 0.9223022 0.06903764
vn 0.19614308 0.979933 0.035484876
vn 0.18506025 0.98024946 0.069739975
vn 0.3802531 0.9223022 0.06903764
vn 0.38744545 0.9218926 1.2548462E-08
vn 0.19982323 0.97983193 -2.093257E-05
vn 0.19614308 0.979933 0.035484876
vn 0.38744545 0.9218926 1.2548462E-08
vn 0.3802528 0.92230225 -0.06903876
vn 0.19599682 0.97996163 -0.035500005
vn 0.19982323 0.97983193 -2.093257E-05
vn 0.3802528 0.92230225 -0.06903876
vn 0.35887298 0.92347246 -0.13567968
vn 0.18479237 0.9803044 -0.069677725
vn 0.19599682 0.97996163 -0.035500005
vn 0.35887298 0.92347246 -0.13567968
vn 0.32391068 0.92523485 -0.19754109
vn 0.16657096 0.9808115 -0.10130611
vn 0.18479237 0.9803044 -0.069677725
vn 0.32391068 0.92523485 -0.19754109
vn 0.2764191 0.92733073 -0.25229013
vn 0.14193411 0.9814097 -0.12918812
vn 0.16657096 0.9808115 -0.10130611
vn 0.2764191 0.92733073 -0.25229013
vn 0.21794966 0.9294455 -0.29770613
vn 0.111733645 0.9820119 -0.1522104
vn 0.14193411 0.9814097 -0.12918812
vn 0.21794966 0.9294455 -0.29770613
vn 0.15058541 0.93125355 -0.33179915
vn 0.07707532 0.9825294 -0.16939701
vn 0.111733645 0.9820119 -0.1522104
vn 0.15058541 0.93125355 -0.33179915
vn 0.07692701 0.9324697 -0.35296246
vn 0.039303087 0.98288566 -0.17997485
vn 0.07707532 0.9825294 -0.16939701
vn 7.763728E-09 0.9328982 -0.36013997
vn -1.0433937E-09 0.98301464 -0.18352686
vn 0.039303087 0.98288566 -0.17997485
vn 0.07692701 0.9324697 -0.35296246
vn 2.7338634E-08 -0.9927025 0.12058904
vn 3.3479072E-08 -0.99999994 0.00044450493
vn 0.025836084 -0.9926465 0.11825965
vn 3.3479072E-08 -0.99999994 0.00044450493
vn 0.050671864 -0.99249214 0.111318044
vn 0.025836084 -0.9926465 0.11825965
vn 3.3479072E-08 -0.99999994 0.00044450493
vn 0.073465206 -0.99226856 0.100030206
vn 0.050671864 -0.99249214 0.111318044
vn 3.3479072E-08 -0.99999994 0.00044450493
vn 0.09332578 -0.9920094 0.08489814
vn 0.073465206 -0.99226856 0.100030206
vn 3.3479072E-08 -0.99999994 0.00044450493
vn 0.109515995 -0.9917539 0.066561915
vn 0.09332578 -0.9920094 0.08489814
vn 3.3479072E-08 -0.99999994 0.00044450493
vn 0.121464714 -0.99154043 0.045758735
vn 0.109515995 -0.9917539 0.066561915
vn 3.3479072E-08 -0.99999994 0.00044450493
vn 0.12877017 -0.991401 0.02328843
vn 0.121464714 -0.99154043 0.045758735
vn 3.3479072E-08 -0.99999994 0.00044450493
vn 0.13119738 -0.9913563 -1.3530343E-05
vn 0.12877017 -0.991401 0.02328843
vn 3.3479072E-08 -0.99999994 0.00044450493
vn 0.12867413 -0.99141324 -0.023297748
vn 0.13119738 -0.9913563 -1.3530343E-05
vn 3.3479072E-08 -0.99999994 0.00044450493
vn 0.121288605 -0.991564 -0.04571792
vn 0.12867413 -0.99141324 -0.023297748
vn 3.3479072E-08 -0.99999994 0.00044450493
vn 0.10928875 -0.9917866 -0.06644693
vn 0.121288605 -0.991564 -0.04571792
vn 3.3479072E-08 -0.99999994 0.00044450493
vn 0.09308354 -0.9920493 -0.08469785
vn 0.10928875 -0.9917866 -0.06644693
vn 3.3479072E-08 -0.99999994 0.00044450493
vn 0.073245265 -0.9923132 -0.09974736
vn 0.09308354 -0.9920493 -0.08469785
vn 3.3479072E-08 -0.99999994 0.00044450493
vn 0.050506238 -0.9925398 -0.11096781
vn 0.073245265 -0.9923132 -0.09974736
vn 3.3479072E-08 -0.99999994 0.00044450493
vn 0.025747515 -0.9926955 -0.11786704
vn 0.050506238 -0.9925398 -0.11096781
vn 3.3479072E-08 -0.99999994 0.00044450493
vn -4.4575105E-10 -0.99275184 -0.1201826
vn 0.025747515 -0.9926955 -0.11786704
vn 2.7338634E-08 -0.9927025 0.12058904
vn 0.025836084 -0.9926465 0.11825965
vn 0.051948644 -0.96982497 0.2382034
vn 4.700156E-08 -0.97003 0.24298489
vn 4.700156E-08 -0.97003 0.24298489
vn 0.051948644 -0.96982497 0.2382034
vn 0.07971619 -0.9272101 0.3659601
vn 1.788153E-08 -0.92767483 0.37338912
vn 1.788153E-08 -0.92767483 0.37338912
vn 0.07971619 -0.9272101 0.3659601
vn 0.10997396 -0.85588455 0.50533897
vn -1.1956619E-09 -0.8566999 0.51581526
vn -1.1956619E-09 -0.8566999 0.51581526
vn 0.10997396 -0.85588455 0.50533897
vn 0.14259766 -0.7412359 0.6559233
vn -2.4026316E-09 -0.7424138 0.66994154
vn -2.4026316E-09 -0.7424138 0.66994154
vn 0.14259766 -0.7412359 0.6559233
vn 0.1752372 -0.5638761 0.80705374
vn -4.837946E-09 -0.56521 0.8249471
vn -4.837946E-09 -0.56521 0.8249471
vn 0.1752372 -0.5638761 0.80705374
vn 0.20531236 -0.24524257 0.94747186
vn -1.4139167E-07 -0.24597095 0.96927714
vn -1.4139167E-07 -0.24597095 0.96927714
vn 0.20531236 -0.24524257 0.94747186
vn 0.21188892 0.038658723 0.97652894
vn -2.7142346E-07 0.038798023 0.9992471
vn -2.7142346E-07 0.038798023 0.9992471
vn 0.21188892 0.038658723 0.97652894
vn 0.2072681 0.21000059 0.95547885
vn -2.7534062E-07 0.21071002 0.9775486
vn -2.7534062E-07 0.21071002 0.9775486
vn 0.2072681 0.21000059 0.95547885
vn 0.19361845 0.40818012 0.8921328
vn -2.942102E-07 0.409384 0.91236216
vn -2.942102E-07 0.409384 0.91236216
vn 0.19361845 0.40818012 0.8921328
vn 0.17217496 0.58471686 0.79275596
vn -1.744507E-07 0.5860805 0.8102527
vn -1.744507E-07 0.5860805 0.8102527
vn 0.17217496 0.58471686 0.79275596
vn 0.14451262 0.73292613 0.6647821
vn -6.0003806E-09 0.7341293 0.67900974
vn -6.0003806E-09 0.7341293 0.67900974
vn 0.14451262 0.73292613 0.6647821
vn 0.11227357 0.84925497 0.5159076
vn -2.3941698E-09 0.8500937 0.52663136
vn -2.3941698E-09 0.8500937 0.52663136
vn 0.11227357 0.84925497 0.5159076
vn 0.07692752 0.9324696 0.3529628
vn -1.7916297E-09 0.9328981 0.3601403
vn -1.7916297E-09 0.9328981 0.3601403
vn 0.07692752 0.9324696 0.3529628
vn 0.039438013 0.98277014 0.1805755
vn -1.4904647E-10 0.98289835 0.18414903
vn -5.2997247E-08 0.99999976 0.0006865483
vn -1.4904647E-10 0.98289835 0.18414903
vn 0.039438013 0.98277014 0.1805755
vn -5.2997247E-08 0.99999976 0.0006865483
vn 0.039438013 0.98277014 0.1805755
vn 0.07732905 0.98241705 0.16993266
vn -5.2997247E-08 0.99999976 0.0006865483
vn 0.07732905 0.98241705 0.16993266
vn 0.1120701 0.9819064 0.15264332
vn -5.2997247E-08 0.99999976 0.0006865483
vn 0.1120701 0.9819064 0.15264332
vn 0.1423036 0.98131585 0.12949476
vn -5.2997247E-08 0.99999976 0.0006865483
vn 0.1423036 0.98131585 0.12949476
vn 0.16691689 0.98073447 0.101482466
vn -5.2997247E-08 0.99999976 0.0006865483
vn 0.16691689 0.98073447 0.101482466
vn 0.18506025 0.98024946 0.069739975
vn -5.2997247E-08 0.99999976 0.0006865483
vn 0.18506025 0.98024946 0.069739975
vn 0.19614308 0.979933 0.035484876
vn -5.2997247E-08 0.99999976 0.0006865483
vn 0.19614308 0.979933 0.035484876
vn 0.19982323 0.97983193 -2.093257E-05
vn -5.2997247E-08 0.99999976 0.0006865483
vn 0.19982323 0.97983193 -2.093257E-05
vn 0.19599682 0.97996163 -0.035500005
vn -5.2997247E-08 0.99999976 0.0006865483
vn 0.19599682 0.97996163 -0.035500005
vn 0.18479237 0.9803044 -0.069677725
vn -5.2997247E-08 0.99999976 0.0006865483
vn 0.18479237 0.9803044 -0.069677725
vn 0.16657096 0.9808115 -0.10130611
vn -5.2997247E-08 0.99999976 0.0006865483
vn 0.16657096 0.9808115 -0.10130611
vn 0.14193411 0.9814097 -0.12918812
vn -5.2997247E-08 0.99999976 0.0006865483
vn 0.14193411 0.9814097 -0.12918812
vn 0.111733645 0.9820119 -0.1522104
vn -5.2997247E-08 0.99999976 0.0006865483
vn 0.111733645 0.9820119 -0.1522104
vn 0.07707532 0.9825294 -0.16939701
vn -5.2997247E-08 0.99999976 0.0006865483
vn 0.07707532 0.9825294 -0.16939701
vn 0.039303087 0.98288566 -0.17997485
vn -1.0433937E-09 0.98301464 -0.18352686
vn -5.2997247E-08 0.99999976 0.0006865483
vn 0.039303087 0.98288566 -0.17997485
# 10496 vertex normals

vt 0.6564773 0.09359363 0
vt 0.6519917 0.09782335 0
vt 0.66657114 0.093621105 0
vt 0.65778345 0.09783909 0
vt 0.67587364 0.09364626 0
vt 0.66312116 0.09785363 0
vt 0.68402725 0.09366843 0
vt 0.6677997 0.09786633 0
vt 0.69071895 0.09368661 0
vt 0.67163926 0.09787676 0
vt 0.6956913 0.09370026 0
vt 0.67449236 0.097884566 0
vt 0.6036109 0.09151706 0
vt 0.6260917 0.09582028 0
vt 0.6987532 0.093708485 0
vt 0.66620123 0.07509753 0
vt 0.66130155 0.085849136 0
vt 0.68559694 0.07515022 0
vt 0.676014 0.08588913 0
vt 0.7034721 0.07519886 0
vt 0.689573 0.085926026 0
vt 0.71913975 0.07524142 0
vt 0.7014576 0.08595833 0
vt 0.7319979 0.075276405 0
vt 0.7112111 0.085984856 0
vt 0.7415524 0.07530233 0
vt 0.71845853 0.086004525 0
vt 0.74743605 0.07531837 0
vt 0.72292155 0.086016685 0
vt 0.67472905 0.047046572 0
vt 0.670913 0.06184575 0
vt 0.7022513 0.047121376 0
vt 0.6948047 0.06191072 0
vt 0.7276161 0.04719034 0
vt 0.71682334 0.06197056 0
vt 0.7498484 0.047250777 0
vt 0.7361229 0.062023014 0
vt 0.7680942 0.04730037 0
vt 0.75196165 0.062066108 0
vt 0.7816519 0.047337264 0
vt 0.7637309 0.062098056 0
vt 0.7900007 0.047359973 0
vt 0.77097833 0.062117785 0
vt 0.67929333 0.020407468 0
vt 0.6769416 0.031653196 0
vt 0.7110271 0.020510167 0
vt 0.70655113 0.03173372 0
vt 0.74030393 0.020606726 0
vt 0.73383945 0.03180787 0
vt 0.76599455 0.020692974 0
vt 0.7577579 0.0318729 0
vt 0.78710467 0.02076599 0
vt 0.77738726 0.031926244 0
vt 0.80281484 0.020822912 0
vt 0.79197323 0.03196594 0
vt 0.81251264 0.020861536 0
vt 0.80095506 0.03199032 0
vt 0.6141172 0.019670814 0
vt 0.61924815 0.015943676 0
vt 0.68352693 0.018051237 0
vt 0.5743077 0.019665688 0
vt 0.5837724 0.015913278 0
vt 0.71900237 0.0182136 0
vt 0.5374263 0.019670695 0
vt 0.5509544 0.015891403 0
vt 0.7518201 0.0183703 0
vt 0.50491714 0.019685656 0
vt 0.5220725 0.015879005 0
vt 0.78070164 0.018514842 0
vt 0.47807235 0.019710094 0
vt 0.4982639 0.0158768 0
vt 0.8045099 0.018642038 0
vt 0.45797467 0.019744128 0
vt 0.48047644 0.015885025 0
vt 0.8222971 0.018747002 0
vt 0.4454518 0.019786388 0
vt 0.46942914 0.01590386 0
vt 0.8333441 0.018825918 0
vt 0.59622574 0.087349266 0
vt 0.5972192 0.07507077 0
vt 0.5985226 0.06599316 0
vt 0.54210865 0.08719942 0
vt 0.5439986 0.07492611 0
vt 0.54644233 0.06585571 0
vt 0.4922245 0.08706346 0
vt 0.49495023 0.07479277 0
vt 0.49843735 0.06572941 0
vt 0.44849896 0.08694461 0
vt 0.451959 0.07467589 0
vt 0.4563533 0.06561914 0
vt 0.41261423 0.08684704 0
vt 0.416677 0.074579984 0
vt 0.42180908 0.0655292 0
vt 0.3859495 0.08677456 0
vt 0.39046 0.0745087 0
vt 0.39613456 0.06546286 0
vt 0.36952955 0.086729914 0
vt 0.3743158 0.07446483 0
vt 0.38031828 0.06542292 0
vt 0.59407455 0.105956405 0
vt 0.5946518 0.095152974 0
vt 0.5362395 0.12458056 0
vt 0.5391633 0.094991386 0
vt 0.4838037 0.124432504 0
vt 0.48798674 0.09485036 0
vt 0.4378233 0.124307156 0
vt 0.4431228 0.09472835 0
vt 0.40008652 0.124204576 0
vt 0.40630388 0.094628274 0
vt 0.37204552 0.12412834 0
vt 0.37894493 0.09455389 0
vt 0.9269594 0.59368885 0
vt 0.9227895 0.5499998 0
vt 0.8429212 0.59368885 0
vt 0.84079546 0.5499998 0
vt 0.36209738 0.09450811 0
vt 0.29367828 0.912064 0
vt 0.29337737 0.94287807 0
vt 0.29247794 0.97339904 0
vt 0.35233974 0.91206986 0
vt 0.3517237 0.9428907 0
vt 0.3499608 0.973416 0
vt 0.40633667 0.9120895 0
vt 0.4054914 0.9429037 0
vt 0.4029842 0.97342145 0
vt 0.45373046 0.9120926 0
vt 0.4526627 0.9429055 0
vt 0.44947988 0.97342217 0
vt 0.4355829 0.13568142 0
vt 0.43277228 0.15110347 0
vt 0.39429617 0.15099886 0
vt 0.39729252 0.13557729 0
vt 0.36570585 0.15092114 0
vt 0.36884013 0.13549998 0
vt 0.9294743 0.63824224 0
vt 0.93031794 0.6832279 0
vt 0.8446334 0.6832279 0
vt 0.8442033 0.63824224 0
vt 0.2925076 0.8507343 0
vt 0.29338577 0.8812508 0
vt 0.35005203 0.8507381 0
vt 0.35177457 0.8812545 0
vt 0.40299904 0.8507599 0
vt 0.40549982 0.8812764 0
vt 0.44947988 0.8507635 0
vt 0.4526627 0.88128024 0
vt 0.43374538 0.17489028 0
vt 0.43681097 0.20507711 0
vt 0.3990742 0.20497453 0
vt 0.395455 0.17478615 0
vt 0.3710332 0.2048983 0
vt 0.3670026 0.17470884 0
vt 0.92947423 0.72821355 0
vt 0.9269594 0.77276695 0
vt 0.8429212 0.77276695 0
vt 0.8442033 0.72821355 0
vt 0.28903437 0.79176193 0
vt 0.2910516 0.82080966 0
vt 0.3432391 0.7917655 0
vt 0.34719586 0.8208135 0
vt 0.39310813 0.79178756 0
vt 0.39885262 0.8208353 0
vt 0.43689108 0.7917914 0
vt 0.4442023 0.8208391 0
vt 0.44194955 0.23468423 0
vt 0.44910163 0.2617581 0
vt 0.41355437 0.2616614 0
vt 0.40513062 0.23458415 0
vt 0.38714033 0.26158965 0
vt 0.37777168 0.23450977 0
vt 0.9227895 0.81645596 0
vt 0.91701263 0.8588651 0
vt 0.8378504 0.8588651 0
vt 0.84079546 0.81645596 0
vt 0.2833772 0.7374163 0
vt 0.2864728 0.7638754 0
vt 0.33216056 0.73741955 0
vt 0.33821437 0.7638791 0
vt 0.37704414 0.73743886 0
vt 0.38581353 0.76390105 0
vt 0.4164481 0.73744196 0
vt 0.42760682 0.76390475 0
vt 0.45820808 0.28936052 0
vt 0.46917194 0.31555998 0
vt 0.43718028 0.31547302 0
vt 0.42427564 0.28926826 0
vt 0.41340822 0.31540835 0
vt 0.39906144 0.2891997 0
vt 0.9096768 0.89957863 0
vt 0.90086 0.93821365 0
vt 0.8296159 0.93821365 0
vt 0.83411056 0.89957863 0
vt 0.27568498 0.6898008 0
vt 0.27975768 0.7126506 0
vt 0.31718224 0.68980116 0
vt 0.325116 0.7126524 0
vt 0.3554157 0.689804 0
vt 0.36687523 0.71266335 0
vt 0.38893646 0.6898044 0
vt 0.40351373 0.71266526 0
vt 0.4818964 0.34009695 0
vt 0.49625057 0.36274356 0
vt 0.46904385 0.3626696 0
vt 0.45215428 0.34001613 0
vt 0.4488274 0.36261463 0
vt 0.4300539 0.33995605 0
vt 0.89064014 0.97438705 0
vt 0.43637818 0.36258078 0
vt 0.41644454 0.33991903 0
vt 0.82440585 0.97438705 0
vt 0.266419 0.65070933 0
vt 0.27122954 0.66908973 0
vt 0.2990249 0.65070933 0
vt 0.308461 0.66908973 0
vt 0.32907477 0.65070933 0
vt 0.34277377 0.66908973 0
vt 0.3554135 0.65070933 0
vt 0.37284914 0.66908973 0
vt 0.51210403 0.3832721 0
vt 0.529297 0.40149558 0
vt 0.5079208 0.40143752 0
vt 0.48769534 0.38320577 0
vt 0.49203682 0.4013943 0
vt 0.469558 0.38315642 0
vt 0.48225552 0.40136772 0
vt 0.4583891 0.38312608 0
vt 0.255867 0.6216591 0
vt 0.26128122 0.63485247 0
vt 0.27832624 0.6216591 0
vt 0.28894666 0.63485247 0
vt 0.2990249 0.6216591 0
vt 0.31444332 0.63485247 0
vt 0.31716743 0.6216591 0
vt 0.33679134 0.63485247 0
vt 0.5476702 0.4172268 0
vt 0.5670413 0.43032676 0
vt 0.5523171 0.43028677 0
vt 0.52953285 0.41717756 0
vt 0.541376 0.43025696 0
vt 0.5160556 0.41714084 0
vt 0.5346385 0.43023872 0
vt 0.50775635 0.4171183 0
vt 0.63869214 0.44808745 0
vt 0.6332117 0.44078124 0
vt 0.25022718 0.61126953 0
vt 0.6271335 0.44805604 0
vt 0.6163642 0.4407354 0
vt 0.26726356 0.61126953 0
vt 0.61648095 0.44802707 0
vt 0.6008374 0.4406932 0
vt 0.28296435 0.61126953 0
vt 0.6071439 0.44800168 0
vt 0.587228 0.4406562 0
vt 0.2967261 0.61126953 0
vt 0.5994813 0.44798088 0
vt 0.5760591 0.44062585 0
vt 0.5937874 0.44796538 0
vt 0.5677599 0.44060326 0
vt 0.59028107 0.44795585 0
vt 0.5626492 0.44058937 0
vt 0.64380425 0.4521991 0
vt 0.637172 0.4521811 0
vt 0.6310597 0.45216453 0
vt 0.62570214 0.45214993 0
vt 0.62130535 0.45213795 0
vt 0.6180383 0.45212913 0
vt 0.61602646 0.45212364 0
vt 0.6045954 0.037403375 0
vt 0.60909605 0.02673158 0
vt 0.5574778 0.03731665 0
vt 0.5653868 0.026695222 0
vt 0.51397693 0.037240475 0
vt 0.5249497 0.026669472 0
vt 0.475775 0.03717783 0
vt 0.48936063 0.026655465 0
vt 0.4443575 0.037131578 0
vt 0.4600212 0.026653558 0
vt 0.42095196 0.037103325 0
vt 0.43809986 0.026664883 0
vt 0.40648043 0.037094504 0
vt 0.42448354 0.026689023 0
vt 0.6010262 0.051963955 0
vt 0.5510493 0.051844686 0
vt 0.5049595 0.051736146 0
vt 0.46453226 0.051642686 0
vt 0.431328 0.05156806 0
vt 0.406631 0.051515132 0
vt 0.3913992 0.051485986 0
vt 0.625402 0.095807165 0
vt 0.6025637 0.09151225 0
vt 0.72442347 0.08602078 0
vt 0.57798284 0.083689906 0
vt 0.74941665 0.075323716 0
vt 0.7734188 0.062124383 0
vt 0.7928122 0.04736758 0
vt 0.8039798 0.031998582 0
vt 0.8157956 0.020877698 0
vt 0.46563908 0.01592257 0
vt 0.8371339 0.0188652 0
vt 0.441125 0.019820021 0
vt 0.36887413 0.074450016 0
vt 0.36399478 0.086714864 0
vt 0.37498325 0.06541019 0
vt 0.75581384 0.5499998 0
vt 0.3564183 0.09449264 0
vt 0.7558138 0.59368885 0
vt 0.7558138 0.63824224 0
vt 0.75581384 0.6832279 0
vt 0.7558138 0.72821355 0
vt 0.7558138 0.77276695 0
vt 0.7558138 0.81645596 0
vt 0.75581384 0.8588651 0
vt 0.7558138 0.89957863 0
vt 0.7558138 0.93821365 0
vt 0.41185892 0.33990654 0
vt 0.7558138 0.97438705 0
vt 0.43218428 0.36256936 0
vt 0.4546275 0.38311586 0
vt 0.47896248 0.40135878 0
vt 0.5049637 0.4171107 0
vt 0.53237325 0.43023255 0
vt 0.5609333 0.44058466 0
vt 0.41980895 0.02671256 0
vt 0.40156034 0.037099194 0
vt 0.38624838 0.0514792 0
vt 0.6564773 0.09359363 0
vt 0.6519917 0.09782335 0
vt 0.66657114 0.093621105 0
vt 0.65778345 0.09783909 0
vt 0.67587364 0.09364626 0
vt 0.66312116 0.09785363 0
vt 0.68402725 0.09366843 0
vt 0.6677997 0.09786633 0
vt 0.69071895 0.09368661 0
vt 0.67163926 0.09787676 0
vt 0.6956913 0.09370026 0
vt 0.67449236 0.097884566 0
vt 0.6036109 0.09151706 0
vt 0.6260917 0.09582028 0
vt 0.6987532 0.093708485 0
vt 0.66620123 0.07509753 0
vt 0.66130155 0.085849136 0
vt 0.68559694 0.07515022 0
vt 0.676014 0.08588913 0
vt 0.7034721 0.07519886 0
vt 0.689573 0.085926026 0
vt 0.71913975 0.07524142 0
vt 0.7014576 0.08595833 0
vt 0.7319979 0.075276405 0
vt 0.7112111 0.085984856 0
vt 0.7415524 0.07530233 0
vt 0.71845853 0.086004525 0
vt 0.74743605 0.07531837 0
vt 0.72292155 0.086016685 0
vt 0.67472905 0.047046572 0
vt 0.670913 0.06184575 0
vt 0.7022513 0.047121376 0
vt 0.6948047 0.06191072 0
vt 0.7276161 0.04719034 0
vt 0.71682334 0.06197056 0
vt 0.7498484 0.047250777 0
vt 0.7361229 0.062023014 0
vt 0.7680942 0.04730037 0
vt 0.75196165 0.062066108 0
vt 0.7816519 0.047337264 0
vt 0.7637309 0.062098056 0
vt 0.7900007 0.047359973 0
vt 0.77097833 0.062117785 0
vt 0.67929333 0.020407468 0
vt 0.6769416 0.031653196 0
vt 0.7110271 0.020510167 0
vt 0.70655113 0.03173372 0
vt 0.74030393 0.020606726 0
vt 0.73383945 0.03180787 0
vt 0.76599455 0.020692974 0
vt 0.7577579 0.0318729 0
vt 0.78710467 0.02076599 0
vt 0.77738726 0.031926244 0
vt 0.80281484 0.020822912 0
vt 0.79197323 0.03196594 0
vt 0.81251264 0.020861536 0
vt 0.80095506 0.03199032 0
vt 0.6141172 0.019670814 0
vt 0.61924815 0.015943676 0
vt 0.68352693 0.018051237 0
vt 0.5743077 0.019665688 0
vt 0.5837724 0.015913278 0
vt 0.71900237 0.0182136 0
vt 0.5374263 0.019670695 0
vt 0.5509544 0.015891403 0
vt 0.7518201 0.0183703 0
vt 0.50491714 0.019685656 0
vt 0.5220725 0.015879005 0
vt 0.78070164 0.018514842 0
vt 0.47807235 0.019710094 0
vt 0.4982639 0.0158768 0
vt 0.8045099 0.018642038 0
vt 0.45797467 0.019744128 0
vt 0.48047644 0.015885025 0
vt 0.8222971 0.018747002 0
vt 0.4454518 0.019786388 0
vt 0.46942914 0.01590386 0
vt 0.8333441 0.018825918 0
vt 0.59622574 0.087349266 0
vt 0.5972192 0.07507077 0
vt 0.5985226 0.06599316 0
vt 0.54210865 0.08719942 0
vt 0.5439986 0.07492611 0
vt 0.54644233 0.06585571 0
vt 0.4922245 0.08706346 0
vt 0.49495023 0.07479277 0
vt 0.49843735 0.06572941 0
vt 0.44849896 0.08694461 0
vt 0.451959 0.07467589 0
vt 0.4563533 0.06561914 0
vt 0.41261423 0.08684704 0
vt 0.416677 0.074579984 0
vt 0.42180908 0.0655292 0
vt 0.3859495 0.08677456 0
vt 0.39046 0.0745087 0
vt 0.39613456 0.06546286 0
vt 0.36952955 0.086729914 0
vt 0.3743158 0.07446483 0
vt 0.38031828 0.06542292 0
vt 0.59407455 0.105956405 0
vt 0.5946518 0.095152974 0
vt 0.5362395 0.12458056 0
vt 0.5391633 0.094991386 0
vt 0.4838037 0.124432504 0
vt 0.48798674 0.09485036 0
vt 0.4378233 0.124307156 0
vt 0.4431228 0.09472835 0
vt 0.40008652 0.124204576 0
vt 0.40630388 0.094628274 0
vt 0.37204552 0.12412834 0
vt 0.37894493 0.09455389 0
vt 0.9269594 0.59368885 0
vt 0.9227895 0.5499998 0
vt 0.8429212 0.59368885 0
vt 0.84079546 0.5499998 0
vt 0.36209738 0.09450811 0
vt 0.29367828 0.912064 0
vt 0.29337737 0.94287807 0
vt 0.29247794 0.97339904 0
vt 0.35233974 0.91206986 0
vt 0.3517237 0.9428907 0
vt 0.3499608 0.973416 0
vt 0.40633667 0.9120895 0
vt 0.4054914 0.9429037 0
vt 0.4029842 0.97342145 0
vt 0.45373046 0.9120926 0
vt 0.4526627 0.9429055 0
vt 0.44947988 0.97342217 0
vt 0.4355829 0.13568142 0
vt 0.43277228 0.15110347 0
vt 0.39429617 0.15099886 0
vt 0.39729252 0.13557729 0
vt 0.36570585 0.15092114 0
vt 0.36884013 0.13549998 0
vt 0.9294743 0.63824224 0
vt 0.93031794 0.6832279 0
vt 0.8446334 0.6832279 0
vt 0.8442033 0.63824224 0
vt 0.2925076 0.8507343 0
vt 0.29338577 0.8812508 0
vt 0.35005203 0.8507381 0
vt 0.35177457 0.8812545 0
vt 0.40299904 0.8507599 0
vt 0.40549982 0.8812764 0
vt 0.44947988 0.8507635 0
vt 0.4526627 0.88128024 0
vt 0.43374538 0.17489028 0
vt 0.43681097 0.20507711 0
vt 0.3990742 0.20497453 0
vt 0.395455 0.17478615 0
vt 0.3710332 0.2048983 0
vt 0.3670026 0.17470884 0
vt 0.92947423 0.72821355 0
vt 0.9269594 0.77276695 0
vt 0.8429212 0.77276695 0
vt 0.8442033 0.72821355 0
vt 0.28903437 0.79176193 0
vt 0.2910516 0.82080966 0
vt 0.3432391 0.7917655 0
vt 0.34719586 0.8208135 0
vt 0.39310813 0.79178756 0
vt 0.39885262 0.8208353 0
vt 0.43689108 0.7917914 0
vt 0.4442023 0.8208391 0
vt 0.44194955 0.23468423 0
vt 0.44910163 0.2617581 0
vt 0.41355437 0.2616614 0
vt 0.40513062 0.23458415 0
vt 0.38714033 0.26158965 0
vt 0.37777168 0.23450977 0
vt 0.9227895 0.81645596 0
vt 0.91701263 0.8588651 0
vt 0.8378504 0.8588651 0
vt 0.84079546 0.81645596 0
vt 0.2833772 0.7374163 0
vt 0.2864728 0.7638754 0
vt 0.33216056 0.73741955 0
vt 0.33821437 0.7638791 0
vt 0.37704414 0.73743886 0
vt 0.38581353 0.76390105 0
vt 0.4164481 0.73744196 0
vt 0.42760682 0.76390475 0
vt 0.45820808 0.28936052 0
vt 0.46917194 0.31555998 0
vt 0.43718028 0.31547302 0
vt 0.42427564 0.28926826 0
vt 0.41340822 0.31540835 0
vt 0.39906144 0.2891997 0
vt 0.9096768 0.89957863 0
vt 0.90086 0.93821365 0
vt 0.8296159 0.93821365 0
vt 0.83411056 0.89957863 0
vt 0.27568498 0.6898008 0
vt 0.27975768 0.7126506 0
vt 0.31718224 0.68980116 0
vt 0.325116 0.7126524 0
vt 0.3554157 0.689804 0
vt 0.36687523 0.71266335 0
vt 0.38893646 0.6898044 0
vt 0.40351373 0.71266526 0
vt 0.4818964 0.34009695 0
vt 0.49625057 0.36274356 0
vt 0.46904385 0.3626696 0
vt 0.45215428 0.34001613 0
vt 0.4488274 0.36261463 0
vt 0.4300539 0.33995605 0
vt 0.89064014 0.97438705 0
vt 0.43637818 0.36258078 0
vt 0.41644454 0.33991903 0
vt 0.82440585 0.97438705 0
vt 0.266419 0.65070933 0
vt 0.27122954 0.66908973 0
vt 0.2990249 0.65070933 0
vt 0.308461 0.66908973 0
vt 0.32907477 0.65070933 0
vt 0.34277377 0.66908973 0
vt 0.3554135 0.65070933 0
vt 0.37284914 0.66908973 0
vt 0.51210403 0.3832721 0
vt 0.529297 0.40149558 0
vt 0.5079208 0.40143752 0
vt 0.48769534 0.38320577 0
vt 0.49203682 0.4013943 0
vt 0.469558 0.38315642 0
vt 0.48225552 0.40136772 0
vt 0.4583891 0.38312608 0
vt 0.255867 0.6216591 0
vt 0.26128122 0.63485247 0
vt 0.27832624 0.6216591 0
vt 0.28894666 0.63485247 0
vt 0.2990249 0.6216591 0
vt 0.31444332 0.63485247 0
vt 0.31716743 0.6216591 0
vt 0.33679134 0.63485247 0
vt 0.5476702 0.4172268 0
vt 0.5670413 0.43032676 0
vt 0.5523171 0.43028677 0
vt 0.52953285 0.41717756 0
vt 0.541376 0.43025696 0
vt 0.5160556 0.41714084 0
vt 0.5346385 0.43023872 0
vt 0.50775635 0.4171183 0
vt 0.63869214 0.44808745 0
vt 0.6332117 0.44078124 0
vt 0.25022718 0.61126953 0
vt 0.6271335 0.44805604 0
vt 0.6163642 0.4407354 0
vt 0.26726356 0.61126953 0
vt 0.61648095 0.44802707 0
vt 0.6008374 0.4406932 0
vt 0.28296435 0.61126953 0
vt 0.6071439 0.44800168 0
vt 0.587228 0.4406562 0
vt 0.2967261 0.61126953 0
vt 0.5994813 0.44798088 0
vt 0.5760591 0.44062585 0
vt 0.5937874 0.44796538 0
vt 0.5677599 0.44060326 0
vt 0.59028107 0.44795585 0
vt 0.5626492 0.44058937 0
vt 0.64380425 0.4521991 0
vt 0.637172 0.4521811 0
vt 0.6310597 0.45216453 0
vt 0.62570214 0.45214993 0
vt 0.62130535 0.45213795 0
vt 0.6180383 0.45212913 0
vt 0.61602646 0.45212364 0
vt 0.6045954 0.037403375 0
vt 0.60909605 0.02673158 0
vt 0.5574778 0.03731665 0
vt 0.5653868 0.026695222 0
vt 0.51397693 0.037240475 0
vt 0.5249497 0.026669472 0
vt 0.475775 0.03717783 0
vt 0.48936063 0.026655465 0
vt 0.4443575 0.037131578 0
vt 0.4600212 0.026653558 0
vt 0.42095196 0.037103325 0
vt 0.43809986 0.026664883 0
vt 0.40648043 0.037094504 0
vt 0.42448354 0.026689023 0
vt 0.6010262 0.051963955 0
vt 0.5510493 0.051844686 0
vt 0.5049595 0.051736146 0
vt 0.46453226 0.051642686 0
vt 0.431328 0.05156806 0
vt 0.406631 0.051515132 0
vt 0.3913992 0.051485986 0
vt 0.6025637 0.09151225 0
vt 0.625402 0.095807165 0
vt 0.74941665 0.075323716 0
vt 0.72442347 0.08602078 0
vt 0.57798284 0.083689906 0
vt 0.7928122 0.04736758 0
vt 0.7734188 0.062124383 0
vt 0.8157956 0.020877698 0
vt 0.8039798 0.031998582 0
vt 0.441125 0.019820021 0
vt 0.46563908 0.01592257 0
vt 0.8371339 0.0188652 0
vt 0.36399478 0.086714864 0
vt 0.36887413 0.074450016 0
vt 0.37498325 0.06541019 0
vt 0.7558138 0.59368885 0
vt 0.75581384 0.5499998 0
vt 0.3564183 0.09449264 0
vt 0.75581384 0.6832279 0
vt 0.7558138 0.63824224 0
vt 0.7558138 0.77276695 0
vt 0.7558138 0.72821355 0
vt 0.75581384 0.8588651 0
vt 0.7558138 0.81645596 0
vt 0.7558138 0.93821365 0
vt 0.7558138 0.89957863 0
vt 0.43218428 0.36256936 0
vt 0.41185892 0.33990654 0
vt 0.7558138 0.97438705 0
vt 0.47896248 0.40135878 0
vt 0.4546275 0.38311586 0
vt 0.53237325 0.43023255 0
vt 0.5049637 0.4171107 0
vt 0.5609333 0.44058466 0
vt 0.40156034 0.037099194 0
vt 0.41980895 0.02671256 0
vt 0.38624838 0.0514792 0
vt 0.6242342 0.08742592 0
vt 0.6247593 0.07514563 0
vt 0.6233833 0.09523296 0
vt 0.6235183 0.10603908 0
vt 0.26270425 0.9733962 0
vt 0.26316237 0.94287604 0
vt 0.26331037 0.9120634 0
vt 0.26316237 0.8812508 0
vt 0.26272118 0.8507343 0
vt 0.2619896 0.82080966 0
vt 0.26097623 0.79176205 0
vt 0.25968927 0.7638754 0
vt 0.25812554 0.7374163 0
vt 0.2562817 0.7126506 0
vt 0.25421014 0.6898008 0
vt 0.2519632 0.66908973 0
vt 0.24954632 0.65070933 0
vt 0.24696502 0.63485247 0
vt 0.24424484 0.6216591 0
vt 0.24141139 0.61126953 0
vt 0.6419298 0.4408049 0
vt 0.6445493 0.44797832 0
vt 0.64673984 0.4517069 0
vt 0.6513631 0.093455404 0
vt 0.6536883 0.08582845 0
vt 0.6561645 0.07507023 0
vt 0.6585497 0.061812133 0
vt 0.66048694 0.04700783 0
vt 0.6616195 0.031611532 0
vt 0.662884 0.020354956 0
vt 0.6652177 0.017969877 0
vt 0.6375576 0.015961975 0
vt 0.6346421 0.01967737 0
vt 0.6254696 0.06606451 0
vt 0.6316541 0.026753455 0
vt 0.6289474 0.037449926 0
vt 0.6268758 0.05202636 0
vt 0.6247593 0.07514563 0
vt 0.6242342 0.08742592 0
vt 0.6233833 0.09523296 0
vt 0.6235183 0.10603908 0
vt 0.26270425 0.9733962 0
vt 0.26316237 0.94287604 0
vt 0.26331037 0.9120634 0
vt 0.26316237 0.8812508 0
vt 0.26272118 0.8507343 0
vt 0.2619896 0.82080966 0
vt 0.26097623 0.79176205 0
vt 0.25968927 0.7638754 0
vt 0.25812554 0.7374163 0
vt 0.2562817 0.7126506 0
vt 0.25421014 0.6898008 0
vt 0.2519632 0.66908973 0
vt 0.24954632 0.65070933 0
vt 0.24696502 0.63485247 0
vt 0.24424484 0.6216591 0
vt 0.24141139 0.61126953 0
vt 0.6419298 0.4408049 0
vt 0.6445493 0.44797832 0
vt 0.64673984 0.4517069 0
vt 0.6513631 0.093455404 0
vt 0.6536883 0.08582845 0
vt 0.6561645 0.07507023 0
vt 0.6585497 0.061812133 0
vt 0.66048694 0.04700783 0
vt 0.6616195 0.031611532 0
vt 0.662884 0.020354956 0
vt 0.6652177 0.017969877 0
vt 0.6375576 0.015961975 0
vt 0.6346421 0.01967737 0
vt 0.6254696 0.06606451 0
vt 0.6316541 0.026753455 0
vt 0.6289474 0.037449926 0
vt 0.6268758 0.05202636 0
vt 0.6498315 0.097398415 0
vt 0.649834 0.09651328 0
vt 0.6066353 0.09185166 0
vt 0.62778974 0.09633828 0
vt 0.6035784 0.09179561 0
vt 0.626036 0.09629727 0
vt 0.5794401 0.083938956 0
vt 0.6035418 0.091898024 0
vt 0.5608583 0.44109052 0
vt 0.5889863 0.4484897 0
vt 0.5890412 0.44820458 0
vt 0.6150646 0.45251405 0
vt 0.6277897 0.096338585 0
vt 0.6066353 0.09185185 0
vt 0.626036 0.09629723 0
vt 0.6035784 0.091795586 0
vt 0.6035418 0.09189811 0
vt 0.5794401 0.08393901 0
vt 0.58898604 0.44849074 0
vt 0.56085813 0.44109148 0
vt 0.6150646 0.4525145 0
vt 0.5890411 0.44820485 0
vt 0.6163765 0.4522556 0
vt 0.64048815 0.4521901 0
vt 0.6283809 0.45215723 0
vt 0.6196718 0.45213354 0
vt 0.6155455 0.4523191 0
vt 0.62957 0.4521531 0
vt 0.65488756 0.09783122 0
vt 0.66546047 0.09785998 0
vt 0.6730658 0.09788066 0
vt 0.6269407 0.096079275 0
vt 0.62571895 0.096052215 0
vt 0.6633452 0.09782199 0
vt 0.6269407 0.09607943 0
vt 0.62571895 0.0960522 0
vt 0.6564773 0.09359363 0
vt 0.66657114 0.093621105 0
vt 0.65778345 0.09783909 0
vt 0.6519917 0.09782335 0
vt 0.67587364 0.09364626 0
vt 0.66312116 0.09785363 0
vt 0.68402725 0.09366843 0
vt 0.6677997 0.09786633 0
vt 0.69071895 0.09368661 0
vt 0.67163926 0.09787676 0
vt 0.6956913 0.09370026 0
vt 0.67449236 0.097884566 0
vt 0.6066353 0.09185166 0
vt 0.6036109 0.09151706 0
vt 0.6260917 0.09582028 0
vt 0.62778974 0.09633828 0
vt 0.6035784 0.09179561 0
vt 0.6025637 0.09151225 0
vt 0.625402 0.095807165 0
vt 0.626036 0.09629727 0
vt 0.66130155 0.085849136 0
vt 0.676014 0.08588913 0
vt 0.66620123 0.07509753 0
vt 0.68559694 0.07515022 0
vt 0.689573 0.085926026 0
vt 0.7034721 0.07519886 0
vt 0.7014576 0.08595833 0
vt 0.71913975 0.07524142 0
vt 0.7112111 0.085984856 0
vt 0.7319979 0.075276405 0
vt 0.71845853 0.086004525 0
vt 0.7415524 0.07530233 0
vt 0.72292155 0.086016685 0
vt 0.6987532 0.093708485 0
vt 0.74743605 0.07531837 0
vt 0.6035418 0.091898024 0
vt 0.5794401 0.083938956 0
vt 0.57798284 0.083689906 0
vt 0.74941665 0.075323716 0
vt 0.72442347 0.08602078 0
vt 0.670913 0.06184575 0
vt 0.6948047 0.06191072 0
vt 0.67472905 0.047046572 0
vt 0.7022513 0.047121376 0
vt 0.71682334 0.06197056 0
vt 0.7276161 0.04719034 0
vt 0.7361229 0.062023014 0
vt 0.7498484 0.047250777 0
vt 0.75196165 0.062066108 0
vt 0.7680942 0.04730037 0
vt 0.7637309 0.062098056 0
vt 0.7816519 0.047337264 0
vt 0.77097833 0.062117785 0
vt 0.7900007 0.047359973 0
vt 0.7734188 0.062124383 0
vt 0.7928122 0.04736758 0
vt 0.6769416 0.031653196 0
vt 0.70655113 0.03173372 0
vt 0.67929333 0.020407468 0
vt 0.7110271 0.020510167 0
vt 0.73383945 0.03180787 0
vt 0.74030393 0.020606726 0
vt 0.7577579 0.0318729 0
vt 0.76599455 0.020692974 0
vt 0.77738726 0.031926244 0
vt 0.78710467 0.02076599 0
vt 0.79197323 0.03196594 0
vt 0.80281484 0.020822912 0
vt 0.80095506 0.03199032 0
vt 0.81251264 0.020861536 0
vt 0.8039798 0.031998582 0
vt 0.8157956 0.020877698 0
vt 0.68352693 0.018051237 0
vt 0.71900237 0.0182136 0
vt 0.6141172 0.019670814 0
vt 0.5743077 0.019665688 0
vt 0.5837724 0.015913278 0
vt 0.61924815 0.015943676 0
vt 0.7518201 0.0183703 0
vt 0.5374263 0.019670695 0
vt 0.5509544 0.015891403 0
vt 0.78070164 0.018514842 0
vt 0.50491714 0.019685656 0
vt 0.5220725 0.015879005 0
vt 0.8045099 0.018642038 0
vt 0.47807235 0.019710094 0
vt 0.4982639 0.0158768 0
vt 0.8222971 0.018747002 0
vt 0.45797467 0.019744128 0
vt 0.48047644 0.015885025 0
vt 0.8333441 0.018825918 0
vt 0.4454518 0.019786388 0
vt 0.46942914 0.01590386 0
vt 0.8371339 0.0188652 0
vt 0.441125 0.019820021 0
vt 0.46563908 0.01592257 0
vt 0.5985226 0.06599316 0
vt 0.5972192 0.07507077 0
vt 0.5439986 0.07492611 0
vt 0.54644233 0.06585571 0
vt 0.59622574 0.087349266 0
vt 0.54210865 0.08719942 0
vt 0.49495023 0.07479277 0
vt 0.49843735 0.06572941 0
vt 0.4922245 0.08706346 0
vt 0.451959 0.07467589 0
vt 0.4563533 0.06561914 0
vt 0.44849896 0.08694461 0
vt 0.416677 0.074579984 0
vt 0.42180908 0.0655292 0
vt 0.41261423 0.08684704 0
vt 0.39046 0.0745087 0
vt 0.39613456 0.06546286 0
vt 0.3859495 0.08677456 0
vt 0.3743158 0.07446483 0
vt 0.38031828 0.06542292 0
vt 0.36952955 0.086729914 0
vt 0.36887413 0.074450016 0
vt 0.37498325 0.06541019 0
vt 0.36399478 0.086714864 0
vt 0.5946518 0.095152974 0
vt 0.5391633 0.094991386 0
vt 0.59407455 0.105956405 0
vt 0.5362395 0.12458056 0
vt 0.48798674 0.09485036 0
vt 0.4838037 0.124432504 0
vt 0.4431228 0.09472835 0
vt 0.4378233 0.124307156 0
vt 0.40630388 0.094628274 0
vt 0.40008652 0.124204576 0
vt 0.37894493 0.09455389 0
vt 0.37204552 0.12412834 0
vt 0.36209738 0.09450811 0
vt 0.9269594 0.59368885 0
vt 0.8429212 0.59368885 0
vt 0.84079546 0.5499998 0
vt 0.9227895 0.5499998 0
vt 0.3564183 0.09449264 0
vt 0.7558138 0.59368885 0
vt 0.75581384 0.5499998 0
vt 0.29247794 0.97339904 0
vt 0.29337737 0.94287807 0
vt 0.3517237 0.9428907 0
vt 0.3499608 0.973416 0
vt 0.29367828 0.912064 0
vt 0.35233974 0.91206986 0
vt 0.4054914 0.9429037 0
vt 0.4029842 0.97342145 0
vt 0.40633667 0.9120895 0
vt 0.4526627 0.9429055 0
vt 0.44947988 0.97342217 0
vt 0.45373046 0.9120926 0
vt 0.4355829 0.13568142 0
vt 0.39729252 0.13557729 0
vt 0.43277228 0.15110347 0
vt 0.39429617 0.15099886 0
vt 0.36884013 0.13549998 0
vt 0.36570585 0.15092114 0
vt 0.9294743 0.63824224 0
vt 0.8442033 0.63824224 0
vt 0.93031794 0.6832279 0
vt 0.8446334 0.6832279 0
vt 0.7558138 0.63824224 0
vt 0.75581384 0.6832279 0
vt 0.29338577 0.8812508 0
vt 0.35177457 0.8812545 0
vt 0.2925076 0.8507343 0
vt 0.35005203 0.8507381 0
vt 0.40549982 0.8812764 0
vt 0.40299904 0.8507599 0
vt 0.4526627 0.88128024 0
vt 0.44947988 0.8507635 0
vt 0.43374538 0.17489028 0
vt 0.395455 0.17478615 0
vt 0.43681097 0.20507711 0
vt 0.3990742 0.20497453 0
vt 0.3670026 0.17470884 0
vt 0.3710332 0.2048983 0
vt 0.92947423 0.72821355 0
vt 0.8442033 0.72821355 0
vt 0.9269594 0.77276695 0
vt 0.8429212 0.77276695 0
vt 0.7558138 0.72821355 0
vt 0.7558138 0.77276695 0
vt 0.2910516 0.82080966 0
vt 0.34719586 0.8208135 0
vt 0.28903437 0.79176193 0
vt 0.3432391 0.7917655 0
vt 0.39885262 0.8208353 0
vt 0.39310813 0.79178756 0
vt 0.4442023 0.8208391 0
vt 0.43689108 0.7917914 0
vt 0.44194955 0.23468423 0
vt 0.40513062 0.23458415 0
vt 0.44910163 0.2617581 0
vt 0.41355437 0.2616614 0
vt 0.37777168 0.23450977 0
vt 0.38714033 0.26158965 0
vt 0.9227895 0.81645596 0
vt 0.84079546 0.81645596 0
vt 0.91701263 0.8588651 0
vt 0.8378504 0.8588651 0
vt 0.7558138 0.81645596 0
vt 0.75581384 0.8588651 0
vt 0.2864728 0.7638754 0
vt 0.33821437 0.7638791 0
vt 0.2833772 0.7374163 0
vt 0.33216056 0.73741955 0
vt 0.38581353 0.76390105 0
vt 0.37704414 0.73743886 0
vt 0.42760682 0.76390475 0
vt 0.4164481 0.73744196 0
vt 0.45820808 0.28936052 0
vt 0.42427564 0.28926826 0
vt 0.46917194 0.31555998 0
vt 0.43718028 0.31547302 0
vt 0.39906144 0.2891997 0
vt 0.41340822 0.31540835 0
vt 0.9096768 0.89957863 0
vt 0.83411056 0.89957863 0
vt 0.90086 0.93821365 0
vt 0.8296159 0.93821365 0
vt 0.7558138 0.89957863 0
vt 0.7558138 0.93821365 0
vt 0.27975768 0.7126506 0
vt 0.325116 0.7126524 0
vt 0.27568498 0.6898008 0
vt 0.31718224 0.68980116 0
vt 0.36687523 0.71266335 0
vt 0.3554157 0.689804 0
vt 0.40351373 0.71266526 0
vt 0.38893646 0.6898044 0
vt 0.4818964 0.34009695 0
vt 0.45215428 0.34001613 0
vt 0.49625057 0.36274356 0
vt 0.46904385 0.3626696 0
vt 0.4300539 0.33995605 0
vt 0.4488274 0.36261463 0
vt 0.89064014 0.97438705 0
vt 0.82440585 0.97438705 0
vt 0.43637818 0.36258078 0
vt 0.41644454 0.33991903 0
vt 0.7558138 0.97438705 0
vt 0.43218428 0.36256936 0
vt 0.41185892 0.33990654 0
vt 0.27122954 0.66908973 0
vt 0.308461 0.66908973 0
vt 0.266419 0.65070933 0
vt 0.2990249 0.65070933 0
vt 0.34277377 0.66908973 0
vt 0.32907477 0.65070933 0
vt 0.37284914 0.66908973 0
vt 0.3554135 0.65070933 0
vt 0.51210403 0.3832721 0
vt 0.48769534 0.38320577 0
vt 0.529297 0.40149558 0
vt 0.5079208 0.40143752 0
vt 0.469558 0.38315642 0
vt 0.49203682 0.4013943 0
vt 0.4583891 0.38312608 0
vt 0.48225552 0.40136772 0
vt 0.4546275 0.38311586 0
vt 0.47896248 0.40135878 0
vt 0.26128122 0.63485247 0
vt 0.28894666 0.63485247 0
vt 0.255867 0.6216591 0
vt 0.27832624 0.6216591 0
vt 0.31444332 0.63485247 0
vt 0.2990249 0.6216591 0
vt 0.33679134 0.63485247 0
vt 0.31716743 0.6216591 0
vt 0.5476702 0.4172268 0
vt 0.52953285 0.41717756 0
vt 0.5670413 0.43032676 0
vt 0.5523171 0.43028677 0
vt 0.5160556 0.41714084 0
vt 0.541376 0.43025696 0
vt 0.50775635 0.4171183 0
vt 0.5346385 0.43023872 0
vt 0.5049637 0.4171107 0
vt 0.53237325 0.43023255 0
vt 0.25022718 0.61126953 0
vt 0.26726356 0.61126953 0
vt 0.63869214 0.44808745 0
vt 0.6271335 0.44805604 0
vt 0.6163642 0.4407354 0
vt 0.6332117 0.44078124 0
vt 0.28296435 0.61126953 0
vt 0.61648095 0.44802707 0
vt 0.6008374 0.4406932 0
vt 0.2967261 0.61126953 0
vt 0.6071439 0.44800168 0
vt 0.587228 0.4406562 0
vt 0.5760591 0.44062585 0
vt 0.5994813 0.44798088 0
vt 0.5677599 0.44060326 0
vt 0.5937874 0.44796538 0
vt 0.5626492 0.44058937 0
vt 0.59028107 0.44795585 0
vt 0.5609333 0.44058466 0
vt 0.5889863 0.4484897 0
vt 0.5608583 0.44109052 0
vt 0.6445493 0.44797832 0
vt 0.64673984 0.4517069 0
vt 0.64380425 0.4521991 0
vt 0.637172 0.4521811 0
vt 0.6310597 0.45216453 0
vt 0.62570214 0.45214993 0
vt 0.62130535 0.45213795 0
vt 0.6180383 0.45212913 0
vt 0.61602646 0.45212364 0
vt 0.60909605 0.02673158 0
vt 0.5653868 0.026695222 0
vt 0.6045954 0.037403375 0
vt 0.5574778 0.03731665 0
vt 0.5249497 0.026669472 0
vt 0.51397693 0.037240475 0
vt 0.48936063 0.026655465 0
vt 0.475775 0.03717783 0
vt 0.4600212 0.026653558 0
vt 0.4443575 0.037131578 0
vt 0.43809986 0.026664883 0
vt 0.42095196 0.037103325 0
vt 0.42448354 0.026689023 0
vt 0.40648043 0.037094504 0
vt 0.41980895 0.02671256 0
vt 0.40156034 0.037099194 0
vt 0.6010262 0.051963955 0
vt 0.5510493 0.051844686 0
vt 0.5049595 0.051736146 0
vt 0.46453226 0.051642686 0
vt 0.431328 0.05156806 0
vt 0.406631 0.051515132 0
vt 0.3913992 0.051485986 0
vt 0.38624838 0.0514792 0
vt 0.6150646 0.45251405 0
vt 0.5890412 0.44820458 0
vt 0.6564773 0.09359363 0
vt 0.6519917 0.09782335 0
vt 0.65778345 0.09783909 0
vt 0.66657114 0.093621105 0
vt 0.66312116 0.09785363 0
vt 0.67587364 0.09364626 0
vt 0.6677997 0.09786633 0
vt 0.68402725 0.09366843 0
vt 0.67163926 0.09787676 0
vt 0.69071895 0.09368661 0
vt 0.67449236 0.097884566 0
vt 0.6956913 0.09370026 0
vt 0.6066353 0.09185185 0
vt 0.6277897 0.096338585 0
vt 0.6260917 0.09582028 0
vt 0.6036109 0.09151706 0
vt 0.6035784 0.091795586 0
vt 0.626036 0.09629723 0
vt 0.625402 0.095807165 0
vt 0.6025637 0.09151225 0
vt 0.676014 0.08588913 0
vt 0.66130155 0.085849136 0
vt 0.66620123 0.07509753 0
vt 0.68559694 0.07515022 0
vt 0.689573 0.085926026 0
vt 0.7034721 0.07519886 0
vt 0.7014576 0.08595833 0
vt 0.71913975 0.07524142 0
vt 0.7112111 0.085984856 0
vt 0.7319979 0.075276405 0
vt 0.71845853 0.086004525 0
vt 0.7415524 0.07530233 0
vt 0.6987532 0.093708485 0
vt 0.72292155 0.086016685 0
vt 0.74743605 0.07531837 0
vt 0.6035418 0.09189811 0
vt 0.57798284 0.083689906 0
vt 0.5794401 0.08393901 0
vt 0.72442347 0.08602078 0
vt 0.74941665 0.075323716 0
vt 0.6948047 0.06191072 0
vt 0.670913 0.06184575 0
vt 0.67472905 0.047046572 0
vt 0.7022513 0.047121376 0
vt 0.71682334 0.06197056 0
vt 0.7276161 0.04719034 0
vt 0.7361229 0.062023014 0
vt 0.7498484 0.047250777 0
vt 0.75196165 0.062066108 0
vt 0.7680942 0.04730037 0
vt 0.7637309 0.062098056 0
vt 0.7816519 0.047337264 0
vt 0.77097833 0.062117785 0
vt 0.7900007 0.047359973 0
vt 0.7734188 0.062124383 0
vt 0.7928122 0.04736758 0
vt 0.70655113 0.03173372 0
vt 0.6769416 0.031653196 0
vt 0.67929333 0.020407468 0
vt 0.7110271 0.020510167 0
vt 0.73383945 0.03180787 0
vt 0.74030393 0.020606726 0
vt 0.7577579 0.0318729 0
vt 0.76599455 0.020692974 0
vt 0.77738726 0.031926244 0
vt 0.78710467 0.02076599 0
vt 0.79197323 0.03196594 0
vt 0.80281484 0.020822912 0
vt 0.80095506 0.03199032 0
vt 0.81251264 0.020861536 0
vt 0.8039798 0.031998582 0
vt 0.8157956 0.020877698 0
vt 0.71900237 0.0182136 0
vt 0.68352693 0.018051237 0
vt 0.6141172 0.019670814 0
vt 0.61924815 0.015943676 0
vt 0.5837724 0.015913278 0
vt 0.5743077 0.019665688 0
vt 0.7518201 0.0183703 0
vt 0.5509544 0.015891403 0
vt 0.5374263 0.019670695 0
vt 0.78070164 0.018514842 0
vt 0.5220725 0.015879005 0
vt 0.50491714 0.019685656 0
vt 0.8045099 0.018642038 0
vt 0.4982639 0.0158768 0
vt 0.47807235 0.019710094 0
vt 0.8222971 0.018747002 0
vt 0.48047644 0.015885025 0
vt 0.45797467 0.019744128 0
vt 0.8333441 0.018825918 0
vt 0.46942914 0.01590386 0
vt 0.4454518 0.019786388 0
vt 0.8371339 0.0188652 0
vt 0.46563908 0.01592257 0
vt 0.441125 0.019820021 0
vt 0.5985226 0.06599316 0
vt 0.54644233 0.06585571 0
vt 0.5439986 0.07492611 0
vt 0.5972192 0.07507077 0
vt 0.59622574 0.087349266 0
vt 0.54210865 0.08719942 0
vt 0.49843735 0.06572941 0
vt 0.49495023 0.07479277 0
vt 0.4922245 0.08706346 0
vt 0.4563533 0.06561914 0
vt 0.451959 0.07467589 0
vt 0.44849896 0.08694461 0
vt 0.42180908 0.0655292 0
vt 0.416677 0.074579984 0
vt 0.41261423 0.08684704 0
vt 0.39613456 0.06546286 0
vt 0.39046 0.0745087 0
vt 0.3859495 0.08677456 0
vt 0.38031828 0.06542292 0
vt 0.3743158 0.07446483 0
vt 0.36952955 0.086729914 0
vt 0.37498325 0.06541019 0
vt 0.36887413 0.074450016 0
vt 0.36399478 0.086714864 0
vt 0.5391633 0.094991386 0
vt 0.5946518 0.095152974 0
vt 0.59407455 0.105956405 0
vt 0.5362395 0.12458056 0
vt 0.48798674 0.09485036 0
vt 0.4838037 0.124432504 0
vt 0.4431228 0.09472835 0
vt 0.4378233 0.124307156 0
vt 0.40630388 0.094628274 0
vt 0.40008652 0.124204576 0
vt 0.37894493 0.09455389 0
vt 0.37204552 0.12412834 0
vt 0.36209738 0.09450811 0
vt 0.9269594 0.59368885 0
vt 0.9227895 0.5499998 0
vt 0.84079546 0.5499998 0
vt 0.8429212 0.59368885 0
vt 0.3564183 0.09449264 0
vt 0.75581384 0.5499998 0
vt 0.7558138 0.59368885 0
vt 0.29247794 0.97339904 0
vt 0.3499608 0.973416 0
vt 0.3517237 0.9428907 0
vt 0.29337737 0.94287807 0
vt 0.29367828 0.912064 0
vt 0.35233974 0.91206986 0
vt 0.4029842 0.97342145 0
vt 0.4054914 0.9429037 0
vt 0.40633667 0.9120895 0
vt 0.44947988 0.97342217 0
vt 0.4526627 0.9429055 0
vt 0.45373046 0.9120926 0
vt 0.39729252 0.13557729 0
vt 0.4355829 0.13568142 0
vt 0.43277228 0.15110347 0
vt 0.39429617 0.15099886 0
vt 0.36884013 0.13549998 0
vt 0.36570585 0.15092114 0
vt 0.8442033 0.63824224 0
vt 0.9294743 0.63824224 0
vt 0.93031794 0.6832279 0
vt 0.8446334 0.6832279 0
vt 0.7558138 0.63824224 0
vt 0.75581384 0.6832279 0
vt 0.35177457 0.8812545 0
vt 0.29338577 0.8812508 0
vt 0.2925076 0.8507343 0
vt 0.35005203 0.8507381 0
vt 0.40549982 0.8812764 0
vt 0.40299904 0.8507599 0
vt 0.4526627 0.88128024 0
vt 0.44947988 0.8507635 0
vt 0.395455 0.17478615 0
vt 0.43374538 0.17489028 0
vt 0.43681097 0.20507711 0
vt 0.3990742 0.20497453 0
vt 0.3670026 0.17470884 0
vt 0.3710332 0.2048983 0
vt 0.8442033 0.72821355 0
vt 0.92947423 0.72821355 0
vt 0.9269594 0.77276695 0
vt 0.8429212 0.77276695 0
vt 0.7558138 0.72821355 0
vt 0.7558138 0.77276695 0
vt 0.34719586 0.8208135 0
vt 0.2910516 0.82080966 0
vt 0.28903437 0.79176193 0
vt 0.3432391 0.7917655 0
vt 0.39885262 0.8208353 0
vt 0.39310813 0.79178756 0
vt 0.4442023 0.8208391 0
vt 0.43689108 0.7917914 0
vt 0.40513062 0.23458415 0
vt 0.44194955 0.23468423 0
vt 0.44910163 0.2617581 0
vt 0.41355437 0.2616614 0
vt 0.37777168 0.23450977 0
vt 0.38714033 0.26158965 0
vt 0.84079546 0.81645596 0
vt 0.9227895 0.81645596 0
vt 0.91701263 0.8588651 0
vt 0.8378504 0.8588651 0
vt 0.7558138 0.81645596 0
vt 0.75581384 0.8588651 0
vt 0.33821437 0.7638791 0
vt 0.2864728 0.7638754 0
vt 0.2833772 0.7374163 0
vt 0.33216056 0.73741955 0
vt 0.38581353 0.76390105 0
vt 0.37704414 0.73743886 0
vt 0.42760682 0.76390475 0
vt 0.4164481 0.73744196 0
vt 0.42427564 0.28926826 0
vt 0.45820808 0.28936052 0
vt 0.46917194 0.31555998 0
vt 0.43718028 0.31547302 0
vt 0.39906144 0.2891997 0
vt 0.41340822 0.31540835 0
vt 0.83411056 0.89957863 0
vt 0.9096768 0.89957863 0
vt 0.90086 0.93821365 0
vt 0.8296159 0.93821365 0
vt 0.7558138 0.89957863 0
vt 0.7558138 0.93821365 0
vt 0.325116 0.7126524 0
vt 0.27975768 0.7126506 0
vt 0.27568498 0.6898008 0
vt 0.31718224 0.68980116 0
vt 0.36687523 0.71266335 0
vt 0.3554157 0.689804 0
vt 0.40351373 0.71266526 0
vt 0.38893646 0.6898044 0
vt 0.45215428 0.34001613 0
vt 0.4818964 0.34009695 0
vt 0.49625057 0.36274356 0
vt 0.46904385 0.3626696 0
vt 0.4300539 0.33995605 0
vt 0.4488274 0.36261463 0
vt 0.82440585 0.97438705 0
vt 0.89064014 0.97438705 0
vt 0.41644454 0.33991903 0
vt 0.43637818 0.36258078 0
vt 0.7558138 0.97438705 0
vt 0.41185892 0.33990654 0
vt 0.43218428 0.36256936 0
vt 0.308461 0.66908973 0
vt 0.27122954 0.66908973 0
vt 0.266419 0.65070933 0
vt 0.2990249 0.65070933 0
vt 0.34277377 0.66908973 0
vt 0.32907477 0.65070933 0
vt 0.37284914 0.66908973 0
vt 0.3554135 0.65070933 0
vt 0.48769534 0.38320577 0
vt 0.51210403 0.3832721 0
vt 0.529297 0.40149558 0
vt 0.5079208 0.40143752 0
vt 0.469558 0.38315642 0
vt 0.49203682 0.4013943 0
vt 0.4583891 0.38312608 0
vt 0.48225552 0.40136772 0
vt 0.4546275 0.38311586 0
vt 0.47896248 0.40135878 0
vt 0.28894666 0.63485247 0
vt 0.26128122 0.63485247 0
vt 0.255867 0.6216591 0
vt 0.27832624 0.6216591 0
vt 0.31444332 0.63485247 0
vt 0.2990249 0.6216591 0
vt 0.33679134 0.63485247 0
vt 0.31716743 0.6216591 0
vt 0.52953285 0.41717756 0
vt 0.5476702 0.4172268 0
vt 0.5670413 0.43032676 0
vt 0.5523171 0.43028677 0
vt 0.5160556 0.41714084 0
vt 0.541376 0.43025696 0
vt 0.50775635 0.4171183 0
vt 0.5346385 0.43023872 0
vt 0.5049637 0.4171107 0
vt 0.53237325 0.43023255 0
vt 0.26726356 0.61126953 0
vt 0.25022718 0.61126953 0
vt 0.63869214 0.44808745 0
vt 0.6332117 0.44078124 0
vt 0.6163642 0.4407354 0
vt 0.6271335 0.44805604 0
vt 0.28296435 0.61126953 0
vt 0.6008374 0.4406932 0
vt 0.61648095 0.44802707 0
vt 0.2967261 0.61126953 0
vt 0.587228 0.4406562 0
vt 0.6071439 0.44800168 0
vt 0.5760591 0.44062585 0
vt 0.5994813 0.44798088 0
vt 0.5677599 0.44060326 0
vt 0.5937874 0.44796538 0
vt 0.5626492 0.44058937 0
vt 0.59028107 0.44795585 0
vt 0.5609333 0.44058466 0
vt 0.56085813 0.44109148 0
vt 0.58898604 0.44849074 0
vt 0.64380425 0.4521991 0
vt 0.64673984 0.4517069 0
vt 0.6445493 0.44797832 0
vt 0.637172 0.4521811 0
vt 0.6310597 0.45216453 0
vt 0.62570214 0.45214993 0
vt 0.62130535 0.45213795 0
vt 0.6180383 0.45212913 0
vt 0.61602646 0.45212364 0
vt 0.5653868 0.026695222 0
vt 0.60909605 0.02673158 0
vt 0.6045954 0.037403375 0
vt 0.5574778 0.03731665 0
vt 0.5249497 0.026669472 0
vt 0.51397693 0.037240475 0
vt 0.48936063 0.026655465 0
vt 0.475775 0.03717783 0
vt 0.4600212 0.026653558 0
vt 0.4443575 0.037131578 0
vt 0.43809986 0.026664883 0
vt 0.42095196 0.037103325 0
vt 0.42448354 0.026689023 0
vt 0.40648043 0.037094504 0
vt 0.41980895 0.02671256 0
vt 0.40156034 0.037099194 0
vt 0.5510493 0.051844686 0
vt 0.6010262 0.051963955 0
vt 0.5049595 0.051736146 0
vt 0.46453226 0.051642686 0
vt 0.431328 0.05156806 0
vt 0.406631 0.051515132 0
vt 0.3913992 0.051485986 0
vt 0.38624838 0.0514792 0
vt 0.6150646 0.4525145 0
vt 0.5890411 0.44820485 0
vt 0.6242342 0.08742592 0
vt 0.6233833 0.09523296 0
vt 0.26270425 0.9733962 0
vt 0.26316237 0.94287604 0
vt 0.26331037 0.9120634 0
vt 0.26316237 0.8812508 0
vt 0.26272118 0.8507343 0
vt 0.2619896 0.82080966 0
vt 0.26097623 0.79176205 0
vt 0.25968927 0.7638754 0
vt 0.25812554 0.7374163 0
vt 0.2562817 0.7126506 0
vt 0.25421014 0.6898008 0
vt 0.2519632 0.66908973 0
vt 0.24954632 0.65070933 0
vt 0.24696502 0.63485247 0
vt 0.24424484 0.6216591 0
vt 0.24141139 0.61126953 0
vt 0.6242342 0.08742592 0
vt 0.6247593 0.07514563 0
vt 0.6235183 0.10603908 0
vt 0.6233833 0.09523296 0
vt 0.26331037 0.9120634 0
vt 0.26316237 0.94287604 0
vt 0.26272118 0.8507343 0
vt 0.26316237 0.8812508 0
vt 0.26097623 0.79176205 0
vt 0.2619896 0.82080966 0
vt 0.25812554 0.7374163 0
vt 0.25968927 0.7638754 0
vt 0.25421014 0.6898008 0
vt 0.2562817 0.7126506 0
vt 0.24954632 0.65070933 0
vt 0.2519632 0.66908973 0
vt 0.24424484 0.6216591 0
vt 0.24696502 0.63485247 0
vt 0.6419298 0.4408049 0
vt 0.6513631 0.093455404 0
vt 0.6498315 0.097398415 0
vt 0.6536883 0.08582845 0
vt 0.6561645 0.07507023 0
vt 0.6585497 0.061812133 0
vt 0.66048694 0.04700783 0
vt 0.6616195 0.031611532 0
vt 0.662884 0.020354956 0
vt 0.6652177 0.017969877 0
vt 0.6346421 0.01967737 0
vt 0.6375576 0.015961975 0
vt 0.6254696 0.06606451 0
vt 0.6316541 0.026753455 0
vt 0.6289474 0.037449926 0
vt 0.6268758 0.05202636 0
vt 0.6247593 0.07514563 0
vt 0.6235183 0.10603908 0
vt 0.6419298 0.4408049 0
vt 0.649834 0.09651328 0
vt 0.6513631 0.093455404 0
vt 0.6536883 0.08582845 0
vt 0.6561645 0.07507023 0
vt 0.6585497 0.061812133 0
vt 0.66048694 0.04700783 0
vt 0.6616195 0.031611532 0
vt 0.662884 0.020354956 0
vt 0.6652177 0.017969877 0
vt 0.6375576 0.015961975 0
vt 0.6346421 0.01967737 0
vt 0.6254696 0.06606451 0
vt 0.6316541 0.026753455 0
vt 0.6289474 0.037449926 0
vt 0.6268758 0.05202636 0
vt 0.26270425 0.9733962 0
vt 0.24141139 0.61126953 0
vt 0.62957 0.4521531 0
vt 0.6163765 0.4522556 0
vt 0.64048815 0.4521901 0
vt 0.6283809 0.45215723 0
vt 0.6196718 0.45213354 0
vt 0.6155455 0.4523191 0
vt 0.65488756 0.09783122 0
vt 0.66546047 0.09785998 0
vt 0.6730658 0.09788066 0
vt 0.6269407 0.096079275 0
vt 0.62571895 0.096052215 0
vt 0.6633452 0.09782199 0
vt 0.6269407 0.09607943 0
vt 0.62571895 0.0960522 0
vt 0.03125 0.9375 0
vt 0.0625 0.9375 0
vt 0.09375 0.9375 0
vt 0.125 0.9375 0
vt 0.15625 0.9375 0
vt 0.1875 0.9375 0
vt 0.21874999 0.9375 0
vt 0.24999999 0.9375 0
vt 0.28124997 0.9375 0
vt 0.31249997 0.9375 0
vt 0.34374997 0.9375 0
vt 0.375 0.9375 0
vt 0.40625 0.9375 0
vt 0.4375 0.9375 0
vt 0.46875003 0.9375 0
vt 0.03125 0.875 0
vt 0.0625 0.875 0
vt 0.09375 0.875 0
vt 0.125 0.875 0
vt 0.15625 0.875 0
vt 0.1875 0.875 0
vt 0.21874999 0.875 0
vt 0.24999999 0.875 0
vt 0.28124997 0.875 0
vt 0.31249997 0.875 0
vt 0.34374997 0.875 0
vt 0.375 0.875 0
vt 0.40625 0.875 0
vt 0.4375 0.875 0
vt 0.46875003 0.875 0
vt 0.03125 0.8125 0
vt 0.0625 0.8125 0
vt 0.09375 0.8125 0
vt 0.125 0.8125 0
vt 0.15625 0.8125 0
vt 0.1875 0.8125 0
vt 0.21874999 0.8125 0
vt 0.24999999 0.8125 0
vt 0.28124997 0.8125 0
vt 0.31249997 0.8125 0
vt 0.34374997 0.8125 0
vt 0.375 0.8125 0
vt 0.40625 0.8125 0
vt 0.4375 0.8125 0
vt 0.46875003 0.8125 0
vt 0.03125 0.75 0
vt 0.0625 0.75 0
vt 0.09375 0.75 0
vt 0.125 0.75 0
vt 0.15625 0.75 0
vt 0.1875 0.75 0
vt 0.21874999 0.75 0
vt 0.24999999 0.75 0
vt 0.28124997 0.75 0
vt 0.31249997 0.75 0
vt 0.34374997 0.75 0
vt 0.375 0.75 0
vt 0.40625 0.75 0
vt 0.4375 0.75 0
vt 0.46875003 0.75 0
vt 0.03125 0.6875 0
vt 0.0625 0.6875 0
vt 0.09375 0.6875 0
vt 0.125 0.6875 0
vt 0.15625 0.6875 0
vt 0.1875 0.6875 0
vt 0.21874999 0.6875 0
vt 0.24999999 0.6875 0
vt 0.28124997 0.6875 0
vt 0.31249997 0.6875 0
vt 0.34374997 0.6875 0
vt 0.375 0.6875 0
vt 0.40625 0.6875 0
vt 0.4375 0.6875 0
vt 0.46875003 0.6875 0
vt 0.03125 0.625 0
vt 0.0625 0.625 0
vt 0.09375 0.625 0
vt 0.125 0.625 0
vt 0.15625 0.625 0
vt 0.1875 0.625 0
vt 0.21874999 0.625 0
vt 0.24999999 0.625 0
vt 0.28124997 0.625 0
vt 0.31249997 0.625 0
vt 0.34374997 0.625 0
vt 0.375 0.625 0
vt 0.40625 0.625 0
vt 0.4375 0.625 0
vt 0.46875003 0.625 0
vt 0.03125 0.5625 0
vt 0.0625 0.5625 0
vt 0.09375 0.5625 0
vt 0.125 0.5625 0
vt 0.15625 0.5625 0
vt 0.1875 0.5625 0
vt 0.21874999 0.5625 0
vt 0.24999999 0.5625 0
vt 0.28124997 0.5625 0
vt 0.31249997 0.5625 0
vt 0.34374997 0.5625 0
vt 0.375 0.5625 0
vt 0.40625 0.5625 0
vt 0.4375 0.5625 0
vt 0.46875003 0.5625 0
vt 0.03125 0.5 0
vt 0.0625 0.5 0
vt 0.09375 0.5 0
vt 0.125 0.5 0
vt 0.15625 0.5 0
vt 0.1875 0.5 0
vt 0.21874999 0.5 0
vt 0.24999999 0.5 0
vt 0.28124997 0.5 0
vt 0.31249997 0.5 0
vt 0.34374997 0.5 0
vt 0.375 0.5 0
vt 0.40625 0.5 0
vt 0.4375 0.5 0
vt 0.46875003 0.5 0
vt 0.03125 0.43750006 0
vt 0.0625 0.43750006 0
vt 0.09375 0.43750006 0
vt 0.125 0.43750006 0
vt 0.15625 0.43750006 0
vt 0.1875 0.43750006 0
vt 0.21874999 0.43750006 0
vt 0.24999999 0.43750006 0
vt 0.28124997 0.43750006 0
vt 0.31249997 0.43750006 0
vt 0.34374997 0.43750006 0
vt 0.375 0.43750006 0
vt 0.40625 0.43750006 0
vt 0.4375 0.43750006 0
vt 0.46875003 0.43750006 0
vt 0.03125 0.37500006 0
vt 0.0625 0.37500006 0
vt 0.09375 0.37500006 0
vt 0.125 0.37500006 0
vt 0.15625 0.37500006 0
vt 0.1875 0.37500006 0
vt 0.21874999 0.37500006 0
vt 0.24999999 0.37500006 0
vt 0.28124997 0.37500006 0
vt 0.31249997 0.37500006 0
vt 0.34374997 0.37500006 0
vt 0.375 0.37500006 0
vt 0.40625 0.37500006 0
vt 0.4375 0.37500006 0
vt 0.46875003 0.37500006 0
vt 0.03125 0.31250006 0
vt 0.0625 0.31250006 0
vt 0.09375 0.31250006 0
vt 0.125 0.31250006 0
vt 0.15625 0.31250006 0
vt 0.1875 0.31250006 0
vt 0.21874999 0.31250006 0
vt 0.24999999 0.31250006 0
vt 0.28124997 0.31250006 0
vt 0.31249997 0.31250006 0
vt 0.34374997 0.31250006 0
vt 0.375 0.31250006 0
vt 0.40625 0.31250006 0
vt 0.4375 0.31250006 0
vt 0.46875003 0.31250006 0
vt 0.03125 0.25 0
vt 0.0625 0.25 0
vt 0.09375 0.25 0
vt 0.125 0.25 0
vt 0.15625 0.25 0
vt 0.1875 0.25 0
vt 0.21874999 0.25 0
vt 0.24999999 0.25 0
vt 0.28124997 0.25 0
vt 0.31249997 0.25 0
vt 0.34374997 0.25 0
vt 0.375 0.25 0
vt 0.40625 0.25 0
vt 0.4375 0.25 0
vt 0.46875003 0.25 0
vt 0.03125 0.1875 0
vt 0.0625 0.1875 0
vt 0.09375 0.1875 0
vt 0.125 0.1875 0
vt 0.15625 0.1875 0
vt 0.1875 0.1875 0
vt 0.21874999 0.1875 0
vt 0.24999999 0.1875 0
vt 0.28124997 0.1875 0
vt 0.31249997 0.1875 0
vt 0.34374997 0.1875 0
vt 0.375 0.1875 0
vt 0.40625 0.1875 0
vt 0.4375 0.1875 0
vt 0.46875003 0.1875 0
vt 0.03125 0.125 0
vt 0.0625 0.125 0
vt 0.09375 0.125 0
vt 0.125 0.125 0
vt 0.15625 0.125 0
vt 0.1875 0.125 0
vt 0.21874999 0.125 0
vt 0.24999999 0.125 0
vt 0.28124997 0.125 0
vt 0.31249997 0.125 0
vt 0.34374997 0.125 0
vt 0.375 0.125 0
vt 0.40625 0.125 0
vt 0.4375 0.125 0
vt 0.46875003 0.125 0
vt 0.03125 0.06249994 0
vt 0.0625 0.06249994 0
vt 0.09375 0.06249994 0
vt 0.125 0.06249994 0
vt 0.15625 0.06249994 0
vt 0.1875 0.06249994 0
vt 0.21874999 0.06249994 0
vt 0.24999999 0.06249994 0
vt 0.28124997 0.06249994 0
vt 0.31249997 0.06249994 0
vt 0.34374997 0.06249994 0
vt 0.375 0.06249994 0
vt 0.40625 0.06249994 0
vt 0.4375 0.06249994 0
vt 0.46875003 0.06249994 0
vt 0.0032662265 0.9375 0
vt 0.0032662265 0.99346757 0
vt 0.032082558 0.99506867 0
vt 0.032915115 0.99666977 0
vt 0.06307347 0.997188 0
vt 0.06364695 0.9977061 0
vt 0.09420058 0.99795187 0
vt 0.094651155 0.9981977 0
vt 0.125 0.9981977 0
vt 0.12538318 0.9983325 0
vt 0.15659486 0.9985439 0
vt 0.15693972 0.99862057 0
vt 0.1875 0.99862057 0
vt 0.18782485 0.99866056 0
vt 0.21906859 0.99871314 0
vt 0.2193872 0.9987256 0
vt 0.25032485 0.99871314 0
vt 0.2506497 0.9987006 0
vt 0.28124997 0.9987006 0
vt 0.2815948 0.99866056 0
vt 0.31288314 0.9985439 0
vt 0.31326634 0.99846727 0
vt 0.34374997 0.99846727 0
vt 0.34420055 0.9983325 0
vt 0.37557346 0.99795187 0
vt 0.37614694 0.9977061 0
vt 0.40625 0.9977061 0
vt 0.40708256 0.997188 0
vt 0.4375 0.99666977 0
vt 0.44076625 0.9934675 0
vt 0.46875003 0.9934675 0
vt 0.4967338 0.9375 0
vt 0.0016651128 0.875 0
vt 0.4983349 0.875 0
vt 0.0011469508 0.81250006 0
vt 0.4988531 0.8125 0
vt 0.0009011537 0.75 0
vt 0.4990989 0.75 0
vt 0.0007663684 0.6875 0
vt 0.49923366 0.6875 0
vt 0.00068971346 0.625 0
vt 0.49931034 0.625 0
vt 0.0006496958 0.5625 0
vt 0.49935034 0.5625 0
vt 0.00063721207 0.5 0
vt 0.49936283 0.5 0
vt 0.0006496958 0.43750003 0
vt 0.49935034 0.43750006 0
vt 0.00068971334 0.37500006 0
vt 0.49931034 0.37500006 0
vt 0.0007663684 0.31250006 0
vt 0.49923366 0.31250006 0
vt 0.0009011537 0.25 0
vt 0.4990989 0.25 0
vt 0.0011469509 0.18749999 0
vt 0.4988531 0.1875 0
vt 0.0016651135 0.125 0
vt 0.4983349 0.125 0
vt 0.0032662302 0.06249994 0
vt 0.4967338 0.06249994 0
vt 0.003266231 0.006532349 0
vt 0.03125 0.006532349 0
vt 0.032082558 0.004931232 0
vt 0.0625 0.003330115 0
vt 0.06307347 0.002811952 0
vt 0.09375 0.0022937888 0
vt 0.09420058 0.002047991 0
vt 0.12538318 0.0016674076 0
vt 0.12576637 0.0015326219 0
vt 0.15625 0.0015326219 0
vt 0.15659486 0.0014559667 0
vt 0.18782485 0.0013392939 0
vt 0.18814969 0.0012992762 0
vt 0.21906859 0.0012867926 0
vt 0.2193872 0.0012743089 0
vt 0.24999999 0.0012743089 0
vt 0.25032482 0.0012867926 0
vt 0.2815948 0.0013392942 0
vt 0.2819397 0.001379312 0
vt 0.31249997 0.001379312 0
vt 0.31288314 0.0014559673 0
vt 0.34420055 0.0016674085 0
vt 0.34465113 0.0018021944 0
vt 0.375 0.0018021944 0
vt 0.3755735 0.0020479928 0
vt 0.40708256 0.002811956 0
vt 0.40791512 0.003330121 0
vt 0.4375 0.003330121 0
vt 0.44076625 0.0065323776 0
vt 0.46875003 0.0065323776 0
vt 0.03125 0.9375 0
vt 0.03125 0.875 0
vt 0.0625 0.875 0
vt 0.0625 0.9375 0
vt 0.09375 0.875 0
vt 0.09375 0.9375 0
vt 0.125 0.875 0
vt 0.125 0.9375 0
vt 0.15625 0.875 0
vt 0.15625 0.9375 0
vt 0.1875 0.875 0
vt 0.1875 0.9375 0
vt 0.21874999 0.875 0
vt 0.21874999 0.9375 0
vt 0.24999999 0.875 0
vt 0.24999999 0.9375 0
vt 0.28124997 0.875 0
vt 0.28124997 0.9375 0
vt 0.31249997 0.875 0
vt 0.31249997 0.9375 0
vt 0.34374997 0.875 0
vt 0.34374997 0.9375 0
vt 0.375 0.875 0
vt 0.375 0.9375 0
vt 0.40625 0.875 0
vt 0.40625 0.9375 0
vt 0.4375 0.875 0
vt 0.4375 0.9375 0
vt 0.46875003 0.875 0
vt 0.46875003 0.9375 0
vt 0.4983349 0.875 0
vt 0.4967338 0.9375 0
vt 0.03125 0.8125 0
vt 0.0625 0.8125 0
vt 0.09375 0.8125 0
vt 0.125 0.8125 0
vt 0.15625 0.8125 0
vt 0.1875 0.8125 0
vt 0.21874999 0.8125 0
vt 0.24999999 0.8125 0
vt 0.28124997 0.8125 0
vt 0.31249997 0.8125 0
vt 0.34374997 0.8125 0
vt 0.375 0.8125 0
vt 0.40625 0.8125 0
vt 0.4375 0.8125 0
vt 0.46875003 0.8125 0
vt 0.4988531 0.8125 0
vt 0.03125 0.75 0
vt 0.0625 0.75 0
vt 0.09375 0.75 0
vt 0.125 0.75 0
vt 0.15625 0.75 0
vt 0.1875 0.75 0
vt 0.21874999 0.75 0
vt 0.24999999 0.75 0
vt 0.28124997 0.75 0
vt 0.31249997 0.75 0
vt 0.34374997 0.75 0
vt 0.375 0.75 0
vt 0.40625 0.75 0
vt 0.4375 0.75 0
vt 0.46875003 0.75 0
vt 0.4990989 0.75 0
vt 0.03125 0.6875 0
vt 0.0625 0.6875 0
vt 0.09375 0.6875 0
vt 0.125 0.6875 0
vt 0.15625 0.6875 0
vt 0.1875 0.6875 0
vt 0.21874999 0.6875 0
vt 0.24999999 0.6875 0
vt 0.28124997 0.6875 0
vt 0.31249997 0.6875 0
vt 0.34374997 0.6875 0
vt 0.375 0.6875 0
vt 0.40625 0.6875 0
vt 0.4375 0.6875 0
vt 0.46875003 0.6875 0
vt 0.49923366 0.6875 0
vt 0.03125 0.625 0
vt 0.0625 0.625 0
vt 0.09375 0.625 0
vt 0.125 0.625 0
vt 0.15625 0.625 0
vt 0.1875 0.625 0
vt 0.21874999 0.625 0
vt 0.24999999 0.625 0
vt 0.28124997 0.625 0
vt 0.31249997 0.625 0
vt 0.34374997 0.625 0
vt 0.375 0.625 0
vt 0.40625 0.625 0
vt 0.4375 0.625 0
vt 0.46875003 0.625 0
vt 0.49931034 0.625 0
vt 0.03125 0.5625 0
vt 0.0625 0.5625 0
vt 0.09375 0.5625 0
vt 0.125 0.5625 0
vt 0.15625 0.5625 0
vt 0.1875 0.5625 0
vt 0.21874999 0.5625 0
vt 0.24999999 0.5625 0
vt 0.28124997 0.5625 0
vt 0.31249997 0.5625 0
vt 0.34374997 0.5625 0
vt 0.375 0.5625 0
vt 0.40625 0.5625 0
vt 0.4375 0.5625 0
vt 0.46875003 0.5625 0
vt 0.49935034 0.5625 0
vt 0.03125 0.5 0
vt 0.0625 0.5 0
vt 0.09375 0.5 0
vt 0.125 0.5 0
vt 0.15625 0.5 0
vt 0.1875 0.5 0
vt 0.21874999 0.5 0
vt 0.24999999 0.5 0
vt 0.28124997 0.5 0
vt 0.31249997 0.5 0
vt 0.34374997 0.5 0
vt 0.375 0.5 0
vt 0.40625 0.5 0
vt 0.4375 0.5 0
vt 0.46875003 0.5 0
vt 0.49936283 0.5 0
vt 0.03125 0.43750006 0
vt 0.0625 0.43750006 0
vt 0.09375 0.43750006 0
vt 0.125 0.43750006 0
vt 0.15625 0.43750006 0
vt 0.1875 0.43750006 0
vt 0.21874999 0.43750006 0
vt 0.24999999 0.43750006 0
vt 0.28124997 0.43750006 0
vt 0.31249997 0.43750006 0
vt 0.34374997 0.43750006 0
vt 0.375 0.43750006 0
vt 0.40625 0.43750006 0
vt 0.4375 0.43750006 0
vt 0.46875003 0.43750006 0
vt 0.49935034 0.43750006 0
vt 0.03125 0.37500006 0
vt 0.0625 0.37500006 0
vt 0.09375 0.37500006 0
vt 0.125 0.37500006 0
vt 0.15625 0.37500006 0
vt 0.1875 0.37500006 0
vt 0.21874999 0.37500006 0
vt 0.24999999 0.37500006 0
vt 0.28124997 0.37500006 0
vt 0.31249997 0.37500006 0
vt 0.34374997 0.37500006 0
vt 0.375 0.37500006 0
vt 0.40625 0.37500006 0
vt 0.4375 0.37500006 0
vt 0.46875003 0.37500006 0
vt 0.49931034 0.37500006 0
vt 0.03125 0.31250006 0
vt 0.0625 0.31250006 0
vt 0.09375 0.31250006 0
vt 0.125 0.31250006 0
vt 0.15625 0.31250006 0
vt 0.1875 0.31250006 0
vt 0.21874999 0.31250006 0
vt 0.24999999 0.31250006 0
vt 0.28124997 0.31250006 0
vt 0.31249997 0.31250006 0
vt 0.34374997 0.31250006 0
vt 0.375 0.31250006 0
vt 0.40625 0.31250006 0
vt 0.4375 0.31250006 0
vt 0.46875003 0.31250006 0
vt 0.49923366 0.31250006 0
vt 0.03125 0.25 0
vt 0.0625 0.25 0
vt 0.09375 0.25 0
vt 0.125 0.25 0
vt 0.15625 0.25 0
vt 0.1875 0.25 0
vt 0.21874999 0.25 0
vt 0.24999999 0.25 0
vt 0.28124997 0.25 0
vt 0.31249997 0.25 0
vt 0.34374997 0.25 0
vt 0.375 0.25 0
vt 0.40625 0.25 0
vt 0.4375 0.25 0
vt 0.46875003 0.25 0
vt 0.4990989 0.25 0
vt 0.03125 0.1875 0
vt 0.0625 0.1875 0
vt 0.09375 0.1875 0
vt 0.125 0.1875 0
vt 0.15625 0.1875 0
vt 0.1875 0.1875 0
vt 0.21874999 0.1875 0
vt 0.24999999 0.1875 0
vt 0.28124997 0.1875 0
vt 0.31249997 0.1875 0
vt 0.34374997 0.1875 0
vt 0.375 0.1875 0
vt 0.40625 0.1875 0
vt 0.4375 0.1875 0
vt 0.46875003 0.1875 0
vt 0.4988531 0.1875 0
vt 0.03125 0.125 0
vt 0.0625 0.125 0
vt 0.09375 0.125 0
vt 0.125 0.125 0
vt 0.15625 0.125 0
vt 0.1875 0.125 0
vt 0.21874999 0.125 0
vt 0.24999999 0.125 0
vt 0.28124997 0.125 0
vt 0.31249997 0.125 0
vt 0.34374997 0.125 0
vt 0.375 0.125 0
vt 0.40625 0.125 0
vt 0.4375 0.125 0
vt 0.46875003 0.125 0
vt 0.4983349 0.125 0
vt 0.03125 0.06249994 0
vt 0.0625 0.06249994 0
vt 0.09375 0.06249994 0
vt 0.125 0.06249994 0
vt 0.15625 0.06249994 0
vt 0.1875 0.06249994 0
vt 0.21874999 0.06249994 0
vt 0.24999999 0.06249994 0
vt 0.28124997 0.06249994 0
vt 0.31249997 0.06249994 0
vt 0.34374997 0.06249994 0
vt 0.375 0.06249994 0
vt 0.40625 0.06249994 0
vt 0.4375 0.06249994 0
vt 0.46875003 0.06249994 0
vt 0.4967338 0.06249994 0
vt 0.0032662265 0.9375 0
vt 0.0032662265 0.99346757 0
vt 0.032082558 0.99506867 0
vt 0.032915115 0.99666977 0
vt 0.06307347 0.997188 0
vt 0.06364695 0.9977061 0
vt 0.09375 0.9977061 0
vt 0.09420058 0.99795187 0
vt 0.12538318 0.9983325 0
vt 0.12576637 0.99846727 0
vt 0.15625 0.99846727 0
vt 0.15659486 0.9985439 0
vt 0.18782485 0.99866056 0
vt 0.1881497 0.9987006 0
vt 0.21906859 0.99871314 0
vt 0.2193872 0.9987256 0
vt 0.24999999 0.9987256 0
vt 0.25032485 0.99871314 0
vt 0.2815948 0.99866056 0
vt 0.2819397 0.99862057 0
vt 0.31249997 0.99862057 0
vt 0.31288314 0.9985439 0
vt 0.34420055 0.9983325 0
vt 0.34465113 0.9981977 0
vt 0.375 0.9981977 0
vt 0.37557346 0.99795187 0
vt 0.40708256 0.997188 0
vt 0.40791512 0.99666977 0
vt 0.4375 0.99666977 0
vt 0.44076625 0.9934675 0
vt 0.46875003 0.9934675 0
vt 0.0016651128 0.875 0
vt 0.0011469508 0.81250006 0
vt 0.0009011537 0.75 0
vt 0.0007663684 0.6875 0
vt 0.00068971346 0.625 0
vt 0.0006496958 0.5625 0
vt 0.00063721207 0.5 0
vt 0.0006496958 0.43750003 0
vt 0.00068971334 0.37500006 0
vt 0.0007663684 0.31250006 0
vt 0.0009011537 0.25 0
vt 0.0011469509 0.18749999 0
vt 0.0016651135 0.125 0
vt 0.0032662302 0.06249994 0
vt 0.003266231 0.006532349 0
vt 0.032082558 0.004931232 0
vt 0.03125 0.006532349 0
vt 0.06307347 0.002811952 0
vt 0.0625 0.003330115 0
vt 0.094651155 0.0018021932 0
vt 0.09420058 0.002047991 0
vt 0.12538318 0.0016674076 0
vt 0.125 0.0018021932 0
vt 0.15693972 0.0013793116 0
vt 0.15659486 0.0014559667 0
vt 0.18782485 0.0013392939 0
vt 0.1875 0.0013793116 0
vt 0.2193872 0.0012743089 0
vt 0.21906859 0.0012867926 0
vt 0.25064966 0.0012992764 0
vt 0.25032482 0.0012867926 0
vt 0.2815948 0.0013392942 0
vt 0.28124997 0.0012992764 0
vt 0.31326634 0.0015326225 0
vt 0.31288314 0.0014559673 0
vt 0.34420055 0.0016674085 0
vt 0.34374997 0.0015326225 0
vt 0.37614697 0.002293791 0
vt 0.3755735 0.0020479928 0
vt 0.40708256 0.002811956 0
vt 0.40625 0.002293791 0
vt 0.44076625 0.0065323776 0
vt 0.4375 0.003330121 0
vt 0.46875003 0.0065323776 0
vt 0.03125 0.9375 0
vt 0.0625 0.9375 0
vt 0.09375 0.9375 0
vt 0.125 0.9375 0
vt 0.15625 0.9375 0
vt 0.1875 0.9375 0
vt 0.21874999 0.9375 0
vt 0.24999999 0.9375 0
vt 0.28124997 0.9375 0
vt 0.31249997 0.9375 0
vt 0.34374997 0.9375 0
vt 0.375 0.9375 0
vt 0.40625 0.9375 0
vt 0.4375 0.9375 0
vt 0.46875003 0.9375 0
vt 0.03125 0.875 0
vt 0.0625 0.875 0
vt 0.09375 0.875 0
vt 0.125 0.875 0
vt 0.15625 0.875 0
vt 0.1875 0.875 0
vt 0.21874999 0.875 0
vt 0.24999999 0.875 0
vt 0.28124997 0.875 0
vt 0.31249997 0.875 0
vt 0.34374997 0.875 0
vt 0.375 0.875 0
vt 0.40625 0.875 0
vt 0.4375 0.875 0
vt 0.46875003 0.875 0
vt 0.03125 0.8125 0
vt 0.0625 0.8125 0
vt 0.09375 0.8125 0
vt 0.125 0.8125 0
vt 0.15625 0.8125 0
vt 0.1875 0.8125 0
vt 0.21874999 0.8125 0
vt 0.24999999 0.8125 0
vt 0.28124997 0.8125 0
vt 0.31249997 0.8125 0
vt 0.34374997 0.8125 0
vt 0.375 0.8125 0
vt 0.40625 0.8125 0
vt 0.4375 0.8125 0
vt 0.46875003 0.8125 0
vt 0.03125 0.75 0
vt 0.0625 0.75 0
vt 0.09375 0.75 0
vt 0.125 0.75 0
vt 0.15625 0.75 0
vt 0.1875 0.75 0
vt 0.21874999 0.75 0
vt 0.24999999 0.75 0
vt 0.28124997 0.75 0
vt 0.31249997 0.75 0
vt 0.34374997 0.75 0
vt 0.375 0.75 0
vt 0.40625 0.75 0
vt 0.4375 0.75 0
vt 0.46875003 0.75 0
vt 0.03125 0.6875 0
vt 0.0625 0.6875 0
vt 0.09375 0.6875 0
vt 0.125 0.6875 0
vt 0.15625 0.6875 0
vt 0.1875 0.6875 0
vt 0.21874999 0.6875 0
vt 0.24999999 0.6875 0
vt 0.28124997 0.6875 0
vt 0.31249997 0.6875 0
vt 0.34374997 0.6875 0
vt 0.375 0.6875 0
vt 0.40625 0.6875 0
vt 0.4375 0.6875 0
vt 0.46875003 0.6875 0
vt 0.03125 0.625 0
vt 0.0625 0.625 0
vt 0.09375 0.625 0
vt 0.125 0.625 0
vt 0.15625 0.625 0
vt 0.1875 0.625 0
vt 0.21874999 0.625 0
vt 0.24999999 0.625 0
vt 0.28124997 0.625 0
vt 0.31249997 0.625 0
vt 0.34374997 0.625 0
vt 0.375 0.625 0
vt 0.40625 0.625 0
vt 0.4375 0.625 0
vt 0.46875003 0.625 0
vt 0.03125 0.5625 0
vt 0.0625 0.5625 0
vt 0.09375 0.5625 0
vt 0.125 0.5625 0
vt 0.15625 0.5625 0
vt 0.1875 0.5625 0
vt 0.21874999 0.5625 0
vt 0.24999999 0.5625 0
vt 0.28124997 0.5625 0
vt 0.31249997 0.5625 0
vt 0.34374997 0.5625 0
vt 0.375 0.5625 0
vt 0.40625 0.5625 0
vt 0.4375 0.5625 0
vt 0.46875003 0.5625 0
vt 0.03125 0.5 0
vt 0.0625 0.5 0
vt 0.09375 0.5 0
vt 0.125 0.5 0
vt 0.15625 0.5 0
vt 0.1875 0.5 0
vt 0.21874999 0.5 0
vt 0.24999999 0.5 0
vt 0.28124997 0.5 0
vt 0.31249997 0.5 0
vt 0.34374997 0.5 0
vt 0.375 0.5 0
vt 0.40625 0.5 0
vt 0.4375 0.5 0
vt 0.46875003 0.5 0
vt 0.03125 0.43750006 0
vt 0.0625 0.43750006 0
vt 0.09375 0.43750006 0
vt 0.125 0.43750006 0
vt 0.15625 0.43750006 0
vt 0.1875 0.43750006 0
vt 0.21874999 0.43750006 0
vt 0.24999999 0.43750006 0
vt 0.28124997 0.43750006 0
vt 0.31249997 0.43750006 0
vt 0.34374997 0.43750006 0
vt 0.375 0.43750006 0
vt 0.40625 0.43750006 0
vt 0.4375 0.43750006 0
vt 0.46875003 0.43750006 0
vt 0.03125 0.37500006 0
vt 0.0625 0.37500006 0
vt 0.09375 0.37500006 0
vt 0.125 0.37500006 0
vt 0.15625 0.37500006 0
vt 0.1875 0.37500006 0
vt 0.21874999 0.37500006 0
vt 0.24999999 0.37500006 0
vt 0.28124997 0.37500006 0
vt 0.31249997 0.37500006 0
vt 0.34374997 0.37500006 0
vt 0.375 0.37500006 0
vt 0.40625 0.37500006 0
vt 0.4375 0.37500006 0
vt 0.46875003 0.37500006 0
vt 0.03125 0.31250006 0
vt 0.0625 0.31250006 0
vt 0.09375 0.31250006 0
vt 0.125 0.31250006 0
vt 0.15625 0.31250006 0
vt 0.1875 0.31250006 0
vt 0.21874999 0.31250006 0
vt 0.24999999 0.31250006 0
vt 0.28124997 0.31250006 0
vt 0.31249997 0.31250006 0
vt 0.34374997 0.31250006 0
vt 0.375 0.31250006 0
vt 0.40625 0.31250006 0
vt 0.4375 0.31250006 0
vt 0.46875003 0.31250006 0
vt 0.03125 0.25 0
vt 0.0625 0.25 0
vt 0.09375 0.25 0
vt 0.125 0.25 0
vt 0.15625 0.25 0
vt 0.1875 0.25 0
vt 0.21874999 0.25 0
vt 0.24999999 0.25 0
vt 0.28124997 0.25 0
vt 0.31249997 0.25 0
vt 0.34374997 0.25 0
vt 0.375 0.25 0
vt 0.40625 0.25 0
vt 0.4375 0.25 0
vt 0.46875003 0.25 0
vt 0.03125 0.1875 0
vt 0.0625 0.1875 0
vt 0.09375 0.1875 0
vt 0.125 0.1875 0
vt 0.15625 0.1875 0
vt 0.1875 0.1875 0
vt 0.21874999 0.1875 0
vt 0.24999999 0.1875 0
vt 0.28124997 0.1875 0
vt 0.31249997 0.1875 0
vt 0.34374997 0.1875 0
vt 0.375 0.1875 0
vt 0.40625 0.1875 0
vt 0.4375 0.1875 0
vt 0.46875003 0.1875 0
vt 0.03125 0.125 0
vt 0.0625 0.125 0
vt 0.09375 0.125 0
vt 0.125 0.125 0
vt 0.15625 0.125 0
vt 0.1875 0.125 0
vt 0.21874999 0.125 0
vt 0.24999999 0.125 0
vt 0.28124997 0.125 0
vt 0.31249997 0.125 0
vt 0.34374997 0.125 0
vt 0.375 0.125 0
vt 0.40625 0.125 0
vt 0.4375 0.125 0
vt 0.46875003 0.125 0
vt 0.03125 0.06249994 0
vt 0.0625 0.06249994 0
vt 0.09375 0.06249994 0
vt 0.125 0.06249994 0
vt 0.15625 0.06249994 0
vt 0.1875 0.06249994 0
vt 0.21874999 0.06249994 0
vt 0.24999999 0.06249994 0
vt 0.28124997 0.06249994 0
vt 0.31249997 0.06249994 0
vt 0.34374997 0.06249994 0
vt 0.375 0.06249994 0
vt 0.40625 0.06249994 0
vt 0.4375 0.06249994 0
vt 0.46875003 0.06249994 0
vt 0.6564773 0.09359363 0
vt 0.6519917 0.09782335 0
vt 0.66657114 0.093621105 0
vt 0.65778345 0.09783909 0
vt 0.67587364 0.09364626 0
vt 0.66312116 0.09785363 0
vt 0.68402725 0.09366843 0
vt 0.6677997 0.09786633 0
vt 0.69071895 0.09368661 0
vt 0.67163926 0.09787676 0
vt 0.6956913 0.09370026 0
vt 0.67449236 0.097884566 0
vt 0.6036109 0.09151706 0
vt 0.6260917 0.09582028 0
vt 0.6987532 0.093708485 0
vt 0.66620123 0.07509753 0
vt 0.66130155 0.085849136 0
vt 0.68559694 0.07515022 0
vt 0.676014 0.08588913 0
vt 0.7034721 0.07519886 0
vt 0.689573 0.085926026 0
vt 0.71913975 0.07524142 0
vt 0.7014576 0.08595833 0
vt 0.7319979 0.075276405 0
vt 0.7112111 0.085984856 0
vt 0.7415524 0.07530233 0
vt 0.71845853 0.086004525 0
vt 0.74743605 0.07531837 0
vt 0.72292155 0.086016685 0
vt 0.67472905 0.047046572 0
vt 0.670913 0.06184575 0
vt 0.7022513 0.047121376 0
vt 0.6948047 0.06191072 0
vt 0.7276161 0.04719034 0
vt 0.71682334 0.06197056 0
vt 0.7498484 0.047250777 0
vt 0.7361229 0.062023014 0
vt 0.7680942 0.04730037 0
vt 0.75196165 0.062066108 0
vt 0.7816519 0.047337264 0
vt 0.7637309 0.062098056 0
vt 0.7900007 0.047359973 0
vt 0.77097833 0.062117785 0
vt 0.67929333 0.020407468 0
vt 0.6769416 0.031653196 0
vt 0.7110271 0.020510167 0
vt 0.70655113 0.03173372 0
vt 0.74030393 0.020606726 0
vt 0.73383945 0.03180787 0
vt 0.76599455 0.020692974 0
vt 0.7577579 0.0318729 0
vt 0.78710467 0.02076599 0
vt 0.77738726 0.031926244 0
vt 0.80281484 0.020822912 0
vt 0.79197323 0.03196594 0
vt 0.81251264 0.020861536 0
vt 0.80095506 0.03199032 0
vt 0.6141172 0.019670814 0
vt 0.61924815 0.015943676 0
vt 0.68352693 0.018051237 0
vt 0.5743077 0.019665688 0
vt 0.5837724 0.015913278 0
vt 0.71900237 0.0182136 0
vt 0.5374263 0.019670695 0
vt 0.5509544 0.015891403 0
vt 0.7518201 0.0183703 0
vt 0.50491714 0.019685656 0
vt 0.5220725 0.015879005 0
vt 0.78070164 0.018514842 0
vt 0.47807235 0.019710094 0
vt 0.4982639 0.0158768 0
vt 0.8045099 0.018642038 0
vt 0.45797467 0.019744128 0
vt 0.48047644 0.015885025 0
vt 0.8222971 0.018747002 0
vt 0.4454518 0.019786388 0
vt 0.46942914 0.01590386 0
vt 0.8333441 0.018825918 0
vt 0.59622574 0.087349266 0
vt 0.5972192 0.07507077 0
vt 0.5985226 0.06599316 0
vt 0.54210865 0.08719942 0
vt 0.5439986 0.07492611 0
vt 0.54644233 0.06585571 0
vt 0.4922245 0.08706346 0
vt 0.49495023 0.07479277 0
vt 0.49843735 0.06572941 0
vt 0.44849896 0.08694461 0
vt 0.451959 0.07467589 0
vt 0.4563533 0.06561914 0
vt 0.41261423 0.08684704 0
vt 0.416677 0.074579984 0
vt 0.42180908 0.0655292 0
vt 0.3859495 0.08677456 0
vt 0.39046 0.0745087 0
vt 0.39613456 0.06546286 0
vt 0.36952955 0.086729914 0
vt 0.3743158 0.07446483 0
vt 0.38031828 0.06542292 0
vt 0.59407455 0.105956405 0
vt 0.5946518 0.095152974 0
vt 0.5362395 0.12458056 0
vt 0.5391633 0.094991386 0
vt 0.4838037 0.124432504 0
vt 0.48798674 0.09485036 0
vt 0.4378233 0.124307156 0
vt 0.4431228 0.09472835 0
vt 0.40008652 0.124204576 0
vt 0.40630388 0.094628274 0
vt 0.37204552 0.12412834 0
vt 0.37894493 0.09455389 0
vt 0.9269594 0.59368885 0
vt 0.9227895 0.5499998 0
vt 0.8429212 0.59368885 0
vt 0.84079546 0.5499998 0
vt 0.36209738 0.09450811 0
vt 0.29367828 0.912064 0
vt 0.29337737 0.94287807 0
vt 0.29247794 0.97339904 0
vt 0.35233974 0.91206986 0
vt 0.3517237 0.9428907 0
vt 0.3499608 0.973416 0
vt 0.40633667 0.9120895 0
vt 0.4054914 0.9429037 0
vt 0.4029842 0.97342145 0
vt 0.45373046 0.9120926 0
vt 0.4526627 0.9429055 0
vt 0.44947988 0.97342217 0
vt 0.4355829 0.13568142 0
vt 0.43277228 0.15110347 0
vt 0.39429617 0.15099886 0
vt 0.39729252 0.13557729 0
vt 0.36570585 0.15092114 0
vt 0.36884013 0.13549998 0
vt 0.9294743 0.63824224 0
vt 0.93031794 0.6832279 0
vt 0.8446334 0.6832279 0
vt 0.8442033 0.63824224 0
vt 0.2925076 0.8507343 0
vt 0.29338577 0.8812508 0
vt 0.35005203 0.8507381 0
vt 0.35177457 0.8812545 0
vt 0.40299904 0.8507599 0
vt 0.40549982 0.8812764 0
vt 0.44947988 0.8507635 0
vt 0.4526627 0.88128024 0
vt 0.43374538 0.17489028 0
vt 0.43681097 0.20507711 0
vt 0.3990742 0.20497453 0
vt 0.395455 0.17478615 0
vt 0.3710332 0.2048983 0
vt 0.3670026 0.17470884 0
vt 0.92947423 0.72821355 0
vt 0.9269594 0.77276695 0
vt 0.8429212 0.77276695 0
vt 0.8442033 0.72821355 0
vt 0.28903437 0.79176193 0
vt 0.2910516 0.82080966 0
vt 0.3432391 0.7917655 0
vt 0.34719586 0.8208135 0
vt 0.39310813 0.79178756 0
vt 0.39885262 0.8208353 0
vt 0.43689108 0.7917914 0
vt 0.4442023 0.8208391 0
vt 0.44194955 0.23468423 0
vt 0.44910163 0.2617581 0
vt 0.41355437 0.2616614 0
vt 0.40513062 0.23458415 0
vt 0.38714033 0.26158965 0
vt 0.37777168 0.23450977 0
vt 0.9227895 0.81645596 0
vt 0.91701263 0.8588651 0
vt 0.8378504 0.8588651 0
vt 0.84079546 0.81645596 0
vt 0.2833772 0.7374163 0
vt 0.2864728 0.7638754 0
vt 0.33216056 0.73741955 0
vt 0.33821437 0.7638791 0
vt 0.37704414 0.73743886 0
vt 0.38581353 0.76390105 0
vt 0.4164481 0.73744196 0
vt 0.42760682 0.76390475 0
vt 0.45820808 0.28936052 0
vt 0.46917194 0.31555998 0
vt 0.43718028 0.31547302 0
vt 0.42427564 0.28926826 0
vt 0.41340822 0.31540835 0
vt 0.39906144 0.2891997 0
vt 0.9096768 0.89957863 0
vt 0.90086 0.93821365 0
vt 0.8296159 0.93821365 0
vt 0.83411056 0.89957863 0
vt 0.27568498 0.6898008 0
vt 0.27975768 0.7126506 0
vt 0.31718224 0.68980116 0
vt 0.325116 0.7126524 0
vt 0.3554157 0.689804 0
vt 0.36687523 0.71266335 0
vt 0.38893646 0.6898044 0
vt 0.40351373 0.71266526 0
vt 0.4818964 0.34009695 0
vt 0.49625057 0.36274356 0
vt 0.46904385 0.3626696 0
vt 0.45215428 0.34001613 0
vt 0.4488274 0.36261463 0
vt 0.4300539 0.33995605 0
vt 0.89064014 0.97438705 0
vt 0.43637818 0.36258078 0
vt 0.41644454 0.33991903 0
vt 0.82440585 0.97438705 0
vt 0.266419 0.65070933 0
vt 0.27122954 0.66908973 0
vt 0.2990249 0.65070933 0
vt 0.308461 0.66908973 0
vt 0.32907477 0.65070933 0
vt 0.34277377 0.66908973 0
vt 0.3554135 0.65070933 0
vt 0.37284914 0.66908973 0
vt 0.51210403 0.3832721 0
vt 0.529297 0.40149558 0
vt 0.5079208 0.40143752 0
vt 0.48769534 0.38320577 0
vt 0.49203682 0.4013943 0
vt 0.469558 0.38315642 0
vt 0.48225552 0.40136772 0
vt 0.4583891 0.38312608 0
vt 0.255867 0.6216591 0
vt 0.26128122 0.63485247 0
vt 0.27832624 0.6216591 0
vt 0.28894666 0.63485247 0
vt 0.2990249 0.6216591 0
vt 0.31444332 0.63485247 0
vt 0.31716743 0.6216591 0
vt 0.33679134 0.63485247 0
vt 0.5476702 0.4172268 0
vt 0.5670413 0.43032676 0
vt 0.5523171 0.43028677 0
vt 0.52953285 0.41717756 0
vt 0.541376 0.43025696 0
vt 0.5160556 0.41714084 0
vt 0.5346385 0.43023872 0
vt 0.50775635 0.4171183 0
vt 0.63869214 0.44808745 0
vt 0.6332117 0.44078124 0
vt 0.25022718 0.61126953 0
vt 0.6271335 0.44805604 0
vt 0.6163642 0.4407354 0
vt 0.26726356 0.61126953 0
vt 0.61648095 0.44802707 0
vt 0.6008374 0.4406932 0
vt 0.28296435 0.61126953 0
vt 0.6071439 0.44800168 0
vt 0.587228 0.4406562 0
vt 0.2967261 0.61126953 0
vt 0.5994813 0.44798088 0
vt 0.5760591 0.44062585 0
vt 0.5937874 0.44796538 0
vt 0.5677599 0.44060326 0
vt 0.59028107 0.44795585 0
vt 0.5626492 0.44058937 0
vt 0.64380425 0.4521991 0
vt 0.637172 0.4521811 0
vt 0.6310597 0.45216453 0
vt 0.62570214 0.45214993 0
vt 0.62130535 0.45213795 0
vt 0.6180383 0.45212913 0
vt 0.61602646 0.45212364 0
vt 0.6045954 0.037403375 0
vt 0.60909605 0.02673158 0
vt 0.5574778 0.03731665 0
vt 0.5653868 0.026695222 0
vt 0.51397693 0.037240475 0
vt 0.5249497 0.026669472 0
vt 0.475775 0.03717783 0
vt 0.48936063 0.026655465 0
vt 0.4443575 0.037131578 0
vt 0.4600212 0.026653558 0
vt 0.42095196 0.037103325 0
vt 0.43809986 0.026664883 0
vt 0.40648043 0.037094504 0
vt 0.42448354 0.026689023 0
vt 0.6010262 0.051963955 0
vt 0.5510493 0.051844686 0
vt 0.5049595 0.051736146 0
vt 0.46453226 0.051642686 0
vt 0.431328 0.05156806 0
vt 0.406631 0.051515132 0
vt 0.3913992 0.051485986 0
vt 0.625402 0.095807165 0
vt 0.6025637 0.09151225 0
vt 0.72442347 0.08602078 0
vt 0.57798284 0.083689906 0
vt 0.74941665 0.075323716 0
vt 0.7734188 0.062124383 0
vt 0.7928122 0.04736758 0
vt 0.8039798 0.031998582 0
vt 0.8157956 0.020877698 0
vt 0.46563908 0.01592257 0
vt 0.8371339 0.0188652 0
vt 0.441125 0.019820021 0
vt 0.36887413 0.074450016 0
vt 0.36399478 0.086714864 0
vt 0.37498325 0.06541019 0
vt 0.75581384 0.5499998 0
vt 0.3564183 0.09449264 0
vt 0.7558138 0.59368885 0
vt 0.7558138 0.63824224 0
vt 0.75581384 0.6832279 0
vt 0.7558138 0.72821355 0
vt 0.7558138 0.77276695 0
vt 0.7558138 0.81645596 0
vt 0.75581384 0.8588651 0
vt 0.7558138 0.89957863 0
vt 0.7558138 0.93821365 0
vt 0.41185892 0.33990654 0
vt 0.7558138 0.97438705 0
vt 0.43218428 0.36256936 0
vt 0.4546275 0.38311586 0
vt 0.47896248 0.40135878 0
vt 0.5049637 0.4171107 0
vt 0.53237325 0.43023255 0
vt 0.5609333 0.44058466 0
vt 0.41980895 0.02671256 0
vt 0.40156034 0.037099194 0
vt 0.38624838 0.0514792 0
vt 0.6564773 0.09359363 0
vt 0.6519917 0.09782335 0
vt 0.66657114 0.093621105 0
vt 0.65778345 0.09783909 0
vt 0.67587364 0.09364626 0
vt 0.66312116 0.09785363 0
vt 0.68402725 0.09366843 0
vt 0.6677997 0.09786633 0
vt 0.69071895 0.09368661 0
vt 0.67163926 0.09787676 0
vt 0.6956913 0.09370026 0
vt 0.67449236 0.097884566 0
vt 0.6036109 0.09151706 0
vt 0.6260917 0.09582028 0
vt 0.6987532 0.093708485 0
vt 0.66620123 0.07509753 0
vt 0.66130155 0.085849136 0
vt 0.68559694 0.07515022 0
vt 0.676014 0.08588913 0
vt 0.7034721 0.07519886 0
vt 0.689573 0.085926026 0
vt 0.71913975 0.07524142 0
vt 0.7014576 0.08595833 0
vt 0.7319979 0.075276405 0
vt 0.7112111 0.085984856 0
vt 0.7415524 0.07530233 0
vt 0.71845853 0.086004525 0
vt 0.74743605 0.07531837 0
vt 0.72292155 0.086016685 0
vt 0.67472905 0.047046572 0
vt 0.670913 0.06184575 0
vt 0.7022513 0.047121376 0
vt 0.6948047 0.06191072 0
vt 0.7276161 0.04719034 0
vt 0.71682334 0.06197056 0
vt 0.7498484 0.047250777 0
vt 0.7361229 0.062023014 0
vt 0.7680942 0.04730037 0
vt 0.75196165 0.062066108 0
vt 0.7816519 0.047337264 0
vt 0.7637309 0.062098056 0
vt 0.7900007 0.047359973 0
vt 0.77097833 0.062117785 0
vt 0.67929333 0.020407468 0
vt 0.6769416 0.031653196 0
vt 0.7110271 0.020510167 0
vt 0.70655113 0.03173372 0
vt 0.74030393 0.020606726 0
vt 0.73383945 0.03180787 0
vt 0.76599455 0.020692974 0
vt 0.7577579 0.0318729 0
vt 0.78710467 0.02076599 0
vt 0.77738726 0.031926244 0
vt 0.80281484 0.020822912 0
vt 0.79197323 0.03196594 0
vt 0.81251264 0.020861536 0
vt 0.80095506 0.03199032 0
vt 0.6141172 0.019670814 0
vt 0.61924815 0.015943676 0
vt 0.68352693 0.018051237 0
vt 0.5743077 0.019665688 0
vt 0.5837724 0.015913278 0
vt 0.71900237 0.0182136 0
vt 0.5374263 0.019670695 0
vt 0.5509544 0.015891403 0
vt 0.7518201 0.0183703 0
vt 0.50491714 0.019685656 0
vt 0.5220725 0.015879005 0
vt 0.78070164 0.018514842 0
vt 0.47807235 0.019710094 0
vt 0.4982639 0.0158768 0
vt 0.8045099 0.018642038 0
vt 0.45797467 0.019744128 0
vt 0.48047644 0.015885025 0
vt 0.8222971 0.018747002 0
vt 0.4454518 0.019786388 0
vt 0.46942914 0.01590386 0
vt 0.8333441 0.018825918 0
vt 0.59622574 0.087349266 0
vt 0.5972192 0.07507077 0
vt 0.5985226 0.06599316 0
vt 0.54210865 0.08719942 0
vt 0.5439986 0.07492611 0
vt 0.54644233 0.06585571 0
vt 0.4922245 0.08706346 0
vt 0.49495023 0.07479277 0
vt 0.49843735 0.06572941 0
vt 0.44849896 0.08694461 0
vt 0.451959 0.07467589 0
vt 0.4563533 0.06561914 0
vt 0.41261423 0.08684704 0
vt 0.416677 0.074579984 0
vt 0.42180908 0.0655292 0
vt 0.3859495 0.08677456 0
vt 0.39046 0.0745087 0
vt 0.39613456 0.06546286 0
vt 0.36952955 0.086729914 0
vt 0.3743158 0.07446483 0
vt 0.38031828 0.06542292 0
vt 0.59407455 0.105956405 0
vt 0.5946518 0.095152974 0
vt 0.5362395 0.12458056 0
vt 0.5391633 0.094991386 0
vt 0.4838037 0.124432504 0
vt 0.48798674 0.09485036 0
vt 0.4378233 0.124307156 0
vt 0.4431228 0.09472835 0
vt 0.40008652 0.124204576 0
vt 0.40630388 0.094628274 0
vt 0.37204552 0.12412834 0
vt 0.37894493 0.09455389 0
vt 0.9269594 0.59368885 0
vt 0.9227895 0.5499998 0
vt 0.8429212 0.59368885 0
vt 0.84079546 0.5499998 0
vt 0.36209738 0.09450811 0
vt 0.29367828 0.912064 0
vt 0.29337737 0.94287807 0
vt 0.29247794 0.97339904 0
vt 0.35233974 0.91206986 0
vt 0.3517237 0.9428907 0
vt 0.3499608 0.973416 0
vt 0.40633667 0.9120895 0
vt 0.4054914 0.9429037 0
vt 0.4029842 0.97342145 0
vt 0.45373046 0.9120926 0
vt 0.4526627 0.9429055 0
vt 0.44947988 0.97342217 0
vt 0.4355829 0.13568142 0
vt 0.43277228 0.15110347 0
vt 0.39429617 0.15099886 0
vt 0.39729252 0.13557729 0
vt 0.36570585 0.15092114 0
vt 0.36884013 0.13549998 0
vt 0.9294743 0.63824224 0
vt 0.93031794 0.6832279 0
vt 0.8446334 0.6832279 0
vt 0.8442033 0.63824224 0
vt 0.2925076 0.8507343 0
vt 0.29338577 0.8812508 0
vt 0.35005203 0.8507381 0
vt 0.35177457 0.8812545 0
vt 0.40299904 0.8507599 0
vt 0.40549982 0.8812764 0
vt 0.44947988 0.8507635 0
vt 0.4526627 0.88128024 0
vt 0.43374538 0.17489028 0
vt 0.43681097 0.20507711 0
vt 0.3990742 0.20497453 0
vt 0.395455 0.17478615 0
vt 0.3710332 0.2048983 0
vt 0.3670026 0.17470884 0
vt 0.92947423 0.72821355 0
vt 0.9269594 0.77276695 0
vt 0.8429212 0.77276695 0
vt 0.8442033 0.72821355 0
vt 0.28903437 0.79176193 0
vt 0.2910516 0.82080966 0
vt 0.3432391 0.7917655 0
vt 0.34719586 0.8208135 0
vt 0.39310813 0.79178756 0
vt 0.39885262 0.8208353 0
vt 0.43689108 0.7917914 0
vt 0.4442023 0.8208391 0
vt 0.44194955 0.23468423 0
vt 0.44910163 0.2617581 0
vt 0.41355437 0.2616614 0
vt 0.40513062 0.23458415 0
vt 0.38714033 0.26158965 0
vt 0.37777168 0.23450977 0
vt 0.9227895 0.81645596 0
vt 0.91701263 0.8588651 0
vt 0.8378504 0.8588651 0
vt 0.84079546 0.81645596 0
vt 0.2833772 0.7374163 0
vt 0.2864728 0.7638754 0
vt 0.33216056 0.73741955 0
vt 0.33821437 0.7638791 0
vt 0.37704414 0.73743886 0
vt 0.38581353 0.76390105 0
vt 0.4164481 0.73744196 0
vt 0.42760682 0.76390475 0
vt 0.45820808 0.28936052 0
vt 0.46917194 0.31555998 0
vt 0.43718028 0.31547302 0
vt 0.42427564 0.28926826 0
vt 0.41340822 0.31540835 0
vt 0.39906144 0.2891997 0
vt 0.9096768 0.89957863 0
vt 0.90086 0.93821365 0
vt 0.8296159 0.93821365 0
vt 0.83411056 0.89957863 0
vt 0.27568498 0.6898008 0
vt 0.27975768 0.7126506 0
vt 0.31718224 0.68980116 0
vt 0.325116 0.7126524 0
vt 0.3554157 0.689804 0
vt 0.36687523 0.71266335 0
vt 0.38893646 0.6898044 0
vt 0.40351373 0.71266526 0
vt 0.4818964 0.34009695 0
vt 0.49625057 0.36274356 0
vt 0.46904385 0.3626696 0
vt 0.45215428 0.34001613 0
vt 0.4488274 0.36261463 0
vt 0.4300539 0.33995605 0
vt 0.89064014 0.97438705 0
vt 0.43637818 0.36258078 0
vt 0.41644454 0.33991903 0
vt 0.82440585 0.97438705 0
vt 0.266419 0.65070933 0
vt 0.27122954 0.66908973 0
vt 0.2990249 0.65070933 0
vt 0.308461 0.66908973 0
vt 0.32907477 0.65070933 0
vt 0.34277377 0.66908973 0
vt 0.3554135 0.65070933 0
vt 0.37284914 0.66908973 0
vt 0.51210403 0.3832721 0
vt 0.529297 0.40149558 0
vt 0.5079208 0.40143752 0
vt 0.48769534 0.38320577 0
vt 0.49203682 0.4013943 0
vt 0.469558 0.38315642 0
vt 0.48225552 0.40136772 0
vt 0.4583891 0.38312608 0
vt 0.255867 0.6216591 0
vt 0.26128122 0.63485247 0
vt 0.27832624 0.6216591 0
vt 0.28894666 0.63485247 0
vt 0.2990249 0.6216591 0
vt 0.31444332 0.63485247 0
vt 0.31716743 0.6216591 0
vt 0.33679134 0.63485247 0
vt 0.5476702 0.4172268 0
vt 0.5670413 0.43032676 0
vt 0.5523171 0.43028677 0
vt 0.52953285 0.41717756 0
vt 0.541376 0.43025696 0
vt 0.5160556 0.41714084 0
vt 0.5346385 0.43023872 0
vt 0.50775635 0.4171183 0
vt 0.63869214 0.44808745 0
vt 0.6332117 0.44078124 0
vt 0.25022718 0.61126953 0
vt 0.6271335 0.44805604 0
vt 0.6163642 0.4407354 0
vt 0.26726356 0.61126953 0
vt 0.61648095 0.44802707 0
vt 0.6008374 0.4406932 0
vt 0.28296435 0.61126953 0
vt 0.6071439 0.44800168 0
vt 0.587228 0.4406562 0
vt 0.2967261 0.61126953 0
vt 0.5994813 0.44798088 0
vt 0.5760591 0.44062585 0
vt 0.5937874 0.44796538 0
vt 0.5677599 0.44060326 0
vt 0.59028107 0.44795585 0
vt 0.5626492 0.44058937 0
vt 0.64380425 0.4521991 0
vt 0.637172 0.4521811 0
vt 0.6310597 0.45216453 0
vt 0.62570214 0.45214993 0
vt 0.62130535 0.45213795 0
vt 0.6180383 0.45212913 0
vt 0.61602646 0.45212364 0
vt 0.6045954 0.037403375 0
vt 0.60909605 0.02673158 0
vt 0.5574778 0.03731665 0
vt 0.5653868 0.026695222 0
vt 0.51397693 0.037240475 0
vt 0.5249497 0.026669472 0
vt 0.475775 0.03717783 0
vt 0.48936063 0.026655465 0
vt 0.4443575 0.037131578 0
vt 0.4600212 0.026653558 0
vt 0.42095196 0.037103325 0
vt 0.43809986 0.026664883 0
vt 0.40648043 0.037094504 0
vt 0.42448354 0.026689023 0
vt 0.6010262 0.051963955 0
vt 0.5510493 0.051844686 0
vt 0.5049595 0.051736146 0
vt 0.46453226 0.051642686 0
vt 0.431328 0.05156806 0
vt 0.406631 0.051515132 0
vt 0.3913992 0.051485986 0
vt 0.6025637 0.09151225 0
vt 0.625402 0.095807165 0
vt 0.74941665 0.075323716 0
vt 0.72442347 0.08602078 0
vt 0.57798284 0.083689906 0
vt 0.7928122 0.04736758 0
vt 0.7734188 0.062124383 0
vt 0.8157956 0.020877698 0
vt 0.8039798 0.031998582 0
vt 0.441125 0.019820021 0
vt 0.46563908 0.01592257 0
vt 0.8371339 0.0188652 0
vt 0.36399478 0.086714864 0
vt 0.36887413 0.074450016 0
vt 0.37498325 0.06541019 0
vt 0.7558138 0.59368885 0
vt 0.75581384 0.5499998 0
vt 0.3564183 0.09449264 0
vt 0.75581384 0.6832279 0
vt 0.7558138 0.63824224 0
vt 0.7558138 0.77276695 0
vt 0.7558138 0.72821355 0
vt 0.75581384 0.8588651 0
vt 0.7558138 0.81645596 0
vt 0.7558138 0.93821365 0
vt 0.7558138 0.89957863 0
vt 0.43218428 0.36256936 0
vt 0.41185892 0.33990654 0
vt 0.7558138 0.97438705 0
vt 0.47896248 0.40135878 0
vt 0.4546275 0.38311586 0
vt 0.53237325 0.43023255 0
vt 0.5049637 0.4171107 0
vt 0.5609333 0.44058466 0
vt 0.40156034 0.037099194 0
vt 0.41980895 0.02671256 0
vt 0.38624838 0.0514792 0
vt 0.6242342 0.08742592 0
vt 0.6247593 0.07514563 0
vt 0.6233833 0.09523296 0
vt 0.6235183 0.10603908 0
vt 0.26270425 0.9733962 0
vt 0.26316237 0.94287604 0
vt 0.26331037 0.9120634 0
vt 0.26316237 0.8812508 0
vt 0.26272118 0.8507343 0
vt 0.2619896 0.82080966 0
vt 0.26097623 0.79176205 0
vt 0.25968927 0.7638754 0
vt 0.25812554 0.7374163 0
vt 0.2562817 0.7126506 0
vt 0.25421014 0.6898008 0
vt 0.2519632 0.66908973 0
vt 0.24954632 0.65070933 0
vt 0.24696502 0.63485247 0
vt 0.24424484 0.6216591 0
vt 0.24141139 0.61126953 0
vt 0.6419298 0.4408049 0
vt 0.6445493 0.44797832 0
vt 0.64673984 0.4517069 0
vt 0.6513631 0.093455404 0
vt 0.6536883 0.08582845 0
vt 0.6561645 0.07507023 0
vt 0.6585497 0.061812133 0
vt 0.66048694 0.04700783 0
vt 0.6616195 0.031611532 0
vt 0.662884 0.020354956 0
vt 0.6652177 0.017969877 0
vt 0.6375576 0.015961975 0
vt 0.6346421 0.01967737 0
vt 0.6254696 0.06606451 0
vt 0.6316541 0.026753455 0
vt 0.6289474 0.037449926 0
vt 0.6268758 0.05202636 0
vt 0.6247593 0.07514563 0
vt 0.6242342 0.08742592 0
vt 0.6233833 0.09523296 0
vt 0.6235183 0.10603908 0
vt 0.26270425 0.9733962 0
vt 0.26316237 0.94287604 0
vt 0.26331037 0.9120634 0
vt 0.26316237 0.8812508 0
vt 0.26272118 0.8507343 0
vt 0.2619896 0.82080966 0
vt 0.26097623 0.79176205 0
vt 0.25968927 0.7638754 0
vt 0.25812554 0.7374163 0
vt 0.2562817 0.7126506 0
vt 0.25421014 0.6898008 0
vt 0.2519632 0.66908973 0
vt 0.24954632 0.65070933 0
vt 0.24696502 0.63485247 0
vt 0.24424484 0.6216591 0
vt 0.24141139 0.61126953 0
vt 0.6419298 0.4408049 0
vt 0.6445493 0.44797832 0
vt 0.64673984 0.4517069 0
vt 0.6513631 0.093455404 0
vt 0.6536883 0.08582845 0
vt 0.6561645 0.07507023 0
vt 0.6585497 0.061812133 0
vt 0.66048694 0.04700783 0
vt 0.6616195 0.031611532 0
vt 0.662884 0.020354956 0
vt 0.6652177 0.017969877 0
vt 0.6375576 0.015961975 0
vt 0.6346421 0.01967737 0
vt 0.6254696 0.06606451 0
vt 0.6316541 0.026753455 0
vt 0.6289474 0.037449926 0
vt 0.6268758 0.05202636 0
vt 0.6498315 0.097398415 0
vt 0.649834 0.09651328 0
vt 0.6066353 0.09185166 0
vt 0.62778974 0.09633828 0
vt 0.6035784 0.09179561 0
vt 0.626036 0.09629727 0
vt 0.5794401 0.083938956 0
vt 0.6035418 0.091898024 0
vt 0.5608583 0.44109052 0
vt 0.5889863 0.4484897 0
vt 0.5890412 0.44820458 0
vt 0.6150646 0.45251405 0
vt 0.6277897 0.096338585 0
vt 0.6066353 0.09185185 0
vt 0.626036 0.09629723 0
vt 0.6035784 0.091795586 0
vt 0.6035418 0.09189811 0
vt 0.5794401 0.08393901 0
vt 0.58898604 0.44849074 0
vt 0.56085813 0.44109148 0
vt 0.6150646 0.4525145 0
vt 0.5890411 0.44820485 0
vt 0.6163765 0.4522556 0
vt 0.64048815 0.4521901 0
vt 0.6283809 0.45215723 0
vt 0.6196718 0.45213354 0
vt 0.6155455 0.4523191 0
vt 0.62957 0.4521531 0
vt 0.65488756 0.09783122 0
vt 0.66546047 0.09785998 0
vt 0.6730658 0.09788066 0
vt 0.6269407 0.096079275 0
vt 0.62571895 0.096052215 0
vt 0.6633452 0.09782199 0
vt 0.6269407 0.09607943 0
vt 0.62571895 0.0960522 0
vt 0 1 0
vt 0.03125 1 0
vt 0.0625 1 0
vt 0.09375 1 0
vt 0.125 1 0
vt 0.15625 1 0
vt 0.1875 1 0
vt 0.21874999 1 0
vt 0.24999999 1 0
vt 0.28124997 1 0
vt 0.31249997 1 0
vt 0.34374997 1 0
vt 0.375 1 0
vt 0.40625 1 0
vt 0.4375 1 0
vt 0.46875003 1 0
vt 0.50000006 1 0
vt 0.53125006 1 0
vt 0.56250006 1 0
vt 0.59375006 1 0
vt 0.62500006 1 0
vt 0.65625006 1 0
vt 0.6875001 1 0
vt 0.7187501 1 0
vt 0.7500001 1 0
vt 0.7812501 1 0
vt 0.8125001 1 0
vt 0.8437502 1 0
vt 0.8750002 1 0
vt 0.9062502 1 0
vt 0.9375002 1 0
vt 0.9687502 1 0
vt 0 0.9375 0
vt 0.03125 0.9375 0
vt 0.0625 0.9375 0
vt 0.09375 0.9375 0
vt 0.125 0.9375 0
vt 0.15625 0.9375 0
vt 0.1875 0.9375 0
vt 0.21874999 0.9375 0
vt 0.24999999 0.9375 0
vt 0.28124997 0.9375 0
vt 0.31249997 0.9375 0
vt 0.34374997 0.9375 0
vt 0.375 0.9375 0
vt 0.40625 0.9375 0
vt 0.4375 0.9375 0
vt 0.46875003 0.9375 0
vt 0.50000006 0.9375 0
vt 0.53125006 0.9375 0
vt 0.56250006 0.9375 0
vt 0.59375006 0.9375 0
vt 0.62500006 0.9375 0
vt 0.65625006 0.9375 0
vt 0.6875001 0.9375 0
vt 0.7187501 0.9375 0
vt 0.7500001 0.9375 0
vt 0.7812501 0.9375 0
vt 0.8125001 0.9375 0
vt 0.8437502 0.9375 0
vt 0.8750002 0.9375 0
vt 0.9062502 0.9375 0
vt 0.9375002 0.9375 0
vt 0.9687502 0.9375 0
vt 1.0000002 0.9375 0
vt 0 0.875 0
vt 0.03125 0.875 0
vt 0.0625 0.875 0
vt 0.09375 0.875 0
vt 0.125 0.875 0
vt 0.15625 0.875 0
vt 0.1875 0.875 0
vt 0.21874999 0.875 0
vt 0.24999999 0.875 0
vt 0.28124997 0.875 0
vt 0.31249997 0.875 0
vt 0.34374997 0.875 0
vt 0.375 0.875 0
vt 0.40625 0.875 0
vt 0.4375 0.875 0
vt 0.46875003 0.875 0
vt 0.50000006 0.875 0
vt 0.53125006 0.875 0
vt 0.56250006 0.875 0
vt 0.59375006 0.875 0
vt 0.62500006 0.875 0
vt 0.65625006 0.875 0
vt 0.6875001 0.875 0
vt 0.7187501 0.875 0
vt 0.7500001 0.875 0
vt 0.7812501 0.875 0
vt 0.8125001 0.875 0
vt 0.8437502 0.875 0
vt 0.8750002 0.875 0
vt 0.9062502 0.875 0
vt 0.9375002 0.875 0
vt 0.9687502 0.875 0
vt 1.0000002 0.875 0
vt 0 0.8125 0
vt 0.03125 0.8125 0
vt 0.0625 0.8125 0
vt 0.09375 0.8125 0
vt 0.125 0.8125 0
vt 0.15625 0.8125 0
vt 0.1875 0.8125 0
vt 0.21874999 0.8125 0
vt 0.24999999 0.8125 0
vt 0.28124997 0.8125 0
vt 0.31249997 0.8125 0
vt 0.34374997 0.8125 0
vt 0.375 0.8125 0
vt 0.40625 0.8125 0
vt 0.4375 0.8125 0
vt 0.46875003 0.8125 0
vt 0.50000006 0.8125 0
vt 0.53125006 0.8125 0
vt 0.56250006 0.8125 0
vt 0.59375006 0.8125 0
vt 0.62500006 0.8125 0
vt 0.65625006 0.8125 0
vt 0.6875001 0.8125 0
vt 0.7187501 0.8125 0
vt 0.7500001 0.8125 0
vt 0.7812501 0.8125 0
vt 0.8125001 0.8125 0
vt 0.8437502 0.8125 0
vt 0.8750002 0.8125 0
vt 0.9062502 0.8125 0
vt 0.9375002 0.8125 0
vt 0.9687502 0.8125 0
vt 1.0000002 0.8125 0
vt 0 0.75 0
vt 0.03125 0.75 0
vt 0.0625 0.75 0
vt 0.09375 0.75 0
vt 0.125 0.75 0
vt 0.15625 0.75 0
vt 0.1875 0.75 0
vt 0.21874999 0.75 0
vt 0.24999999 0.75 0
vt 0.28124997 0.75 0
vt 0.31249997 0.75 0
vt 0.34374997 0.75 0
vt 0.375 0.75 0
vt 0.40625 0.75 0
vt 0.4375 0.75 0
vt 0.46875003 0.75 0
vt 0.50000006 0.75 0
vt 0.53125006 0.75 0
vt 0.56250006 0.75 0
vt 0.59375006 0.75 0
vt 0.62500006 0.75 0
vt 0.65625006 0.75 0
vt 0.6875001 0.75 0
vt 0.7187501 0.75 0
vt 0.7500001 0.75 0
vt 0.7812501 0.75 0
vt 0.8125001 0.75 0
vt 0.8437502 0.75 0
vt 0.8750002 0.75 0
vt 0.9062502 0.75 0
vt 0.9375002 0.75 0
vt 0.9687502 0.75 0
vt 1.0000002 0.75 0
vt 0 0.6875 0
vt 0.03125 0.6875 0
vt 0.0625 0.6875 0
vt 0.09375 0.6875 0
vt 0.125 0.6875 0
vt 0.15625 0.6875 0
vt 0.1875 0.6875 0
vt 0.21874999 0.6875 0
vt 0.24999999 0.6875 0
vt 0.28124997 0.6875 0
vt 0.31249997 0.6875 0
vt 0.34374997 0.6875 0
vt 0.375 0.6875 0
vt 0.40625 0.6875 0
vt 0.4375 0.6875 0
vt 0.46875003 0.6875 0
vt 0.50000006 0.6875 0
vt 0.53125006 0.6875 0
vt 0.56250006 0.6875 0
vt 0.59375006 0.6875 0
vt 0.62500006 0.6875 0
vt 0.65625006 0.6875 0
vt 0.6875001 0.6875 0
vt 0.7187501 0.6875 0
vt 0.7500001 0.6875 0
vt 0.7812501 0.6875 0
vt 0.8125001 0.6875 0
vt 0.8437502 0.6875 0
vt 0.8750002 0.6875 0
vt 0.9062502 0.6875 0
vt 0.9375002 0.6875 0
vt 0.9687502 0.6875 0
vt 1.0000002 0.6875 0
vt 0 0.625 0
vt 0.03125 0.625 0
vt 0.0625 0.625 0
vt 0.09375 0.625 0
vt 0.125 0.625 0
vt 0.15625 0.625 0
vt 0.1875 0.625 0
vt 0.21874999 0.625 0
vt 0.24999999 0.625 0
vt 0.28124997 0.625 0
vt 0.31249997 0.625 0
vt 0.34374997 0.625 0
vt 0.375 0.625 0
vt 0.40625 0.625 0
vt 0.4375 0.625 0
vt 0.46875003 0.625 0
vt 0.50000006 0.625 0
vt 0.53125006 0.625 0
vt 0.56250006 0.625 0
vt 0.59375006 0.625 0
vt 0.62500006 0.625 0
vt 0.65625006 0.625 0
vt 0.6875001 0.625 0
vt 0.7187501 0.625 0
vt 0.7500001 0.625 0
vt 0.7812501 0.625 0
vt 0.8125001 0.625 0
vt 0.8437502 0.625 0
vt 0.8750002 0.625 0
vt 0.9062502 0.625 0
vt 0.9375002 0.625 0
vt 0.9687502 0.625 0
vt 1.0000002 0.625 0
vt 0 0.5625 0
vt 0.03125 0.5625 0
vt 0.0625 0.5625 0
vt 0.09375 0.5625 0
vt 0.125 0.5625 0
vt 0.15625 0.5625 0
vt 0.1875 0.5625 0
vt 0.21874999 0.5625 0
vt 0.24999999 0.5625 0
vt 0.28124997 0.5625 0
vt 0.31249997 0.5625 0
vt 0.34374997 0.5625 0
vt 0.375 0.5625 0
vt 0.40625 0.5625 0
vt 0.4375 0.5625 0
vt 0.46875003 0.5625 0
vt 0.50000006 0.5625 0
vt 0.53125006 0.5625 0
vt 0.56250006 0.5625 0
vt 0.59375006 0.5625 0
vt 0.62500006 0.5625 0
vt 0.65625006 0.5625 0
vt 0.6875001 0.5625 0
vt 0.7187501 0.5625 0
vt 0.7500001 0.5625 0
vt 0.7812501 0.5625 0
vt 0.8125001 0.5625 0
vt 0.8437502 0.5625 0
vt 0.8750002 0.5625 0
vt 0.9062502 0.5625 0
vt 0.9375002 0.5625 0
vt 0.9687502 0.5625 0
vt 1.0000002 0.5625 0
vt 0 0.5 0
vt 0.03125 0.5 0
vt 0.0625 0.5 0
vt 0.09375 0.5 0
vt 0.125 0.5 0
vt 0.15625 0.5 0
vt 0.1875 0.5 0
vt 0.21874999 0.5 0
vt 0.24999999 0.5 0
vt 0.28124997 0.5 0
vt 0.31249997 0.5 0
vt 0.34374997 0.5 0
vt 0.375 0.5 0
vt 0.40625 0.5 0
vt 0.4375 0.5 0
vt 0.46875003 0.5 0
vt 0.50000006 0.5 0
vt 0.53125006 0.5 0
vt 0.56250006 0.5 0
vt 0.59375006 0.5 0
vt 0.62500006 0.5 0
vt 0.65625006 0.5 0
vt 0.6875001 0.5 0
vt 0.7187501 0.5 0
vt 0.7500001 0.5 0
vt 0.7812501 0.5 0
vt 0.8125001 0.5 0
vt 0.8437502 0.5 0
vt 0.8750002 0.5 0
vt 0.9062502 0.5 0
vt 0.9375002 0.5 0
vt 0.9687502 0.5 0
vt 1.0000002 0.5 0
vt 0 0.43750006 0
vt 0.03125 0.43750006 0
vt 0.0625 0.43750006 0
vt 0.09375 0.43750006 0
vt 0.125 0.43750006 0
vt 0.15625 0.43750006 0
vt 0.1875 0.43750006 0
vt 0.21874999 0.43750006 0
vt 0.24999999 0.43750006 0
vt 0.28124997 0.43750006 0
vt 0.31249997 0.43750006 0
vt 0.34374997 0.43750006 0
vt 0.375 0.43750006 0
vt 0.40625 0.43750006 0
vt 0.4375 0.43750006 0
vt 0.46875003 0.43750006 0
vt 0.50000006 0.43750006 0
vt 0.53125006 0.43750006 0
vt 0.56250006 0.43750006 0
vt 0.59375006 0.43750006 0
vt 0.62500006 0.43750006 0
vt 0.65625006 0.43750006 0
vt 0.6875001 0.43750006 0
vt 0.7187501 0.43750006 0
vt 0.7500001 0.43750006 0
vt 0.7812501 0.43750006 0
vt 0.8125001 0.43750006 0
vt 0.8437502 0.43750006 0
vt 0.8750002 0.43750006 0
vt 0.9062502 0.43750006 0
vt 0.9375002 0.43750006 0
vt 0.9687502 0.43750006 0
vt 1.0000002 0.43750006 0
vt 0 0.37500006 0
vt 0.03125 0.37500006 0
vt 0.0625 0.37500006 0
vt 0.09375 0.37500006 0
vt 0.125 0.37500006 0
vt 0.15625 0.37500006 0
vt 0.1875 0.37500006 0
vt 0.21874999 0.37500006 0
vt 0.24999999 0.37500006 0
vt 0.28124997 0.37500006 0
vt 0.31249997 0.37500006 0
vt 0.34374997 0.37500006 0
vt 0.375 0.37500006 0
vt 0.40625 0.37500006 0
vt 0.4375 0.37500006 0
vt 0.46875003 0.37500006 0
vt 0.50000006 0.37500006 0
vt 0.53125006 0.37500006 0
vt 0.56250006 0.37500006 0
vt 0.59375006 0.37500006 0
vt 0.62500006 0.37500006 0
vt 0.65625006 0.37500006 0
vt 0.6875001 0.37500006 0
vt 0.7187501 0.37500006 0
vt 0.7500001 0.37500006 0
vt 0.7812501 0.37500006 0
vt 0.8125001 0.37500006 0
vt 0.8437502 0.37500006 0
vt 0.8750002 0.37500006 0
vt 0.9062502 0.37500006 0
vt 0.9375002 0.37500006 0
vt 0.9687502 0.37500006 0
vt 1.0000002 0.37500006 0
vt 0 0.31250006 0
vt 0.03125 0.31250006 0
vt 0.0625 0.31250006 0
vt 0.09375 0.31250006 0
vt 0.125 0.31250006 0
vt 0.15625 0.31250006 0
vt 0.1875 0.31250006 0
vt 0.21874999 0.31250006 0
vt 0.24999999 0.31250006 0
vt 0.28124997 0.31250006 0
vt 0.31249997 0.31250006 0
vt 0.34374997 0.31250006 0
vt 0.375 0.31250006 0
vt 0.40625 0.31250006 0
vt 0.4375 0.31250006 0
vt 0.46875003 0.31250006 0
vt 0.50000006 0.31250006 0
vt 0.53125006 0.31250006 0
vt 0.56250006 0.31250006 0
vt 0.59375006 0.31250006 0
vt 0.62500006 0.31250006 0
vt 0.65625006 0.31250006 0
vt 0.6875001 0.31250006 0
vt 0.7187501 0.31250006 0
vt 0.7500001 0.31250006 0
vt 0.7812501 0.31250006 0
vt 0.8125001 0.31250006 0
vt 0.8437502 0.31250006 0
vt 0.8750002 0.31250006 0
vt 0.9062502 0.31250006 0
vt 0.9375002 0.31250006 0
vt 0.9687502 0.31250006 0
vt 1.0000002 0.31250006 0
vt 0 0.25 0
vt 0.03125 0.25 0
vt 0.0625 0.25 0
vt 0.09375 0.25 0
vt 0.125 0.25 0
vt 0.15625 0.25 0
vt 0.1875 0.25 0
vt 0.21874999 0.25 0
vt 0.24999999 0.25 0
vt 0.28124997 0.25 0
vt 0.31249997 0.25 0
vt 0.34374997 0.25 0
vt 0.375 0.25 0
vt 0.40625 0.25 0
vt 0.4375 0.25 0
vt 0.46875003 0.25 0
vt 0.50000006 0.25 0
vt 0.53125006 0.25 0
vt 0.56250006 0.25 0
vt 0.59375006 0.25 0
vt 0.62500006 0.25 0
vt 0.65625006 0.25 0
vt 0.6875001 0.25 0
vt 0.7187501 0.25 0
vt 0.7500001 0.25 0
vt 0.7812501 0.25 0
vt 0.8125001 0.25 0
vt 0.8437502 0.25 0
vt 0.8750002 0.25 0
vt 0.9062502 0.25 0
vt 0.9375002 0.25 0
vt 0.9687502 0.25 0
vt 1.0000002 0.25 0
vt 0 0.1875 0
vt 0.03125 0.1875 0
vt 0.0625 0.1875 0
vt 0.09375 0.1875 0
vt 0.125 0.1875 0
vt 0.15625 0.1875 0
vt 0.1875 0.1875 0
vt 0.21874999 0.1875 0
vt 0.24999999 0.1875 0
vt 0.28124997 0.1875 0
vt 0.31249997 0.1875 0
vt 0.34374997 0.1875 0
vt 0.375 0.1875 0
vt 0.40625 0.1875 0
vt 0.4375 0.1875 0
vt 0.46875003 0.1875 0
vt 0.50000006 0.1875 0
vt 0.53125006 0.1875 0
vt 0.56250006 0.1875 0
vt 0.59375006 0.1875 0
vt 0.62500006 0.1875 0
vt 0.65625006 0.1875 0
vt 0.6875001 0.1875 0
vt 0.7187501 0.1875 0
vt 0.7500001 0.1875 0
vt 0.7812501 0.1875 0
vt 0.8125001 0.1875 0
vt 0.8437502 0.1875 0
vt 0.8750002 0.1875 0
vt 0.9062502 0.1875 0
vt 0.9375002 0.1875 0
vt 0.9687502 0.1875 0
vt 1.0000002 0.1875 0
vt 0 0.125 0
vt 0.03125 0.125 0
vt 0.0625 0.125 0
vt 0.09375 0.125 0
vt 0.125 0.125 0
vt 0.15625 0.125 0
vt 0.1875 0.125 0
vt 0.21874999 0.125 0
vt 0.24999999 0.125 0
vt 0.28124997 0.125 0
vt 0.31249997 0.125 0
vt 0.34374997 0.125 0
vt 0.375 0.125 0
vt 0.40625 0.125 0
vt 0.4375 0.125 0
vt 0.46875003 0.125 0
vt 0.50000006 0.125 0
vt 0.53125006 0.125 0
vt 0.56250006 0.125 0
vt 0.59375006 0.125 0
vt 0.62500006 0.125 0
vt 0.65625006 0.125 0
vt 0.6875001 0.125 0
vt 0.7187501 0.125 0
vt 0.7500001 0.125 0
vt 0.7812501 0.125 0
vt 0.8125001 0.125 0
vt 0.8437502 0.125 0
vt 0.8750002 0.125 0
vt 0.9062502 0.125 0
vt 0.9375002 0.125 0
vt 0.9687502 0.125 0
vt 1.0000002 0.125 0
vt 0 0.06249994 0
vt 0.03125 0.06249994 0
vt 0.0625 0.06249994 0
vt 0.09375 0.06249994 0
vt 0.125 0.06249994 0
vt 0.15625 0.06249994 0
vt 0.1875 0.06249994 0
vt 0.21874999 0.06249994 0
vt 0.24999999 0.06249994 0
vt 0.28124997 0.06249994 0
vt 0.31249997 0.06249994 0
vt 0.34374997 0.06249994 0
vt 0.375 0.06249994 0
vt 0.40625 0.06249994 0
vt 0.4375 0.06249994 0
vt 0.46875003 0.06249994 0
vt 0.50000006 0.06249994 0
vt 0.53125006 0.06249994 0
vt 0.56250006 0.06249994 0
vt 0.59375006 0.06249994 0
vt 0.62500006 0.06249994 0
vt 0.65625006 0.06249994 0
vt 0.6875001 0.06249994 0
vt 0.7187501 0.06249994 0
vt 0.7500001 0.06249994 0
vt 0.7812501 0.06249994 0
vt 0.8125001 0.06249994 0
vt 0.8437502 0.06249994 0
vt 0.8750002 0.06249994 0
vt 0.9062502 0.06249994 0
vt 0.9375002 0.06249994 0
vt 0.9687502 0.06249994 0
vt 1.0000002 0.06249994 0
vt 0 -1.1920929E-07 0
vt 0.03125 -1.1920929E-07 0
vt 0.0625 -1.1920929E-07 0
vt 0.09375 -1.1920929E-07 0
vt 0.125 -1.1920929E-07 0
vt 0.15625 -1.1920929E-07 0
vt 0.1875 -1.1920929E-07 0
vt 0.21874999 -1.1920929E-07 0
vt 0.24999999 -1.1920929E-07 0
vt 0.28124997 -1.1920929E-07 0
vt 0.31249997 -1.1920929E-07 0
vt 0.34374997 -1.1920929E-07 0
vt 0.375 -1.1920929E-07 0
vt 0.40625 -1.1920929E-07 0
vt 0.4375 -1.1920929E-07 0
vt 0.46875003 -1.1920929E-07 0
vt 0.50000006 -1.1920929E-07 0
vt 0.53125006 -1.1920929E-07 0
vt 0.56250006 -1.1920929E-07 0
vt 0.59375006 -1.1920929E-07 0
vt 0.62500006 -1.1920929E-07 0
vt 0.65625006 -1.1920929E-07 0
vt 0.6875001 -1.1920929E-07 0
vt 0.7187501 -1.1920929E-07 0
vt 0.7500001 -1.1920929E-07 0
vt 0.7812501 -1.1920929E-07 0
vt 0.8125001 -1.1920929E-07 0
vt 0.8437502 -1.1920929E-07 0
vt 0.8750002 -1.1920929E-07 0
vt 0.9062502 -1.1920929E-07 0
vt 0.9375002 -1.1920929E-07 0
vt 0.9687502 -1.1920929E-07 0
vt 0.0032662265 0.9375 0
vt 0.0032662265 0.99346757 0
vt 0.03125 0.99346757 0
vt 0.032915115 0.99666977 0
vt 0.0625 0.99666977 0
vt 0.06364695 0.9977061 0
vt 0.09375 0.9977061 0
vt 0.094651155 0.9981977 0
vt 0.125 0.9981977 0
vt 0.12576637 0.99846727 0
vt 0.15625 0.99846727 0
vt 0.15693972 0.99862057 0
vt 0.1875 0.99862057 0
vt 0.1881497 0.9987006 0
vt 0.21874999 0.9987006 0
vt 0.2193872 0.9987256 0
vt 0.24999999 0.9987256 0
vt 0.2506497 0.9987006 0
vt 0.28124997 0.9987006 0
vt 0.2819397 0.99862057 0
vt 0.31249997 0.99862057 0
vt 0.31326634 0.99846727 0
vt 0.34374997 0.99846727 0
vt 0.34465113 0.9981977 0
vt 0.375 0.9981977 0
vt 0.37614694 0.9977061 0
vt 0.40625 0.9977061 0
vt 0.40791512 0.99666977 0
vt 0.4375 0.99666977 0
vt 0.44076625 0.9934675 0
vt 0.46875003 0.9934675 0
vt 0.4967338 0.9375 0
vt 0.0016651128 0.875 0
vt 0.4983349 0.875 0
vt 0.0011469508 0.81250006 0
vt 0.4988531 0.8125 0
vt 0.0009011537 0.75 0
vt 0.4990989 0.75 0
vt 0.0007663684 0.6875 0
vt 0.49923366 0.6875 0
vt 0.00068971346 0.625 0
vt 0.49931034 0.625 0
vt 0.0006496958 0.5625 0
vt 0.49935034 0.5625 0
vt 0.00063721207 0.5 0
vt 0.49936283 0.5 0
vt 0.0006496958 0.43750003 0
vt 0.49935034 0.43750006 0
vt 0.00068971334 0.37500006 0
vt 0.49931034 0.37500006 0
vt 0.0007663684 0.31250006 0
vt 0.49923366 0.31250006 0
vt 0.0009011537 0.25 0
vt 0.4990989 0.25 0
vt 0.0011469509 0.18749999 0
vt 0.4988531 0.1875 0
vt 0.0016651135 0.125 0
vt 0.4983349 0.125 0
vt 0.0032662302 0.06249994 0
vt 0.4967338 0.06249994 0
vt 0.003266231 0.006532349 0
vt 0.03125 0.006532349 0
vt 0.032915115 0.003330115 0
vt 0.0625 0.003330115 0
vt 0.06364695 0.0022937888 0
vt 0.09375 0.0022937888 0
vt 0.094651155 0.0018021932 0
vt 0.125 0.0018021932 0
vt 0.12576637 0.0015326219 0
vt 0.15625 0.0015326219 0
vt 0.15693972 0.0013793116 0
vt 0.1875 0.0013793116 0
vt 0.18814969 0.0012992762 0
vt 0.21874999 0.0012992762 0
vt 0.2193872 0.0012743089 0
vt 0.24999999 0.0012743089 0
vt 0.25064966 0.0012992764 0
vt 0.28124997 0.0012992764 0
vt 0.2819397 0.001379312 0
vt 0.31249997 0.001379312 0
vt 0.31326634 0.0015326225 0
vt 0.34374997 0.0015326225 0
vt 0.34465113 0.0018021944 0
vt 0.375 0.0018021944 0
vt 0.37614697 0.002293791 0
vt 0.40625 0.002293791 0
vt 0.40791512 0.003330121 0
vt 0.4375 0.003330121 0
vt 0.44076625 0.0065323776 0
vt 0.46875003 0.0065323776 0
vt 0.03125 0.9375 0
vt 0.03125 0.875 0
vt 0.0625 0.875 0
vt 0.0625 0.9375 0
vt 0.09375 0.875 0
vt 0.09375 0.9375 0
vt 0.125 0.875 0
vt 0.125 0.9375 0
vt 0.15625 0.875 0
vt 0.15625 0.9375 0
vt 0.1875 0.875 0
vt 0.1875 0.9375 0
vt 0.21874999 0.875 0
vt 0.21874999 0.9375 0
vt 0.24999999 0.875 0
vt 0.24999999 0.9375 0
vt 0.28124997 0.875 0
vt 0.28124997 0.9375 0
vt 0.31249997 0.875 0
vt 0.31249997 0.9375 0
vt 0.34374997 0.875 0
vt 0.34374997 0.9375 0
vt 0.375 0.875 0
vt 0.375 0.9375 0
vt 0.40625 0.875 0
vt 0.40625 0.9375 0
vt 0.4375 0.875 0
vt 0.4375 0.9375 0
vt 0.46875003 0.875 0
vt 0.46875003 0.9375 0
vt 0.4983349 0.875 0
vt 0.4967338 0.9375 0
vt 0.03125 0.8125 0
vt 0.0625 0.8125 0
vt 0.09375 0.8125 0
vt 0.125 0.8125 0
vt 0.15625 0.8125 0
vt 0.1875 0.8125 0
vt 0.21874999 0.8125 0
vt 0.24999999 0.8125 0
vt 0.28124997 0.8125 0
vt 0.31249997 0.8125 0
vt 0.34374997 0.8125 0
vt 0.375 0.8125 0
vt 0.40625 0.8125 0
vt 0.4375 0.8125 0
vt 0.46875003 0.8125 0
vt 0.4988531 0.8125 0
vt 0.03125 0.75 0
vt 0.0625 0.75 0
vt 0.09375 0.75 0
vt 0.125 0.75 0
vt 0.15625 0.75 0
vt 0.1875 0.75 0
vt 0.21874999 0.75 0
vt 0.24999999 0.75 0
vt 0.28124997 0.75 0
vt 0.31249997 0.75 0
vt 0.34374997 0.75 0
vt 0.375 0.75 0
vt 0.40625 0.75 0
vt 0.4375 0.75 0
vt 0.46875003 0.75 0
vt 0.4990989 0.75 0
vt 0.03125 0.6875 0
vt 0.0625 0.6875 0
vt 0.09375 0.6875 0
vt 0.125 0.6875 0
vt 0.15625 0.6875 0
vt 0.1875 0.6875 0
vt 0.21874999 0.6875 0
vt 0.24999999 0.6875 0
vt 0.28124997 0.6875 0
vt 0.31249997 0.6875 0
vt 0.34374997 0.6875 0
vt 0.375 0.6875 0
vt 0.40625 0.6875 0
vt 0.4375 0.6875 0
vt 0.46875003 0.6875 0
vt 0.49923366 0.6875 0
vt 0.03125 0.625 0
vt 0.0625 0.625 0
vt 0.09375 0.625 0
vt 0.125 0.625 0
vt 0.15625 0.625 0
vt 0.1875 0.625 0
vt 0.21874999 0.625 0
vt 0.24999999 0.625 0
vt 0.28124997 0.625 0
vt 0.31249997 0.625 0
vt 0.34374997 0.625 0
vt 0.375 0.625 0
vt 0.40625 0.625 0
vt 0.4375 0.625 0
vt 0.46875003 0.625 0
vt 0.49931034 0.625 0
vt 0.03125 0.5625 0
vt 0.0625 0.5625 0
vt 0.09375 0.5625 0
vt 0.125 0.5625 0
vt 0.15625 0.5625 0
vt 0.1875 0.5625 0
vt 0.21874999 0.5625 0
vt 0.24999999 0.5625 0
vt 0.28124997 0.5625 0
vt 0.31249997 0.5625 0
vt 0.34374997 0.5625 0
vt 0.375 0.5625 0
vt 0.40625 0.5625 0
vt 0.4375 0.5625 0
vt 0.46875003 0.5625 0
vt 0.49935034 0.5625 0
vt 0.03125 0.5 0
vt 0.0625 0.5 0
vt 0.09375 0.5 0
vt 0.125 0.5 0
vt 0.15625 0.5 0
vt 0.1875 0.5 0
vt 0.21874999 0.5 0
vt 0.24999999 0.5 0
vt 0.28124997 0.5 0
vt 0.31249997 0.5 0
vt 0.34374997 0.5 0
vt 0.375 0.5 0
vt 0.40625 0.5 0
vt 0.4375 0.5 0
vt 0.46875003 0.5 0
vt 0.49936283 0.5 0
vt 0.03125 0.43750006 0
vt 0.0625 0.43750006 0
vt 0.09375 0.43750006 0
vt 0.125 0.43750006 0
vt 0.15625 0.43750006 0
vt 0.1875 0.43750006 0
vt 0.21874999 0.43750006 0
vt 0.24999999 0.43750006 0
vt 0.28124997 0.43750006 0
vt 0.31249997 0.43750006 0
vt 0.34374997 0.43750006 0
vt 0.375 0.43750006 0
vt 0.40625 0.43750006 0
vt 0.4375 0.43750006 0
vt 0.46875003 0.43750006 0
vt 0.49935034 0.43750006 0
vt 0.03125 0.37500006 0
vt 0.0625 0.37500006 0
vt 0.09375 0.37500006 0
vt 0.125 0.37500006 0
vt 0.15625 0.37500006 0
vt 0.1875 0.37500006 0
vt 0.21874999 0.37500006 0
vt 0.24999999 0.37500006 0
vt 0.28124997 0.37500006 0
vt 0.31249997 0.37500006 0
vt 0.34374997 0.37500006 0
vt 0.375 0.37500006 0
vt 0.40625 0.37500006 0
vt 0.4375 0.37500006 0
vt 0.46875003 0.37500006 0
vt 0.49931034 0.37500006 0
vt 0.03125 0.31250006 0
vt 0.0625 0.31250006 0
vt 0.09375 0.31250006 0
vt 0.125 0.31250006 0
vt 0.15625 0.31250006 0
vt 0.1875 0.31250006 0
vt 0.21874999 0.31250006 0
vt 0.24999999 0.31250006 0
vt 0.28124997 0.31250006 0
vt 0.31249997 0.31250006 0
vt 0.34374997 0.31250006 0
vt 0.375 0.31250006 0
vt 0.40625 0.31250006 0
vt 0.4375 0.31250006 0
vt 0.46875003 0.31250006 0
vt 0.49923366 0.31250006 0
vt 0.03125 0.25 0
vt 0.0625 0.25 0
vt 0.09375 0.25 0
vt 0.125 0.25 0
vt 0.15625 0.25 0
vt 0.1875 0.25 0
vt 0.21874999 0.25 0
vt 0.24999999 0.25 0
vt 0.28124997 0.25 0
vt 0.31249997 0.25 0
vt 0.34374997 0.25 0
vt 0.375 0.25 0
vt 0.40625 0.25 0
vt 0.4375 0.25 0
vt 0.46875003 0.25 0
vt 0.4990989 0.25 0
vt 0.03125 0.1875 0
vt 0.0625 0.1875 0
vt 0.09375 0.1875 0
vt 0.125 0.1875 0
vt 0.15625 0.1875 0
vt 0.1875 0.1875 0
vt 0.21874999 0.1875 0
vt 0.24999999 0.1875 0
vt 0.28124997 0.1875 0
vt 0.31249997 0.1875 0
vt 0.34374997 0.1875 0
vt 0.375 0.1875 0
vt 0.40625 0.1875 0
vt 0.4375 0.1875 0
vt 0.46875003 0.1875 0
vt 0.4988531 0.1875 0
vt 0.03125 0.125 0
vt 0.0625 0.125 0
vt 0.09375 0.125 0
vt 0.125 0.125 0
vt 0.15625 0.125 0
vt 0.1875 0.125 0
vt 0.21874999 0.125 0
vt 0.24999999 0.125 0
vt 0.28124997 0.125 0
vt 0.31249997 0.125 0
vt 0.34374997 0.125 0
vt 0.375 0.125 0
vt 0.40625 0.125 0
vt 0.4375 0.125 0
vt 0.46875003 0.125 0
vt 0.4983349 0.125 0
vt 0.03125 0.06249994 0
vt 0.0625 0.06249994 0
vt 0.09375 0.06249994 0
vt 0.125 0.06249994 0
vt 0.15625 0.06249994 0
vt 0.1875 0.06249994 0
vt 0.21874999 0.06249994 0
vt 0.24999999 0.06249994 0
vt 0.28124997 0.06249994 0
vt 0.31249997 0.06249994 0
vt 0.34374997 0.06249994 0
vt 0.375 0.06249994 0
vt 0.40625 0.06249994 0
vt 0.4375 0.06249994 0
vt 0.46875003 0.06249994 0
vt 0.4967338 0.06249994 0
vt 0.6564773 0.09359363 0
vt 0.66657114 0.093621105 0
vt 0.65778345 0.09783909 0
vt 0.6519917 0.09782335 0
vt 0.67587364 0.09364626 0
vt 0.66312116 0.09785363 0
vt 0.68402725 0.09366843 0
vt 0.6677997 0.09786633 0
vt 0.69071895 0.09368661 0
vt 0.67163926 0.09787676 0
vt 0.6956913 0.09370026 0
vt 0.67449236 0.097884566 0
vt 0.6066353 0.09185166 0
vt 0.6036109 0.09151706 0
vt 0.6260917 0.09582028 0
vt 0.62778974 0.09633828 0
vt 0.6035784 0.09179561 0
vt 0.6025637 0.09151225 0
vt 0.625402 0.095807165 0
vt 0.626036 0.09629727 0
vt 0.66130155 0.085849136 0
vt 0.676014 0.08588913 0
vt 0.66620123 0.07509753 0
vt 0.68559694 0.07515022 0
vt 0.689573 0.085926026 0
vt 0.7034721 0.07519886 0
vt 0.7014576 0.08595833 0
vt 0.71913975 0.07524142 0
vt 0.7112111 0.085984856 0
vt 0.7319979 0.075276405 0
vt 0.71845853 0.086004525 0
vt 0.7415524 0.07530233 0
vt 0.72292155 0.086016685 0
vt 0.6987532 0.093708485 0
vt 0.74743605 0.07531837 0
vt 0.6035418 0.091898024 0
vt 0.5794401 0.083938956 0
vt 0.57798284 0.083689906 0
vt 0.74941665 0.075323716 0
vt 0.72442347 0.08602078 0
vt 0.670913 0.06184575 0
vt 0.6948047 0.06191072 0
vt 0.67472905 0.047046572 0
vt 0.7022513 0.047121376 0
vt 0.71682334 0.06197056 0
vt 0.7276161 0.04719034 0
vt 0.7361229 0.062023014 0
vt 0.7498484 0.047250777 0
vt 0.75196165 0.062066108 0
vt 0.7680942 0.04730037 0
vt 0.7637309 0.062098056 0
vt 0.7816519 0.047337264 0
vt 0.77097833 0.062117785 0
vt 0.7900007 0.047359973 0
vt 0.7734188 0.062124383 0
vt 0.7928122 0.04736758 0
vt 0.6769416 0.031653196 0
vt 0.70655113 0.03173372 0
vt 0.67929333 0.020407468 0
vt 0.7110271 0.020510167 0
vt 0.73383945 0.03180787 0
vt 0.74030393 0.020606726 0
vt 0.7577579 0.0318729 0
vt 0.76599455 0.020692974 0
vt 0.77738726 0.031926244 0
vt 0.78710467 0.02076599 0
vt 0.79197323 0.03196594 0
vt 0.80281484 0.020822912 0
vt 0.80095506 0.03199032 0
vt 0.81251264 0.020861536 0
vt 0.8039798 0.031998582 0
vt 0.8157956 0.020877698 0
vt 0.68352693 0.018051237 0
vt 0.71900237 0.0182136 0
vt 0.6141172 0.019670814 0
vt 0.5743077 0.019665688 0
vt 0.5837724 0.015913278 0
vt 0.61924815 0.015943676 0
vt 0.7518201 0.0183703 0
vt 0.5374263 0.019670695 0
vt 0.5509544 0.015891403 0
vt 0.78070164 0.018514842 0
vt 0.50491714 0.019685656 0
vt 0.5220725 0.015879005 0
vt 0.8045099 0.018642038 0
vt 0.47807235 0.019710094 0
vt 0.4982639 0.0158768 0
vt 0.8222971 0.018747002 0
vt 0.45797467 0.019744128 0
vt 0.48047644 0.015885025 0
vt 0.8333441 0.018825918 0
vt 0.4454518 0.019786388 0
vt 0.46942914 0.01590386 0
vt 0.8371339 0.0188652 0
vt 0.441125 0.019820021 0
vt 0.46563908 0.01592257 0
vt 0.5985226 0.06599316 0
vt 0.5972192 0.07507077 0
vt 0.5439986 0.07492611 0
vt 0.54644233 0.06585571 0
vt 0.59622574 0.087349266 0
vt 0.54210865 0.08719942 0
vt 0.49495023 0.07479277 0
vt 0.49843735 0.06572941 0
vt 0.4922245 0.08706346 0
vt 0.451959 0.07467589 0
vt 0.4563533 0.06561914 0
vt 0.44849896 0.08694461 0
vt 0.416677 0.074579984 0
vt 0.42180908 0.0655292 0
vt 0.41261423 0.08684704 0
vt 0.39046 0.0745087 0
vt 0.39613456 0.06546286 0
vt 0.3859495 0.08677456 0
vt 0.3743158 0.07446483 0
vt 0.38031828 0.06542292 0
vt 0.36952955 0.086729914 0
vt 0.36887413 0.074450016 0
vt 0.37498325 0.06541019 0
vt 0.36399478 0.086714864 0
vt 0.5946518 0.095152974 0
vt 0.5391633 0.094991386 0
vt 0.59407455 0.105956405 0
vt 0.5362395 0.12458056 0
vt 0.48798674 0.09485036 0
vt 0.4838037 0.124432504 0
vt 0.4431228 0.09472835 0
vt 0.4378233 0.124307156 0
vt 0.40630388 0.094628274 0
vt 0.40008652 0.124204576 0
vt 0.37894493 0.09455389 0
vt 0.37204552 0.12412834 0
vt 0.36209738 0.09450811 0
vt 0.9269594 0.59368885 0
vt 0.8429212 0.59368885 0
vt 0.84079546 0.5499998 0
vt 0.9227895 0.5499998 0
vt 0.3564183 0.09449264 0
vt 0.7558138 0.59368885 0
vt 0.75581384 0.5499998 0
vt 0.29247794 0.97339904 0
vt 0.29337737 0.94287807 0
vt 0.3517237 0.9428907 0
vt 0.3499608 0.973416 0
vt 0.29367828 0.912064 0
vt 0.35233974 0.91206986 0
vt 0.4054914 0.9429037 0
vt 0.4029842 0.97342145 0
vt 0.40633667 0.9120895 0
vt 0.4526627 0.9429055 0
vt 0.44947988 0.97342217 0
vt 0.45373046 0.9120926 0
vt 0.4355829 0.13568142 0
vt 0.39729252 0.13557729 0
vt 0.43277228 0.15110347 0
vt 0.39429617 0.15099886 0
vt 0.36884013 0.13549998 0
vt 0.36570585 0.15092114 0
vt 0.9294743 0.63824224 0
vt 0.8442033 0.63824224 0
vt 0.93031794 0.6832279 0
vt 0.8446334 0.6832279 0
vt 0.7558138 0.63824224 0
vt 0.75581384 0.6832279 0
vt 0.29338577 0.8812508 0
vt 0.35177457 0.8812545 0
vt 0.2925076 0.8507343 0
vt 0.35005203 0.8507381 0
vt 0.40549982 0.8812764 0
vt 0.40299904 0.8507599 0
vt 0.4526627 0.88128024 0
vt 0.44947988 0.8507635 0
vt 0.43374538 0.17489028 0
vt 0.395455 0.17478615 0
vt 0.43681097 0.20507711 0
vt 0.3990742 0.20497453 0
vt 0.3670026 0.17470884 0
vt 0.3710332 0.2048983 0
vt 0.92947423 0.72821355 0
vt 0.8442033 0.72821355 0
vt 0.9269594 0.77276695 0
vt 0.8429212 0.77276695 0
vt 0.7558138 0.72821355 0
vt 0.7558138 0.77276695 0
vt 0.2910516 0.82080966 0
vt 0.34719586 0.8208135 0
vt 0.28903437 0.79176193 0
vt 0.3432391 0.7917655 0
vt 0.39885262 0.8208353 0
vt 0.39310813 0.79178756 0
vt 0.4442023 0.8208391 0
vt 0.43689108 0.7917914 0
vt 0.44194955 0.23468423 0
vt 0.40513062 0.23458415 0
vt 0.44910163 0.2617581 0
vt 0.41355437 0.2616614 0
vt 0.37777168 0.23450977 0
vt 0.38714033 0.26158965 0
vt 0.9227895 0.81645596 0
vt 0.84079546 0.81645596 0
vt 0.91701263 0.8588651 0
vt 0.8378504 0.8588651 0
vt 0.7558138 0.81645596 0
vt 0.75581384 0.8588651 0
vt 0.2864728 0.7638754 0
vt 0.33821437 0.7638791 0
vt 0.2833772 0.7374163 0
vt 0.33216056 0.73741955 0
vt 0.38581353 0.76390105 0
vt 0.37704414 0.73743886 0
vt 0.42760682 0.76390475 0
vt 0.4164481 0.73744196 0
vt 0.45820808 0.28936052 0
vt 0.42427564 0.28926826 0
vt 0.46917194 0.31555998 0
vt 0.43718028 0.31547302 0
vt 0.39906144 0.2891997 0
vt 0.41340822 0.31540835 0
vt 0.9096768 0.89957863 0
vt 0.83411056 0.89957863 0
vt 0.90086 0.93821365 0
vt 0.8296159 0.93821365 0
vt 0.7558138 0.89957863 0
vt 0.7558138 0.93821365 0
vt 0.27975768 0.7126506 0
vt 0.325116 0.7126524 0
vt 0.27568498 0.6898008 0
vt 0.31718224 0.68980116 0
vt 0.36687523 0.71266335 0
vt 0.3554157 0.689804 0
vt 0.40351373 0.71266526 0
vt 0.38893646 0.6898044 0
vt 0.4818964 0.34009695 0
vt 0.45215428 0.34001613 0
vt 0.49625057 0.36274356 0
vt 0.46904385 0.3626696 0
vt 0.4300539 0.33995605 0
vt 0.4488274 0.36261463 0
vt 0.89064014 0.97438705 0
vt 0.82440585 0.97438705 0
vt 0.43637818 0.36258078 0
vt 0.41644454 0.33991903 0
vt 0.7558138 0.97438705 0
vt 0.43218428 0.36256936 0
vt 0.41185892 0.33990654 0
vt 0.27122954 0.66908973 0
vt 0.308461 0.66908973 0
vt 0.266419 0.65070933 0
vt 0.2990249 0.65070933 0
vt 0.34277377 0.66908973 0
vt 0.32907477 0.65070933 0
vt 0.37284914 0.66908973 0
vt 0.3554135 0.65070933 0
vt 0.51210403 0.3832721 0
vt 0.48769534 0.38320577 0
vt 0.529297 0.40149558 0
vt 0.5079208 0.40143752 0
vt 0.469558 0.38315642 0
vt 0.49203682 0.4013943 0
vt 0.4583891 0.38312608 0
vt 0.48225552 0.40136772 0
vt 0.4546275 0.38311586 0
vt 0.47896248 0.40135878 0
vt 0.26128122 0.63485247 0
vt 0.28894666 0.63485247 0
vt 0.255867 0.6216591 0
vt 0.27832624 0.6216591 0
vt 0.31444332 0.63485247 0
vt 0.2990249 0.6216591 0
vt 0.33679134 0.63485247 0
vt 0.31716743 0.6216591 0
vt 0.5476702 0.4172268 0
vt 0.52953285 0.41717756 0
vt 0.5670413 0.43032676 0
vt 0.5523171 0.43028677 0
vt 0.5160556 0.41714084 0
vt 0.541376 0.43025696 0
vt 0.50775635 0.4171183 0
vt 0.5346385 0.43023872 0
vt 0.5049637 0.4171107 0
vt 0.53237325 0.43023255 0
vt 0.25022718 0.61126953 0
vt 0.26726356 0.61126953 0
vt 0.63869214 0.44808745 0
vt 0.6271335 0.44805604 0
vt 0.6163642 0.4407354 0
vt 0.6332117 0.44078124 0
vt 0.28296435 0.61126953 0
vt 0.61648095 0.44802707 0
vt 0.6008374 0.4406932 0
vt 0.2967261 0.61126953 0
vt 0.6071439 0.44800168 0
vt 0.587228 0.4406562 0
vt 0.5760591 0.44062585 0
vt 0.5994813 0.44798088 0
vt 0.5677599 0.44060326 0
vt 0.5937874 0.44796538 0
vt 0.5626492 0.44058937 0
vt 0.59028107 0.44795585 0
vt 0.5609333 0.44058466 0
vt 0.5889863 0.4484897 0
vt 0.5608583 0.44109052 0
vt 0.6445493 0.44797832 0
vt 0.64673984 0.4517069 0
vt 0.64380425 0.4521991 0
vt 0.637172 0.4521811 0
vt 0.6310597 0.45216453 0
vt 0.62570214 0.45214993 0
vt 0.62130535 0.45213795 0
vt 0.6180383 0.45212913 0
vt 0.61602646 0.45212364 0
vt 0.60909605 0.02673158 0
vt 0.5653868 0.026695222 0
vt 0.6045954 0.037403375 0
vt 0.5574778 0.03731665 0
vt 0.5249497 0.026669472 0
vt 0.51397693 0.037240475 0
vt 0.48936063 0.026655465 0
vt 0.475775 0.03717783 0
vt 0.4600212 0.026653558 0
vt 0.4443575 0.037131578 0
vt 0.43809986 0.026664883 0
vt 0.42095196 0.037103325 0
vt 0.42448354 0.026689023 0
vt 0.40648043 0.037094504 0
vt 0.41980895 0.02671256 0
vt 0.40156034 0.037099194 0
vt 0.6010262 0.051963955 0
vt 0.5510493 0.051844686 0
vt 0.5049595 0.051736146 0
vt 0.46453226 0.051642686 0
vt 0.431328 0.05156806 0
vt 0.406631 0.051515132 0
vt 0.3913992 0.051485986 0
vt 0.38624838 0.0514792 0
vt 0.6150646 0.45251405 0
vt 0.5890412 0.44820458 0
vt 0.6564773 0.09359363 0
vt 0.6519917 0.09782335 0
vt 0.65778345 0.09783909 0
vt 0.66657114 0.093621105 0
vt 0.66312116 0.09785363 0
vt 0.67587364 0.09364626 0
vt 0.6677997 0.09786633 0
vt 0.68402725 0.09366843 0
vt 0.67163926 0.09787676 0
vt 0.69071895 0.09368661 0
vt 0.67449236 0.097884566 0
vt 0.6956913 0.09370026 0
vt 0.6066353 0.09185185 0
vt 0.6277897 0.096338585 0
vt 0.6260917 0.09582028 0
vt 0.6036109 0.09151706 0
vt 0.6035784 0.091795586 0
vt 0.626036 0.09629723 0
vt 0.625402 0.095807165 0
vt 0.6025637 0.09151225 0
vt 0.676014 0.08588913 0
vt 0.66130155 0.085849136 0
vt 0.66620123 0.07509753 0
vt 0.68559694 0.07515022 0
vt 0.689573 0.085926026 0
vt 0.7034721 0.07519886 0
vt 0.7014576 0.08595833 0
vt 0.71913975 0.07524142 0
vt 0.7112111 0.085984856 0
vt 0.7319979 0.075276405 0
vt 0.71845853 0.086004525 0
vt 0.7415524 0.07530233 0
vt 0.6987532 0.093708485 0
vt 0.72292155 0.086016685 0
vt 0.74743605 0.07531837 0
vt 0.6035418 0.09189811 0
vt 0.57798284 0.083689906 0
vt 0.5794401 0.08393901 0
vt 0.72442347 0.08602078 0
vt 0.74941665 0.075323716 0
vt 0.6948047 0.06191072 0
vt 0.670913 0.06184575 0
vt 0.67472905 0.047046572 0
vt 0.7022513 0.047121376 0
vt 0.71682334 0.06197056 0
vt 0.7276161 0.04719034 0
vt 0.7361229 0.062023014 0
vt 0.7498484 0.047250777 0
vt 0.75196165 0.062066108 0
vt 0.7680942 0.04730037 0
vt 0.7637309 0.062098056 0
vt 0.7816519 0.047337264 0
vt 0.77097833 0.062117785 0
vt 0.7900007 0.047359973 0
vt 0.7734188 0.062124383 0
vt 0.7928122 0.04736758 0
vt 0.70655113 0.03173372 0
vt 0.6769416 0.031653196 0
vt 0.67929333 0.020407468 0
vt 0.7110271 0.020510167 0
vt 0.73383945 0.03180787 0
vt 0.74030393 0.020606726 0
vt 0.7577579 0.0318729 0
vt 0.76599455 0.020692974 0
vt 0.77738726 0.031926244 0
vt 0.78710467 0.02076599 0
vt 0.79197323 0.03196594 0
vt 0.80281484 0.020822912 0
vt 0.80095506 0.03199032 0
vt 0.81251264 0.020861536 0
vt 0.8039798 0.031998582 0
vt 0.8157956 0.020877698 0
vt 0.71900237 0.0182136 0
vt 0.68352693 0.018051237 0
vt 0.6141172 0.019670814 0
vt 0.61924815 0.015943676 0
vt 0.5837724 0.015913278 0
vt 0.5743077 0.019665688 0
vt 0.7518201 0.0183703 0
vt 0.5509544 0.015891403 0
vt 0.5374263 0.019670695 0
vt 0.78070164 0.018514842 0
vt 0.5220725 0.015879005 0
vt 0.50491714 0.019685656 0
vt 0.8045099 0.018642038 0
vt 0.4982639 0.0158768 0
vt 0.47807235 0.019710094 0
vt 0.8222971 0.018747002 0
vt 0.48047644 0.015885025 0
vt 0.45797467 0.019744128 0
vt 0.8333441 0.018825918 0
vt 0.46942914 0.01590386 0
vt 0.4454518 0.019786388 0
vt 0.8371339 0.0188652 0
vt 0.46563908 0.01592257 0
vt 0.441125 0.019820021 0
vt 0.5985226 0.06599316 0
vt 0.54644233 0.06585571 0
vt 0.5439986 0.07492611 0
vt 0.5972192 0.07507077 0
vt 0.59622574 0.087349266 0
vt 0.54210865 0.08719942 0
vt 0.49843735 0.06572941 0
vt 0.49495023 0.07479277 0
vt 0.4922245 0.08706346 0
vt 0.4563533 0.06561914 0
vt 0.451959 0.07467589 0
vt 0.44849896 0.08694461 0
vt 0.42180908 0.0655292 0
vt 0.416677 0.074579984 0
vt 0.41261423 0.08684704 0
vt 0.39613456 0.06546286 0
vt 0.39046 0.0745087 0
vt 0.3859495 0.08677456 0
vt 0.38031828 0.06542292 0
vt 0.3743158 0.07446483 0
vt 0.36952955 0.086729914 0
vt 0.37498325 0.06541019 0
vt 0.36887413 0.074450016 0
vt 0.36399478 0.086714864 0
vt 0.5391633 0.094991386 0
vt 0.5946518 0.095152974 0
vt 0.59407455 0.105956405 0
vt 0.5362395 0.12458056 0
vt 0.48798674 0.09485036 0
vt 0.4838037 0.124432504 0
vt 0.4431228 0.09472835 0
vt 0.4378233 0.124307156 0
vt 0.40630388 0.094628274 0
vt 0.40008652 0.124204576 0
vt 0.37894493 0.09455389 0
vt 0.37204552 0.12412834 0
vt 0.36209738 0.09450811 0
vt 0.9269594 0.59368885 0
vt 0.9227895 0.5499998 0
vt 0.84079546 0.5499998 0
vt 0.8429212 0.59368885 0
vt 0.3564183 0.09449264 0
vt 0.75581384 0.5499998 0
vt 0.7558138 0.59368885 0
vt 0.29247794 0.97339904 0
vt 0.3499608 0.973416 0
vt 0.3517237 0.9428907 0
vt 0.29337737 0.94287807 0
vt 0.29367828 0.912064 0
vt 0.35233974 0.91206986 0
vt 0.4029842 0.97342145 0
vt 0.4054914 0.9429037 0
vt 0.40633667 0.9120895 0
vt 0.44947988 0.97342217 0
vt 0.4526627 0.9429055 0
vt 0.45373046 0.9120926 0
vt 0.39729252 0.13557729 0
vt 0.4355829 0.13568142 0
vt 0.43277228 0.15110347 0
vt 0.39429617 0.15099886 0
vt 0.36884013 0.13549998 0
vt 0.36570585 0.15092114 0
vt 0.8442033 0.63824224 0
vt 0.9294743 0.63824224 0
vt 0.93031794 0.6832279 0
vt 0.8446334 0.6832279 0
vt 0.7558138 0.63824224 0
vt 0.75581384 0.6832279 0
vt 0.35177457 0.8812545 0
vt 0.29338577 0.8812508 0
vt 0.2925076 0.8507343 0
vt 0.35005203 0.8507381 0
vt 0.40549982 0.8812764 0
vt 0.40299904 0.8507599 0
vt 0.4526627 0.88128024 0
vt 0.44947988 0.8507635 0
vt 0.395455 0.17478615 0
vt 0.43374538 0.17489028 0
vt 0.43681097 0.20507711 0
vt 0.3990742 0.20497453 0
vt 0.3670026 0.17470884 0
vt 0.3710332 0.2048983 0
vt 0.8442033 0.72821355 0
vt 0.92947423 0.72821355 0
vt 0.9269594 0.77276695 0
vt 0.8429212 0.77276695 0
vt 0.7558138 0.72821355 0
vt 0.7558138 0.77276695 0
vt 0.34719586 0.8208135 0
vt 0.2910516 0.82080966 0
vt 0.28903437 0.79176193 0
vt 0.3432391 0.7917655 0
vt 0.39885262 0.8208353 0
vt 0.39310813 0.79178756 0
vt 0.4442023 0.8208391 0
vt 0.43689108 0.7917914 0
vt 0.40513062 0.23458415 0
vt 0.44194955 0.23468423 0
vt 0.44910163 0.2617581 0
vt 0.41355437 0.2616614 0
vt 0.37777168 0.23450977 0
vt 0.38714033 0.26158965 0
vt 0.84079546 0.81645596 0
vt 0.9227895 0.81645596 0
vt 0.91701263 0.8588651 0
vt 0.8378504 0.8588651 0
vt 0.7558138 0.81645596 0
vt 0.75581384 0.8588651 0
vt 0.33821437 0.7638791 0
vt 0.2864728 0.7638754 0
vt 0.2833772 0.7374163 0
vt 0.33216056 0.73741955 0
vt 0.38581353 0.76390105 0
vt 0.37704414 0.73743886 0
vt 0.42760682 0.76390475 0
vt 0.4164481 0.73744196 0
vt 0.42427564 0.28926826 0
vt 0.45820808 0.28936052 0
vt 0.46917194 0.31555998 0
vt 0.43718028 0.31547302 0
vt 0.39906144 0.2891997 0
vt 0.41340822 0.31540835 0
vt 0.83411056 0.89957863 0
vt 0.9096768 0.89957863 0
vt 0.90086 0.93821365 0
vt 0.8296159 0.93821365 0
vt 0.7558138 0.89957863 0
vt 0.7558138 0.93821365 0
vt 0.325116 0.7126524 0
vt 0.27975768 0.7126506 0
vt 0.27568498 0.6898008 0
vt 0.31718224 0.68980116 0
vt 0.36687523 0.71266335 0
vt 0.3554157 0.689804 0
vt 0.40351373 0.71266526 0
vt 0.38893646 0.6898044 0
vt 0.45215428 0.34001613 0
vt 0.4818964 0.34009695 0
vt 0.49625057 0.36274356 0
vt 0.46904385 0.3626696 0
vt 0.4300539 0.33995605 0
vt 0.4488274 0.36261463 0
vt 0.82440585 0.97438705 0
vt 0.89064014 0.97438705 0
vt 0.41644454 0.33991903 0
vt 0.43637818 0.36258078 0
vt 0.7558138 0.97438705 0
vt 0.41185892 0.33990654 0
vt 0.43218428 0.36256936 0
vt 0.308461 0.66908973 0
vt 0.27122954 0.66908973 0
vt 0.266419 0.65070933 0
vt 0.2990249 0.65070933 0
vt 0.34277377 0.66908973 0
vt 0.32907477 0.65070933 0
vt 0.37284914 0.66908973 0
vt 0.3554135 0.65070933 0
vt 0.48769534 0.38320577 0
vt 0.51210403 0.3832721 0
vt 0.529297 0.40149558 0
vt 0.5079208 0.40143752 0
vt 0.469558 0.38315642 0
vt 0.49203682 0.4013943 0
vt 0.4583891 0.38312608 0
vt 0.48225552 0.40136772 0
vt 0.4546275 0.38311586 0
vt 0.47896248 0.40135878 0
vt 0.28894666 0.63485247 0
vt 0.26128122 0.63485247 0
vt 0.255867 0.6216591 0
vt 0.27832624 0.6216591 0
vt 0.31444332 0.63485247 0
vt 0.2990249 0.6216591 0
vt 0.33679134 0.63485247 0
vt 0.31716743 0.6216591 0
vt 0.52953285 0.41717756 0
vt 0.5476702 0.4172268 0
vt 0.5670413 0.43032676 0
vt 0.5523171 0.43028677 0
vt 0.5160556 0.41714084 0
vt 0.541376 0.43025696 0
vt 0.50775635 0.4171183 0
vt 0.5346385 0.43023872 0
vt 0.5049637 0.4171107 0
vt 0.53237325 0.43023255 0
vt 0.26726356 0.61126953 0
vt 0.25022718 0.61126953 0
vt 0.63869214 0.44808745 0
vt 0.6332117 0.44078124 0
vt 0.6163642 0.4407354 0
vt 0.6271335 0.44805604 0
vt 0.28296435 0.61126953 0
vt 0.6008374 0.4406932 0
vt 0.61648095 0.44802707 0
vt 0.2967261 0.61126953 0
vt 0.587228 0.4406562 0
vt 0.6071439 0.44800168 0
vt 0.5760591 0.44062585 0
vt 0.5994813 0.44798088 0
vt 0.5677599 0.44060326 0
vt 0.5937874 0.44796538 0
vt 0.5626492 0.44058937 0
vt 0.59028107 0.44795585 0
vt 0.5609333 0.44058466 0
vt 0.56085813 0.44109148 0
vt 0.58898604 0.44849074 0
vt 0.64380425 0.4521991 0
vt 0.64673984 0.4517069 0
vt 0.6445493 0.44797832 0
vt 0.637172 0.4521811 0
vt 0.6310597 0.45216453 0
vt 0.62570214 0.45214993 0
vt 0.62130535 0.45213795 0
vt 0.6180383 0.45212913 0
vt 0.61602646 0.45212364 0
vt 0.5653868 0.026695222 0
vt 0.60909605 0.02673158 0
vt 0.6045954 0.037403375 0
vt 0.5574778 0.03731665 0
vt 0.5249497 0.026669472 0
vt 0.51397693 0.037240475 0
vt 0.48936063 0.026655465 0
vt 0.475775 0.03717783 0
vt 0.4600212 0.026653558 0
vt 0.4443575 0.037131578 0
vt 0.43809986 0.026664883 0
vt 0.42095196 0.037103325 0
vt 0.42448354 0.026689023 0
vt 0.40648043 0.037094504 0
vt 0.41980895 0.02671256 0
vt 0.40156034 0.037099194 0
vt 0.5510493 0.051844686 0
vt 0.6010262 0.051963955 0
vt 0.5049595 0.051736146 0
vt 0.46453226 0.051642686 0
vt 0.431328 0.05156806 0
vt 0.406631 0.051515132 0
vt 0.3913992 0.051485986 0
vt 0.38624838 0.0514792 0
vt 0.6150646 0.4525145 0
vt 0.5890411 0.44820485 0
vt 0.6242342 0.08742592 0
vt 0.6233833 0.09523296 0
vt 0.26270425 0.9733962 0
vt 0.26316237 0.94287604 0
vt 0.26331037 0.9120634 0
vt 0.26316237 0.8812508 0
vt 0.26272118 0.8507343 0
vt 0.2619896 0.82080966 0
vt 0.26097623 0.79176205 0
vt 0.25968927 0.7638754 0
vt 0.25812554 0.7374163 0
vt 0.2562817 0.7126506 0
vt 0.25421014 0.6898008 0
vt 0.2519632 0.66908973 0
vt 0.24954632 0.65070933 0
vt 0.24696502 0.63485247 0
vt 0.24424484 0.6216591 0
vt 0.24141139 0.61126953 0
vt 0.6242342 0.08742592 0
vt 0.6247593 0.07514563 0
vt 0.6235183 0.10603908 0
vt 0.6233833 0.09523296 0
vt 0.26331037 0.9120634 0
vt 0.26316237 0.94287604 0
vt 0.26272118 0.8507343 0
vt 0.26316237 0.8812508 0
vt 0.26097623 0.79176205 0
vt 0.2619896 0.82080966 0
vt 0.25812554 0.7374163 0
vt 0.25968927 0.7638754 0
vt 0.25421014 0.6898008 0
vt 0.2562817 0.7126506 0
vt 0.24954632 0.65070933 0
vt 0.2519632 0.66908973 0
vt 0.24424484 0.6216591 0
vt 0.24696502 0.63485247 0
vt 0.6419298 0.4408049 0
vt 0.6513631 0.093455404 0
vt 0.6498315 0.097398415 0
vt 0.6536883 0.08582845 0
vt 0.6561645 0.07507023 0
vt 0.6585497 0.061812133 0
vt 0.66048694 0.04700783 0
vt 0.6616195 0.031611532 0
vt 0.662884 0.020354956 0
vt 0.6652177 0.017969877 0
vt 0.6346421 0.01967737 0
vt 0.6375576 0.015961975 0
vt 0.6254696 0.06606451 0
vt 0.6316541 0.026753455 0
vt 0.6289474 0.037449926 0
vt 0.6268758 0.05202636 0
vt 0.6247593 0.07514563 0
vt 0.6235183 0.10603908 0
vt 0.6419298 0.4408049 0
vt 0.649834 0.09651328 0
vt 0.6513631 0.093455404 0
vt 0.6536883 0.08582845 0
vt 0.6561645 0.07507023 0
vt 0.6585497 0.061812133 0
vt 0.66048694 0.04700783 0
vt 0.6616195 0.031611532 0
vt 0.662884 0.020354956 0
vt 0.6652177 0.017969877 0
vt 0.6375576 0.015961975 0
vt 0.6346421 0.01967737 0
vt 0.6254696 0.06606451 0
vt 0.6316541 0.026753455 0
vt 0.6289474 0.037449926 0
vt 0.6268758 0.05202636 0
vt 0.26270425 0.9733962 0
vt 0.24141139 0.61126953 0
vt 0.62957 0.4521531 0
vt 0.6163765 0.4522556 0
vt 0.64048815 0.4521901 0
vt 0.6283809 0.45215723 0
vt 0.6196718 0.45213354 0
vt 0.6155455 0.4523191 0
vt 0.65488756 0.09783122 0
vt 0.66546047 0.09785998 0
vt 0.6730658 0.09788066 0
vt 0.6269407 0.096079275 0
vt 0.62571895 0.096052215 0
vt 0.6633452 0.09782199 0
vt 0.6269407 0.09607943 0
vt 0.62571895 0.0960522 0
vt 0 1 0
vt 0 0.9375 0
vt 0.03125 0.9375 0
vt 0.03125 1 0
vt 0.0625 0.9375 0
vt 0.0625 1 0
vt 0.09375 0.9375 0
vt 0.09375 1 0
vt 0.125 0.9375 0
vt 0.125 1 0
vt 0.15625 0.9375 0
vt 0.15625 1 0
vt 0.1875 0.9375 0
vt 0.1875 1 0
vt 0.21874999 0.9375 0
vt 0.21874999 1 0
vt 0.24999999 0.9375 0
vt 0.24999999 1 0
vt 0.28124997 0.9375 0
vt 0.28124997 1 0
vt 0.31249997 0.9375 0
vt 0.31249997 1 0
vt 0.34374997 0.9375 0
vt 0.34374997 1 0
vt 0.375 0.9375 0
vt 0.375 1 0
vt 0.40625 0.9375 0
vt 0.40625 1 0
vt 0.4375 0.9375 0
vt 0.4375 1 0
vt 0.46875003 0.9375 0
vt 0.46875003 1 0
vt 0.50000006 0.9375 0
vt 0.50000006 1 0
vt 0.53125006 0.9375 0
vt 0.53125006 1 0
vt 0.56250006 0.9375 0
vt 0.56250006 1 0
vt 0.59375006 0.9375 0
vt 0.59375006 1 0
vt 0.62500006 0.9375 0
vt 0.62500006 1 0
vt 0.65625006 0.9375 0
vt 0.65625006 1 0
vt 0.6875001 0.9375 0
vt 0.6875001 1 0
vt 0.7187501 0.9375 0
vt 0.7187501 1 0
vt 0.7500001 0.9375 0
vt 0.7500001 1 0
vt 0.7812501 0.9375 0
vt 0.7812501 1 0
vt 0.8125001 0.9375 0
vt 0.8125001 1 0
vt 0.8437502 0.9375 0
vt 0.8437502 1 0
vt 0.8750002 0.9375 0
vt 0.8750002 1 0
vt 0.9062502 0.9375 0
vt 0.9062502 1 0
vt 0.9375002 0.9375 0
vt 0.9375002 1 0
vt 0.9687502 0.9375 0
vt 0.9687502 1 0
vt 1.0000002 0.9375 0
vt 0 0.875 0
vt 0.03125 0.875 0
vt 0.0625 0.875 0
vt 0.09375 0.875 0
vt 0.125 0.875 0
vt 0.15625 0.875 0
vt 0.1875 0.875 0
vt 0.21874999 0.875 0
vt 0.24999999 0.875 0
vt 0.28124997 0.875 0
vt 0.31249997 0.875 0
vt 0.34374997 0.875 0
vt 0.375 0.875 0
vt 0.40625 0.875 0
vt 0.4375 0.875 0
vt 0.46875003 0.875 0
vt 0.50000006 0.875 0
vt 0.53125006 0.875 0
vt 0.56250006 0.875 0
vt 0.59375006 0.875 0
vt 0.62500006 0.875 0
vt 0.65625006 0.875 0
vt 0.6875001 0.875 0
vt 0.7187501 0.875 0
vt 0.7500001 0.875 0
vt 0.7812501 0.875 0
vt 0.8125001 0.875 0
vt 0.8437502 0.875 0
vt 0.8750002 0.875 0
vt 0.9062502 0.875 0
vt 0.9375002 0.875 0
vt 0.9687502 0.875 0
vt 1.0000002 0.875 0
vt 0 0.8125 0
vt 0.03125 0.8125 0
vt 0.0625 0.8125 0
vt 0.09375 0.8125 0
vt 0.125 0.8125 0
vt 0.15625 0.8125 0
vt 0.1875 0.8125 0
vt 0.21874999 0.8125 0
vt 0.24999999 0.8125 0
vt 0.28124997 0.8125 0
vt 0.31249997 0.8125 0
vt 0.34374997 0.8125 0
vt 0.375 0.8125 0
vt 0.40625 0.8125 0
vt 0.4375 0.8125 0
vt 0.46875003 0.8125 0
vt 0.50000006 0.8125 0
vt 0.53125006 0.8125 0
vt 0.56250006 0.8125 0
vt 0.59375006 0.8125 0
vt 0.62500006 0.8125 0
vt 0.65625006 0.8125 0
vt 0.6875001 0.8125 0
vt 0.7187501 0.8125 0
vt 0.7500001 0.8125 0
vt 0.7812501 0.8125 0
vt 0.8125001 0.8125 0
vt 0.8437502 0.8125 0
vt 0.8750002 0.8125 0
vt 0.9062502 0.8125 0
vt 0.9375002 0.8125 0
vt 0.9687502 0.8125 0
vt 1.0000002 0.8125 0
vt 0 0.75 0
vt 0.03125 0.75 0
vt 0.0625 0.75 0
vt 0.09375 0.75 0
vt 0.125 0.75 0
vt 0.15625 0.75 0
vt 0.1875 0.75 0
vt 0.21874999 0.75 0
vt 0.24999999 0.75 0
vt 0.28124997 0.75 0
vt 0.31249997 0.75 0
vt 0.34374997 0.75 0
vt 0.375 0.75 0
vt 0.40625 0.75 0
vt 0.4375 0.75 0
vt 0.46875003 0.75 0
vt 0.50000006 0.75 0
vt 0.53125006 0.75 0
vt 0.56250006 0.75 0
vt 0.59375006 0.75 0
vt 0.62500006 0.75 0
vt 0.65625006 0.75 0
vt 0.6875001 0.75 0
vt 0.7187501 0.75 0
vt 0.7500001 0.75 0
vt 0.7812501 0.75 0
vt 0.8125001 0.75 0
vt 0.8437502 0.75 0
vt 0.8750002 0.75 0
vt 0.9062502 0.75 0
vt 0.9375002 0.75 0
vt 0.9687502 0.75 0
vt 1.0000002 0.75 0
vt 0 0.6875 0
vt 0.03125 0.6875 0
vt 0.0625 0.6875 0
vt 0.09375 0.6875 0
vt 0.125 0.6875 0
vt 0.15625 0.6875 0
vt 0.1875 0.6875 0
vt 0.21874999 0.6875 0
vt 0.24999999 0.6875 0
vt 0.28124997 0.6875 0
vt 0.31249997 0.6875 0
vt 0.34374997 0.6875 0
vt 0.375 0.6875 0
vt 0.40625 0.6875 0
vt 0.4375 0.6875 0
vt 0.46875003 0.6875 0
vt 0.50000006 0.6875 0
vt 0.53125006 0.6875 0
vt 0.56250006 0.6875 0
vt 0.59375006 0.6875 0
vt 0.62500006 0.6875 0
vt 0.65625006 0.6875 0
vt 0.6875001 0.6875 0
vt 0.7187501 0.6875 0
vt 0.7500001 0.6875 0
vt 0.7812501 0.6875 0
vt 0.8125001 0.6875 0
vt 0.8437502 0.6875 0
vt 0.8750002 0.6875 0
vt 0.9062502 0.6875 0
vt 0.9375002 0.6875 0
vt 0.9687502 0.6875 0
vt 1.0000002 0.6875 0
vt 0 0.625 0
vt 0.03125 0.625 0
vt 0.0625 0.625 0
vt 0.09375 0.625 0
vt 0.125 0.625 0
vt 0.15625 0.625 0
vt 0.1875 0.625 0
vt 0.21874999 0.625 0
vt 0.24999999 0.625 0
vt 0.28124997 0.625 0
vt 0.31249997 0.625 0
vt 0.34374997 0.625 0
vt 0.375 0.625 0
vt 0.40625 0.625 0
vt 0.4375 0.625 0
vt 0.46875003 0.625 0
vt 0.50000006 0.625 0
vt 0.53125006 0.625 0
vt 0.56250006 0.625 0
vt 0.59375006 0.625 0
vt 0.62500006 0.625 0
vt 0.65625006 0.625 0
vt 0.6875001 0.625 0
vt 0.7187501 0.625 0
vt 0.7500001 0.625 0
vt 0.7812501 0.625 0
vt 0.8125001 0.625 0
vt 0.8437502 0.625 0
vt 0.8750002 0.625 0
vt 0.9062502 0.625 0
vt 0.9375002 0.625 0
vt 0.9687502 0.625 0
vt 1.0000002 0.625 0
vt 0 0.5625 0
vt 0.03125 0.5625 0
vt 0.0625 0.5625 0
vt 0.09375 0.5625 0
vt 0.125 0.5625 0
vt 0.15625 0.5625 0
vt 0.1875 0.5625 0
vt 0.21874999 0.5625 0
vt 0.24999999 0.5625 0
vt 0.28124997 0.5625 0
vt 0.31249997 0.5625 0
vt 0.34374997 0.5625 0
vt 0.375 0.5625 0
vt 0.40625 0.5625 0
vt 0.4375 0.5625 0
vt 0.46875003 0.5625 0
vt 0.50000006 0.5625 0
vt 0.53125006 0.5625 0
vt 0.56250006 0.5625 0
vt 0.59375006 0.5625 0
vt 0.62500006 0.5625 0
vt 0.65625006 0.5625 0
vt 0.6875001 0.5625 0
vt 0.7187501 0.5625 0
vt 0.7500001 0.5625 0
vt 0.7812501 0.5625 0
vt 0.8125001 0.5625 0
vt 0.8437502 0.5625 0
vt 0.8750002 0.5625 0
vt 0.9062502 0.5625 0
vt 0.9375002 0.5625 0
vt 0.9687502 0.5625 0
vt 1.0000002 0.5625 0
vt 0 0.5 0
vt 0.03125 0.5 0
vt 0.0625 0.5 0
vt 0.09375 0.5 0
vt 0.125 0.5 0
vt 0.15625 0.5 0
vt 0.1875 0.5 0
vt 0.21874999 0.5 0
vt 0.24999999 0.5 0
vt 0.28124997 0.5 0
vt 0.31249997 0.5 0
vt 0.34374997 0.5 0
vt 0.375 0.5 0
vt 0.40625 0.5 0
vt 0.4375 0.5 0
vt 0.46875003 0.5 0
vt 0.50000006 0.5 0
vt 0.53125006 0.5 0
vt 0.56250006 0.5 0
vt 0.59375006 0.5 0
vt 0.62500006 0.5 0
vt 0.65625006 0.5 0
vt 0.6875001 0.5 0
vt 0.7187501 0.5 0
vt 0.7500001 0.5 0
vt 0.7812501 0.5 0
vt 0.8125001 0.5 0
vt 0.8437502 0.5 0
vt 0.8750002 0.5 0
vt 0.9062502 0.5 0
vt 0.9375002 0.5 0
vt 0.9687502 0.5 0
vt 1.0000002 0.5 0
vt 0 0.43750006 0
vt 0.03125 0.43750006 0
vt 0.0625 0.43750006 0
vt 0.09375 0.43750006 0
vt 0.125 0.43750006 0
vt 0.15625 0.43750006 0
vt 0.1875 0.43750006 0
vt 0.21874999 0.43750006 0
vt 0.24999999 0.43750006 0
vt 0.28124997 0.43750006 0
vt 0.31249997 0.43750006 0
vt 0.34374997 0.43750006 0
vt 0.375 0.43750006 0
vt 0.40625 0.43750006 0
vt 0.4375 0.43750006 0
vt 0.46875003 0.43750006 0
vt 0.50000006 0.43750006 0
vt 0.53125006 0.43750006 0
vt 0.56250006 0.43750006 0
vt 0.59375006 0.43750006 0
vt 0.62500006 0.43750006 0
vt 0.65625006 0.43750006 0
vt 0.6875001 0.43750006 0
vt 0.7187501 0.43750006 0
vt 0.7500001 0.43750006 0
vt 0.7812501 0.43750006 0
vt 0.8125001 0.43750006 0
vt 0.8437502 0.43750006 0
vt 0.8750002 0.43750006 0
vt 0.9062502 0.43750006 0
vt 0.9375002 0.43750006 0
vt 0.9687502 0.43750006 0
vt 1.0000002 0.43750006 0
vt 0 0.37500006 0
vt 0.03125 0.37500006 0
vt 0.0625 0.37500006 0
vt 0.09375 0.37500006 0
vt 0.125 0.37500006 0
vt 0.15625 0.37500006 0
vt 0.1875 0.37500006 0
vt 0.21874999 0.37500006 0
vt 0.24999999 0.37500006 0
vt 0.28124997 0.37500006 0
vt 0.31249997 0.37500006 0
vt 0.34374997 0.37500006 0
vt 0.375 0.37500006 0
vt 0.40625 0.37500006 0
vt 0.4375 0.37500006 0
vt 0.46875003 0.37500006 0
vt 0.50000006 0.37500006 0
vt 0.53125006 0.37500006 0
vt 0.56250006 0.37500006 0
vt 0.59375006 0.37500006 0
vt 0.62500006 0.37500006 0
vt 0.65625006 0.37500006 0
vt 0.6875001 0.37500006 0
vt 0.7187501 0.37500006 0
vt 0.7500001 0.37500006 0
vt 0.7812501 0.37500006 0
vt 0.8125001 0.37500006 0
vt 0.8437502 0.37500006 0
vt 0.8750002 0.37500006 0
vt 0.9062502 0.37500006 0
vt 0.9375002 0.37500006 0
vt 0.9687502 0.37500006 0
vt 1.0000002 0.37500006 0
vt 0 0.31250006 0
vt 0.03125 0.31250006 0
vt 0.0625 0.31250006 0
vt 0.09375 0.31250006 0
vt 0.125 0.31250006 0
vt 0.15625 0.31250006 0
vt 0.1875 0.31250006 0
vt 0.21874999 0.31250006 0
vt 0.24999999 0.31250006 0
vt 0.28124997 0.31250006 0
vt 0.31249997 0.31250006 0
vt 0.34374997 0.31250006 0
vt 0.375 0.31250006 0
vt 0.40625 0.31250006 0
vt 0.4375 0.31250006 0
vt 0.46875003 0.31250006 0
vt 0.50000006 0.31250006 0
vt 0.53125006 0.31250006 0
vt 0.56250006 0.31250006 0
vt 0.59375006 0.31250006 0
vt 0.62500006 0.31250006 0
vt 0.65625006 0.31250006 0
vt 0.6875001 0.31250006 0
vt 0.7187501 0.31250006 0
vt 0.7500001 0.31250006 0
vt 0.7812501 0.31250006 0
vt 0.8125001 0.31250006 0
vt 0.8437502 0.31250006 0
vt 0.8750002 0.31250006 0
vt 0.9062502 0.31250006 0
vt 0.9375002 0.31250006 0
vt 0.9687502 0.31250006 0
vt 1.0000002 0.31250006 0
vt 0 0.25 0
vt 0.03125 0.25 0
vt 0.0625 0.25 0
vt 0.09375 0.25 0
vt 0.125 0.25 0
vt 0.15625 0.25 0
vt 0.1875 0.25 0
vt 0.21874999 0.25 0
vt 0.24999999 0.25 0
vt 0.28124997 0.25 0
vt 0.31249997 0.25 0
vt 0.34374997 0.25 0
vt 0.375 0.25 0
vt 0.40625 0.25 0
vt 0.4375 0.25 0
vt 0.46875003 0.25 0
vt 0.50000006 0.25 0
vt 0.53125006 0.25 0
vt 0.56250006 0.25 0
vt 0.59375006 0.25 0
vt 0.62500006 0.25 0
vt 0.65625006 0.25 0
vt 0.6875001 0.25 0
vt 0.7187501 0.25 0
vt 0.7500001 0.25 0
vt 0.7812501 0.25 0
vt 0.8125001 0.25 0
vt 0.8437502 0.25 0
vt 0.8750002 0.25 0
vt 0.9062502 0.25 0
vt 0.9375002 0.25 0
vt 0.9687502 0.25 0
vt 1.0000002 0.25 0
vt 0 0.1875 0
vt 0.03125 0.1875 0
vt 0.0625 0.1875 0
vt 0.09375 0.1875 0
vt 0.125 0.1875 0
vt 0.15625 0.1875 0
vt 0.1875 0.1875 0
vt 0.21874999 0.1875 0
vt 0.24999999 0.1875 0
vt 0.28124997 0.1875 0
vt 0.31249997 0.1875 0
vt 0.34374997 0.1875 0
vt 0.375 0.1875 0
vt 0.40625 0.1875 0
vt 0.4375 0.1875 0
vt 0.46875003 0.1875 0
vt 0.50000006 0.1875 0
vt 0.53125006 0.1875 0
vt 0.56250006 0.1875 0
vt 0.59375006 0.1875 0
vt 0.62500006 0.1875 0
vt 0.65625006 0.1875 0
vt 0.6875001 0.1875 0
vt 0.7187501 0.1875 0
vt 0.7500001 0.1875 0
vt 0.7812501 0.1875 0
vt 0.8125001 0.1875 0
vt 0.8437502 0.1875 0
vt 0.8750002 0.1875 0
vt 0.9062502 0.1875 0
vt 0.9375002 0.1875 0
vt 0.9687502 0.1875 0
vt 1.0000002 0.1875 0
vt 0 0.125 0
vt 0.03125 0.125 0
vt 0.0625 0.125 0
vt 0.09375 0.125 0
vt 0.125 0.125 0
vt 0.15625 0.125 0
vt 0.1875 0.125 0
vt 0.21874999 0.125 0
vt 0.24999999 0.125 0
vt 0.28124997 0.125 0
vt 0.31249997 0.125 0
vt 0.34374997 0.125 0
vt 0.375 0.125 0
vt 0.40625 0.125 0
vt 0.4375 0.125 0
vt 0.46875003 0.125 0
vt 0.50000006 0.125 0
vt 0.53125006 0.125 0
vt 0.56250006 0.125 0
vt 0.59375006 0.125 0
vt 0.62500006 0.125 0
vt 0.65625006 0.125 0
vt 0.6875001 0.125 0
vt 0.7187501 0.125 0
vt 0.7500001 0.125 0
vt 0.7812501 0.125 0
vt 0.8125001 0.125 0
vt 0.8437502 0.125 0
vt 0.8750002 0.125 0
vt 0.9062502 0.125 0
vt 0.9375002 0.125 0
vt 0.9687502 0.125 0
vt 1.0000002 0.125 0
vt 0 0.06249994 0
vt 0.03125 0.06249994 0
vt 0.0625 0.06249994 0
vt 0.09375 0.06249994 0
vt 0.125 0.06249994 0
vt 0.15625 0.06249994 0
vt 0.1875 0.06249994 0
vt 0.21874999 0.06249994 0
vt 0.24999999 0.06249994 0
vt 0.28124997 0.06249994 0
vt 0.31249997 0.06249994 0
vt 0.34374997 0.06249994 0
vt 0.375 0.06249994 0
vt 0.40625 0.06249994 0
vt 0.4375 0.06249994 0
vt 0.46875003 0.06249994 0
vt 0.50000006 0.06249994 0
vt 0.53125006 0.06249994 0
vt 0.56250006 0.06249994 0
vt 0.59375006 0.06249994 0
vt 0.62500006 0.06249994 0
vt 0.65625006 0.06249994 0
vt 0.6875001 0.06249994 0
vt 0.7187501 0.06249994 0
vt 0.7500001 0.06249994 0
vt 0.7812501 0.06249994 0
vt 0.8125001 0.06249994 0
vt 0.8437502 0.06249994 0
vt 0.8750002 0.06249994 0
vt 0.9062502 0.06249994 0
vt 0.9375002 0.06249994 0
vt 0.9687502 0.06249994 0
vt 1.0000002 0.06249994 0
vt 0 -1.1920929E-07 0
vt 0.03125 -1.1920929E-07 0
vt 0.0625 -1.1920929E-07 0
vt 0.09375 -1.1920929E-07 0
vt 0.125 -1.1920929E-07 0
vt 0.15625 -1.1920929E-07 0
vt 0.1875 -1.1920929E-07 0
vt 0.21874999 -1.1920929E-07 0
vt 0.24999999 -1.1920929E-07 0
vt 0.28124997 -1.1920929E-07 0
vt 0.31249997 -1.1920929E-07 0
vt 0.34374997 -1.1920929E-07 0
vt 0.375 -1.1920929E-07 0
vt 0.40625 -1.1920929E-07 0
vt 0.4375 -1.1920929E-07 0
vt 0.46875003 -1.1920929E-07 0
vt 0.50000006 -1.1920929E-07 0
vt 0.53125006 -1.1920929E-07 0
vt 0.56250006 -1.1920929E-07 0
vt 0.59375006 -1.1920929E-07 0
vt 0.62500006 -1.1920929E-07 0
vt 0.65625006 -1.1920929E-07 0
vt 0.6875001 -1.1920929E-07 0
vt 0.7187501 -1.1920929E-07 0
vt 0.7500001 -1.1920929E-07 0
vt 0.7812501 -1.1920929E-07 0
vt 0.8125001 -1.1920929E-07 0
vt 0.8437502 -1.1920929E-07 0
vt 0.8750002 -1.1920929E-07 0
vt 0.9062502 -1.1920929E-07 0
vt 0.9375002 -1.1920929E-07 0
vt 0.9687502 -1.1920929E-07 0
vt 0.0032662265 0.9375 0
vt 0.0032662265 0.99346757 0
vt 0.03125 0.99346757 0
vt 0.032915115 0.99666977 0
vt 0.0625 0.99666977 0
vt 0.06364695 0.9977061 0
vt 0.09375 0.9977061 0
vt 0.094651155 0.9981977 0
vt 0.125 0.9981977 0
vt 0.12576637 0.99846727 0
vt 0.15625 0.99846727 0
vt 0.15693972 0.99862057 0
vt 0.1875 0.99862057 0
vt 0.1881497 0.9987006 0
vt 0.21874999 0.9987006 0
vt 0.2193872 0.9987256 0
vt 0.24999999 0.9987256 0
vt 0.2506497 0.9987006 0
vt 0.28124997 0.9987006 0
vt 0.2819397 0.99862057 0
vt 0.31249997 0.99862057 0
vt 0.31326634 0.99846727 0
vt 0.34374997 0.99846727 0
vt 0.34465113 0.9981977 0
vt 0.375 0.9981977 0
vt 0.37614694 0.9977061 0
vt 0.40625 0.9977061 0
vt 0.40791512 0.99666977 0
vt 0.4375 0.99666977 0
vt 0.44076625 0.9934675 0
vt 0.46875003 0.9934675 0
vt 0.0016651128 0.875 0
vt 0.0011469508 0.81250006 0
vt 0.0009011537 0.75 0
vt 0.0007663684 0.6875 0
vt 0.00068971346 0.625 0
vt 0.0006496958 0.5625 0
vt 0.00063721207 0.5 0
vt 0.0006496958 0.43750003 0
vt 0.00068971334 0.37500006 0
vt 0.0007663684 0.31250006 0
vt 0.0009011537 0.25 0
vt 0.0011469509 0.18749999 0
vt 0.0016651135 0.125 0
vt 0.0032662302 0.06249994 0
vt 0.003266231 0.006532349 0
vt 0.032915115 0.003330115 0
vt 0.03125 0.006532349 0
vt 0.06364695 0.0022937888 0
vt 0.0625 0.003330115 0
vt 0.094651155 0.0018021932 0
vt 0.09375 0.0022937888 0
vt 0.12576637 0.0015326219 0
vt 0.125 0.0018021932 0
vt 0.15693972 0.0013793116 0
vt 0.15625 0.0015326219 0
vt 0.18814969 0.0012992762 0
vt 0.1875 0.0013793116 0
vt 0.2193872 0.0012743089 0
vt 0.21874999 0.0012992762 0
vt 0.25064966 0.0012992764 0
vt 0.24999999 0.0012743089 0
vt 0.2819397 0.001379312 0
vt 0.28124997 0.0012992764 0
vt 0.31326634 0.0015326225 0
vt 0.31249997 0.001379312 0
vt 0.34465113 0.0018021944 0
vt 0.34374997 0.0015326225 0
vt 0.37614697 0.002293791 0
vt 0.375 0.0018021944 0
vt 0.40791512 0.003330121 0
vt 0.40625 0.002293791 0
vt 0.44076625 0.0065323776 0
vt 0.4375 0.003330121 0
vt 0.46875003 0.0065323776 0
vt 0.03125 0.9375 0
vt 0.0625 0.9375 0
vt 0.09375 0.9375 0
vt 0.125 0.9375 0
vt 0.15625 0.9375 0
vt 0.1875 0.9375 0
vt 0.21874999 0.9375 0
vt 0.24999999 0.9375 0
vt 0.28124997 0.9375 0
vt 0.31249997 0.9375 0
vt 0.34374997 0.9375 0
vt 0.375 0.9375 0
vt 0.40625 0.9375 0
vt 0.4375 0.9375 0
vt 0.46875003 0.9375 0
vt 0.03125 0.875 0
vt 0.0625 0.875 0
vt 0.09375 0.875 0
vt 0.125 0.875 0
vt 0.15625 0.875 0
vt 0.1875 0.875 0
vt 0.21874999 0.875 0
vt 0.24999999 0.875 0
vt 0.28124997 0.875 0
vt 0.31249997 0.875 0
vt 0.34374997 0.875 0
vt 0.375 0.875 0
vt 0.40625 0.875 0
vt 0.4375 0.875 0
vt 0.46875003 0.875 0
vt 0.03125 0.8125 0
vt 0.0625 0.8125 0
vt 0.09375 0.8125 0
vt 0.125 0.8125 0
vt 0.15625 0.8125 0
vt 0.1875 0.8125 0
vt 0.21874999 0.8125 0
vt 0.24999999 0.8125 0
vt 0.28124997 0.8125 0
vt 0.31249997 0.8125 0
vt 0.34374997 0.8125 0
vt 0.375 0.8125 0
vt 0.40625 0.8125 0
vt 0.4375 0.8125 0
vt 0.46875003 0.8125 0
vt 0.03125 0.75 0
vt 0.0625 0.75 0
vt 0.09375 0.75 0
vt 0.125 0.75 0
vt 0.15625 0.75 0
vt 0.1875 0.75 0
vt 0.21874999 0.75 0
vt 0.24999999 0.75 0
vt 0.28124997 0.75 0
vt 0.31249997 0.75 0
vt 0.34374997 0.75 0
vt 0.375 0.75 0
vt 0.40625 0.75 0
vt 0.4375 0.75 0
vt 0.46875003 0.75 0
vt 0.03125 0.6875 0
vt 0.0625 0.6875 0
vt 0.09375 0.6875 0
vt 0.125 0.6875 0
vt 0.15625 0.6875 0
vt 0.1875 0.6875 0
vt 0.21874999 0.6875 0
vt 0.24999999 0.6875 0
vt 0.28124997 0.6875 0
vt 0.31249997 0.6875 0
vt 0.34374997 0.6875 0
vt 0.375 0.6875 0
vt 0.40625 0.6875 0
vt 0.4375 0.6875 0
vt 0.46875003 0.6875 0
vt 0.03125 0.625 0
vt 0.0625 0.625 0
vt 0.09375 0.625 0
vt 0.125 0.625 0
vt 0.15625 0.625 0
vt 0.1875 0.625 0
vt 0.21874999 0.625 0
vt 0.24999999 0.625 0
vt 0.28124997 0.625 0
vt 0.31249997 0.625 0
vt 0.34374997 0.625 0
vt 0.375 0.625 0
vt 0.40625 0.625 0
vt 0.4375 0.625 0
vt 0.46875003 0.625 0
vt 0.03125 0.5625 0
vt 0.0625 0.5625 0
vt 0.09375 0.5625 0
vt 0.125 0.5625 0
vt 0.15625 0.5625 0
vt 0.1875 0.5625 0
vt 0.21874999 0.5625 0
vt 0.24999999 0.5625 0
vt 0.28124997 0.5625 0
vt 0.31249997 0.5625 0
vt 0.34374997 0.5625 0
vt 0.375 0.5625 0
vt 0.40625 0.5625 0
vt 0.4375 0.5625 0
vt 0.46875003 0.5625 0
vt 0.03125 0.5 0
vt 0.0625 0.5 0
vt 0.09375 0.5 0
vt 0.125 0.5 0
vt 0.15625 0.5 0
vt 0.1875 0.5 0
vt 0.21874999 0.5 0
vt 0.24999999 0.5 0
vt 0.28124997 0.5 0
vt 0.31249997 0.5 0
vt 0.34374997 0.5 0
vt 0.375 0.5 0
vt 0.40625 0.5 0
vt 0.4375 0.5 0
vt 0.46875003 0.5 0
vt 0.03125 0.43750006 0
vt 0.0625 0.43750006 0
vt 0.09375 0.43750006 0
vt 0.125 0.43750006 0
vt 0.15625 0.43750006 0
vt 0.1875 0.43750006 0
vt 0.21874999 0.43750006 0
vt 0.24999999 0.43750006 0
vt 0.28124997 0.43750006 0
vt 0.31249997 0.43750006 0
vt 0.34374997 0.43750006 0
vt 0.375 0.43750006 0
vt 0.40625 0.43750006 0
vt 0.4375 0.43750006 0
vt 0.46875003 0.43750006 0
vt 0.03125 0.37500006 0
vt 0.0625 0.37500006 0
vt 0.09375 0.37500006 0
vt 0.125 0.37500006 0
vt 0.15625 0.37500006 0
vt 0.1875 0.37500006 0
vt 0.21874999 0.37500006 0
vt 0.24999999 0.37500006 0
vt 0.28124997 0.37500006 0
vt 0.31249997 0.37500006 0
vt 0.34374997 0.37500006 0
vt 0.375 0.37500006 0
vt 0.40625 0.37500006 0
vt 0.4375 0.37500006 0
vt 0.46875003 0.37500006 0
vt 0.03125 0.31250006 0
vt 0.0625 0.31250006 0
vt 0.09375 0.31250006 0
vt 0.125 0.31250006 0
vt 0.15625 0.31250006 0
vt 0.1875 0.31250006 0
vt 0.21874999 0.31250006 0
vt 0.24999999 0.31250006 0
vt 0.28124997 0.31250006 0
vt 0.31249997 0.31250006 0
vt 0.34374997 0.31250006 0
vt 0.375 0.31250006 0
vt 0.40625 0.31250006 0
vt 0.4375 0.31250006 0
vt 0.46875003 0.31250006 0
vt 0.03125 0.25 0
vt 0.0625 0.25 0
vt 0.09375 0.25 0
vt 0.125 0.25 0
vt 0.15625 0.25 0
vt 0.1875 0.25 0
vt 0.21874999 0.25 0
vt 0.24999999 0.25 0
vt 0.28124997 0.25 0
vt 0.31249997 0.25 0
vt 0.34374997 0.25 0
vt 0.375 0.25 0
vt 0.40625 0.25 0
vt 0.4375 0.25 0
vt 0.46875003 0.25 0
vt 0.03125 0.1875 0
vt 0.0625 0.1875 0
vt 0.09375 0.1875 0
vt 0.125 0.1875 0
vt 0.15625 0.1875 0
vt 0.1875 0.1875 0
vt 0.21874999 0.1875 0
vt 0.24999999 0.1875 0
vt 0.28124997 0.1875 0
vt 0.31249997 0.1875 0
vt 0.34374997 0.1875 0
vt 0.375 0.1875 0
vt 0.40625 0.1875 0
vt 0.4375 0.1875 0
vt 0.46875003 0.1875 0
vt 0.03125 0.125 0
vt 0.0625 0.125 0
vt 0.09375 0.125 0
vt 0.125 0.125 0
vt 0.15625 0.125 0
vt 0.1875 0.125 0
vt 0.21874999 0.125 0
vt 0.24999999 0.125 0
vt 0.28124997 0.125 0
vt 0.31249997 0.125 0
vt 0.34374997 0.125 0
vt 0.375 0.125 0
vt 0.40625 0.125 0
vt 0.4375 0.125 0
vt 0.46875003 0.125 0
vt 0.03125 0.06249994 0
vt 0.0625 0.06249994 0
vt 0.09375 0.06249994 0
vt 0.125 0.06249994 0
vt 0.15625 0.06249994 0
vt 0.1875 0.06249994 0
vt 0.21874999 0.06249994 0
vt 0.24999999 0.06249994 0
vt 0.28124997 0.06249994 0
vt 0.31249997 0.06249994 0
vt 0.34374997 0.06249994 0
vt 0.375 0.06249994 0
vt 0.40625 0.06249994 0
vt 0.4375 0.06249994 0
vt 0.46875003 0.06249994 0
vt 0.0032662265 0.9375 0
vt 0.0032662265 0.99346757 0
vt 0.032082558 0.99506867 0
vt 0.06307347 0.997188 0
vt 0.09420058 0.99795187 0
vt 0.12538318 0.9983325 0
vt 0.15659486 0.9985439 0
vt 0.18782485 0.99866056 0
vt 0.21906859 0.99871314 0
vt 0.25032485 0.99871314 0
vt 0.2815948 0.99866056 0
vt 0.31288314 0.9985439 0
vt 0.34420055 0.9983325 0
vt 0.37557346 0.99795187 0
vt 0.40708256 0.997188 0
vt 0.4375 0.99666977 0
vt 0.46875003 0.9934675 0
vt 0.4967338 0.9375 0
vt 0.0016651128 0.875 0
vt 0.4983349 0.875 0
vt 0.0011469508 0.81250006 0
vt 0.4988531 0.8125 0
vt 0.0009011537 0.75 0
vt 0.4990989 0.75 0
vt 0.0007663684 0.6875 0
vt 0.49923366 0.6875 0
vt 0.00068971346 0.625 0
vt 0.49931034 0.625 0
vt 0.0006496958 0.5625 0
vt 0.49935034 0.5625 0
vt 0.00063721207 0.5 0
vt 0.49936283 0.5 0
vt 0.0006496958 0.43750003 0
vt 0.49935034 0.43750006 0
vt 0.00068971334 0.37500006 0
vt 0.49931034 0.37500006 0
vt 0.0007663684 0.31250006 0
vt 0.49923366 0.31250006 0
vt 0.0009011537 0.25 0
vt 0.4990989 0.25 0
vt 0.0011469509 0.18749999 0
vt 0.4988531 0.1875 0
vt 0.0016651135 0.125 0
vt 0.4983349 0.125 0
vt 0.0032662302 0.06249994 0
vt 0.4967338 0.06249994 0
vt 0.003266231 0.006532349 0
vt 0.032082558 0.004931232 0
vt 0.06307347 0.002811952 0
vt 0.09420058 0.002047991 0
vt 0.12538318 0.0016674076 0
vt 0.15659486 0.0014559667 0
vt 0.18782485 0.0013392939 0
vt 0.21906859 0.0012867926 0
vt 0.25032482 0.0012867926 0
vt 0.2815948 0.0013392942 0
vt 0.31288314 0.0014559673 0
vt 0.34420055 0.0016674085 0
vt 0.3755735 0.0020479928 0
vt 0.40708256 0.002811956 0
vt 0.44076625 0.0065323776 0
vt 0.46875003 0.0065323776 0
vt 0.03125 0.9375 0
vt 0.03125 0.875 0
vt 0.0625 0.875 0
vt 0.0625 0.9375 0
vt 0.09375 0.875 0
vt 0.09375 0.9375 0
vt 0.125 0.875 0
vt 0.125 0.9375 0
vt 0.15625 0.875 0
vt 0.15625 0.9375 0
vt 0.1875 0.875 0
vt 0.1875 0.9375 0
vt 0.21874999 0.875 0
vt 0.21874999 0.9375 0
vt 0.24999999 0.875 0
vt 0.24999999 0.9375 0
vt 0.28124997 0.875 0
vt 0.28124997 0.9375 0
vt 0.31249997 0.875 0
vt 0.31249997 0.9375 0
vt 0.34374997 0.875 0
vt 0.34374997 0.9375 0
vt 0.375 0.875 0
vt 0.375 0.9375 0
vt 0.40625 0.875 0
vt 0.40625 0.9375 0
vt 0.4375 0.875 0
vt 0.4375 0.9375 0
vt 0.46875003 0.875 0
vt 0.46875003 0.9375 0
vt 0.4983349 0.875 0
vt 0.4967338 0.9375 0
vt 0.03125 0.8125 0
vt 0.0625 0.8125 0
vt 0.09375 0.8125 0
vt 0.125 0.8125 0
vt 0.15625 0.8125 0
vt 0.1875 0.8125 0
vt 0.21874999 0.8125 0
vt 0.24999999 0.8125 0
vt 0.28124997 0.8125 0
vt 0.31249997 0.8125 0
vt 0.34374997 0.8125 0
vt 0.375 0.8125 0
vt 0.40625 0.8125 0
vt 0.4375 0.8125 0
vt 0.46875003 0.8125 0
vt 0.4988531 0.8125 0
vt 0.03125 0.75 0
vt 0.0625 0.75 0
vt 0.09375 0.75 0
vt 0.125 0.75 0
vt 0.15625 0.75 0
vt 0.1875 0.75 0
vt 0.21874999 0.75 0
vt 0.24999999 0.75 0
vt 0.28124997 0.75 0
vt 0.31249997 0.75 0
vt 0.34374997 0.75 0
vt 0.375 0.75 0
vt 0.40625 0.75 0
vt 0.4375 0.75 0
vt 0.46875003 0.75 0
vt 0.4990989 0.75 0
vt 0.03125 0.6875 0
vt 0.0625 0.6875 0
vt 0.09375 0.6875 0
vt 0.125 0.6875 0
vt 0.15625 0.6875 0
vt 0.1875 0.6875 0
vt 0.21874999 0.6875 0
vt 0.24999999 0.6875 0
vt 0.28124997 0.6875 0
vt 0.31249997 0.6875 0
vt 0.34374997 0.6875 0
vt 0.375 0.6875 0
vt 0.40625 0.6875 0
vt 0.4375 0.6875 0
vt 0.46875003 0.6875 0
vt 0.49923366 0.6875 0
vt 0.03125 0.625 0
vt 0.0625 0.625 0
vt 0.09375 0.625 0
vt 0.125 0.625 0
vt 0.15625 0.625 0
vt 0.1875 0.625 0
vt 0.21874999 0.625 0
vt 0.24999999 0.625 0
vt 0.28124997 0.625 0
vt 0.31249997 0.625 0
vt 0.34374997 0.625 0
vt 0.375 0.625 0
vt 0.40625 0.625 0
vt 0.4375 0.625 0
vt 0.46875003 0.625 0
vt 0.49931034 0.625 0
vt 0.03125 0.5625 0
vt 0.0625 0.5625 0
vt 0.09375 0.5625 0
vt 0.125 0.5625 0
vt 0.15625 0.5625 0
vt 0.1875 0.5625 0
vt 0.21874999 0.5625 0
vt 0.24999999 0.5625 0
vt 0.28124997 0.5625 0
vt 0.31249997 0.5625 0
vt 0.34374997 0.5625 0
vt 0.375 0.5625 0
vt 0.40625 0.5625 0
vt 0.4375 0.5625 0
vt 0.46875003 0.5625 0
vt 0.49935034 0.5625 0
vt 0.03125 0.5 0
vt 0.0625 0.5 0
vt 0.09375 0.5 0
vt 0.125 0.5 0
vt 0.15625 0.5 0
vt 0.1875 0.5 0
vt 0.21874999 0.5 0
vt 0.24999999 0.5 0
vt 0.28124997 0.5 0
vt 0.31249997 0.5 0
vt 0.34374997 0.5 0
vt 0.375 0.5 0
vt 0.40625 0.5 0
vt 0.4375 0.5 0
vt 0.46875003 0.5 0
vt 0.49936283 0.5 0
vt 0.03125 0.43750006 0
vt 0.0625 0.43750006 0
vt 0.09375 0.43750006 0
vt 0.125 0.43750006 0
vt 0.15625 0.43750006 0
vt 0.1875 0.43750006 0
vt 0.21874999 0.43750006 0
vt 0.24999999 0.43750006 0
vt 0.28124997 0.43750006 0
vt 0.31249997 0.43750006 0
vt 0.34374997 0.43750006 0
vt 0.375 0.43750006 0
vt 0.40625 0.43750006 0
vt 0.4375 0.43750006 0
vt 0.46875003 0.43750006 0
vt 0.49935034 0.43750006 0
vt 0.03125 0.37500006 0
vt 0.0625 0.37500006 0
vt 0.09375 0.37500006 0
vt 0.125 0.37500006 0
vt 0.15625 0.37500006 0
vt 0.1875 0.37500006 0
vt 0.21874999 0.37500006 0
vt 0.24999999 0.37500006 0
vt 0.28124997 0.37500006 0
vt 0.31249997 0.37500006 0
vt 0.34374997 0.37500006 0
vt 0.375 0.37500006 0
vt 0.40625 0.37500006 0
vt 0.4375 0.37500006 0
vt 0.46875003 0.37500006 0
vt 0.49931034 0.37500006 0
vt 0.03125 0.31250006 0
vt 0.0625 0.31250006 0
vt 0.09375 0.31250006 0
vt 0.125 0.31250006 0
vt 0.15625 0.31250006 0
vt 0.1875 0.31250006 0
vt 0.21874999 0.31250006 0
vt 0.24999999 0.31250006 0
vt 0.28124997 0.31250006 0
vt 0.31249997 0.31250006 0
vt 0.34374997 0.31250006 0
vt 0.375 0.31250006 0
vt 0.40625 0.31250006 0
vt 0.4375 0.31250006 0
vt 0.46875003 0.31250006 0
vt 0.49923366 0.31250006 0
vt 0.03125 0.25 0
vt 0.0625 0.25 0
vt 0.09375 0.25 0
vt 0.125 0.25 0
vt 0.15625 0.25 0
vt 0.1875 0.25 0
vt 0.21874999 0.25 0
vt 0.24999999 0.25 0
vt 0.28124997 0.25 0
vt 0.31249997 0.25 0
vt 0.34374997 0.25 0
vt 0.375 0.25 0
vt 0.40625 0.25 0
vt 0.4375 0.25 0
vt 0.46875003 0.25 0
vt 0.4990989 0.25 0
vt 0.03125 0.1875 0
vt 0.0625 0.1875 0
vt 0.09375 0.1875 0
vt 0.125 0.1875 0
vt 0.15625 0.1875 0
vt 0.1875 0.1875 0
vt 0.21874999 0.1875 0
vt 0.24999999 0.1875 0
vt 0.28124997 0.1875 0
vt 0.31249997 0.1875 0
vt 0.34374997 0.1875 0
vt 0.375 0.1875 0
vt 0.40625 0.1875 0
vt 0.4375 0.1875 0
vt 0.46875003 0.1875 0
vt 0.4988531 0.1875 0
vt 0.03125 0.125 0
vt 0.0625 0.125 0
vt 0.09375 0.125 0
vt 0.125 0.125 0
vt 0.15625 0.125 0
vt 0.1875 0.125 0
vt 0.21874999 0.125 0
vt 0.24999999 0.125 0
vt 0.28124997 0.125 0
vt 0.31249997 0.125 0
vt 0.34374997 0.125 0
vt 0.375 0.125 0
vt 0.40625 0.125 0
vt 0.4375 0.125 0
vt 0.46875003 0.125 0
vt 0.4983349 0.125 0
vt 0.03125 0.06249994 0
vt 0.0625 0.06249994 0
vt 0.09375 0.06249994 0
vt 0.125 0.06249994 0
vt 0.15625 0.06249994 0
vt 0.1875 0.06249994 0
vt 0.21874999 0.06249994 0
vt 0.24999999 0.06249994 0
vt 0.28124997 0.06249994 0
vt 0.31249997 0.06249994 0
vt 0.34374997 0.06249994 0
vt 0.375 0.06249994 0
vt 0.40625 0.06249994 0
vt 0.4375 0.06249994 0
vt 0.46875003 0.06249994 0
vt 0.4967338 0.06249994 0
vt 0.0032662265 0.9375 0
vt 0.0032662265 0.99346757 0
vt 0.032082558 0.99506867 0
vt 0.06307347 0.997188 0
vt 0.09420058 0.99795187 0
vt 0.12538318 0.9983325 0
vt 0.15659486 0.9985439 0
vt 0.18782485 0.99866056 0
vt 0.21906859 0.99871314 0
vt 0.25032485 0.99871314 0
vt 0.2815948 0.99866056 0
vt 0.31288314 0.9985439 0
vt 0.34420055 0.9983325 0
vt 0.37557346 0.99795187 0
vt 0.40708256 0.997188 0
vt 0.4375 0.99666977 0
vt 0.46875003 0.9934675 0
vt 0.0016651128 0.875 0
vt 0.0011469508 0.81250006 0
vt 0.0009011537 0.75 0
vt 0.0007663684 0.6875 0
vt 0.00068971346 0.625 0
vt 0.0006496958 0.5625 0
vt 0.00063721207 0.5 0
vt 0.0006496958 0.43750003 0
vt 0.00068971334 0.37500006 0
vt 0.0007663684 0.31250006 0
vt 0.0009011537 0.25 0
vt 0.0011469509 0.18749999 0
vt 0.0016651135 0.125 0
vt 0.0032662302 0.06249994 0
vt 0.003266231 0.006532349 0
vt 0.032082558 0.004931232 0
vt 0.06307347 0.002811952 0
vt 0.09420058 0.002047991 0
vt 0.12538318 0.0016674076 0
vt 0.15659486 0.0014559667 0
vt 0.18782485 0.0013392939 0
vt 0.21906859 0.0012867926 0
vt 0.25032482 0.0012867926 0
vt 0.2815948 0.0013392942 0
vt 0.31288314 0.0014559673 0
vt 0.34420055 0.0016674085 0
vt 0.3755735 0.0020479928 0
vt 0.40708256 0.002811956 0
vt 0.44076625 0.0065323776 0
vt 0.46875003 0.0065323776 0
# 5992 texture coords

usemtl 02 - Default
s 1
f 1/1/1 3/3/2 4/4/3 2/2/4
f 3/3/5 5/5/6 6/6/7 4/4/8
f 5/5/9 7/7/10 8/8/11 6/6/12
f 7/7/13 9/9/14 10/10/15 8/8/16
f 9/9/17 11/11/18 12/12/19 10/10/20
f 11/727/21 13/13/22 14/14/23 12/728/24
f 13/729/25 505/290/26 506/289/27 14/730/28
f 16/17/29 18/19/30 3/3/31 1/1/32
f 17/18/33 18/19/34 16/17/35 15/16/36
f 18/19/37 20/21/38 5/5/39 3/3/40
f 19/20/41 20/21/42 18/19/43 17/18/44
f 20/21/45 22/23/46 7/7/47 5/5/48
f 21/22/49 22/23/50 20/21/51 19/20/52
f 22/23/53 24/25/54 9/9/55 7/7/56
f 23/24/57 24/25/58 22/23/59 21/22/60
f 24/25/61 26/27/62 11/11/63 9/9/64
f 25/26/65 26/27/66 24/25/67 23/24/68
f 26/27/69 28/29/70 13/15/71 11/11/72
f 27/28/73 28/29/74 26/27/75 25/26/76
f 28/731/77 246/292/78 505/290/79 13/732/80
f 247/293/81 246/291/82 28/29/83 27/28/84
f 30/31/85 32/33/86 17/18/87 15/16/88
f 31/32/89 32/33/90 30/31/91 29/30/92
f 32/33/93 34/35/94 19/20/95 17/18/96
f 33/34/97 34/35/98 32/33/99 31/32/100
f 34/35/101 36/37/102 21/22/103 19/20/104
f 35/36/105 36/37/106 34/35/107 33/34/108
f 36/37/109 38/39/110 23/24/111 21/22/112
f 37/38/113 38/39/114 36/37/115 35/36/116
f 38/39/117 40/41/118 25/26/119 23/24/120
f 39/40/121 40/41/122 38/39/123 37/38/124
f 40/41/125 42/43/126 27/28/127 25/26/128
f 41/42/129 42/43/130 40/41/131 39/40/132
f 42/43/133 248/294/134 247/293/135 27/28/136
f 249/295/137 248/294/138 42/43/139 41/42/140
f 44/45/141 46/47/142 31/32/143 29/30/144
f 45/46/145 46/47/146 44/45/147 43/44/148
f 46/47/149 48/49/150 33/34/151 31/32/152
f 47/48/153 48/49/154 46/47/155 45/46/156
f 48/49/157 50/51/158 35/36/159 33/34/160
f 49/50/161 50/51/162 48/49/163 47/48/164
f 50/51/165 52/53/166 37/38/167 35/36/168
f 51/52/169 52/53/170 50/51/171 49/50/172
f 52/53/173 54/55/174 39/40/175 37/38/176
f 53/54/177 54/55/178 52/53/179 51/52/180
f 54/55/181 56/57/182 41/42/183 39/40/184
f 55/56/185 56/57/186 54/55/187 53/54/188
f 56/57/189 508/296/190 249/295/191 41/42/192
f 507/297/193 508/296/194 56/57/195 55/56/196
f 58/60/197 60/63/198 45/46/199 43/44/200
f 59/61/201 60/62/202 58/59/203 57/58/204
f 60/63/205 62/66/206 47/48/207 45/46/208
f 61/64/209 62/65/210 60/62/211 59/61/212
f 62/66/213 64/69/214 49/50/215 47/48/216
f 63/67/217 64/68/218 62/65/219 61/64/220
f 64/69/221 66/72/222 51/52/223 49/50/224
f 65/70/225 66/71/226 64/68/227 63/67/228
f 66/72/229 68/75/230 53/54/231 51/52/232
f 67/73/233 68/74/234 66/71/235 65/70/236
f 68/75/237 70/78/238 55/56/239 53/54/240
f 69/76/241 70/77/242 68/74/243 67/73/244
f 70/78/245 250/299/246 507/297/247 55/56/248
f 509/300/249 250/298/250 70/77/251 69/76/252
f 73/81/253 72/80/254 75/83/255 76/84/256
f 71/79/257 74/82/258 75/83/259 72/80/260
f 76/84/261 75/83/262 78/86/263 79/87/264
f 74/82/265 77/85/266 78/86/267 75/83/268
f 79/87/269 78/86/270 81/89/271 82/90/272
f 77/85/273 80/88/274 81/89/275 78/86/276
f 82/90/277 81/89/278 84/92/279 85/93/280
f 80/88/281 83/91/282 84/92/283 81/89/284
f 85/93/285 84/92/286 87/95/287 88/96/288
f 83/91/289 86/94/290 87/95/291 84/92/292
f 88/96/293 87/95/294 90/98/295 91/99/296
f 86/94/297 89/97/298 90/98/299 87/95/300
f 91/99/301 90/98/302 511/301/303 512/303/304
f 89/97/305 510/302/306 511/301/307 90/98/308
f 93/101/309 95/103/310 74/82/311 71/79/312
f 94/102/313 95/103/314 93/101/315 92/100/316
f 95/103/317 97/105/318 77/85/319 74/82/320
f 96/104/321 97/105/322 95/103/323 94/102/324
f 97/105/325 99/107/326 80/88/327 77/85/328
f 98/106/329 99/107/330 97/105/331 96/104/332
f 99/107/333 101/109/334 83/91/335 80/88/336
f 100/108/337 101/109/338 99/107/339 98/106/340
f 101/109/341 103/111/342 86/94/343 83/91/344
f 102/110/345 103/111/346 101/109/347 100/108/348
f 103/111/349 105/116/350 89/97/351 86/94/352
f 104/114/353 105/115/354 103/113/355 102/112/356
f 105/116/357 251/305/358 510/302/359 89/97/360
f 513/306/361 251/304/362 105/115/363 104/114/364
f 107/118/365 109/121/366 94/122/367 92/119/368
f 108/120/369 109/121/370 107/118/371 106/117/372
f 109/121/373 111/124/374 96/125/375 94/122/376
f 110/123/377 111/124/378 109/121/379 108/120/380
f 111/124/381 113/127/382 98/128/383 96/125/384
f 112/126/385 113/127/386 111/124/387 110/123/388
f 113/129/389 115/132/390 100/108/391 98/106/392
f 114/131/393 115/132/394 113/129/395 112/130/396
f 115/132/397 117/134/398 102/110/399 100/108/400
f 116/133/401 117/134/402 115/132/403 114/131/404
f 117/135/405 119/138/406 104/114/407 102/112/408
f 118/137/409 119/138/410 117/135/411 116/136/412
f 119/138/413 252/307/414 513/306/415 104/114/416
f 514/308/417 252/307/418 119/138/419 118/137/420
f 121/140/421 123/142/422 108/120/423 106/117/424
f 122/141/425 123/142/426 121/140/427 120/139/428
f 123/142/429 125/144/430 110/123/431 108/120/432
f 124/143/433 125/144/434 123/142/435 122/141/436
f 125/144/437 127/146/438 112/126/439 110/123/440
f 126/145/441 127/146/442 125/144/443 124/143/444
f 127/147/445 129/150/446 114/131/447 112/130/448
f 128/149/449 129/150/450 127/147/451 126/148/452
f 129/150/453 131/152/454 116/133/455 114/131/456
f 130/151/457 131/152/458 129/150/459 128/149/460
f 131/153/461 133/156/462 118/137/463 116/136/464
f 132/155/465 133/156/466 131/153/467 130/154/468
f 133/156/469 516/309/470 514/308/471 118/137/472
f 515/310/473 516/309/474 133/156/475 132/155/476
f 135/158/477 137/160/478 122/141/479 120/139/480
f 136/159/481 137/160/482 135/158/483 134/157/484
f 137/160/485 139/162/486 124/143/487 122/141/488
f 138/161/489 139/162/490 137/160/491 136/159/492
f 139/162/493 141/164/494 126/145/495 124/143/496
f 140/163/497 141/164/498 139/162/499 138/161/500
f 141/165/501 143/168/502 128/149/503 126/148/504
f 142/167/505 143/168/506 141/165/507 140/166/508
f 143/168/509 145/170/510 130/151/511 128/149/512
f 144/169/513 145/170/514 143/168/515 142/167/516
f 145/171/517 147/174/518 132/155/519 130/154/520
f 146/173/521 147/174/522 145/171/523 144/172/524
f 147/174/525 253/311/526 515/310/527 132/155/528
f 517/312/529 253/311/530 147/174/531 146/173/532
f 149/176/533 151/178/534 136/159/535 134/157/536
f 150/177/537 151/178/538 149/176/539 148/175/540
f 151/178/541 153/180/542 138/161/543 136/159/544
f 152/179/545 153/180/546 151/178/547 150/177/548
f 153/180/549 155/182/550 140/163/551 138/161/552
f 154/181/553 155/182/554 153/180/555 152/179/556
f 155/183/557 157/186/558 142/167/559 140/166/560
f 156/185/561 157/186/562 155/183/563 154/184/564
f 157/186/565 159/188/566 144/169/567 142/167/568
f 158/187/569 159/188/570 157/186/571 156/185/572
f 159/189/573 161/192/574 146/173/575 144/172/576
f 160/191/577 161/192/578 159/189/579 158/190/580
f 161/192/581 254/313/582 517/312/583 146/173/584
f 518/314/585 254/313/586 161/192/587 160/191/588
f 163/194/589 165/196/590 150/177/591 148/175/592
f 164/195/593 165/196/594 163/194/595 162/193/596
f 165/196/597 167/198/598 152/179/599 150/177/600
f 166/197/601 167/198/602 165/196/603 164/195/604
f 167/198/605 169/200/606 154/181/607 152/179/608
f 168/199/609 169/200/610 167/198/611 166/197/612
f 169/201/613 171/204/614 156/185/615 154/184/616
f 170/203/617 171/204/618 169/201/619 168/202/620
f 171/204/621 173/206/622 158/187/623 156/185/624
f 172/205/625 173/206/626 171/204/627 170/203/628
f 173/207/629 175/210/630 160/191/631 158/190/632
f 174/208/633 175/209/634 173/206/635 172/205/636
f 175/210/637 519/316/638 518/314/639 160/191/640
f 255/317/641 519/315/642 175/209/643 174/208/644
f 177/212/645 179/214/646 164/195/647 162/193/648
f 178/213/649 179/214/650 177/212/651 176/211/652
f 179/214/653 181/216/654 166/197/655 164/195/656
f 180/215/657 181/216/658 179/214/659 178/213/660
f 181/216/661 183/218/662 168/199/663 166/197/664
f 182/217/665 183/218/666 181/216/667 180/215/668
f 183/219/669 185/222/670 170/203/671 168/202/672
f 184/221/673 185/222/674 183/219/675 182/220/676
f 185/222/677 187/224/678 172/205/679 170/203/680
f 186/223/681 187/224/682 185/222/683 184/221/684
f 187/224/685 189/226/686 174/208/687 172/205/688
f 188/225/689 189/226/690 187/224/691 186/223/692
f 189/226/693 521/318/694 255/317/695 174/208/696
f 520/319/697 521/318/698 189/226/699 188/225/700
f 191/228/701 193/230/702 178/213/703 176/211/704
f 192/229/705 193/230/706 191/228/707 190/227/708
f 193/230/709 195/232/710 180/215/711 178/213/712
f 194/231/713 195/232/714 193/230/715 192/229/716
f 195/232/717 197/234/718 182/217/719 180/215/720
f 196/233/721 197/234/722 195/232/723 194/231/724
f 197/235/725 199/238/726 184/221/727 182/220/728
f 198/237/729 199/238/730 197/235/731 196/236/732
f 199/238/733 201/240/734 186/223/735 184/221/736
f 200/239/737 201/240/738 199/238/739 198/237/740
f 201/240/741 203/242/742 188/225/743 186/223/744
f 202/241/745 203/242/746 201/240/747 200/239/748
f 203/242/749 523/320/750 520/319/751 188/225/752
f 522/321/753 523/320/754 203/242/755 202/241/756
f 205/245/757 207/248/758 192/229/759 190/227/760
f 206/246/761 207/247/762 205/244/763 204/243/764
f 207/248/765 209/251/766 194/231/767 192/229/768
f 208/249/769 209/250/770 207/247/771 206/246/772
f 209/251/773 211/254/774 196/233/775 194/231/776
f 210/252/777 211/253/778 209/250/779 208/249/780
f 211/253/781 213/256/782 198/237/783 196/236/784
f 212/255/785 213/256/786 211/253/787 210/252/788
f 213/256/789 215/258/790 200/239/791 198/237/792
f 214/257/793 215/258/794 213/256/795 212/255/796
f 215/258/797 217/260/798 202/241/799 200/239/800
f 216/259/801 217/260/802 215/258/803 214/257/804
f 217/260/805 524/322/806 522/321/807 202/241/808
f 256/734/809 524/733/810 217/260/811 216/259/812
f 204/243/813 545/672/814 546/673/815 218/261/816
f 206/246/817 204/243/818 218/261/819 219/262/820
f 208/249/821 206/246/822 219/262/823 220/263/824
f 210/252/825 208/249/826 220/263/827 221/264/828
f 212/255/829 210/252/830 221/264/831 222/265/832
f 214/257/833 212/255/834 222/265/835 223/266/836
f 216/259/837 214/257/838 223/266/839 224/267/840
f 226/269/841 228/271/842 59/61/843 57/58/844
f 227/270/845 228/271/846 226/269/847 225/268/848
f 228/271/849 230/273/850 61/64/851 59/61/852
f 229/272/853 230/273/854 228/271/855 227/270/856
f 230/273/857 232/275/858 63/67/859 61/64/860
f 231/274/861 232/275/862 230/273/863 229/272/864
f 232/275/865 234/277/866 65/70/867 63/67/868
f 233/276/869 234/277/870 232/275/871 231/274/872
f 234/277/873 236/279/874 67/73/875 65/70/876
f 235/278/877 236/279/878 234/277/879 233/276/880
f 236/279/881 238/281/882 69/76/883 67/73/884
f 237/280/885 238/281/886 236/279/887 235/278/888
f 238/281/889 525/323/890 509/300/891 69/76/892
f 258/324/893 525/323/894 238/281/895 237/280/896
f 225/268/897 239/282/898 240/283/899 227/270/900
f 73/81/901 76/84/902 240/283/903 239/282/904
f 227/270/905 240/283/906 241/284/907 229/272/908
f 76/84/909 79/87/910 241/284/911 240/283/912
f 229/272/913 241/284/914 242/285/915 231/274/916
f 79/87/917 82/90/918 242/285/919 241/284/920
f 231/274/921 242/285/922 243/286/923 233/276/924
f 82/90/925 85/93/926 243/286/927 242/285/928
f 233/276/929 243/286/930 244/287/931 235/278/932
f 85/93/933 88/96/934 244/287/935 243/286/936
f 235/278/937 244/287/938 245/288/939 237/280/940
f 88/96/941 91/99/942 245/288/943 244/287/944
f 237/280/945 245/288/946 259/325/947 258/324/948
f 91/99/949 512/303/950 259/325/951 245/288/952
f 256/735/953 216/259/954 224/267/955 257/736/956
f 260/326/957 261/327/958 263/329/959 262/328/960
f 262/328/961 263/329/962 265/331/963 264/330/964
f 264/330/965 265/331/966 267/333/967 266/332/968
f 266/332/969 267/333/970 269/335/971 268/334/972
f 268/334/973 269/335/974 271/337/975 270/336/976
f 270/738/977 271/737/978 273/339/979 272/338/980
f 272/740/981 273/739/982 506/615/983 505/614/984
f 260/326/985 262/328/986 277/344/987 275/342/988
f 274/341/989 275/342/990 277/344/991 276/343/992
f 262/328/993 264/330/994 279/346/995 277/344/996
f 276/343/997 277/344/998 279/346/999 278/345/1000
f 264/330/1001 266/332/1002 281/348/1003 279/346/1004
f 278/345/1005 279/346/1006 281/348/1007 280/347/1008
f 266/332/1009 268/334/1010 283/350/1011 281/348/1012
f 280/347/1013 281/348/1014 283/350/1015 282/349/1016
f 268/334/1017 270/336/1018 285/352/1019 283/350/1020
f 282/349/1021 283/350/1022 285/352/1023 284/351/1024
f 270/336/1025 272/340/1026 287/354/1027 285/352/1028
f 284/351/1029 285/352/1030 287/354/1031 286/353/1032
f 505/614/1033 246/618/1034 287/742/1035 272/741/1036
f 286/353/1037 287/354/1038 246/617/1039 247/616/1040
f 274/341/1041 276/343/1042 291/358/1043 289/356/1044
f 288/355/1045 289/356/1046 291/358/1047 290/357/1048
f 276/343/1049 278/345/1050 293/360/1051 291/358/1052
f 290/357/1053 291/358/1054 293/360/1055 292/359/1056
f 278/345/1057 280/347/1058 295/362/1059 293/360/1060
f 292/359/1061 293/360/1062 295/362/1063 294/361/1064
f 280/347/1065 282/349/1066 297/364/1067 295/362/1068
f 294/361/1069 295/362/1070 297/364/1071 296/363/1072
f 282/349/1073 284/351/1074 299/366/1075 297/364/1076
f 296/363/1077 297/364/1078 299/366/1079 298/365/1080
f 284/351/1081 286/353/1082 301/368/1083 299/366/1084
f 298/365/1085 299/366/1086 301/368/1087 300/367/1088
f 247/616/1089 248/620/1090 301/368/1091 286/353/1092
f 300/367/1093 301/368/1094 248/620/1095 249/619/1096
f 288/355/1097 290/357/1098 305/372/1099 303/370/1100
f 302/369/1101 303/370/1102 305/372/1103 304/371/1104
f 290/357/1105 292/359/1106 307/374/1107 305/372/1108
f 304/371/1109 305/372/1110 307/374/1111 306/373/1112
f 292/359/1113 294/361/1114 309/376/1115 307/374/1116
f 306/373/1117 307/374/1118 309/376/1119 308/375/1120
f 294/361/1121 296/363/1122 311/378/1123 309/376/1124
f 308/375/1125 309/376/1126 311/378/1127 310/377/1128
f 296/363/1129 298/365/1130 313/380/1131 311/378/1132
f 310/377/1133 311/378/1134 313/380/1135 312/379/1136
f 298/365/1137 300/367/1138 315/382/1139 313/380/1140
f 312/379/1141 313/380/1142 315/382/1143 314/381/1144
f 300/367/1145 249/619/1146 508/622/1147 315/382/1148
f 314/381/1149 315/382/1150 508/622/1151 507/621/1152
f 302/369/1153 304/371/1154 319/388/1155 317/385/1156
f 316/383/1157 317/384/1158 319/387/1159 318/386/1160
f 304/371/1161 306/373/1162 321/391/1163 319/388/1164
f 318/386/1165 319/387/1166 321/390/1167 320/389/1168
f 306/373/1169 308/375/1170 323/394/1171 321/391/1172
f 320/389/1173 321/390/1174 323/393/1175 322/392/1176
f 308/375/1177 310/377/1178 325/397/1179 323/394/1180
f 322/392/1181 323/393/1182 325/396/1183 324/395/1184
f 310/377/1185 312/379/1186 327/400/1187 325/397/1188
f 324/395/1189 325/396/1190 327/399/1191 326/398/1192
f 312/379/1193 314/381/1194 329/403/1195 327/400/1196
f 326/398/1197 327/399/1198 329/402/1199 328/401/1200
f 507/621/1201 250/625/1202 329/403/1203 314/381/1204
f 329/402/1205 250/624/1206 509/623/1207 328/401/1208
f 332/406/1209 335/409/1210 334/408/1211 331/405/1212
f 330/404/1213 331/405/1214 334/408/1215 333/407/1216
f 335/409/1217 338/412/1218 337/411/1219 334/408/1220
f 333/407/1221 334/408/1222 337/411/1223 336/410/1224
f 338/412/1225 341/415/1226 340/414/1227 337/411/1228
f 336/410/1229 337/411/1230 340/414/1231 339/413/1232
f 341/415/1233 344/418/1234 343/417/1235 340/414/1236
f 339/413/1237 340/414/1238 343/417/1239 342/416/1240
f 344/418/1241 347/421/1242 346/420/1243 343/417/1244
f 342/416/1245 343/417/1246 346/420/1247 345/419/1248
f 347/421/1249 350/424/1250 349/423/1251 346/420/1252
f 345/419/1253 346/420/1254 349/423/1255 348/422/1256
f 350/424/1257 512/628/1258 511/627/1259 349/423/1260
f 348/422/1261 349/423/1262 511/627/1263 510/626/1264
f 330/404/1265 333/407/1266 354/428/1267 352/426/1268
f 351/425/1269 352/426/1270 354/428/1271 353/427/1272
f 333/407/1273 336/410/1274 356/430/1275 354/428/1276
f 353/427/1277 354/428/1278 356/430/1279 355/429/1280
f 336/410/1281 339/413/1282 358/432/1283 356/430/1284
f 355/429/1285 356/430/1286 358/432/1287 357/431/1288
f 339/413/1289 342/416/1290 360/434/1291 358/432/1292
f 357/431/1293 358/432/1294 360/434/1295 359/433/1296
f 342/416/1297 345/419/1298 362/436/1299 360/434/1300
f 359/433/1301 360/434/1302 362/436/1303 361/435/1304
f 345/419/1305 348/422/1306 364/441/1307 362/436/1308
f 361/437/1309 362/438/1310 364/440/1311 363/439/1312
f 510/626/1313 251/631/1314 364/441/1315 348/422/1316
f 364/440/1317 251/630/1318 513/629/1319 363/439/1320
f 351/444/1321 353/447/1322 368/446/1323 366/443/1324
f 365/442/1325 366/443/1326 368/446/1327 367/445/1328
f 353/447/1329 355/450/1330 370/449/1331 368/446/1332
f 367/445/1333 368/446/1334 370/449/1335 369/448/1336
f 355/450/1337 357/453/1338 372/452/1339 370/449/1340
f 369/448/1341 370/449/1342 372/452/1343 371/451/1344
f 357/431/1345 359/433/1346 374/457/1347 372/454/1348
f 371/455/1349 372/454/1350 374/457/1351 373/456/1352
f 359/433/1353 361/435/1354 376/459/1355 374/457/1356
f 373/456/1357 374/457/1358 376/459/1359 375/458/1360
f 361/437/1361 363/439/1362 378/463/1363 376/460/1364
f 375/461/1365 376/460/1366 378/463/1367 377/462/1368
f 513/629/1369 252/633/1370 378/463/1371 363/439/1372
f 378/463/1373 252/633/1374 514/632/1375 377/462/1376
f 365/442/1377 367/445/1378 382/467/1379 380/465/1380
f 379/464/1381 380/465/1382 382/467/1383 381/466/1384
f 367/445/1385 369/448/1386 384/469/1387 382/467/1388
f 381/466/1389 382/467/1390 384/469/1391 383/468/1392
f 369/448/1393 371/451/1394 386/471/1395 384/469/1396
f 383/468/1397 384/469/1398 386/471/1399 385/470/1400
f 371/455/1401 373/456/1402 388/475/1403 386/472/1404
f 385/473/1405 386/472/1406 388/475/1407 387/474/1408
f 373/456/1409 375/458/1410 390/477/1411 388/475/1412
f 387/474/1413 388/475/1414 390/477/1415 389/476/1416
f 375/461/1417 377/462/1418 392/481/1419 390/478/1420
f 389/479/1421 390/478/1422 392/481/1423 391/480/1424
f 377/462/1425 514/632/1426 516/635/1427 392/481/1428
f 391/480/1429 392/481/1430 516/635/1431 515/634/1432
f 379/464/1433 381/466/1434 396/485/1435 394/483/1436
f 393/482/1437 394/483/1438 396/485/1439 395/484/1440
f 381/466/1441 383/468/1442 398/487/1443 396/485/1444
f 395/484/1445 396/485/1446 398/487/1447 397/486/1448
f 383/468/1449 385/470/1450 400/489/1451 398/487/1452
f 397/486/1453 398/487/1454 400/489/1455 399/488/1456
f 385/473/1457 387/474/1458 402/493/1459 400/490/1460
f 399/491/1461 400/490/1462 402/493/1463 401/492/1464
f 387/474/1465 389/476/1466 404/495/1467 402/493/1468
f 401/492/1469 402/493/1470 404/495/1471 403/494/1472
f 389/479/1473 391/480/1474 406/499/1475 404/496/1476
f 403/497/1477 404/496/1478 406/499/1479 405/498/1480
f 515/634/1481 253/637/1482 406/499/1483 391/480/1484
f 406/499/1485 253/637/1486 517/636/1487 405/498/1488
f 393/482/1489 395/484/1490 410/503/1491 408/501/1492
f 407/500/1493 408/501/1494 410/503/1495 409/502/1496
f 395/484/1497 397/486/1498 412/505/1499 410/503/1500
f 409/502/1501 410/503/1502 412/505/1503 411/504/1504
f 397/486/1505 399/488/1506 414/507/1507 412/505/1508
f 411/504/1509 412/505/1510 414/507/1511 413/506/1512
f 399/491/1513 401/492/1514 416/511/1515 414/508/1516
f 413/509/1517 414/508/1518 416/511/1519 415/510/1520
f 401/492/1521 403/494/1522 418/513/1523 416/511/1524
f 415/510/1525 416/511/1526 418/513/1527 417/512/1528
f 403/497/1529 405/498/1530 420/517/1531 418/514/1532
f 417/515/1533 418/514/1534 420/517/1535 419/516/1536
f 517/636/1537 254/639/1538 420/517/1539 405/498/1540
f 420/517/1541 254/639/1542 518/638/1543 419/516/1544
f 407/500/1545 409/502/1546 424/521/1547 422/519/1548
f 421/518/1549 422/519/1550 424/521/1551 423/520/1552
f 409/502/1553 411/504/1554 426/523/1555 424/521/1556
f 423/520/1557 424/521/1558 426/523/1559 425/522/1560
f 411/504/1561 413/506/1562 428/525/1563 426/523/1564
f 425/522/1565 426/523/1566 428/525/1567 427/524/1568
f 413/509/1569 415/510/1570 430/529/1571 428/526/1572
f 427/527/1573 428/526/1574 430/529/1575 429/528/1576
f 415/510/1577 417/512/1578 432/531/1579 430/529/1580
f 429/528/1581 430/529/1582 432/531/1583 431/530/1584
f 417/515/1585 419/516/1586 434/535/1587 432/532/1588
f 431/530/1589 432/531/1590 434/534/1591 433/533/1592
f 419/516/1593 518/638/1594 519/642/1595 434/535/1596
f 433/533/1597 434/534/1598 519/641/1599 255/640/1600
f 421/518/1601 423/520/1602 438/539/1603 436/537/1604
f 435/536/1605 436/537/1606 438/539/1607 437/538/1608
f 423/520/1609 425/522/1610 440/541/1611 438/539/1612
f 437/538/1613 438/539/1614 440/541/1615 439/540/1616
f 425/522/1617 427/524/1618 442/543/1619 440/541/1620
f 439/540/1621 440/541/1622 442/543/1623 441/542/1624
f 427/527/1625 429/528/1626 444/547/1627 442/544/1628
f 441/545/1629 442/544/1630 444/547/1631 443/546/1632
f 429/528/1633 431/530/1634 446/549/1635 444/547/1636
f 443/546/1637 444/547/1638 446/549/1639 445/548/1640
f 431/530/1641 433/533/1642 448/551/1643 446/549/1644
f 445/548/1645 446/549/1646 448/551/1647 447/550/1648
f 433/533/1649 255/640/1650 521/644/1651 448/551/1652
f 447/550/1653 448/551/1654 521/644/1655 520/643/1656
f 435/536/1657 437/538/1658 452/555/1659 450/553/1660
f 449/552/1661 450/553/1662 452/555/1663 451/554/1664
f 437/538/1665 439/540/1666 454/557/1667 452/555/1668
f 451/554/1669 452/555/1670 454/557/1671 453/556/1672
f 439/540/1673 441/542/1674 456/559/1675 454/557/1676
f 453/556/1677 454/557/1678 456/559/1679 455/558/1680
f 441/545/1681 443/546/1682 458/563/1683 456/560/1684
f 455/561/1685 456/560/1686 458/563/1687 457/562/1688
f 443/546/1689 445/548/1690 460/565/1691 458/563/1692
f 457/562/1693 458/563/1694 460/565/1695 459/564/1696
f 445/548/1697 447/550/1698 462/567/1699 460/565/1700
f 459/564/1701 460/565/1702 462/567/1703 461/566/1704
f 447/550/1705 520/643/1706 523/646/1707 462/567/1708
f 461/566/1709 462/567/1710 523/646/1711 522/645/1712
f 449/552/1713 451/554/1714 466/573/1715 464/570/1716
f 463/568/1717 464/569/1718 466/572/1719 465/571/1720
f 451/554/1721 453/556/1722 468/576/1723 466/573/1724
f 465/571/1725 466/572/1726 468/575/1727 467/574/1728
f 453/556/1729 455/558/1730 470/579/1731 468/576/1732
f 467/574/1733 468/575/1734 470/578/1735 469/577/1736
f 455/561/1737 457/562/1738 472/581/1739 470/578/1740
f 469/577/1741 470/578/1742 472/581/1743 471/580/1744
f 457/562/1745 459/564/1746 474/583/1747 472/581/1748
f 471/580/1749 472/581/1750 474/583/1751 473/582/1752
f 459/564/1753 461/566/1754 476/585/1755 474/583/1756
f 473/582/1757 474/583/1758 476/585/1759 475/584/1760
f 461/566/1761 522/645/1762 524/647/1763 476/585/1764
f 475/584/1765 476/585/1766 524/744/1767 256/743/1768
f 477/586/1769 580/710/1770 579/709/1771 463/568/1772
f 478/587/1773 477/586/1774 463/568/1775 465/571/1776
f 479/588/1777 478/587/1778 465/571/1779 467/574/1780
f 480/589/1781 479/588/1782 467/574/1783 469/577/1784
f 481/590/1785 480/589/1786 469/577/1787 471/580/1788
f 482/591/1789 481/590/1790 471/580/1791 473/582/1792
f 483/592/1793 482/591/1794 473/582/1795 475/584/1796
f 316/383/1797 318/386/1798 487/596/1799 485/594/1800
f 484/593/1801 485/594/1802 487/596/1803 486/595/1804
f 318/386/1805 320/389/1806 489/598/1807 487/596/1808
f 486/595/1809 487/596/1810 489/598/1811 488/597/1812
f 320/389/1813 322/392/1814 491/600/1815 489/598/1816
f 488/597/1817 489/598/1818 491/600/1819 490/599/1820
f 322/392/1821 324/395/1822 493/602/1823 491/600/1824
f 490/599/1825 491/600/1826 493/602/1827 492/601/1828
f 324/395/1829 326/398/1830 495/604/1831 493/602/1832
f 492/601/1833 493/602/1834 495/604/1835 494/603/1836
f 326/398/1837 328/401/1838 497/606/1839 495/604/1840
f 494/603/1841 495/604/1842 497/606/1843 496/605/1844
f 328/401/1845 509/623/1846 525/649/1847 497/606/1848
f 496/605/1849 497/606/1850 525/649/1851 258/648/1852
f 486/595/1853 499/608/1854 498/607/1855 484/593/1856
f 498/607/1857 499/608/1858 335/409/1859 332/406/1860
f 488/597/1861 500/609/1862 499/608/1863 486/595/1864
f 499/608/1865 500/609/1866 338/412/1867 335/409/1868
f 490/599/1869 501/610/1870 500/609/1871 488/597/1872
f 500/609/1873 501/610/1874 341/415/1875 338/412/1876
f 492/601/1877 502/611/1878 501/610/1879 490/599/1880
f 501/610/1881 502/611/1882 344/418/1883 341/415/1884
f 494/603/1885 503/612/1886 502/611/1887 492/601/1888
f 502/611/1889 503/612/1890 347/421/1891 344/418/1892
f 496/605/1893 504/613/1894 503/612/1895 494/603/1896
f 503/612/1897 504/613/1898 350/424/1899 347/421/1900
f 258/648/1901 259/650/1902 504/613/1903 496/605/1904
f 504/613/1905 259/650/1906 512/628/1907 350/424/1908
f 483/592/1909 475/584/1910 256/746/1911 257/745/1912
f 71/79/1913 526/651/1914 528/653/1915 93/101/1916
f 92/119/1917 529/655/1918 530/656/1919 107/118/1920
f 106/117/1921 531/657/1922 532/658/1923 121/140/1924
f 120/139/1925 533/659/1926 534/660/1927 135/158/1928
f 134/157/1929 535/661/1930 536/662/1931 149/176/1932
f 148/175/1933 537/663/1934 538/664/1935 163/194/1936
f 162/193/1937 539/665/1938 540/666/1939 177/212/1940
f 176/211/1941 541/667/1942 542/668/1943 191/228/1944
f 190/227/1945 543/669/1946 544/670/1947 205/245/1948
f 330/404/1949 561/689/1950 560/688/1951 331/405/1952
f 351/425/1953 563/691/1954 562/690/1955 352/426/1956
f 365/442/1957 565/694/1958 564/693/1959 366/443/1960
f 379/464/1961 567/696/1962 566/695/1963 380/465/1964
f 393/482/1965 569/698/1966 568/697/1967 394/483/1968
f 407/500/1969 571/700/1970 570/699/1971 408/501/1972
f 421/518/1973 573/702/1974 572/701/1975 422/519/1976
f 435/536/1977 575/704/1978 574/703/1979 436/537/1980
f 449/552/1981 577/706/1982 576/705/1983 450/553/1984
f 463/568/1985 579/709/1986 578/708/1987 464/569/1988
f 260/326/1989 581/711/1990 594/725/1991 261/327/1992
f 582/712/1993 581/711/1994 260/326/1995 275/342/1996
f 583/713/1997 582/712/1998 275/342/1999 274/341/2000
f 289/356/2001 584/714/2002 583/713/2003 274/341/2004
f 585/715/2005 584/714/2006 289/356/2007 288/355/2008
f 303/370/2009 586/716/2010 585/715/2011 288/355/2012
f 587/717/2013 586/716/2014 303/370/2015 302/369/2016
f 317/385/2017 588/718/2018 587/717/2019 302/369/2020
f 589/720/2021 588/719/2022 317/384/2023 316/383/2024
f 560/688/2025 590/721/2026 332/406/2027 331/405/2028
f 485/594/2029 591/722/2030 589/720/2031 316/383/2032
f 592/723/2033 591/722/2034 485/594/2035 484/593/2036
f 593/724/2037 592/723/2038 484/593/2039 498/607/2040
f 332/406/2041 590/721/2042 593/724/2043 498/607/2044
f 526/651/2045 71/79/2046 72/80/2047 527/652/2048
f 528/653/2049 529/654/2050 92/100/2051 93/101/2052
f 530/656/2053 531/657/2054 106/117/2055 107/118/2056
f 532/658/2057 533/659/2058 120/139/2059 121/140/2060
f 534/660/2061 535/661/2062 134/157/2063 135/158/2064
f 536/662/2065 537/663/2066 148/175/2067 149/176/2068
f 538/664/2069 539/665/2070 162/193/2071 163/194/2072
f 540/666/2073 541/667/2074 176/211/2075 177/212/2076
f 542/668/2077 543/669/2078 190/227/2079 191/228/2080
f 544/671/2081 545/672/2082 204/243/2083 205/244/2084
f 547/674/2085 1/1/2086 2/2/2087 595/726/2088
f 548/675/2089 16/17/2090 1/1/2091 547/674/2092
f 548/675/2093 549/676/2094 15/16/2095 16/17/2096
f 550/677/2097 30/31/2098 15/16/2099 549/676/2100
f 550/677/2101 551/678/2102 29/30/2103 30/31/2104
f 552/679/2105 44/45/2106 29/30/2107 551/678/2108
f 552/679/2109 553/680/2110 43/44/2111 44/45/2112
f 554/681/2113 58/60/2114 43/44/2115 553/680/2116
f 554/682/2117 555/683/2118 57/58/2119 58/59/2120
f 527/652/2121 72/80/2122 73/81/2123 556/684/2124
f 557/685/2125 226/269/2126 57/58/2127 555/683/2128
f 557/685/2129 558/686/2130 225/268/2131 226/269/2132
f 558/686/2133 559/687/2134 239/282/2135 225/268/2136
f 556/684/2137 73/81/2138 239/282/2139 559/687/2140
f 561/689/2141 330/404/2142 352/426/2143 562/690/2144
f 563/692/2145 351/444/2146 366/443/2147 564/693/2148
f 565/694/2149 365/442/2150 380/465/2151 566/695/2152
f 567/696/2153 379/464/2154 394/483/2155 568/697/2156
f 569/698/2157 393/482/2158 408/501/2159 570/699/2160
f 571/700/2161 407/500/2162 422/519/2163 572/701/2164
f 573/702/2165 421/518/2166 436/537/2167 574/703/2168
f 575/704/2169 435/536/2170 450/553/2171 576/705/2172
f 577/706/2173 449/552/2174 464/570/2175 578/707/2176
f 546/673/2177 596/752/2178 218/261/2179
f 218/261/2180 596/752/2181 219/262/2182
f 219/262/2183 596/752/2184 220/263/2185
f 220/263/2186 596/752/2187 221/264/2188
f 221/264/2189 596/752/2190 222/265/2191
f 222/265/2192 596/752/2193 223/266/2194
f 223/266/2195 596/747/2196 224/267/2197
f 224/267/2198 596/747/2199 257/736/2200
f 478/587/2201 596/748/2202 477/586/2203
f 479/588/2204 596/749/2205 478/587/2206
f 480/589/2207 596/749/2208 479/588/2209
f 481/590/2210 596/750/2211 480/589/2212
f 482/591/2213 596/750/2214 481/590/2215
f 483/592/2216 596/751/2217 482/591/2218
f 257/745/2219 596/751/2220 483/592/2221
f 477/586/2222 596/748/2223 580/710/2224
f 2/2/2225 597/753/2226 595/726/2227
f 4/4/2228 597/753/2229 2/2/2230
f 6/6/2231 597/754/2232 4/4/2233
f 8/8/2234 597/754/2235 6/6/2236
f 10/10/2237 597/755/2238 8/8/2239
f 12/12/2240 597/755/2241 10/10/2242
f 14/14/2243 597/756/2244 12/728/2245
f 506/289/2246 597/757/2247 14/730/2248
f 594/725/2249 597/758/2250 261/327/2251
f 261/327/2252 597/758/2253 263/329/2254
f 263/329/2255 597/758/2256 265/331/2257
f 265/331/2258 597/758/2259 267/333/2260
f 267/333/2261 597/758/2262 269/335/2263
f 269/335/2264 597/758/2265 271/337/2266
f 271/737/2267 597/759/2268 273/339/2269
f 273/739/2270 597/760/2271 506/615/2272
f 598/761/2273 601/764/2274 600/763/2275 599/762/2276
f 599/762/2277 600/763/2278 603/766/2279 602/765/2280
f 602/765/2281 603/766/2282 605/768/2283 604/767/2284
f 604/767/2285 605/768/2286 607/770/2287 606/769/2288
f 606/769/2289 607/770/2290 609/772/2291 608/771/2292
f 608/773/2293 609/776/2294 611/775/2295 610/774/2296
f 610/777/2297 611/780/2298 613/779/2299 612/778/2300
f 599/762/2301 615/782/2302 614/781/2303 598/761/2304
f 614/781/2305 615/782/2306 617/784/2307 616/783/2308
f 602/765/2309 618/785/2310 615/782/2311 599/762/2312
f 615/782/2313 618/785/2314 619/786/2315 617/784/2316
f 604/767/2317 620/787/2318 618/785/2319 602/765/2320
f 618/785/2321 620/787/2322 621/788/2323 619/786/2324
f 606/769/2325 622/789/2326 620/787/2327 604/767/2328
f 620/787/2329 622/789/2330 623/790/2331 621/788/2332
f 608/771/2333 624/791/2334 622/789/2335 606/769/2336
f 622/789/2337 624/791/2338 625/792/2339 623/790/2340
f 610/794/2341 626/793/2342 624/791/2343 608/771/2344
f 624/791/2345 626/793/2346 627/795/2347 625/792/2348
f 612/778/2349 628/798/2350 626/797/2351 610/796/2352
f 626/793/2353 628/800/2354 629/799/2355 627/795/2356
f 617/784/2357 631/802/2358 630/801/2359 616/783/2360
f 630/801/2361 631/802/2362 633/804/2363 632/803/2364
f 619/786/2365 634/805/2366 631/802/2367 617/784/2368
f 631/802/2369 634/805/2370 635/806/2371 633/804/2372
f 621/788/2373 636/807/2374 634/805/2375 619/786/2376
f 634/805/2377 636/807/2378 637/808/2379 635/806/2380
f 623/790/2381 638/809/2382 636/807/2383 621/788/2384
f 636/807/2385 638/809/2386 639/810/2387 637/808/2388
f 625/792/2389 640/811/2390 638/809/2391 623/790/2392
f 638/809/2393 640/811/2394 641/812/2395 639/810/2396
f 627/795/2397 642/813/2398 640/811/2399 625/792/2400
f 640/811/2401 642/813/2402 643/814/2403 641/812/2404
f 629/799/2405 644/815/2406 642/813/2407 627/795/2408
f 642/813/2409 644/815/2410 645/816/2411 643/814/2412
f 633/804/2413 647/818/2414 646/817/2415 632/803/2416
f 646/817/2417 647/818/2418 649/820/2419 648/819/2420
f 635/806/2421 650/821/2422 647/818/2423 633/804/2424
f 647/818/2425 650/821/2426 651/822/2427 649/820/2428
f 637/808/2429 652/823/2430 650/821/2431 635/806/2432
f 650/821/2433 652/823/2434 653/824/2435 651/822/2436
f 639/810/2437 654/825/2438 652/823/2439 637/808/2440
f 652/823/2441 654/825/2442 655/826/2443 653/824/2444
f 641/812/2445 656/827/2446 654/825/2447 639/810/2448
f 654/825/2449 656/827/2450 657/828/2451 655/826/2452
f 643/814/2453 658/829/2454 656/827/2455 641/812/2456
f 656/827/2457 658/829/2458 659/830/2459 657/828/2460
f 645/816/2461 660/831/2462 658/829/2463 643/814/2464
f 658/829/2465 660/831/2466 661/832/2467 659/830/2468
f 649/820/2469 663/834/2470 662/833/2471 648/819/2472
f 662/838/2473 663/837/2474 665/836/2475 664/835/2476
f 651/822/2477 666/839/2478 663/834/2479 649/820/2480
f 663/837/2481 666/841/2482 667/840/2483 665/836/2484
f 653/824/2485 668/842/2486 666/839/2487 651/822/2488
f 666/841/2489 668/844/2490 669/843/2491 667/840/2492
f 655/826/2493 670/845/2494 668/842/2495 653/824/2496
f 668/844/2497 670/847/2498 671/846/2499 669/843/2500
f 657/828/2501 672/848/2502 670/845/2503 655/826/2504
f 670/847/2505 672/850/2506 673/849/2507 671/846/2508
f 659/830/2509 674/851/2510 672/848/2511 657/828/2512
f 672/850/2513 674/853/2514 675/852/2515 673/849/2516
f 661/832/2517 676/854/2518 674/851/2519 659/830/2520
f 674/853/2521 676/856/2522 677/855/2523 675/852/2524
f 678/857/2525 681/860/2526 680/859/2527 679/858/2528
f 682/861/2529 679/858/2530 680/859/2531 683/862/2532
f 681/860/2533 685/864/2534 684/863/2535 680/859/2536
f 683/862/2537 680/859/2538 684/863/2539 686/865/2540
f 685/864/2541 688/867/2542 687/866/2543 684/863/2544
f 686/865/2545 684/863/2546 687/866/2547 689/868/2548
f 688/867/2549 691/870/2550 690/869/2551 687/866/2552
f 689/868/2553 687/866/2554 690/869/2555 692/871/2556
f 691/870/2557 694/873/2558 693/872/2559 690/869/2560
f 692/871/2561 690/869/2562 693/872/2563 695/874/2564
f 694/873/2565 697/876/2566 696/875/2567 693/872/2568
f 695/874/2569 693/872/2570 696/875/2571 698/877/2572
f 697/876/2573 700/879/2574 699/878/2575 696/875/2576
f 698/877/2577 696/875/2578 699/878/2579 701/880/2580
f 683/862/2581 703/882/2582 702/881/2583 682/861/2584
f 702/881/2585 703/882/2586 705/884/2587 704/883/2588
f 686/865/2589 706/885/2590 703/882/2591 683/862/2592
f 703/882/2593 706/885/2594 707/886/2595 705/884/2596
f 689/868/2597 708/887/2598 706/885/2599 686/865/2600
f 706/885/2601 708/887/2602 709/888/2603 707/886/2604
f 692/871/2605 710/889/2606 708/887/2607 689/868/2608
f 708/887/2609 710/889/2610 711/890/2611 709/888/2612
f 695/874/2613 712/891/2614 710/889/2615 692/871/2616
f 710/889/2617 712/891/2618 713/892/2619 711/890/2620
f 698/877/2621 714/893/2622 712/891/2623 695/874/2624
f 712/897/2625 714/896/2626 715/895/2627 713/894/2628
f 701/880/2629 716/898/2630 714/893/2631 698/877/2632
f 714/896/2633 716/900/2634 717/899/2635 715/895/2636
f 705/904/2637 719/903/2638 718/902/2639 704/901/2640
f 718/902/2641 719/903/2642 721/906/2643 720/905/2644
f 707/908/2645 722/907/2646 719/903/2647 705/904/2648
f 719/903/2649 722/907/2650 723/909/2651 721/906/2652
f 709/911/2653 724/910/2654 722/907/2655 707/908/2656
f 722/907/2657 724/910/2658 725/912/2659 723/909/2660
f 711/890/2661 726/914/2662 724/913/2663 709/888/2664
f 724/913/2665 726/914/2666 727/916/2667 725/915/2668
f 713/892/2669 728/917/2670 726/914/2671 711/890/2672
f 726/914/2673 728/917/2674 729/918/2675 727/916/2676
f 715/895/2677 730/920/2678 728/919/2679 713/894/2680
f 728/919/2681 730/920/2682 731/922/2683 729/921/2684
f 717/899/2685 732/923/2686 730/920/2687 715/895/2688
f 730/920/2689 732/923/2690 733/924/2691 731/922/2692
f 721/906/2693 735/926/2694 734/925/2695 720/905/2696
f 734/925/2697 735/926/2698 737/928/2699 736/927/2700
f 723/909/2701 738/929/2702 735/926/2703 721/906/2704
f 735/926/2705 738/929/2706 739/930/2707 737/928/2708
f 725/912/2709 740/931/2710 738/929/2711 723/909/2712
f 738/929/2713 740/931/2714 741/932/2715 739/930/2716
f 727/916/2717 742/934/2718 740/933/2719 725/915/2720
f 740/933/2721 742/934/2722 743/936/2723 741/935/2724
f 729/918/2725 744/937/2726 742/934/2727 727/916/2728
f 742/934/2729 744/937/2730 745/938/2731 743/936/2732
f 731/922/2733 746/940/2734 744/939/2735 729/921/2736
f 744/939/2737 746/940/2738 747/942/2739 745/941/2740
f 733/924/2741 748/943/2742 746/940/2743 731/922/2744
f 746/940/2745 748/943/2746 749/944/2747 747/942/2748
f 737/928/2749 751/946/2750 750/945/2751 736/927/2752
f 750/945/2753 751/946/2754 753/948/2755 752/947/2756
f 739/930/2757 754/949/2758 751/946/2759 737/928/2760
f 751/946/2761 754/949/2762 755/950/2763 753/948/2764
f 741/932/2765 756/951/2766 754/949/2767 739/930/2768
f 754/949/2769 756/951/2770 757/952/2771 755/950/2772
f 743/936/2773 758/954/2774 756/953/2775 741/935/2776
f 756/953/2777 758/954/2778 759/956/2779 757/955/2780
f 745/938/2781 760/957/2782 758/954/2783 743/936/2784
f 758/954/2785 760/957/2786 761/958/2787 759/956/2788
f 747/942/2789 762/960/2790 760/959/2791 745/941/2792
f 760/959/2793 762/960/2794 763/962/2795 761/961/2796
f 749/944/2797 764/963/2798 762/960/2799 747/942/2800
f 762/960/2801 764/963/2802 765/964/2803 763/962/2804
f 753/948/2805 767/966/2806 766/965/2807 752/947/2808
f 766/965/2809 767/966/2810 769/968/2811 768/967/2812
f 755/950/2813 770/969/2814 767/966/2815 753/948/2816
f 767/966/2817 770/969/2818 771/970/2819 769/968/2820
f 757/952/2821 772/971/2822 770/969/2823 755/950/2824
f 770/969/2825 772/971/2826 773/972/2827 771/970/2828
f 759/956/2829 774/974/2830 772/973/2831 757/955/2832
f 772/973/2833 774/974/2834 775/976/2835 773/975/2836
f 761/958/2837 776/977/2838 774/974/2839 759/956/2840
f 774/974/2841 776/977/2842 777/978/2843 775/976/2844
f 763/962/2845 778/980/2846 776/979/2847 761/961/2848
f 776/979/2849 778/980/2850 779/982/2851 777/981/2852
f 765/964/2853 780/983/2854 778/980/2855 763/962/2856
f 778/980/2857 780/983/2858 781/984/2859 779/982/2860
f 769/968/2861 783/986/2862 782/985/2863 768/967/2864
f 782/985/2865 783/986/2866 785/988/2867 784/987/2868
f 771/970/2869 786/989/2870 783/986/2871 769/968/2872
f 783/986/2873 786/989/2874 787/990/2875 785/988/2876
f 773/972/2877 788/991/2878 786/989/2879 771/970/2880
f 786/989/2881 788/991/2882 789/992/2883 787/990/2884
f 775/976/2885 790/994/2886 788/993/2887 773/975/2888
f 788/993/2889 790/994/2890 791/996/2891 789/995/2892
f 777/978/2893 792/997/2894 790/994/2895 775/976/2896
f 790/994/2897 792/997/2898 793/998/2899 791/996/2900
f 779/982/2901 794/1000/2902 792/999/2903 777/981/2904
f 792/997/2905 794/1002/2906 795/1001/2907 793/998/2908
f 781/984/2909 796/1003/2910 794/1000/2911 779/982/2912
f 794/1002/2913 796/1005/2914 797/1004/2915 795/1001/2916
f 785/988/2917 799/1007/2918 798/1006/2919 784/987/2920
f 798/1006/2921 799/1007/2922 801/1009/2923 800/1008/2924
f 787/990/2925 802/1010/2926 799/1007/2927 785/988/2928
f 799/1007/2929 802/1010/2930 803/1011/2931 801/1009/2932
f 789/992/2933 804/1012/2934 802/1010/2935 787/990/2936
f 802/1010/2937 804/1012/2938 805/1013/2939 803/1011/2940
f 791/996/2941 806/1015/2942 804/1014/2943 789/995/2944
f 804/1014/2945 806/1015/2946 807/1017/2947 805/1016/2948
f 793/998/2949 808/1018/2950 806/1015/2951 791/996/2952
f 806/1015/2953 808/1018/2954 809/1019/2955 807/1017/2956
f 795/1001/2957 810/1020/2958 808/1018/2959 793/998/2960
f 808/1018/2961 810/1020/2962 811/1021/2963 809/1019/2964
f 797/1004/2965 812/1022/2966 810/1020/2967 795/1001/2968
f 810/1020/2969 812/1022/2970 813/1023/2971 811/1021/2972
f 801/1009/2973 815/1025/2974 814/1024/2975 800/1008/2976
f 814/1024/2977 815/1025/2978 817/1027/2979 816/1026/2980
f 803/1011/2981 818/1028/2982 815/1025/2983 801/1009/2984
f 815/1025/2985 818/1028/2986 819/1029/2987 817/1027/2988
f 805/1013/2989 820/1030/2990 818/1028/2991 803/1011/2992
f 818/1028/2993 820/1030/2994 821/1031/2995 819/1029/2996
f 807/1017/2997 822/1033/2998 820/1032/2999 805/1016/3000
f 820/1032/3001 822/1033/3002 823/1035/3003 821/1034/3004
f 809/1019/3005 824/1036/3006 822/1033/3007 807/1017/3008
f 822/1033/3009 824/1036/3010 825/1037/3011 823/1035/3012
f 811/1021/3013 826/1038/3014 824/1036/3015 809/1019/3016
f 824/1036/3017 826/1038/3018 827/1039/3019 825/1037/3020
f 813/1023/3021 828/1040/3022 826/1038/3023 811/1021/3024
f 826/1038/3025 828/1040/3026 829/1041/3027 827/1039/3028
f 817/1027/3029 831/1043/3030 830/1042/3031 816/1026/3032
f 830/1047/3033 831/1046/3034 833/1045/3035 832/1044/3036
f 819/1029/3037 834/1048/3038 831/1043/3039 817/1027/3040
f 831/1046/3041 834/1050/3042 835/1049/3043 833/1045/3044
f 821/1031/3045 836/1051/3046 834/1048/3047 819/1029/3048
f 834/1050/3049 836/1053/3050 837/1052/3051 835/1049/3052
f 823/1035/3053 838/1054/3054 836/1053/3055 821/1034/3056
f 836/1053/3057 838/1054/3058 839/1055/3059 837/1052/3060
f 825/1037/3061 840/1056/3062 838/1054/3063 823/1035/3064
f 838/1054/3065 840/1056/3066 841/1057/3067 839/1055/3068
f 827/1039/3069 842/1058/3070 840/1056/3071 825/1037/3072
f 840/1056/3073 842/1058/3074 843/1059/3075 841/1057/3076
f 829/1041/3077 844/1060/3078 842/1058/3079 827/1039/3080
f 842/1058/3081 844/1062/3082 845/1061/3083 843/1059/3084
f 832/1044/3085 846/1065/3086 546/1064/3087 545/1063/3088
f 833/1045/3089 847/1066/3090 846/1065/3091 832/1044/3092
f 835/1049/3093 848/1067/3094 847/1066/3095 833/1045/3096
f 837/1052/3097 849/1068/3098 848/1067/3099 835/1049/3100
f 839/1055/3101 850/1069/3102 849/1068/3103 837/1052/3104
f 841/1057/3105 851/1070/3106 850/1069/3107 839/1055/3108
f 843/1059/3109 852/1071/3110 851/1070/3111 841/1057/3112
f 665/836/3113 854/1073/3114 853/1072/3115 664/835/3116
f 853/1072/3117 854/1073/3118 856/1075/3119 855/1074/3120
f 667/840/3121 857/1076/3122 854/1073/3123 665/836/3124
f 854/1073/3125 857/1076/3126 858/1077/3127 856/1075/3128
f 669/843/3129 859/1078/3130 857/1076/3131 667/840/3132
f 857/1076/3133 859/1078/3134 860/1079/3135 858/1077/3136
f 671/846/3137 861/1080/3138 859/1078/3139 669/843/3140
f 859/1078/3141 861/1080/3142 862/1081/3143 860/1079/3144
f 673/849/3145 863/1082/3146 861/1080/3147 671/846/3148
f 861/1080/3149 863/1082/3150 864/1083/3151 862/1081/3152
f 675/852/3153 865/1084/3154 863/1082/3155 673/849/3156
f 863/1082/3157 865/1084/3158 866/1085/3159 864/1083/3160
f 677/855/3161 867/1086/3162 865/1084/3163 675/852/3164
f 865/1084/3165 867/1086/3166 868/1087/3167 866/1085/3168
f 855/1074/3169 856/1075/3170 870/1089/3171 869/1088/3172
f 678/857/3173 869/1088/3174 870/1089/3175 681/860/3176
f 856/1075/3177 858/1077/3178 871/1090/3179 870/1089/3180
f 681/860/3181 870/1089/3182 871/1090/3183 685/864/3184
f 858/1077/3185 860/1079/3186 872/1091/3187 871/1090/3188
f 685/864/3189 871/1090/3190 872/1091/3191 688/867/3192
f 860/1079/3193 862/1081/3194 873/1092/3195 872/1091/3196
f 688/867/3197 872/1091/3198 873/1092/3199 691/870/3200
f 862/1081/3201 864/1083/3202 874/1093/3203 873/1092/3204
f 691/870/3205 873/1092/3206 874/1093/3207 694/873/3208
f 864/1083/3209 866/1085/3210 875/1094/3211 874/1093/3212
f 694/873/3213 874/1093/3214 875/1094/3215 697/876/3216
f 866/1085/3217 868/1087/3218 876/1095/3219 875/1094/3220
f 697/876/3221 875/1094/3222 876/1095/3223 700/879/3224
f 852/1071/3225 843/1059/3226 845/1097/3227 877/1096/3228
f 878/1098/3229 881/1101/3230 880/1100/3231 879/1099/3232
f 881/1101/3233 883/1103/3234 882/1102/3235 880/1100/3236
f 883/1103/3237 885/1105/3238 884/1104/3239 882/1102/3240
f 885/1105/3241 887/1107/3242 886/1106/3243 884/1104/3244
f 887/1107/3245 889/1109/3246 888/1108/3247 886/1106/3248
f 889/1110/3249 891/1113/3250 890/1112/3251 888/1111/3252
f 891/1114/3253 612/1117/3254 613/1116/3255 890/1115/3256
f 878/1098/3257 893/1119/3258 892/1118/3259 881/1101/3260
f 894/1120/3261 895/1121/3262 892/1118/3263 893/1119/3264
f 881/1101/3265 892/1118/3266 896/1122/3267 883/1103/3268
f 895/1121/3269 897/1123/3270 896/1122/3271 892/1118/3272
f 883/1103/3273 896/1122/3274 898/1124/3275 885/1105/3276
f 897/1123/3277 899/1125/3278 898/1124/3279 896/1122/3280
f 885/1105/3281 898/1124/3282 900/1126/3283 887/1107/3284
f 899/1125/3285 901/1127/3286 900/1126/3287 898/1124/3288
f 887/1107/3289 900/1126/3290 902/1128/3291 889/1109/3292
f 901/1127/3293 903/1129/3294 902/1128/3295 900/1126/3296
f 889/1109/3297 902/1128/3298 904/1131/3299 891/1130/3300
f 903/1129/3301 905/1132/3302 904/1131/3303 902/1128/3304
f 904/1135/3305 628/1134/3306 612/1117/3307 891/1133/3308
f 905/1132/3309 629/1137/3310 628/1136/3311 904/1131/3312
f 894/1120/3313 907/1139/3314 906/1138/3315 895/1121/3316
f 908/1140/3317 909/1141/3318 906/1138/3319 907/1139/3320
f 895/1121/3321 906/1138/3322 910/1142/3323 897/1123/3324
f 909/1141/3325 911/1143/3326 910/1142/3327 906/1138/3328
f 897/1123/3329 910/1142/3330 912/1144/3331 899/1125/3332
f 911/1143/3333 913/1145/3334 912/1144/3335 910/1142/3336
f 899/1125/3337 912/1144/3338 914/1146/3339 901/1127/3340
f 913/1145/3341 915/1147/3342 914/1146/3343 912/1144/3344
f 901/1127/3345 914/1146/3346 916/1148/3347 903/1129/3348
f 915/1147/3349 917/1149/3350 916/1148/3351 914/1146/3352
f 903/1129/3353 916/1148/3354 918/1150/3355 905/1132/3356
f 917/1149/3357 919/1151/3358 918/1150/3359 916/1148/3360
f 918/1150/3361 644/1152/3362 629/1137/3363 905/1132/3364
f 919/1151/3365 645/1153/3366 644/1152/3367 918/1150/3368
f 908/1140/3369 921/1155/3370 920/1154/3371 909/1141/3372
f 922/1156/3373 923/1157/3374 920/1154/3375 921/1155/3376
f 909/1141/3377 920/1154/3378 924/1158/3379 911/1143/3380
f 923/1157/3381 925/1159/3382 924/1158/3383 920/1154/3384
f 911/1143/3385 924/1158/3386 926/1160/3387 913/1145/3388
f 925/1159/3389 927/1161/3390 926/1160/3391 924/1158/3392
f 913/1145/3393 926/1160/3394 928/1162/3395 915/1147/3396
f 927/1161/3397 929/1163/3398 928/1162/3399 926/1160/3400
f 915/1147/3401 928/1162/3402 930/1164/3403 917/1149/3404
f 929/1163/3405 931/1165/3406 930/1164/3407 928/1162/3408
f 917/1149/3409 930/1164/3410 932/1166/3411 919/1151/3412
f 931/1165/3413 933/1167/3414 932/1166/3415 930/1164/3416
f 919/1151/3417 932/1166/3418 660/1168/3419 645/1153/3420
f 933/1167/3421 661/1169/3422 660/1168/3423 932/1166/3424
f 922/1156/3425 935/1171/3426 934/1170/3427 923/1157/3428
f 936/1172/3429 937/1175/3430 934/1174/3431 935/1173/3432
f 923/1157/3433 934/1170/3434 938/1176/3435 925/1159/3436
f 937/1175/3437 939/1178/3438 938/1177/3439 934/1174/3440
f 925/1159/3441 938/1176/3442 940/1179/3443 927/1161/3444
f 939/1178/3445 941/1181/3446 940/1180/3447 938/1177/3448
f 927/1161/3449 940/1179/3450 942/1182/3451 929/1163/3452
f 941/1181/3453 943/1184/3454 942/1183/3455 940/1180/3456
f 929/1163/3457 942/1182/3458 944/1185/3459 931/1165/3460
f 943/1184/3461 945/1187/3462 944/1186/3463 942/1183/3464
f 931/1165/3465 944/1185/3466 946/1188/3467 933/1167/3468
f 945/1187/3469 947/1190/3470 946/1189/3471 944/1186/3472
f 946/1188/3473 676/1191/3474 661/1169/3475 933/1167/3476
f 677/1193/3477 676/1192/3478 946/1189/3479 947/1190/3480
f 948/1194/3481 951/1197/3482 950/1196/3483 949/1195/3484
f 952/1198/3485 953/1199/3486 950/1196/3487 951/1197/3488
f 949/1195/3489 950/1196/3490 955/1201/3491 954/1200/3492
f 953/1199/3493 956/1202/3494 955/1201/3495 950/1196/3496
f 954/1200/3497 955/1201/3498 958/1204/3499 957/1203/3500
f 956/1202/3501 959/1205/3502 958/1204/3503 955/1201/3504
f 957/1203/3505 958/1204/3506 961/1207/3507 960/1206/3508
f 959/1205/3509 962/1208/3510 961/1207/3511 958/1204/3512
f 960/1206/3513 961/1207/3514 964/1210/3515 963/1209/3516
f 962/1208/3517 965/1211/3518 964/1210/3519 961/1207/3520
f 963/1209/3521 964/1210/3522 967/1213/3523 966/1212/3524
f 965/1211/3525 968/1214/3526 967/1213/3527 964/1210/3528
f 966/1212/3529 967/1213/3530 699/1216/3531 700/1215/3532
f 968/1214/3533 701/1217/3534 699/1216/3535 967/1213/3536
f 952/1198/3537 970/1219/3538 969/1218/3539 953/1199/3540
f 971/1220/3541 972/1221/3542 969/1218/3543 970/1219/3544
f 953/1199/3545 969/1218/3546 973/1222/3547 956/1202/3548
f 972/1221/3549 974/1223/3550 973/1222/3551 969/1218/3552
f 956/1202/3553 973/1222/3554 975/1224/3555 959/1205/3556
f 974/1223/3557 976/1225/3558 975/1224/3559 973/1222/3560
f 959/1205/3561 975/1224/3562 977/1226/3563 962/1208/3564
f 976/1225/3565 978/1227/3566 977/1226/3567 975/1224/3568
f 962/1208/3569 977/1226/3570 979/1228/3571 965/1211/3572
f 978/1227/3573 980/1229/3574 979/1228/3575 977/1226/3576
f 965/1211/3577 979/1228/3578 981/1230/3579 968/1214/3580
f 980/1231/3581 982/1234/3582 981/1233/3583 979/1232/3584
f 981/1230/3585 716/1235/3586 701/1217/3587 968/1214/3588
f 717/1237/3589 716/1236/3590 981/1233/3591 982/1234/3592
f 971/1238/3593 984/1241/3594 983/1240/3595 972/1239/3596
f 985/1242/3597 986/1243/3598 983/1240/3599 984/1241/3600
f 972/1239/3601 983/1240/3602 987/1245/3603 974/1244/3604
f 986/1243/3605 988/1246/3606 987/1245/3607 983/1240/3608
f 974/1244/3609 987/1245/3610 989/1248/3611 976/1247/3612
f 988/1246/3613 990/1249/3614 989/1248/3615 987/1245/3616
f 976/1225/3617 989/1251/3618 991/1250/3619 978/1227/3620
f 990/1252/3621 992/1253/3622 991/1250/3623 989/1251/3624
f 978/1227/3625 991/1250/3626 993/1254/3627 980/1229/3628
f 992/1253/3629 994/1255/3630 993/1254/3631 991/1250/3632
f 980/1231/3633 993/1257/3634 995/1256/3635 982/1234/3636
f 994/1258/3637 996/1259/3638 995/1256/3639 993/1257/3640
f 995/1256/3641 732/1260/3642 717/1237/3643 982/1234/3644
f 733/1261/3645 732/1260/3646 995/1256/3647 996/1259/3648
f 985/1242/3649 998/1263/3650 997/1262/3651 986/1243/3652
f 999/1264/3653 1000/1265/3654 997/1262/3655 998/1263/3656
f 986/1243/3657 997/1262/3658 1001/1266/3659 988/1246/3660
f 1000/1265/3661 1002/1267/3662 1001/1266/3663 997/1262/3664
f 988/1246/3665 1001/1266/3666 1003/1268/3667 990/1249/3668
f 1002/1267/3669 1004/1269/3670 1003/1268/3671 1001/1266/3672
f 990/1252/3673 1003/1271/3674 1005/1270/3675 992/1253/3676
f 1004/1272/3677 1006/1273/3678 1005/1270/3679 1003/1271/3680
f 992/1253/3681 1005/1270/3682 1007/1274/3683 994/1255/3684
f 1006/1273/3685 1008/1275/3686 1007/1274/3687 1005/1270/3688
f 994/1258/3689 1007/1277/3690 1009/1276/3691 996/1259/3692
f 1008/1278/3693 1010/1279/3694 1009/1276/3695 1007/1277/3696
f 996/1259/3697 1009/1276/3698 748/1280/3699 733/1261/3700
f 1010/1279/3701 749/1281/3702 748/1280/3703 1009/1276/3704
f 999/1264/3705 1012/1283/3706 1011/1282/3707 1000/1265/3708
f 1013/1284/3709 1014/1285/3710 1011/1282/3711 1012/1283/3712
f 1000/1265/3713 1011/1282/3714 1015/1286/3715 1002/1267/3716
f 1014/1285/3717 1016/1287/3718 1015/1286/3719 1011/1282/3720
f 1002/1267/3721 1015/1286/3722 1017/1288/3723 1004/1269/3724
f 1016/1287/3725 1018/1289/3726 1017/1288/3727 1015/1286/3728
f 1004/1272/3729 1017/1291/3730 1019/1290/3731 1006/1273/3732
f 1018/1292/3733 1020/1293/3734 1019/1290/3735 1017/1291/3736
f 1006/1273/3737 1019/1290/3738 1021/1294/3739 1008/1275/3740
f 1020/1293/3741 1022/1295/3742 1021/1294/3743 1019/1290/3744
f 1008/1278/3745 1021/1297/3746 1023/1296/3747 1010/1279/3748
f 1022/1298/3749 1024/1299/3750 1023/1296/3751 1021/1297/3752
f 1023/1296/3753 764/1300/3754 749/1281/3755 1010/1279/3756
f 765/1301/3757 764/1300/3758 1023/1296/3759 1024/1299/3760
f 1013/1284/3761 1026/1303/3762 1025/1302/3763 1014/1285/3764
f 1027/1304/3765 1028/1305/3766 1025/1302/3767 1026/1303/3768
f 1014/1285/3769 1025/1302/3770 1029/1306/3771 1016/1287/3772
f 1028/1305/3773 1030/1307/3774 1029/1306/3775 1025/1302/3776
f 1016/1287/3777 1029/1306/3778 1031/1308/3779 1018/1289/3780
f 1030/1307/3781 1032/1309/3782 1031/1308/3783 1029/1306/3784
f 1018/1292/3785 1031/1311/3786 1033/1310/3787 1020/1293/3788
f 1032/1312/3789 1034/1313/3790 1033/1310/3791 1031/1311/3792
f 1020/1293/3793 1033/1310/3794 1035/1314/3795 1022/1295/3796
f 1034/1313/3797 1036/1315/3798 1035/1314/3799 1033/1310/3800
f 1022/1298/3801 1035/1317/3802 1037/1316/3803 1024/1299/3804
f 1036/1318/3805 1038/1319/3806 1037/1316/3807 1035/1317/3808
f 1037/1316/3809 780/1320/3810 765/1301/3811 1024/1299/3812
f 781/1321/3813 780/1320/3814 1037/1316/3815 1038/1319/3816
f 1027/1304/3817 1040/1323/3818 1039/1322/3819 1028/1305/3820
f 1041/1324/3821 1042/1325/3822 1039/1322/3823 1040/1323/3824
f 1028/1305/3825 1039/1322/3826 1043/1326/3827 1030/1307/3828
f 1042/1325/3829 1044/1327/3830 1043/1326/3831 1039/1322/3832
f 1030/1307/3833 1043/1326/3834 1045/1328/3835 1032/1309/3836
f 1044/1327/3837 1046/1329/3838 1045/1328/3839 1043/1326/3840
f 1032/1312/3841 1045/1331/3842 1047/1330/3843 1034/1313/3844
f 1046/1332/3845 1048/1333/3846 1047/1330/3847 1045/1331/3848
f 1034/1313/3849 1047/1330/3850 1049/1334/3851 1036/1315/3852
f 1048/1333/3853 1050/1335/3854 1049/1334/3855 1047/1330/3856
f 1036/1318/3857 1049/1337/3858 1051/1336/3859 1038/1319/3860
f 1050/1335/3861 1052/1339/3862 1051/1338/3863 1049/1334/3864
f 1038/1319/3865 1051/1336/3866 796/1340/3867 781/1321/3868
f 1052/1339/3869 797/1342/3870 796/1341/3871 1051/1338/3872
f 1041/1324/3873 1054/1344/3874 1053/1343/3875 1042/1325/3876
f 1055/1345/3877 1056/1346/3878 1053/1343/3879 1054/1344/3880
f 1042/1325/3881 1053/1343/3882 1057/1347/3883 1044/1327/3884
f 1056/1346/3885 1058/1348/3886 1057/1347/3887 1053/1343/3888
f 1044/1327/3889 1057/1347/3890 1059/1349/3891 1046/1329/3892
f 1058/1348/3893 1060/1350/3894 1059/1349/3895 1057/1347/3896
f 1046/1332/3897 1059/1352/3898 1061/1351/3899 1048/1333/3900
f 1060/1353/3901 1062/1354/3902 1061/1351/3903 1059/1352/3904
f 1048/1333/3905 1061/1351/3906 1063/1355/3907 1050/1335/3908
f 1062/1354/3909 1064/1356/3910 1063/1355/3911 1061/1351/3912
f 1050/1335/3913 1063/1355/3914 1065/1357/3915 1052/1339/3916
f 1064/1356/3917 1066/1358/3918 1065/1357/3919 1063/1355/3920
f 1052/1339/3921 1065/1357/3922 812/1359/3923 797/1342/3924
f 1066/1358/3925 813/1360/3926 812/1359/3927 1065/1357/3928
f 1055/1345/3929 1068/1362/3930 1067/1361/3931 1056/1346/3932
f 1069/1363/3933 1070/1364/3934 1067/1361/3935 1068/1362/3936
f 1056/1346/3937 1067/1361/3938 1071/1365/3939 1058/1348/3940
f 1070/1364/3941 1072/1366/3942 1071/1365/3943 1067/1361/3944
f 1058/1348/3945 1071/1365/3946 1073/1367/3947 1060/1350/3948
f 1072/1366/3949 1074/1368/3950 1073/1367/3951 1071/1365/3952
f 1060/1353/3953 1073/1370/3954 1075/1369/3955 1062/1354/3956
f 1074/1371/3957 1076/1372/3958 1075/1369/3959 1073/1370/3960
f 1062/1354/3961 1075/1369/3962 1077/1373/3963 1064/1356/3964
f 1076/1372/3965 1078/1374/3966 1077/1373/3967 1075/1369/3968
f 1064/1356/3969 1077/1373/3970 1079/1375/3971 1066/1358/3972
f 1078/1374/3973 1080/1376/3974 1079/1375/3975 1077/1373/3976
f 1066/1358/3977 1079/1375/3978 828/1377/3979 813/1360/3980
f 1080/1376/3981 829/1378/3982 828/1377/3983 1079/1375/3984
f 1069/1363/3985 1082/1380/3986 1081/1379/3987 1070/1364/3988
f 1083/1381/3989 1084/1384/3990 1081/1383/3991 1082/1382/3992
f 1070/1364/3993 1081/1379/3994 1085/1385/3995 1072/1366/3996
f 1084/1384/3997 1086/1387/3998 1085/1386/3999 1081/1383/4000
f 1072/1366/4001 1085/1385/4002 1087/1388/4003 1074/1368/4004
f 1086/1387/4005 1088/1390/4006 1087/1389/4007 1085/1386/4008
f 1074/1371/4009 1087/1389/4010 1089/1391/4011 1076/1372/4012
f 1088/1390/4013 1090/1392/4014 1089/1391/4015 1087/1389/4016
f 1076/1372/4017 1089/1391/4018 1091/1393/4019 1078/1374/4020
f 1090/1392/4021 1092/1394/4022 1091/1393/4023 1089/1391/4024
f 1078/1374/4025 1091/1393/4026 1093/1395/4027 1080/1376/4028
f 1092/1394/4029 1094/1396/4030 1093/1395/4031 1091/1393/4032
f 1080/1376/4033 1093/1395/4034 844/1397/4035 829/1378/4036
f 1094/1396/4037 845/1399/4038 844/1398/4039 1093/1395/4040
f 579/1402/4041 580/1401/4042 1095/1400/4043 1083/1381/4044
f 1083/1381/4045 1095/1400/4046 1096/1403/4047 1084/1384/4048
f 1084/1384/4049 1096/1403/4050 1097/1404/4051 1086/1387/4052
f 1086/1387/4053 1097/1404/4054 1098/1405/4055 1088/1390/4056
f 1088/1390/4057 1098/1405/4058 1099/1406/4059 1090/1392/4060
f 1090/1392/4061 1099/1406/4062 1100/1407/4063 1092/1394/4064
f 1092/1394/4065 1100/1407/4066 1101/1408/4067 1094/1396/4068
f 936/1172/4069 1103/1410/4070 1102/1409/4071 937/1175/4072
f 1104/1411/4073 1105/1412/4074 1102/1409/4075 1103/1410/4076
f 937/1175/4077 1102/1409/4078 1106/1413/4079 939/1178/4080
f 1105/1412/4081 1107/1414/4082 1106/1413/4083 1102/1409/4084
f 939/1178/4085 1106/1413/4086 1108/1415/4087 941/1181/4088
f 1107/1414/4089 1109/1416/4090 1108/1415/4091 1106/1413/4092
f 941/1181/4093 1108/1415/4094 1110/1417/4095 943/1184/4096
f 1109/1416/4097 1111/1418/4098 1110/1417/4099 1108/1415/4100
f 943/1184/4101 1110/1417/4102 1112/1419/4103 945/1187/4104
f 1111/1418/4105 1113/1420/4106 1112/1419/4107 1110/1417/4108
f 945/1187/4109 1112/1419/4110 1114/1421/4111 947/1190/4112
f 1113/1420/4113 1115/1422/4114 1114/1421/4115 1112/1419/4116
f 947/1190/4117 1114/1421/4118 867/1423/4119 677/1193/4120
f 1115/1422/4121 868/1424/4122 867/1423/4123 1114/1421/4124
f 1117/1426/4125 1116/1425/4126 1105/1412/4127 1104/1411/4128
f 949/1195/4129 1116/1425/4130 1117/1426/4131 948/1194/4132
f 1116/1425/4133 1118/1427/4134 1107/1414/4135 1105/1412/4136
f 954/1200/4137 1118/1427/4138 1116/1425/4139 949/1195/4140
f 1118/1427/4141 1119/1428/4142 1109/1416/4143 1107/1414/4144
f 957/1203/4145 1119/1428/4146 1118/1427/4147 954/1200/4148
f 1119/1428/4149 1120/1429/4150 1111/1418/4151 1109/1416/4152
f 960/1206/4153 1120/1429/4154 1119/1428/4155 957/1203/4156
f 1120/1429/4157 1121/1430/4158 1113/1420/4159 1111/1418/4160
f 963/1209/4161 1121/1430/4162 1120/1429/4163 960/1206/4164
f 1121/1430/4165 1122/1431/4166 1115/1422/4167 1113/1420/4168
f 966/1212/4169 1122/1431/4170 1121/1430/4171 963/1209/4172
f 1122/1431/4173 876/1432/4174 868/1424/4175 1115/1422/4176
f 700/1215/4177 876/1432/4178 1122/1431/4179 966/1212/4180
f 845/1434/4181 1094/1396/4182 1101/1408/4183 877/1433/4184
f 682/861/4185 702/881/4186 528/1436/4187 526/1435/4188
f 704/901/4189 718/902/4190 530/1438/4191 529/1437/4192
f 720/905/4193 734/925/4194 532/1440/4195 531/1439/4196
f 736/927/4197 750/945/4198 534/1442/4199 533/1441/4200
f 752/947/4201 766/965/4202 536/1444/4203 535/1443/4204
f 768/967/4205 782/985/4206 538/1446/4207 537/1445/4208
f 784/987/4209 798/1006/4210 540/1448/4211 539/1447/4212
f 800/1008/4213 814/1024/4214 542/1450/4215 541/1449/4216
f 816/1026/4217 830/1042/4218 544/1452/4219 543/1451/4220
f 952/1198/4221 951/1197/4222 560/1454/4223 561/1453/4224
f 971/1220/4225 970/1219/4226 562/1456/4227 563/1455/4228
f 985/1242/4229 984/1241/4230 564/1458/4231 565/1457/4232
f 999/1264/4233 998/1263/4234 566/1460/4235 567/1459/4236
f 1013/1284/4237 1012/1283/4238 568/1462/4239 569/1461/4240
f 1027/1304/4241 1026/1303/4242 570/1464/4243 571/1463/4244
f 1041/1324/4245 1040/1323/4246 572/1466/4247 573/1465/4248
f 1055/1345/4249 1054/1344/4250 574/1468/4251 575/1467/4252
f 1069/1363/4253 1068/1362/4254 576/1470/4255 577/1469/4256
f 1083/1381/4257 1082/1382/4258 578/1471/4259 579/1402/4260
f 878/1098/4261 879/1099/4262 594/1473/4263 581/1472/4264
f 878/1098/4265 581/1472/4266 582/1474/4267 893/1119/4268
f 893/1119/4269 582/1474/4270 583/1475/4271 894/1120/4272
f 907/1139/4273 894/1120/4274 583/1475/4275 584/1476/4276
f 907/1139/4277 584/1476/4278 585/1477/4279 908/1140/4280
f 921/1155/4281 908/1140/4282 585/1477/4283 586/1478/4284
f 921/1155/4285 586/1478/4286 587/1479/4287 922/1156/4288
f 935/1171/4289 922/1156/4290 587/1479/4291 588/1480/4292
f 935/1173/4293 588/1482/4294 589/1481/4295 936/1172/4296
f 948/1194/4297 590/1483/4298 560/1454/4299 951/1197/4300
f 1103/1410/4301 936/1172/4302 589/1481/4303 591/1484/4304
f 1103/1410/4305 591/1484/4306 592/1485/4307 1104/1411/4308
f 1104/1411/4309 592/1485/4310 593/1486/4311 1117/1426/4312
f 948/1194/4313 1117/1426/4314 593/1486/4315 590/1483/4316
f 679/858/4317 682/861/4318 526/1435/4319 527/1487/4320
f 528/1436/4321 702/881/4322 704/883/4323 529/1488/4324
f 530/1438/4325 718/902/4326 720/905/4327 531/1439/4328
f 532/1440/4329 734/925/4330 736/927/4331 533/1441/4332
f 534/1442/4333 750/945/4334 752/947/4335 535/1443/4336
f 536/1444/4337 766/965/4338 768/967/4339 537/1445/4340
f 538/1446/4341 782/985/4342 784/987/4343 539/1447/4344
f 540/1448/4345 798/1006/4346 800/1008/4347 541/1449/4348
f 542/1450/4349 814/1024/4350 816/1026/4351 543/1451/4352
f 544/1489/4353 830/1047/4354 832/1044/4355 545/1063/4356
f 601/764/4357 598/761/4358 547/1491/4359 595/1490/4360
f 598/761/4361 614/781/4362 548/1492/4363 547/1491/4364
f 548/1492/4365 614/781/4366 616/783/4367 549/1493/4368
f 616/783/4369 630/801/4370 550/1494/4371 549/1493/4372
f 550/1494/4373 630/801/4374 632/803/4375 551/1495/4376
f 632/803/4377 646/817/4378 552/1496/4379 551/1495/4380
f 552/1496/4381 646/817/4382 648/819/4383 553/1497/4384
f 648/819/4385 662/833/4386 554/1498/4387 553/1497/4388
f 554/1499/4389 662/838/4390 664/835/4391 555/1500/4392
f 678/857/4393 679/858/4394 527/1487/4395 556/1501/4396
f 664/835/4397 853/1072/4398 557/1502/4399 555/1500/4400
f 557/1502/4401 853/1072/4402 855/1074/4403 558/1503/4404
f 558/1503/4405 855/1074/4406 869/1088/4407 559/1504/4408
f 869/1088/4409 678/857/4410 556/1501/4411 559/1504/4412
f 970/1219/4413 952/1198/4414 561/1453/4415 562/1456/4416
f 984/1241/4417 971/1238/4418 563/1505/4419 564/1458/4420
f 998/1263/4421 985/1242/4422 565/1457/4423 566/1460/4424
f 1012/1283/4425 999/1264/4426 567/1459/4427 568/1462/4428
f 1026/1303/4429 1013/1284/4430 569/1461/4431 570/1464/4432
f 1040/1323/4433 1027/1304/4434 571/1463/4435 572/1466/4436
f 1054/1344/4437 1041/1324/4438 573/1465/4439 574/1468/4440
f 1068/1362/4441 1055/1345/4442 575/1467/4443 576/1470/4444
f 1082/1380/4445 1069/1363/4446 577/1469/4447 578/1506/4448
f 546/1064/4449 846/1065/4450 596/1507/4451
f 846/1065/4452 847/1066/4453 596/1507/4454
f 847/1066/4455 848/1067/4456 596/1507/4457
f 848/1067/4458 849/1068/4459 596/1507/4460
f 849/1068/4461 850/1069/4462 596/1507/4463
f 850/1069/4464 851/1070/4465 596/1507/4466
f 851/1070/4467 852/1071/4468 596/1508/4469
f 852/1071/4470 877/1096/4471 596/1508/4472
f 1096/1403/4473 1095/1400/4474 596/1509/4475
f 1097/1404/4476 1096/1403/4477 596/1510/4478
f 1098/1405/4479 1097/1404/4480 596/1510/4481
f 1099/1406/4482 1098/1405/4483 596/1511/4484
f 1100/1407/4485 1099/1406/4486 596/1511/4487
f 1101/1408/4488 1100/1407/4489 596/1512/4490
f 877/1433/4491 1101/1408/4492 596/1512/4493
f 1095/1400/4494 580/1401/4495 596/1509/4496
f 601/764/4497 595/1490/4498 597/1513/4499
f 600/763/4500 601/764/4501 597/1513/4502
f 603/766/4503 600/763/4504 597/1514/4505
f 605/768/4506 603/766/4507 597/1514/4508
f 607/770/4509 605/768/4510 597/1515/4511
f 609/772/4512 607/770/4513 597/1515/4514
f 611/775/4515 609/776/4516 597/1516/4517
f 613/779/4518 611/780/4519 597/1517/4520
f 594/1473/4521 879/1099/4522 597/1518/4523
f 879/1099/4524 880/1100/4525 597/1518/4526
f 880/1100/4527 882/1102/4528 597/1518/4529
f 882/1102/4530 884/1104/4531 597/1518/4532
f 884/1104/4533 886/1106/4534 597/1518/4535
f 886/1106/4536 888/1108/4537 597/1518/4538
f 888/1111/4539 890/1112/4540 597/1519/4541
f 890/1115/4542 613/1116/4543 597/1520/4544
#2688 polygons

usemtl 08 - Default
s 2
f 1123/3136/4545 1124/3168/4546 1125/3169/4547
f 1123/3137/4548 1125/3169/4549 1126/3170/4550
f 1123/3138/4551 1126/3170/4552 1127/3171/4553
f 1123/3139/4554 1127/3171/4555 1128/3172/4556
f 1123/3140/4557 1128/3172/4558 1129/3173/4559
f 1123/3141/4560 1129/3173/4561 1130/3174/4562
f 1123/3142/4563 1130/3174/4564 1131/3175/4565
f 1123/3143/4566 1131/3175/4567 1132/3176/4568
f 1123/3144/4569 1132/3176/4570 1133/3177/4571
f 1123/3145/4572 1133/3177/4573 1134/3178/4574
f 1123/3146/4575 1134/3178/4576 1135/3179/4577
f 1123/3147/4578 1135/3179/4579 1136/3180/4580
f 1123/3148/4581 1136/3180/4582 1137/3181/4583
f 1123/3149/4584 1137/3181/4585 1138/3182/4586
f 1123/3150/4587 1138/3182/4588 1139/3183/4589
f 1123/3151/4590 1139/3183/4591 1140/3184/4592
f 1123/3152/4593 1140/3184/4594 1141/3185/4595
f 1123/3153/4596 1141/3185/4597 1142/3186/4598
f 1123/3154/4599 1142/3186/4600 1143/3187/4601
f 1123/3155/4602 1143/3187/4603 1144/3188/4604
f 1123/3156/4605 1144/3188/4606 1145/3189/4607
f 1123/3157/4608 1145/3189/4609 1146/3190/4610
f 1123/3158/4611 1146/3190/4612 1147/3191/4613
f 1123/3159/4614 1147/3191/4615 1148/3192/4616
f 1123/3160/4617 1148/3192/4618 1149/3193/4619
f 1123/3161/4620 1149/3193/4621 1150/3194/4622
f 1123/3162/4623 1150/3194/4624 1151/3195/4625
f 1123/3163/4626 1151/3195/4627 1152/3196/4628
f 1123/3164/4629 1152/3196/4630 1153/3197/4631
f 1123/3165/4632 1153/3197/4633 1154/3198/4634
f 1123/3166/4635 1154/3198/4636 1155/3199/4637
f 1123/3167/4638 1155/3199/4639 1124/3200/4640
f 1124/3168/4641 1156/3201/4642 1157/3202/4643 1125/3169/4644
f 1125/3169/4645 1157/3202/4646 1158/3203/4647 1126/3170/4648
f 1126/3170/4649 1158/3203/4650 1159/3204/4651 1127/3171/4652
f 1127/3171/4653 1159/3204/4654 1160/3205/4655 1128/3172/4656
f 1128/3172/4657 1160/3205/4658 1161/3206/4659 1129/3173/4660
f 1129/3173/4661 1161/3206/4662 1162/3207/4663 1130/3174/4664
f 1130/3174/4665 1162/3207/4666 1163/3208/4667 1131/3175/4668
f 1131/3175/4669 1163/3208/4670 1164/3209/4671 1132/3176/4672
f 1132/3176/4673 1164/3209/4674 1165/3210/4675 1133/3177/4676
f 1133/3177/4677 1165/3210/4678 1166/3211/4679 1134/3178/4680
f 1134/3178/4681 1166/3211/4682 1167/3212/4683 1135/3179/4684
f 1135/3179/4685 1167/3212/4686 1168/3213/4687 1136/3180/4688
f 1136/3180/4689 1168/3213/4690 1169/3214/4691 1137/3181/4692
f 1137/3181/4693 1169/3214/4694 1170/3215/4695 1138/3182/4696
f 1138/3182/4697 1170/3215/4698 1171/3216/4699 1139/3183/4700
f 1139/3183/4701 1171/3216/4702 1172/3217/4703 1140/3184/4704
f 1140/3184/4705 1172/3217/4706 1173/3218/4707 1141/3185/4708
f 1141/3185/4709 1173/3218/4710 1174/3219/4711 1142/3186/4712
f 1142/3186/4713 1174/3219/4714 1175/3220/4715 1143/3187/4716
f 1143/3187/4717 1175/3220/4718 1176/3221/4719 1144/3188/4720
f 1144/3188/4721 1176/3221/4722 1177/3222/4723 1145/3189/4724
f 1145/3189/4725 1177/3222/4726 1178/3223/4727 1146/3190/4728
f 1146/3190/4729 1178/3223/4730 1179/3224/4731 1147/3191/4732
f 1147/3191/4733 1179/3224/4734 1180/3225/4735 1148/3192/4736
f 1148/3192/4737 1180/3225/4738 1181/3226/4739 1149/3193/4740
f 1149/3193/4741 1181/3226/4742 1182/3227/4743 1150/3194/4744
f 1150/3194/4745 1182/3227/4746 1183/3228/4747 1151/3195/4748
f 1151/3195/4749 1183/3228/4750 1184/3229/4751 1152/3196/4752
f 1152/3196/4753 1184/3229/4754 1185/3230/4755 1153/3197/4756
f 1153/3197/4757 1185/3230/4758 1186/3231/4759 1154/3198/4760
f 1154/3198/4761 1186/3231/4762 1187/3232/4763 1155/3199/4764
f 1155/3199/4765 1187/3232/4766 1156/3233/4767 1124/3200/4768
f 1156/3201/4769 1188/3234/4770 1189/3235/4771 1157/3202/4772
f 1157/3202/4773 1189/3235/4774 1190/3236/4775 1158/3203/4776
f 1158/3203/4777 1190/3236/4778 1191/3237/4779 1159/3204/4780
f 1159/3204/4781 1191/3237/4782 1192/3238/4783 1160/3205/4784
f 1160/3205/4785 1192/3238/4786 1193/3239/4787 1161/3206/4788
f 1161/3206/4789 1193/3239/4790 1194/3240/4791 1162/3207/4792
f 1162/3207/4793 1194/3240/4794 1195/3241/4795 1163/3208/4796
f 1163/3208/4797 1195/3241/4798 1196/3242/4799 1164/3209/4800
f 1164/3209/4801 1196/3242/4802 1197/3243/4803 1165/3210/4804
f 1165/3210/4805 1197/3243/4806 1198/3244/4807 1166/3211/4808
f 1166/3211/4809 1198/3244/4810 1199/3245/4811 1167/3212/4812
f 1167/3212/4813 1199/3245/4814 1200/3246/4815 1168/3213/4816
f 1168/3213/4817 1200/3246/4818 1201/3247/4819 1169/3214/4820
f 1169/3214/4821 1201/3247/4822 1202/3248/4823 1170/3215/4824
f 1170/3215/4825 1202/3248/4826 1203/3249/4827 1171/3216/4828
f 1171/3216/4829 1203/3249/4830 1204/3250/4831 1172/3217/4832
f 1172/3217/4833 1204/3250/4834 1205/3251/4835 1173/3218/4836
f 1173/3218/4837 1205/3251/4838 1206/3252/4839 1174/3219/4840
f 1174/3219/4841 1206/3252/4842 1207/3253/4843 1175/3220/4844
f 1175/3220/4845 1207/3253/4846 1208/3254/4847 1176/3221/4848
f 1176/3221/4849 1208/3254/4850 1209/3255/4851 1177/3222/4852
f 1177/3222/4853 1209/3255/4854 1210/3256/4855 1178/3223/4856
f 1178/3223/4857 1210/3256/4858 1211/3257/4859 1179/3224/4860
f 1179/3224/4861 1211/3257/4862 1212/3258/4863 1180/3225/4864
f 1180/3225/4865 1212/3258/4866 1213/3259/4867 1181/3226/4868
f 1181/3226/4869 1213/3259/4870 1214/3260/4871 1182/3227/4872
f 1182/3227/4873 1214/3260/4874 1215/3261/4875 1183/3228/4876
f 1183/3228/4877 1215/3261/4878 1216/3262/4879 1184/3229/4880
f 1184/3229/4881 1216/3262/4882 1217/3263/4883 1185/3230/4884
f 1185/3230/4885 1217/3263/4886 1218/3264/4887 1186/3231/4888
f 1186/3231/4889 1218/3264/4890 1219/3265/4891 1187/3232/4892
f 1187/3232/4893 1219/3265/4894 1188/3266/4895 1156/3233/4896
f 1188/3234/4897 1220/3267/4898 1221/3268/4899 1189/3235/4900
f 1189/3235/4901 1221/3268/4902 1222/3269/4903 1190/3236/4904
f 1190/3236/4905 1222/3269/4906 1223/3270/4907 1191/3237/4908
f 1191/3237/4909 1223/3270/4910 1224/3271/4911 1192/3238/4912
f 1192/3238/4913 1224/3271/4914 1225/3272/4915 1193/3239/4916
f 1193/3239/4917 1225/3272/4918 1226/3273/4919 1194/3240/4920
f 1194/3240/4921 1226/3273/4922 1227/3274/4923 1195/3241/4924
f 1195/3241/4925 1227/3274/4926 1228/3275/4927 1196/3242/4928
f 1196/3242/4929 1228/3275/4930 1229/3276/4931 1197/3243/4932
f 1197/3243/4933 1229/3276/4934 1230/3277/4935 1198/3244/4936
f 1198/3244/4937 1230/3277/4938 1231/3278/4939 1199/3245/4940
f 1199/3245/4941 1231/3278/4942 1232/3279/4943 1200/3246/4944
f 1200/3246/4945 1232/3279/4946 1233/3280/4947 1201/3247/4948
f 1201/3247/4949 1233/3280/4950 1234/3281/4951 1202/3248/4952
f 1202/3248/4953 1234/3281/4954 1235/3282/4955 1203/3249/4956
f 1203/3249/4957 1235/3282/4958 1236/3283/4959 1204/3250/4960
f 1204/3250/4961 1236/3283/4962 1237/3284/4963 1205/3251/4964
f 1205/3251/4965 1237/3284/4966 1238/3285/4967 1206/3252/4968
f 1206/3252/4969 1238/3285/4970 1239/3286/4971 1207/3253/4972
f 1207/3253/4973 1239/3286/4974 1240/3287/4975 1208/3254/4976
f 1208/3254/4977 1240/3287/4978 1241/3288/4979 1209/3255/4980
f 1209/3255/4981 1241/3288/4982 1242/3289/4983 1210/3256/4984
f 1210/3256/4985 1242/3289/4986 1243/3290/4987 1211/3257/4988
f 1211/3257/4989 1243/3290/4990 1244/3291/4991 1212/3258/4992
f 1212/3258/4993 1244/3291/4994 1245/3292/4995 1213/3259/4996
f 1213/3259/4997 1245/3292/4998 1246/3293/4999 1214/3260/5000
f 1214/3260/5001 1246/3293/5002 1247/3294/5003 1215/3261/5004
f 1215/3261/5005 1247/3294/5006 1248/3295/5007 1216/3262/5008
f 1216/3262/5009 1248/3295/5010 1249/3296/5011 1217/3263/5012
f 1217/3263/5013 1249/3296/5014 1250/3297/5015 1218/3264/5016
f 1218/3264/5017 1250/3297/5018 1251/3298/5019 1219/3265/5020
f 1219/3265/5021 1251/3298/5022 1220/3299/5023 1188/3266/5024
f 1220/3267/5025 1252/3300/5026 1253/3301/5027 1221/3268/5028
f 1221/3268/5029 1253/3301/5030 1254/3302/5031 1222/3269/5032
f 1222/3269/5033 1254/3302/5034 1255/3303/5035 1223/3270/5036
f 1223/3270/5037 1255/3303/5038 1256/3304/5039 1224/3271/5040
f 1224/3271/5041 1256/3304/5042 1257/3305/5043 1225/3272/5044
f 1225/3272/5045 1257/3305/5046 1258/3306/5047 1226/3273/5048
f 1226/3273/5049 1258/3306/5050 1259/3307/5051 1227/3274/5052
f 1227/3274/5053 1259/3307/5054 1260/3308/5055 1228/3275/5056
f 1228/3275/5057 1260/3308/5058 1261/3309/5059 1229/3276/5060
f 1229/3276/5061 1261/3309/5062 1262/3310/5063 1230/3277/5064
f 1230/3277/5065 1262/3310/5066 1263/3311/5067 1231/3278/5068
f 1231/3278/5069 1263/3311/5070 1264/3312/5071 1232/3279/5072
f 1232/3279/5073 1264/3312/5074 1265/3313/5075 1233/3280/5076
f 1233/3280/5077 1265/3313/5078 1266/3314/5079 1234/3281/5080
f 1234/3281/5081 1266/3314/5082 1267/3315/5083 1235/3282/5084
f 1235/3282/5085 1267/3315/5086 1268/3316/5087 1236/3283/5088
f 1236/3283/5089 1268/3316/5090 1269/3317/5091 1237/3284/5092
f 1237/3284/5093 1269/3317/5094 1270/3318/5095 1238/3285/5096
f 1238/3285/5097 1270/3318/5098 1271/3319/5099 1239/3286/5100
f 1239/3286/5101 1271/3319/5102 1272/3320/5103 1240/3287/5104
f 1240/3287/5105 1272/3320/5106 1273/3321/5107 1241/3288/5108
f 1241/3288/5109 1273/3321/5110 1274/3322/5111 1242/3289/5112
f 1242/3289/5113 1274/3322/5114 1275/3323/5115 1243/3290/5116
f 1243/3290/5117 1275/3323/5118 1276/3324/5119 1244/3291/5120
f 1244/3291/5121 1276/3324/5122 1277/3325/5123 1245/3292/5124
f 1245/3292/5125 1277/3325/5126 1278/3326/5127 1246/3293/5128
f 1246/3293/5129 1278/3326/5130 1279/3327/5131 1247/3294/5132
f 1247/3294/5133 1279/3327/5134 1280/3328/5135 1248/3295/5136
f 1248/3295/5137 1280/3328/5138 1281/3329/5139 1249/3296/5140
f 1249/3296/5141 1281/3329/5142 1282/3330/5143 1250/3297/5144
f 1250/3297/5145 1282/3330/5146 1283/3331/5147 1251/3298/5148
f 1251/3298/5149 1283/3331/5150 1252/3332/5151 1220/3299/5152
f 1252/3300/5153 1284/3333/5154 1285/3334/5155 1253/3301/5156
f 1253/3301/5157 1285/3334/5158 1286/3335/5159 1254/3302/5160
f 1254/3302/5161 1286/3335/5162 1287/3336/5163 1255/3303/5164
f 1255/3303/5165 1287/3336/5166 1288/3337/5167 1256/3304/5168
f 1256/3304/5169 1288/3337/5170 1289/3338/5171 1257/3305/5172
f 1257/3305/5173 1289/3338/5174 1290/3339/5175 1258/3306/5176
f 1258/3306/5177 1290/3339/5178 1291/3340/5179 1259/3307/5180
f 1259/3307/5181 1291/3340/5182 1292/3341/5183 1260/3308/5184
f 1260/3308/5185 1292/3341/5186 1293/3342/5187 1261/3309/5188
f 1261/3309/5189 1293/3342/5190 1294/3343/5191 1262/3310/5192
f 1262/3310/5193 1294/3343/5194 1295/3344/5195 1263/3311/5196
f 1263/3311/5197 1295/3344/5198 1296/3345/5199 1264/3312/5200
f 1264/3312/5201 1296/3345/5202 1297/3346/5203 1265/3313/5204
f 1265/3313/5205 1297/3346/5206 1298/3347/5207 1266/3314/5208
f 1266/3314/5209 1298/3347/5210 1299/3348/5211 1267/3315/5212
f 1267/3315/5213 1299/3348/5214 1300/3349/5215 1268/3316/5216
f 1268/3316/5217 1300/3349/5218 1301/3350/5219 1269/3317/5220
f 1269/3317/5221 1301/3350/5222 1302/3351/5223 1270/3318/5224
f 1270/3318/5225 1302/3351/5226 1303/3352/5227 1271/3319/5228
f 1271/3319/5229 1303/3352/5230 1304/3353/5231 1272/3320/5232
f 1272/3320/5233 1304/3353/5234 1305/3354/5235 1273/3321/5236
f 1273/3321/5237 1305/3354/5238 1306/3355/5239 1274/3322/5240
f 1274/3322/5241 1306/3355/5242 1307/3356/5243 1275/3323/5244
f 1275/3323/5245 1307/3356/5246 1308/3357/5247 1276/3324/5248
f 1276/3324/5249 1308/3357/5250 1309/3358/5251 1277/3325/5252
f 1277/3325/5253 1309/3358/5254 1310/3359/5255 1278/3326/5256
f 1278/3326/5257 1310/3359/5258 1311/3360/5259 1279/3327/5260
f 1279/3327/5261 1311/3360/5262 1312/3361/5263 1280/3328/5264
f 1280/3328/5265 1312/3361/5266 1313/3362/5267 1281/3329/5268
f 1281/3329/5269 1313/3362/5270 1314/3363/5271 1282/3330/5272
f 1282/3330/5273 1314/3363/5274 1315/3364/5275 1283/3331/5276
f 1283/3331/5277 1315/3364/5278 1284/3365/5279 1252/3332/5280
f 1284/3333/5281 1316/3366/5282 1317/3367/5283 1285/3334/5284
f 1285/3334/5285 1317/3367/5286 1318/3368/5287 1286/3335/5288
f 1286/3335/5289 1318/3368/5290 1319/3369/5291 1287/3336/5292
f 1287/3336/5293 1319/3369/5294 1320/3370/5295 1288/3337/5296
f 1288/3337/5297 1320/3370/5298 1321/3371/5299 1289/3338/5300
f 1289/3338/5301 1321/3371/5302 1322/3372/5303 1290/3339/5304
f 1290/3339/5305 1322/3372/5306 1323/3373/5307 1291/3340/5308
f 1291/3340/5309 1323/3373/5310 1324/3374/5311 1292/3341/5312
f 1292/3341/5313 1324/3374/5314 1325/3375/5315 1293/3342/5316
f 1293/3342/5317 1325/3375/5318 1326/3376/5319 1294/3343/5320
f 1294/3343/5321 1326/3376/5322 1327/3377/5323 1295/3344/5324
f 1295/3344/5325 1327/3377/5326 1328/3378/5327 1296/3345/5328
f 1296/3345/5329 1328/3378/5330 1329/3379/5331 1297/3346/5332
f 1297/3346/5333 1329/3379/5334 1330/3380/5335 1298/3347/5336
f 1298/3347/5337 1330/3380/5338 1331/3381/5339 1299/3348/5340
f 1299/3348/5341 1331/3381/5342 1332/3382/5343 1300/3349/5344
f 1300/3349/5345 1332/3382/5346 1333/3383/5347 1301/3350/5348
f 1301/3350/5349 1333/3383/5350 1334/3384/5351 1302/3351/5352
f 1302/3351/5353 1334/3384/5354 1335/3385/5355 1303/3352/5356
f 1303/3352/5357 1335/3385/5358 1336/3386/5359 1304/3353/5360
f 1304/3353/5361 1336/3386/5362 1337/3387/5363 1305/3354/5364
f 1305/3354/5365 1337/3387/5366 1338/3388/5367 1306/3355/5368
f 1306/3355/5369 1338/3388/5370 1339/3389/5371 1307/3356/5372
f 1307/3356/5373 1339/3389/5374 1340/3390/5375 1308/3357/5376
f 1308/3357/5377 1340/3390/5378 1341/3391/5379 1309/3358/5380
f 1309/3358/5381 1341/3391/5382 1342/3392/5383 1310/3359/5384
f 1310/3359/5385 1342/3392/5386 1343/3393/5387 1311/3360/5388
f 1311/3360/5389 1343/3393/5390 1344/3394/5391 1312/3361/5392
f 1312/3361/5393 1344/3394/5394 1345/3395/5395 1313/3362/5396
f 1313/3362/5397 1345/3395/5398 1346/3396/5399 1314/3363/5400
f 1314/3363/5401 1346/3396/5402 1347/3397/5403 1315/3364/5404
f 1315/3364/5405 1347/3397/5406 1316/3398/5407 1284/3365/5408
f 1316/3366/5409 1348/3399/5410 1349/3400/5411 1317/3367/5412
f 1317/3367/5413 1349/3400/5414 1350/3401/5415 1318/3368/5416
f 1318/3368/5417 1350/3401/5418 1351/3402/5419 1319/3369/5420
f 1319/3369/5421 1351/3402/5422 1352/3403/5423 1320/3370/5424
f 1320/3370/5425 1352/3403/5426 1353/3404/5427 1321/3371/5428
f 1321/3371/5429 1353/3404/5430 1354/3405/5431 1322/3372/5432
f 1322/3372/5433 1354/3405/5434 1355/3406/5435 1323/3373/5436
f 1323/3373/5437 1355/3406/5438 1356/3407/5439 1324/3374/5440
f 1324/3374/5441 1356/3407/5442 1357/3408/5443 1325/3375/5444
f 1325/3375/5445 1357/3408/5446 1358/3409/5447 1326/3376/5448
f 1326/3376/5449 1358/3409/5450 1359/3410/5451 1327/3377/5452
f 1327/3377/5453 1359/3410/5454 1360/3411/5455 1328/3378/5456
f 1328/3378/5457 1360/3411/5458 1361/3412/5459 1329/3379/5460
f 1329/3379/5461 1361/3412/5462 1362/3413/5463 1330/3380/5464
f 1330/3380/5465 1362/3413/5466 1363/3414/5467 1331/3381/5468
f 1331/3381/5469 1363/3414/5470 1364/3415/5471 1332/3382/5472
f 1332/3382/5473 1364/3415/5474 1365/3416/5475 1333/3383/5476
f 1333/3383/5477 1365/3416/5478 1366/3417/5479 1334/3384/5480
f 1334/3384/5481 1366/3417/5482 1367/3418/5483 1335/3385/5484
f 1335/3385/5485 1367/3418/5486 1368/3419/5487 1336/3386/5488
f 1336/3386/5489 1368/3419/5490 1369/3420/5491 1337/3387/5492
f 1337/3387/5493 1369/3420/5494 1370/3421/5495 1338/3388/5496
f 1338/3388/5497 1370/3421/5498 1371/3422/5499 1339/3389/5500
f 1339/3389/5501 1371/3422/5502 1372/3423/5503 1340/3390/5504
f 1340/3390/5505 1372/3423/5506 1373/3424/5507 1341/3391/5508
f 1341/3391/5509 1373/3424/5510 1374/3425/5511 1342/3392/5512
f 1342/3392/5513 1374/3425/5514 1375/3426/5515 1343/3393/5516
f 1343/3393/5517 1375/3426/5518 1376/3427/5519 1344/3394/5520
f 1344/3394/5521 1376/3427/5522 1377/3428/5523 1345/3395/5524
f 1345/3395/5525 1377/3428/5526 1378/3429/5527 1346/3396/5528
f 1346/3396/5529 1378/3429/5530 1379/3430/5531 1347/3397/5532
f 1347/3397/5533 1379/3430/5534 1348/3431/5535 1316/3398/5536
f 1348/3399/5537 1380/3432/5538 1381/3433/5539 1349/3400/5540
f 1349/3400/5541 1381/3433/5542 1382/3434/5543 1350/3401/5544
f 1350/3401/5545 1382/3434/5546 1383/3435/5547 1351/3402/5548
f 1351/3402/5549 1383/3435/5550 1384/3436/5551 1352/3403/5552
f 1352/3403/5553 1384/3436/5554 1385/3437/5555 1353/3404/5556
f 1353/3404/5557 1385/3437/5558 1386/3438/5559 1354/3405/5560
f 1354/3405/5561 1386/3438/5562 1387/3439/5563 1355/3406/5564
f 1355/3406/5565 1387/3439/5566 1388/3440/5567 1356/3407/5568
f 1356/3407/5569 1388/3440/5570 1389/3441/5571 1357/3408/5572
f 1357/3408/5573 1389/3441/5574 1390/3442/5575 1358/3409/5576
f 1358/3409/5577 1390/3442/5578 1391/3443/5579 1359/3410/5580
f 1359/3410/5581 1391/3443/5582 1392/3444/5583 1360/3411/5584
f 1360/3411/5585 1392/3444/5586 1393/3445/5587 1361/3412/5588
f 1361/3412/5589 1393/3445/5590 1394/3446/5591 1362/3413/5592
f 1362/3413/5593 1394/3446/5594 1395/3447/5595 1363/3414/5596
f 1363/3414/5597 1395/3447/5598 1396/3448/5599 1364/3415/5600
f 1364/3415/5601 1396/3448/5602 1397/3449/5603 1365/3416/5604
f 1365/3416/5605 1397/3449/5606 1398/3450/5607 1366/3417/5608
f 1366/3417/5609 1398/3450/5610 1399/3451/5611 1367/3418/5612
f 1367/3418/5613 1399/3451/5614 1400/3452/5615 1368/3419/5616
f 1368/3419/5617 1400/3452/5618 1401/3453/5619 1369/3420/5620
f 1369/3420/5621 1401/3453/5622 1402/3454/5623 1370/3421/5624
f 1370/3421/5625 1402/3454/5626 1403/3455/5627 1371/3422/5628
f 1371/3422/5629 1403/3455/5630 1404/3456/5631 1372/3423/5632
f 1372/3423/5633 1404/3456/5634 1405/3457/5635 1373/3424/5636
f 1373/3424/5637 1405/3457/5638 1406/3458/5639 1374/3425/5640
f 1374/3425/5641 1406/3458/5642 1407/3459/5643 1375/3426/5644
f 1375/3426/5645 1407/3459/5646 1408/3460/5647 1376/3427/5648
f 1376/3427/5649 1408/3460/5650 1409/3461/5651 1377/3428/5652
f 1377/3428/5653 1409/3461/5654 1410/3462/5655 1378/3429/5656
f 1378/3429/5657 1410/3462/5658 1411/3463/5659 1379/3430/5660
f 1379/3430/5661 1411/3463/5662 1380/3464/5663 1348/3431/5664
f 1380/3432/5665 1412/3465/5666 1413/3466/5667 1381/3433/5668
f 1381/3433/5669 1413/3466/5670 1414/3467/5671 1382/3434/5672
f 1382/3434/5673 1414/3467/5674 1415/3468/5675 1383/3435/5676
f 1383/3435/5677 1415/3468/5678 1416/3469/5679 1384/3436/5680
f 1384/3436/5681 1416/3469/5682 1417/3470/5683 1385/3437/5684
f 1385/3437/5685 1417/3470/5686 1418/3471/5687 1386/3438/5688
f 1386/3438/5689 1418/3471/5690 1419/3472/5691 1387/3439/5692
f 1387/3439/5693 1419/3472/5694 1420/3473/5695 1388/3440/5696
f 1388/3440/5697 1420/3473/5698 1421/3474/5699 1389/3441/5700
f 1389/3441/5701 1421/3474/5702 1422/3475/5703 1390/3442/5704
f 1390/3442/5705 1422/3475/5706 1423/3476/5707 1391/3443/5708
f 1391/3443/5709 1423/3476/5710 1424/3477/5711 1392/3444/5712
f 1392/3444/5713 1424/3477/5714 1425/3478/5715 1393/3445/5716
f 1393/3445/5717 1425/3478/5718 1426/3479/5719 1394/3446/5720
f 1394/3446/5721 1426/3479/5722 1427/3480/5723 1395/3447/5724
f 1395/3447/5725 1427/3480/5726 1428/3481/5727 1396/3448/5728
f 1396/3448/5729 1428/3481/5730 1429/3482/5731 1397/3449/5732
f 1397/3449/5733 1429/3482/5734 1430/3483/5735 1398/3450/5736
f 1398/3450/5737 1430/3483/5738 1431/3484/5739 1399/3451/5740
f 1399/3451/5741 1431/3484/5742 1432/3485/5743 1400/3452/5744
f 1400/3452/5745 1432/3485/5746 1433/3486/5747 1401/3453/5748
f 1401/3453/5749 1433/3486/5750 1434/3487/5751 1402/3454/5752
f 1402/3454/5753 1434/3487/5754 1435/3488/5755 1403/3455/5756
f 1403/3455/5757 1435/3488/5758 1436/3489/5759 1404/3456/5760
f 1404/3456/5761 1436/3489/5762 1437/3490/5763 1405/3457/5764
f 1405/3457/5765 1437/3490/5766 1438/3491/5767 1406/3458/5768
f 1406/3458/5769 1438/3491/5770 1439/3492/5771 1407/3459/5772
f 1407/3459/5773 1439/3492/5774 1440/3493/5775 1408/3460/5776
f 1408/3460/5777 1440/3493/5778 1441/3494/5779 1409/3461/5780
f 1409/3461/5781 1441/3494/5782 1442/3495/5783 1410/3462/5784
f 1410/3462/5785 1442/3495/5786 1443/3496/5787 1411/3463/5788
f 1411/3463/5789 1443/3496/5790 1412/3497/5791 1380/3464/5792
f 1412/3465/5793 1444/3498/5794 1445/3499/5795 1413/3466/5796
f 1413/3466/5797 1445/3499/5798 1446/3500/5799 1414/3467/5800
f 1414/3467/5801 1446/3500/5802 1447/3501/5803 1415/3468/5804
f 1415/3468/5805 1447/3501/5806 1448/3502/5807 1416/3469/5808
f 1416/3469/5809 1448/3502/5810 1449/3503/5811 1417/3470/5812
f 1417/3470/5813 1449/3503/5814 1450/3504/5815 1418/3471/5816
f 1418/3471/5817 1450/3504/5818 1451/3505/5819 1419/3472/5820
f 1419/3472/5821 1451/3505/5822 1452/3506/5823 1420/3473/5824
f 1420/3473/5825 1452/3506/5826 1453/3507/5827 1421/3474/5828
f 1421/3474/5829 1453/3507/5830 1454/3508/5831 1422/3475/5832
f 1422/3475/5833 1454/3508/5834 1455/3509/5835 1423/3476/5836
f 1423/3476/5837 1455/3509/5838 1456/3510/5839 1424/3477/5840
f 1424/3477/5841 1456/3510/5842 1457/3511/5843 1425/3478/5844
f 1425/3478/5845 1457/3511/5846 1458/3512/5847 1426/3479/5848
f 1426/3479/5849 1458/3512/5850 1459/3513/5851 1427/3480/5852
f 1427/3480/5853 1459/3513/5854 1460/3514/5855 1428/3481/5856
f 1428/3481/5857 1460/3514/5858 1461/3515/5859 1429/3482/5860
f 1429/3482/5861 1461/3515/5862 1462/3516/5863 1430/3483/5864
f 1430/3483/5865 1462/3516/5866 1463/3517/5867 1431/3484/5868
f 1431/3484/5869 1463/3517/5870 1464/3518/5871 1432/3485/5872
f 1432/3485/5873 1464/3518/5874 1465/3519/5875 1433/3486/5876
f 1433/3486/5877 1465/3519/5878 1466/3520/5879 1434/3487/5880
f 1434/3487/5881 1466/3520/5882 1467/3521/5883 1435/3488/5884
f 1435/3488/5885 1467/3521/5886 1468/3522/5887 1436/3489/5888
f 1436/3489/5889 1468/3522/5890 1469/3523/5891 1437/3490/5892
f 1437/3490/5893 1469/3523/5894 1470/3524/5895 1438/3491/5896
f 1438/3491/5897 1470/3524/5898 1471/3525/5899 1439/3492/5900
f 1439/3492/5901 1471/3525/5902 1472/3526/5903 1440/3493/5904
f 1440/3493/5905 1472/3526/5906 1473/3527/5907 1441/3494/5908
f 1441/3494/5909 1473/3527/5910 1474/3528/5911 1442/3495/5912
f 1442/3495/5913 1474/3528/5914 1475/3529/5915 1443/3496/5916
f 1443/3496/5917 1475/3529/5918 1444/3530/5919 1412/3497/5920
f 1444/3498/5921 1476/3531/5922 1477/3532/5923 1445/3499/5924
f 1445/3499/5925 1477/3532/5926 1478/3533/5927 1446/3500/5928
f 1446/3500/5929 1478/3533/5930 1479/3534/5931 1447/3501/5932
f 1447/3501/5933 1479/3534/5934 1480/3535/5935 1448/3502/5936
f 1448/3502/5937 1480/3535/5938 1481/3536/5939 1449/3503/5940
f 1449/3503/5941 1481/3536/5942 1482/3537/5943 1450/3504/5944
f 1450/3504/5945 1482/3537/5946 1483/3538/5947 1451/3505/5948
f 1451/3505/5949 1483/3538/5950 1484/3539/5951 1452/3506/5952
f 1452/3506/5953 1484/3539/5954 1485/3540/5955 1453/3507/5956
f 1453/3507/5957 1485/3540/5958 1486/3541/5959 1454/3508/5960
f 1454/3508/5961 1486/3541/5962 1487/3542/5963 1455/3509/5964
f 1455/3509/5965 1487/3542/5966 1488/3543/5967 1456/3510/5968
f 1456/3510/5969 1488/3543/5970 1489/3544/5971 1457/3511/5972
f 1457/3511/5973 1489/3544/5974 1490/3545/5975 1458/3512/5976
f 1458/3512/5977 1490/3545/5978 1491/3546/5979 1459/3513/5980
f 1459/3513/5981 1491/3546/5982 1492/3547/5983 1460/3514/5984
f 1460/3514/5985 1492/3547/5986 1493/3548/5987 1461/3515/5988
f 1461/3515/5989 1493/3548/5990 1494/3549/5991 1462/3516/5992
f 1462/3516/5993 1494/3549/5994 1495/3550/5995 1463/3517/5996
f 1463/3517/5997 1495/3550/5998 1496/3551/5999 1464/3518/6000
f 1464/3518/6001 1496/3551/6002 1497/3552/6003 1465/3519/6004
f 1465/3519/6005 1497/3552/6006 1498/3553/6007 1466/3520/6008
f 1466/3520/6009 1498/3553/6010 1499/3554/6011 1467/3521/6012
f 1467/3521/6013 1499/3554/6014 1500/3555/6015 1468/3522/6016
f 1468/3522/6017 1500/3555/6018 1501/3556/6019 1469/3523/6020
f 1469/3523/6021 1501/3556/6022 1502/3557/6023 1470/3524/6024
f 1470/3524/6025 1502/3557/6026 1503/3558/6027 1471/3525/6028
f 1471/3525/6029 1503/3558/6030 1504/3559/6031 1472/3526/6032
f 1472/3526/6033 1504/3559/6034 1505/3560/6035 1473/3527/6036
f 1473/3527/6037 1505/3560/6038 1506/3561/6039 1474/3528/6040
f 1474/3528/6041 1506/3561/6042 1507/3562/6043 1475/3529/6044
f 1475/3529/6045 1507/3562/6046 1476/3563/6047 1444/3530/6048
f 1476/3531/6049 1508/3564/6050 1509/3565/6051 1477/3532/6052
f 1477/3532/6053 1509/3565/6054 1510/3566/6055 1478/3533/6056
f 1478/3533/6057 1510/3566/6058 1511/3567/6059 1479/3534/6060
f 1479/3534/6061 1511/3567/6062 1512/3568/6063 1480/3535/6064
f 1480/3535/6065 1512/3568/6066 1513/3569/6067 1481/3536/6068
f 1481/3536/6069 1513/3569/6070 1514/3570/6071 1482/3537/6072
f 1482/3537/6073 1514/3570/6074 1515/3571/6075 1483/3538/6076
f 1483/3538/6077 1515/3571/6078 1516/3572/6079 1484/3539/6080
f 1484/3539/6081 1516/3572/6082 1517/3573/6083 1485/3540/6084
f 1485/3540/6085 1517/3573/6086 1518/3574/6087 1486/3541/6088
f 1486/3541/6089 1518/3574/6090 1519/3575/6091 1487/3542/6092
f 1487/3542/6093 1519/3575/6094 1520/3576/6095 1488/3543/6096
f 1488/3543/6097 1520/3576/6098 1521/3577/6099 1489/3544/6100
f 1489/3544/6101 1521/3577/6102 1522/3578/6103 1490/3545/6104
f 1490/3545/6105 1522/3578/6106 1523/3579/6107 1491/3546/6108
f 1491/3546/6109 1523/3579/6110 1524/3580/6111 1492/3547/6112
f 1492/3547/6113 1524/3580/6114 1525/3581/6115 1493/3548/6116
f 1493/3548/6117 1525/3581/6118 1526/3582/6119 1494/3549/6120
f 1494/3549/6121 1526/3582/6122 1527/3583/6123 1495/3550/6124
f 1495/3550/6125 1527/3583/6126 1528/3584/6127 1496/3551/6128
f 1496/3551/6129 1528/3584/6130 1529/3585/6131 1497/3552/6132
f 1497/3552/6133 1529/3585/6134 1530/3586/6135 1498/3553/6136
f 1498/3553/6137 1530/3586/6138 1531/3587/6139 1499/3554/6140
f 1499/3554/6141 1531/3587/6142 1532/3588/6143 1500/3555/6144
f 1500/3555/6145 1532/3588/6146 1533/3589/6147 1501/3556/6148
f 1501/3556/6149 1533/3589/6150 1534/3590/6151 1502/3557/6152
f 1502/3557/6153 1534/3590/6154 1535/3591/6155 1503/3558/6156
f 1503/3558/6157 1535/3591/6158 1536/3592/6159 1504/3559/6160
f 1504/3559/6161 1536/3592/6162 1537/3593/6163 1505/3560/6164
f 1505/3560/6165 1537/3593/6166 1538/3594/6167 1506/3561/6168
f 1506/3561/6169 1538/3594/6170 1539/3595/6171 1507/3562/6172
f 1507/3562/6173 1539/3595/6174 1508/3596/6175 1476/3563/6176
f 1508/3564/6177 1540/3597/6178 1541/3598/6179 1509/3565/6180
f 1509/3565/6181 1541/3598/6182 1542/3599/6183 1510/3566/6184
f 1510/3566/6185 1542/3599/6186 1543/3600/6187 1511/3567/6188
f 1511/3567/6189 1543/3600/6190 1544/3601/6191 1512/3568/6192
f 1512/3568/6193 1544/3601/6194 1545/3602/6195 1513/3569/6196
f 1513/3569/6197 1545/3602/6198 1546/3603/6199 1514/3570/6200
f 1514/3570/6201 1546/3603/6202 1547/3604/6203 1515/3571/6204
f 1515/3571/6205 1547/3604/6206 1548/3605/6207 1516/3572/6208
f 1516/3572/6209 1548/3605/6210 1549/3606/6211 1517/3573/6212
f 1517/3573/6213 1549/3606/6214 1550/3607/6215 1518/3574/6216
f 1518/3574/6217 1550/3607/6218 1551/3608/6219 1519/3575/6220
f 1519/3575/6221 1551/3608/6222 1552/3609/6223 1520/3576/6224
f 1520/3576/6225 1552/3609/6226 1553/3610/6227 1521/3577/6228
f 1521/3577/6229 1553/3610/6230 1554/3611/6231 1522/3578/6232
f 1522/3578/6233 1554/3611/6234 1555/3612/6235 1523/3579/6236
f 1523/3579/6237 1555/3612/6238 1556/3613/6239 1524/3580/6240
f 1524/3580/6241 1556/3613/6242 1557/3614/6243 1525/3581/6244
f 1525/3581/6245 1557/3614/6246 1558/3615/6247 1526/3582/6248
f 1526/3582/6249 1558/3615/6250 1559/3616/6251 1527/3583/6252
f 1527/3583/6253 1559/3616/6254 1560/3617/6255 1528/3584/6256
f 1528/3584/6257 1560/3617/6258 1561/3618/6259 1529/3585/6260
f 1529/3585/6261 1561/3618/6262 1562/3619/6263 1530/3586/6264
f 1530/3586/6265 1562/3619/6266 1563/3620/6267 1531/3587/6268
f 1531/3587/6269 1563/3620/6270 1564/3621/6271 1532/3588/6272
f 1532/3588/6273 1564/3621/6274 1565/3622/6275 1533/3589/6276
f 1533/3589/6277 1565/3622/6278 1566/3623/6279 1534/3590/6280
f 1534/3590/6281 1566/3623/6282 1567/3624/6283 1535/3591/6284
f 1535/3591/6285 1567/3624/6286 1568/3625/6287 1536/3592/6288
f 1536/3592/6289 1568/3625/6290 1569/3626/6291 1537/3593/6292
f 1537/3593/6293 1569/3626/6294 1570/3627/6295 1538/3594/6296
f 1538/3594/6297 1570/3627/6298 1571/3628/6299 1539/3595/6300
f 1539/3595/6301 1571/3628/6302 1540/3629/6303 1508/3596/6304
f 1540/3597/6305 1572/3630/6306 1573/3631/6307 1541/3598/6308
f 1541/3598/6309 1573/3631/6310 1574/3632/6311 1542/3599/6312
f 1542/3599/6313 1574/3632/6314 1575/3633/6315 1543/3600/6316
f 1543/3600/6317 1575/3633/6318 1576/3634/6319 1544/3601/6320
f 1544/3601/6321 1576/3634/6322 1577/3635/6323 1545/3602/6324
f 1545/3602/6325 1577/3635/6326 1578/3636/6327 1546/3603/6328
f 1546/3603/6329 1578/3636/6330 1579/3637/6331 1547/3604/6332
f 1547/3604/6333 1579/3637/6334 1580/3638/6335 1548/3605/6336
f 1548/3605/6337 1580/3638/6338 1581/3639/6339 1549/3606/6340
f 1549/3606/6341 1581/3639/6342 1582/3640/6343 1550/3607/6344
f 1550/3607/6345 1582/3640/6346 1583/3641/6347 1551/3608/6348
f 1551/3608/6349 1583/3641/6350 1584/3642/6351 1552/3609/6352
f 1552/3609/6353 1584/3642/6354 1585/3643/6355 1553/3610/6356
f 1553/3610/6357 1585/3643/6358 1586/3644/6359 1554/3611/6360
f 1554/3611/6361 1586/3644/6362 1587/3645/6363 1555/3612/6364
f 1555/3612/6365 1587/3645/6366 1588/3646/6367 1556/3613/6368
f 1556/3613/6369 1588/3646/6370 1589/3647/6371 1557/3614/6372
f 1557/3614/6373 1589/3647/6374 1590/3648/6375 1558/3615/6376
f 1558/3615/6377 1590/3648/6378 1591/3649/6379 1559/3616/6380
f 1559/3616/6381 1591/3649/6382 1592/3650/6383 1560/3617/6384
f 1560/3617/6385 1592/3650/6386 1593/3651/6387 1561/3618/6388
f 1561/3618/6389 1593/3651/6390 1594/3652/6391 1562/3619/6392
f 1562/3619/6393 1594/3652/6394 1595/3653/6395 1563/3620/6396
f 1563/3620/6397 1595/3653/6398 1596/3654/6399 1564/3621/6400
f 1564/3621/6401 1596/3654/6402 1597/3655/6403 1565/3622/6404
f 1565/3622/6405 1597/3655/6406 1598/3656/6407 1566/3623/6408
f 1566/3623/6409 1598/3656/6410 1599/3657/6411 1567/3624/6412
f 1567/3624/6413 1599/3657/6414 1600/3658/6415 1568/3625/6416
f 1568/3625/6417 1600/3658/6418 1601/3659/6419 1569/3626/6420
f 1569/3626/6421 1601/3659/6422 1602/3660/6423 1570/3627/6424
f 1570/3627/6425 1602/3660/6426 1603/3661/6427 1571/3628/6428
f 1571/3628/6429 1603/3661/6430 1572/3662/6431 1540/3629/6432
f 1604/3663/6433 1573/3631/6434 1572/3630/6435
f 1604/3664/6436 1574/3632/6437 1573/3631/6438
f 1604/3665/6439 1575/3633/6440 1574/3632/6441
f 1604/3666/6442 1576/3634/6443 1575/3633/6444
f 1604/3667/6445 1577/3635/6446 1576/3634/6447
f 1604/3668/6448 1578/3636/6449 1577/3635/6450
f 1604/3669/6451 1579/3637/6452 1578/3636/6453
f 1604/3670/6454 1580/3638/6455 1579/3637/6456
f 1604/3671/6457 1581/3639/6458 1580/3638/6459
f 1604/3672/6460 1582/3640/6461 1581/3639/6462
f 1604/3673/6463 1583/3641/6464 1582/3640/6465
f 1604/3674/6466 1584/3642/6467 1583/3641/6468
f 1604/3675/6469 1585/3643/6470 1584/3642/6471
f 1604/3676/6472 1586/3644/6473 1585/3643/6474
f 1604/3677/6475 1587/3645/6476 1586/3644/6477
f 1604/3678/6478 1588/3646/6479 1587/3645/6480
f 1604/3679/6481 1589/3647/6482 1588/3646/6483
f 1604/3680/6484 1590/3648/6485 1589/3647/6486
f 1604/3681/6487 1591/3649/6488 1590/3648/6489
f 1604/3682/6490 1592/3650/6491 1591/3649/6492
f 1604/3683/6493 1593/3651/6494 1592/3650/6495
f 1604/3684/6496 1594/3652/6497 1593/3651/6498
f 1604/3685/6499 1595/3653/6500 1594/3652/6501
f 1604/3686/6502 1596/3654/6503 1595/3653/6504
f 1604/3687/6505 1597/3655/6506 1596/3654/6507
f 1604/3688/6508 1598/3656/6509 1597/3655/6510
f 1604/3689/6511 1599/3657/6512 1598/3656/6513
f 1604/3690/6514 1600/3658/6515 1599/3657/6516
f 1604/3691/6517 1601/3659/6518 1600/3658/6519
f 1604/3692/6520 1602/3660/6521 1601/3659/6522
f 1604/3693/6523 1603/3661/6524 1602/3660/6525
f 1604/3694/6526 1572/3662/6527 1603/3661/6528
f 1605/4785/6529 1607/4787/6530 1606/4786/6531
f 1605/4788/6532 1608/4789/6533 1607/4787/6534
f 1605/4790/6535 1609/4791/6536 1608/4789/6537
f 1605/4792/6538 1610/4793/6539 1609/4791/6540
f 1605/4794/6541 1611/4795/6542 1610/4793/6543
f 1605/4796/6544 1612/4797/6545 1611/4795/6546
f 1605/4798/6547 1613/4799/6548 1612/4797/6549
f 1605/4800/6550 1614/4801/6551 1613/4799/6552
f 1605/4802/6553 1615/4803/6554 1614/4801/6555
f 1605/4804/6556 1616/4805/6557 1615/4803/6558
f 1605/4806/6559 1617/4807/6560 1616/4805/6561
f 1605/4808/6562 1618/4809/6563 1617/4807/6564
f 1605/4810/6565 1619/4811/6566 1618/4809/6567
f 1605/4812/6568 1620/4813/6569 1619/4811/6570
f 1605/4814/6571 1621/4815/6572 1620/4813/6573
f 1605/4816/6574 1622/4817/6575 1621/4815/6576
f 1605/4818/6577 1623/4819/6578 1622/4817/6579
f 1605/4820/6580 1624/4821/6581 1623/4819/6582
f 1605/4822/6583 1625/4823/6584 1624/4821/6585
f 1605/4824/6586 1626/4825/6587 1625/4823/6588
f 1605/4826/6589 1627/4827/6590 1626/4825/6591
f 1605/4828/6592 1628/4829/6593 1627/4827/6594
f 1605/4830/6595 1629/4831/6596 1628/4829/6597
f 1605/4832/6598 1630/4833/6599 1629/4831/6600
f 1605/4834/6601 1631/4835/6602 1630/4833/6603
f 1605/4836/6604 1632/4837/6605 1631/4835/6606
f 1605/4838/6607 1633/4839/6608 1632/4837/6609
f 1605/4840/6610 1634/4841/6611 1633/4839/6612
f 1605/4842/6613 1635/4843/6614 1634/4841/6615
f 1605/4844/6616 1636/4845/6617 1635/4843/6618
f 1605/4846/6619 1637/4847/6620 1636/4845/6621
f 1605/4848/6622 1606/4849/6623 1637/4847/6624
f 1606/4786/6625 1607/4787/6626 1639/4851/6627 1638/4850/6628
f 1607/4787/6629 1608/4789/6630 1640/4852/6631 1639/4851/6632
f 1608/4789/6633 1609/4791/6634 1641/4853/6635 1640/4852/6636
f 1609/4791/6637 1610/4793/6638 1642/4854/6639 1641/4853/6640
f 1610/4793/6641 1611/4795/6642 1643/4855/6643 1642/4854/6644
f 1611/4795/6645 1612/4797/6646 1644/4856/6647 1643/4855/6648
f 1612/4797/6649 1613/4799/6650 1645/4857/6651 1644/4856/6652
f 1613/4799/6653 1614/4801/6654 1646/4858/6655 1645/4857/6656
f 1614/4801/6657 1615/4803/6658 1647/4859/6659 1646/4858/6660
f 1615/4803/6661 1616/4805/6662 1648/4860/6663 1647/4859/6664
f 1616/4805/6665 1617/4807/6666 1649/4861/6667 1648/4860/6668
f 1617/4807/6669 1618/4809/6670 1650/4862/6671 1649/4861/6672
f 1618/4809/6673 1619/4811/6674 1651/4863/6675 1650/4862/6676
f 1619/4811/6677 1620/4813/6678 1652/4864/6679 1651/4863/6680
f 1620/4813/6681 1621/4815/6682 1653/4865/6683 1652/4864/6684
f 1621/4815/6685 1622/4817/6686 1654/4866/6687 1653/4865/6688
f 1622/4817/6689 1623/4819/6690 1655/4867/6691 1654/4866/6692
f 1623/4819/6693 1624/4821/6694 1656/4868/6695 1655/4867/6696
f 1624/4821/6697 1625/4823/6698 1657/4869/6699 1656/4868/6700
f 1625/4823/6701 1626/4825/6702 1658/4870/6703 1657/4869/6704
f 1626/4825/6705 1627/4827/6706 1659/4871/6707 1658/4870/6708
f 1627/4827/6709 1628/4829/6710 1660/4872/6711 1659/4871/6712
f 1628/4829/6713 1629/4831/6714 1661/4873/6715 1660/4872/6716
f 1629/4831/6717 1630/4833/6718 1662/4874/6719 1661/4873/6720
f 1630/4833/6721 1631/4835/6722 1663/4875/6723 1662/4874/6724
f 1631/4835/6725 1632/4837/6726 1664/4876/6727 1663/4875/6728
f 1632/4837/6729 1633/4839/6730 1665/4877/6731 1664/4876/6732
f 1633/4839/6733 1634/4841/6734 1666/4878/6735 1665/4877/6736
f 1634/4841/6737 1635/4843/6738 1667/4879/6739 1666/4878/6740
f 1635/4843/6741 1636/4845/6742 1668/4880/6743 1667/4879/6744
f 1636/4845/6745 1637/4847/6746 1669/4881/6747 1668/4880/6748
f 1637/4847/6749 1606/4849/6750 1638/4882/6751 1669/4881/6752
f 1638/4850/6753 1639/4851/6754 1671/4884/6755 1670/4883/6756
f 1639/4851/6757 1640/4852/6758 1672/4885/6759 1671/4884/6760
f 1640/4852/6761 1641/4853/6762 1673/4886/6763 1672/4885/6764
f 1641/4853/6765 1642/4854/6766 1674/4887/6767 1673/4886/6768
f 1642/4854/6769 1643/4855/6770 1675/4888/6771 1674/4887/6772
f 1643/4855/6773 1644/4856/6774 1676/4889/6775 1675/4888/6776
f 1644/4856/6777 1645/4857/6778 1677/4890/6779 1676/4889/6780
f 1645/4857/6781 1646/4858/6782 1678/4891/6783 1677/4890/6784
f 1646/4858/6785 1647/4859/6786 1679/4892/6787 1678/4891/6788
f 1647/4859/6789 1648/4860/6790 1680/4893/6791 1679/4892/6792
f 1648/4860/6793 1649/4861/6794 1681/4894/6795 1680/4893/6796
f 1649/4861/6797 1650/4862/6798 1682/4895/6799 1681/4894/6800
f 1650/4862/6801 1651/4863/6802 1683/4896/6803 1682/4895/6804
f 1651/4863/6805 1652/4864/6806 1684/4897/6807 1683/4896/6808
f 1652/4864/6809 1653/4865/6810 1685/4898/6811 1684/4897/6812
f 1653/4865/6813 1654/4866/6814 1686/4899/6815 1685/4898/6816
f 1654/4866/6817 1655/4867/6818 1687/4900/6819 1686/4899/6820
f 1655/4867/6821 1656/4868/6822 1688/4901/6823 1687/4900/6824
f 1656/4868/6825 1657/4869/6826 1689/4902/6827 1688/4901/6828
f 1657/4869/6829 1658/4870/6830 1690/4903/6831 1689/4902/6832
f 1658/4870/6833 1659/4871/6834 1691/4904/6835 1690/4903/6836
f 1659/4871/6837 1660/4872/6838 1692/4905/6839 1691/4904/6840
f 1660/4872/6841 1661/4873/6842 1693/4906/6843 1692/4905/6844
f 1661/4873/6845 1662/4874/6846 1694/4907/6847 1693/4906/6848
f 1662/4874/6849 1663/4875/6850 1695/4908/6851 1694/4907/6852
f 1663/4875/6853 1664/4876/6854 1696/4909/6855 1695/4908/6856
f 1664/4876/6857 1665/4877/6858 1697/4910/6859 1696/4909/6860
f 1665/4877/6861 1666/4878/6862 1698/4911/6863 1697/4910/6864
f 1666/4878/6865 1667/4879/6866 1699/4912/6867 1698/4911/6868
f 1667/4879/6869 1668/4880/6870 1700/4913/6871 1699/4912/6872
f 1668/4880/6873 1669/4881/6874 1701/4914/6875 1700/4913/6876
f 1669/4881/6877 1638/4882/6878 1670/4915/6879 1701/4914/6880
f 1670/4883/6881 1671/4884/6882 1703/4917/6883 1702/4916/6884
f 1671/4884/6885 1672/4885/6886 1704/4918/6887 1703/4917/6888
f 1672/4885/6889 1673/4886/6890 1705/4919/6891 1704/4918/6892
f 1673/4886/6893 1674/4887/6894 1706/4920/6895 1705/4919/6896
f 1674/4887/6897 1675/4888/6898 1707/4921/6899 1706/4920/6900
f 1675/4888/6901 1676/4889/6902 1708/4922/6903 1707/4921/6904
f 1676/4889/6905 1677/4890/6906 1709/4923/6907 1708/4922/6908
f 1677/4890/6909 1678/4891/6910 1710/4924/6911 1709/4923/6912
f 1678/4891/6913 1679/4892/6914 1711/4925/6915 1710/4924/6916
f 1679/4892/6917 1680/4893/6918 1712/4926/6919 1711/4925/6920
f 1680/4893/6921 1681/4894/6922 1713/4927/6923 1712/4926/6924
f 1681/4894/6925 1682/4895/6926 1714/4928/6927 1713/4927/6928
f 1682/4895/6929 1683/4896/6930 1715/4929/6931 1714/4928/6932
f 1683/4896/6933 1684/4897/6934 1716/4930/6935 1715/4929/6936
f 1684/4897/6937 1685/4898/6938 1717/4931/6939 1716/4930/6940
f 1685/4898/6941 1686/4899/6942 1718/4932/6943 1717/4931/6944
f 1686/4899/6945 1687/4900/6946 1719/4933/6947 1718/4932/6948
f 1687/4900/6949 1688/4901/6950 1720/4934/6951 1719/4933/6952
f 1688/4901/6953 1689/4902/6954 1721/4935/6955 1720/4934/6956
f 1689/4902/6957 1690/4903/6958 1722/4936/6959 1721/4935/6960
f 1690/4903/6961 1691/4904/6962 1723/4937/6963 1722/4936/6964
f 1691/4904/6965 1692/4905/6966 1724/4938/6967 1723/4937/6968
f 1692/4905/6969 1693/4906/6970 1725/4939/6971 1724/4938/6972
f 1693/4906/6973 1694/4907/6974 1726/4940/6975 1725/4939/6976
f 1694/4907/6977 1695/4908/6978 1727/4941/6979 1726/4940/6980
f 1695/4908/6981 1696/4909/6982 1728/4942/6983 1727/4941/6984
f 1696/4909/6985 1697/4910/6986 1729/4943/6987 1728/4942/6988
f 1697/4910/6989 1698/4911/6990 1730/4944/6991 1729/4943/6992
f 1698/4911/6993 1699/4912/6994 1731/4945/6995 1730/4944/6996
f 1699/4912/6997 1700/4913/6998 1732/4946/6999 1731/4945/7000
f 1700/4913/7001 1701/4914/7002 1733/4947/7003 1732/4946/7004
f 1701/4914/7005 1670/4915/7006 1702/4948/7007 1733/4947/7008
f 1702/4916/7009 1703/4917/7010 1735/4950/7011 1734/4949/7012
f 1703/4917/7013 1704/4918/7014 1736/4951/7015 1735/4950/7016
f 1704/4918/7017 1705/4919/7018 1737/4952/7019 1736/4951/7020
f 1705/4919/7021 1706/4920/7022 1738/4953/7023 1737/4952/7024
f 1706/4920/7025 1707/4921/7026 1739/4954/7027 1738/4953/7028
f 1707/4921/7029 1708/4922/7030 1740/4955/7031 1739/4954/7032
f 1708/4922/7033 1709/4923/7034 1741/4956/7035 1740/4955/7036
f 1709/4923/7037 1710/4924/7038 1742/4957/7039 1741/4956/7040
f 1710/4924/7041 1711/4925/7042 1743/4958/7043 1742/4957/7044
f 1711/4925/7045 1712/4926/7046 1744/4959/7047 1743/4958/7048
f 1712/4926/7049 1713/4927/7050 1745/4960/7051 1744/4959/7052
f 1713/4927/7053 1714/4928/7054 1746/4961/7055 1745/4960/7056
f 1714/4928/7057 1715/4929/7058 1747/4962/7059 1746/4961/7060
f 1715/4929/7061 1716/4930/7062 1748/4963/7063 1747/4962/7064
f 1716/4930/7065 1717/4931/7066 1749/4964/7067 1748/4963/7068
f 1717/4931/7069 1718/4932/7070 1750/4965/7071 1749/4964/7072
f 1718/4932/7073 1719/4933/7074 1751/4966/7075 1750/4965/7076
f 1719/4933/7077 1720/4934/7078 1752/4967/7079 1751/4966/7080
f 1720/4934/7081 1721/4935/7082 1753/4968/7083 1752/4967/7084
f 1721/4935/7085 1722/4936/7086 1754/4969/7087 1753/4968/7088
f 1722/4936/7089 1723/4937/7090 1755/4970/7091 1754/4969/7092
f 1723/4937/7093 1724/4938/7094 1756/4971/7095 1755/4970/7096
f 1724/4938/7097 1725/4939/7098 1757/4972/7099 1756/4971/7100
f 1725/4939/7101 1726/4940/7102 1758/4973/7103 1757/4972/7104
f 1726/4940/7105 1727/4941/7106 1759/4974/7107 1758/4973/7108
f 1727/4941/7109 1728/4942/7110 1760/4975/7111 1759/4974/7112
f 1728/4942/7113 1729/4943/7114 1761/4976/7115 1760/4975/7116
f 1729/4943/7117 1730/4944/7118 1762/4977/7119 1761/4976/7120
f 1730/4944/7121 1731/4945/7122 1763/4978/7123 1762/4977/7124
f 1731/4945/7125 1732/4946/7126 1764/4979/7127 1763/4978/7128
f 1732/4946/7129 1733/4947/7130 1765/4980/7131 1764/4979/7132
f 1733/4947/7133 1702/4948/7134 1734/4981/7135 1765/4980/7136
f 1734/4949/7137 1735/4950/7138 1767/4983/7139 1766/4982/7140
f 1735/4950/7141 1736/4951/7142 1768/4984/7143 1767/4983/7144
f 1736/4951/7145 1737/4952/7146 1769/4985/7147 1768/4984/7148
f 1737/4952/7149 1738/4953/7150 1770/4986/7151 1769/4985/7152
f 1738/4953/7153 1739/4954/7154 1771/4987/7155 1770/4986/7156
f 1739/4954/7157 1740/4955/7158 1772/4988/7159 1771/4987/7160
f 1740/4955/7161 1741/4956/7162 1773/4989/7163 1772/4988/7164
f 1741/4956/7165 1742/4957/7166 1774/4990/7167 1773/4989/7168
f 1742/4957/7169 1743/4958/7170 1775/4991/7171 1774/4990/7172
f 1743/4958/7173 1744/4959/7174 1776/4992/7175 1775/4991/7176
f 1744/4959/7177 1745/4960/7178 1777/4993/7179 1776/4992/7180
f 1745/4960/7181 1746/4961/7182 1778/4994/7183 1777/4993/7184
f 1746/4961/7185 1747/4962/7186 1779/4995/7187 1778/4994/7188
f 1747/4962/7189 1748/4963/7190 1780/4996/7191 1779/4995/7192
f 1748/4963/7193 1749/4964/7194 1781/4997/7195 1780/4996/7196
f 1749/4964/7197 1750/4965/7198 1782/4998/7199 1781/4997/7200
f 1750/4965/7201 1751/4966/7202 1783/4999/7203 1782/4998/7204
f 1751/4966/7205 1752/4967/7206 1784/5000/7207 1783/4999/7208
f 1752/4967/7209 1753/4968/7210 1785/5001/7211 1784/5000/7212
f 1753/4968/7213 1754/4969/7214 1786/5002/7215 1785/5001/7216
f 1754/4969/7217 1755/4970/7218 1787/5003/7219 1786/5002/7220
f 1755/4970/7221 1756/4971/7222 1788/5004/7223 1787/5003/7224
f 1756/4971/7225 1757/4972/7226 1789/5005/7227 1788/5004/7228
f 1757/4972/7229 1758/4973/7230 1790/5006/7231 1789/5005/7232
f 1758/4973/7233 1759/4974/7234 1791/5007/7235 1790/5006/7236
f 1759/4974/7237 1760/4975/7238 1792/5008/7239 1791/5007/7240
f 1760/4975/7241 1761/4976/7242 1793/5009/7243 1792/5008/7244
f 1761/4976/7245 1762/4977/7246 1794/5010/7247 1793/5009/7248
f 1762/4977/7249 1763/4978/7250 1795/5011/7251 1794/5010/7252
f 1763/4978/7253 1764/4979/7254 1796/5012/7255 1795/5011/7256
f 1764/4979/7257 1765/4980/7258 1797/5013/7259 1796/5012/7260
f 1765/4980/7261 1734/4981/7262 1766/5014/7263 1797/5013/7264
f 1766/4982/7265 1767/4983/7266 1799/5016/7267 1798/5015/7268
f 1767/4983/7269 1768/4984/7270 1800/5017/7271 1799/5016/7272
f 1768/4984/7273 1769/4985/7274 1801/5018/7275 1800/5017/7276
f 1769/4985/7277 1770/4986/7278 1802/5019/7279 1801/5018/7280
f 1770/4986/7281 1771/4987/7282 1803/5020/7283 1802/5019/7284
f 1771/4987/7285 1772/4988/7286 1804/5021/7287 1803/5020/7288
f 1772/4988/7289 1773/4989/7290 1805/5022/7291 1804/5021/7292
f 1773/4989/7293 1774/4990/7294 1806/5023/7295 1805/5022/7296
f 1774/4990/7297 1775/4991/7298 1807/5024/7299 1806/5023/7300
f 1775/4991/7301 1776/4992/7302 1808/5025/7303 1807/5024/7304
f 1776/4992/7305 1777/4993/7306 1809/5026/7307 1808/5025/7308
f 1777/4993/7309 1778/4994/7310 1810/5027/7311 1809/5026/7312
f 1778/4994/7313 1779/4995/7314 1811/5028/7315 1810/5027/7316
f 1779/4995/7317 1780/4996/7318 1812/5029/7319 1811/5028/7320
f 1780/4996/7321 1781/4997/7322 1813/5030/7323 1812/5029/7324
f 1781/4997/7325 1782/4998/7326 1814/5031/7327 1813/5030/7328
f 1782/4998/7329 1783/4999/7330 1815/5032/7331 1814/5031/7332
f 1783/4999/7333 1784/5000/7334 1816/5033/7335 1815/5032/7336
f 1784/5000/7337 1785/5001/7338 1817/5034/7339 1816/5033/7340
f 1785/5001/7341 1786/5002/7342 1818/5035/7343 1817/5034/7344
f 1786/5002/7345 1787/5003/7346 1819/5036/7347 1818/5035/7348
f 1787/5003/7349 1788/5004/7350 1820/5037/7351 1819/5036/7352
f 1788/5004/7353 1789/5005/7354 1821/5038/7355 1820/5037/7356
f 1789/5005/7357 1790/5006/7358 1822/5039/7359 1821/5038/7360
f 1790/5006/7361 1791/5007/7362 1823/5040/7363 1822/5039/7364
f 1791/5007/7365 1792/5008/7366 1824/5041/7367 1823/5040/7368
f 1792/5008/7369 1793/5009/7370 1825/5042/7371 1824/5041/7372
f 1793/5009/7373 1794/5010/7374 1826/5043/7375 1825/5042/7376
f 1794/5010/7377 1795/5011/7378 1827/5044/7379 1826/5043/7380
f 1795/5011/7381 1796/5012/7382 1828/5045/7383 1827/5044/7384
f 1796/5012/7385 1797/5013/7386 1829/5046/7387 1828/5045/7388
f 1797/5013/7389 1766/5014/7390 1798/5047/7391 1829/5046/7392
f 1798/5015/7393 1799/5016/7394 1831/5049/7395 1830/5048/7396
f 1799/5016/7397 1800/5017/7398 1832/5050/7399 1831/5049/7400
f 1800/5017/7401 1801/5018/7402 1833/5051/7403 1832/5050/7404
f 1801/5018/7405 1802/5019/7406 1834/5052/7407 1833/5051/7408
f 1802/5019/7409 1803/5020/7410 1835/5053/7411 1834/5052/7412
f 1803/5020/7413 1804/5021/7414 1836/5054/7415 1835/5053/7416
f 1804/5021/7417 1805/5022/7418 1837/5055/7419 1836/5054/7420
f 1805/5022/7421 1806/5023/7422 1838/5056/7423 1837/5055/7424
f 1806/5023/7425 1807/5024/7426 1839/5057/7427 1838/5056/7428
f 1807/5024/7429 1808/5025/7430 1840/5058/7431 1839/5057/7432
f 1808/5025/7433 1809/5026/7434 1841/5059/7435 1840/5058/7436
f 1809/5026/7437 1810/5027/7438 1842/5060/7439 1841/5059/7440
f 1810/5027/7441 1811/5028/7442 1843/5061/7443 1842/5060/7444
f 1811/5028/7445 1812/5029/7446 1844/5062/7447 1843/5061/7448
f 1812/5029/7449 1813/5030/7450 1845/5063/7451 1844/5062/7452
f 1813/5030/7453 1814/5031/7454 1846/5064/7455 1845/5063/7456
f 1814/5031/7457 1815/5032/7458 1847/5065/7459 1846/5064/7460
f 1815/5032/7461 1816/5033/7462 1848/5066/7463 1847/5065/7464
f 1816/5033/7465 1817/5034/7466 1849/5067/7467 1848/5066/7468
f 1817/5034/7469 1818/5035/7470 1850/5068/7471 1849/5067/7472
f 1818/5035/7473 1819/5036/7474 1851/5069/7475 1850/5068/7476
f 1819/5036/7477 1820/5037/7478 1852/5070/7479 1851/5069/7480
f 1820/5037/7481 1821/5038/7482 1853/5071/7483 1852/5070/7484
f 1821/5038/7485 1822/5039/7486 1854/5072/7487 1853/5071/7488
f 1822/5039/7489 1823/5040/7490 1855/5073/7491 1854/5072/7492
f 1823/5040/7493 1824/5041/7494 1856/5074/7495 1855/5073/7496
f 1824/5041/7497 1825/5042/7498 1857/5075/7499 1856/5074/7500
f 1825/5042/7501 1826/5043/7502 1858/5076/7503 1857/5075/7504
f 1826/5043/7505 1827/5044/7506 1859/5077/7507 1858/5076/7508
f 1827/5044/7509 1828/5045/7510 1860/5078/7511 1859/5077/7512
f 1828/5045/7513 1829/5046/7514 1861/5079/7515 1860/5078/7516
f 1829/5046/7517 1798/5047/7518 1830/5080/7519 1861/5079/7520
f 1830/5048/7521 1831/5049/7522 1863/5082/7523 1862/5081/7524
f 1831/5049/7525 1832/5050/7526 1864/5083/7527 1863/5082/7528
f 1832/5050/7529 1833/5051/7530 1865/5084/7531 1864/5083/7532
f 1833/5051/7533 1834/5052/7534 1866/5085/7535 1865/5084/7536
f 1834/5052/7537 1835/5053/7538 1867/5086/7539 1866/5085/7540
f 1835/5053/7541 1836/5054/7542 1868/5087/7543 1867/5086/7544
f 1836/5054/7545 1837/5055/7546 1869/5088/7547 1868/5087/7548
f 1837/5055/7549 1838/5056/7550 1870/5089/7551 1869/5088/7552
f 1838/5056/7553 1839/5057/7554 1871/5090/7555 1870/5089/7556
f 1839/5057/7557 1840/5058/7558 1872/5091/7559 1871/5090/7560
f 1840/5058/7561 1841/5059/7562 1873/5092/7563 1872/5091/7564
f 1841/5059/7565 1842/5060/7566 1874/5093/7567 1873/5092/7568
f 1842/5060/7569 1843/5061/7570 1875/5094/7571 1874/5093/7572
f 1843/5061/7573 1844/5062/7574 1876/5095/7575 1875/5094/7576
f 1844/5062/7577 1845/5063/7578 1877/5096/7579 1876/5095/7580
f 1845/5063/7581 1846/5064/7582 1878/5097/7583 1877/5096/7584
f 1846/5064/7585 1847/5065/7586 1879/5098/7587 1878/5097/7588
f 1847/5065/7589 1848/5066/7590 1880/5099/7591 1879/5098/7592
f 1848/5066/7593 1849/5067/7594 1881/5100/7595 1880/5099/7596
f 1849/5067/7597 1850/5068/7598 1882/5101/7599 1881/5100/7600
f 1850/5068/7601 1851/5069/7602 1883/5102/7603 1882/5101/7604
f 1851/5069/7605 1852/5070/7606 1884/5103/7607 1883/5102/7608
f 1852/5070/7609 1853/5071/7610 1885/5104/7611 1884/5103/7612
f 1853/5071/7613 1854/5072/7614 1886/5105/7615 1885/5104/7616
f 1854/5072/7617 1855/5073/7618 1887/5106/7619 1886/5105/7620
f 1855/5073/7621 1856/5074/7622 1888/5107/7623 1887/5106/7624
f 1856/5074/7625 1857/5075/7626 1889/5108/7627 1888/5107/7628
f 1857/5075/7629 1858/5076/7630 1890/5109/7631 1889/5108/7632
f 1858/5076/7633 1859/5077/7634 1891/5110/7635 1890/5109/7636
f 1859/5077/7637 1860/5078/7638 1892/5111/7639 1891/5110/7640
f 1860/5078/7641 1861/5079/7642 1893/5112/7643 1892/5111/7644
f 1861/5079/7645 1830/5080/7646 1862/5113/7647 1893/5112/7648
f 1862/5081/7649 1863/5082/7650 1895/5115/7651 1894/5114/7652
f 1863/5082/7653 1864/5083/7654 1896/5116/7655 1895/5115/7656
f 1864/5083/7657 1865/5084/7658 1897/5117/7659 1896/5116/7660
f 1865/5084/7661 1866/5085/7662 1898/5118/7663 1897/5117/7664
f 1866/5085/7665 1867/5086/7666 1899/5119/7667 1898/5118/7668
f 1867/5086/7669 1868/5087/7670 1900/5120/7671 1899/5119/7672
f 1868/5087/7673 1869/5088/7674 1901/5121/7675 1900/5120/7676
f 1869/5088/7677 1870/5089/7678 1902/5122/7679 1901/5121/7680
f 1870/5089/7681 1871/5090/7682 1903/5123/7683 1902/5122/7684
f 1871/5090/7685 1872/5091/7686 1904/5124/7687 1903/5123/7688
f 1872/5091/7689 1873/5092/7690 1905/5125/7691 1904/5124/7692
f 1873/5092/7693 1874/5093/7694 1906/5126/7695 1905/5125/7696
f 1874/5093/7697 1875/5094/7698 1907/5127/7699 1906/5126/7700
f 1875/5094/7701 1876/5095/7702 1908/5128/7703 1907/5127/7704
f 1876/5095/7705 1877/5096/7706 1909/5129/7707 1908/5128/7708
f 1877/5096/7709 1878/5097/7710 1910/5130/7711 1909/5129/7712
f 1878/5097/7713 1879/5098/7714 1911/5131/7715 1910/5130/7716
f 1879/5098/7717 1880/5099/7718 1912/5132/7719 1911/5131/7720
f 1880/5099/7721 1881/5100/7722 1913/5133/7723 1912/5132/7724
f 1881/5100/7725 1882/5101/7726 1914/5134/7727 1913/5133/7728
f 1882/5101/7729 1883/5102/7730 1915/5135/7731 1914/5134/7732
f 1883/5102/7733 1884/5103/7734 1916/5136/7735 1915/5135/7736
f 1884/5103/7737 1885/5104/7738 1917/5137/7739 1916/5136/7740
f 1885/5104/7741 1886/5105/7742 1918/5138/7743 1917/5137/7744
f 1886/5105/7745 1887/5106/7746 1919/5139/7747 1918/5138/7748
f 1887/5106/7749 1888/5107/7750 1920/5140/7751 1919/5139/7752
f 1888/5107/7753 1889/5108/7754 1921/5141/7755 1920/5140/7756
f 1889/5108/7757 1890/5109/7758 1922/5142/7759 1921/5141/7760
f 1890/5109/7761 1891/5110/7762 1923/5143/7763 1922/5142/7764
f 1891/5110/7765 1892/5111/7766 1924/5144/7767 1923/5143/7768
f 1892/5111/7769 1893/5112/7770 1925/5145/7771 1924/5144/7772
f 1893/5112/7773 1862/5113/7774 1894/5146/7775 1925/5145/7776
f 1894/5114/7777 1895/5115/7778 1927/5148/7779 1926/5147/7780
f 1895/5115/7781 1896/5116/7782 1928/5149/7783 1927/5148/7784
f 1896/5116/7785 1897/5117/7786 1929/5150/7787 1928/5149/7788
f 1897/5117/7789 1898/5118/7790 1930/5151/7791 1929/5150/7792
f 1898/5118/7793 1899/5119/7794 1931/5152/7795 1930/5151/7796
f 1899/5119/7797 1900/5120/7798 1932/5153/7799 1931/5152/7800
f 1900/5120/7801 1901/5121/7802 1933/5154/7803 1932/5153/7804
f 1901/5121/7805 1902/5122/7806 1934/5155/7807 1933/5154/7808
f 1902/5122/7809 1903/5123/7810 1935/5156/7811 1934/5155/7812
f 1903/5123/7813 1904/5124/7814 1936/5157/7815 1935/5156/7816
f 1904/5124/7817 1905/5125/7818 1937/5158/7819 1936/5157/7820
f 1905/5125/7821 1906/5126/7822 1938/5159/7823 1937/5158/7824
f 1906/5126/7825 1907/5127/7826 1939/5160/7827 1938/5159/7828
f 1907/5127/7829 1908/5128/7830 1940/5161/7831 1939/5160/7832
f 1908/5128/7833 1909/5129/7834 1941/5162/7835 1940/5161/7836
f 1909/5129/7837 1910/5130/7838 1942/5163/7839 1941/5162/7840
f 1910/5130/7841 1911/5131/7842 1943/5164/7843 1942/5163/7844
f 1911/5131/7845 1912/5132/7846 1944/5165/7847 1943/5164/7848
f 1912/5132/7849 1913/5133/7850 1945/5166/7851 1944/5165/7852
f 1913/5133/7853 1914/5134/7854 1946/5167/7855 1945/5166/7856
f 1914/5134/7857 1915/5135/7858 1947/5168/7859 1946/5167/7860
f 1915/5135/7861 1916/5136/7862 1948/5169/7863 1947/5168/7864
f 1916/5136/7865 1917/5137/7866 1949/5170/7867 1948/5169/7868
f 1917/5137/7869 1918/5138/7870 1950/5171/7871 1949/5170/7872
f 1918/5138/7873 1919/5139/7874 1951/5172/7875 1950/5171/7876
f 1919/5139/7877 1920/5140/7878 1952/5173/7879 1951/5172/7880
f 1920/5140/7881 1921/5141/7882 1953/5174/7883 1952/5173/7884
f 1921/5141/7885 1922/5142/7886 1954/5175/7887 1953/5174/7888
f 1922/5142/7889 1923/5143/7890 1955/5176/7891 1954/5175/7892
f 1923/5143/7893 1924/5144/7894 1956/5177/7895 1955/5176/7896
f 1924/5144/7897 1925/5145/7898 1957/5178/7899 1956/5177/7900
f 1925/5145/7901 1894/5146/7902 1926/5179/7903 1957/5178/7904
f 1926/5147/7905 1927/5148/7906 1959/5181/7907 1958/5180/7908
f 1927/5148/7909 1928/5149/7910 1960/5182/7911 1959/5181/7912
f 1928/5149/7913 1929/5150/7914 1961/5183/7915 1960/5182/7916
f 1929/5150/7917 1930/5151/7918 1962/5184/7919 1961/5183/7920
f 1930/5151/7921 1931/5152/7922 1963/5185/7923 1962/5184/7924
f 1931/5152/7925 1932/5153/7926 1964/5186/7927 1963/5185/7928
f 1932/5153/7929 1933/5154/7930 1965/5187/7931 1964/5186/7932
f 1933/5154/7933 1934/5155/7934 1966/5188/7935 1965/5187/7936
f 1934/5155/7937 1935/5156/7938 1967/5189/7939 1966/5188/7940
f 1935/5156/7941 1936/5157/7942 1968/5190/7943 1967/5189/7944
f 1936/5157/7945 1937/5158/7946 1969/5191/7947 1968/5190/7948
f 1937/5158/7949 1938/5159/7950 1970/5192/7951 1969/5191/7952
f 1938/5159/7953 1939/5160/7954 1971/5193/7955 1970/5192/7956
f 1939/5160/7957 1940/5161/7958 1972/5194/7959 1971/5193/7960
f 1940/5161/7961 1941/5162/7962 1973/5195/7963 1972/5194/7964
f 1941/5162/7965 1942/5163/7966 1974/5196/7967 1973/5195/7968
f 1942/5163/7969 1943/5164/7970 1975/5197/7971 1974/5196/7972
f 1943/5164/7973 1944/5165/7974 1976/5198/7975 1975/5197/7976
f 1944/5165/7977 1945/5166/7978 1977/5199/7979 1976/5198/7980
f 1945/5166/7981 1946/5167/7982 1978/5200/7983 1977/5199/7984
f 1946/5167/7985 1947/5168/7986 1979/5201/7987 1978/5200/7988
f 1947/5168/7989 1948/5169/7990 1980/5202/7991 1979/5201/7992
f 1948/5169/7993 1949/5170/7994 1981/5203/7995 1980/5202/7996
f 1949/5170/7997 1950/5171/7998 1982/5204/7999 1981/5203/8000
f 1950/5171/8001 1951/5172/8002 1983/5205/8003 1982/5204/8004
f 1951/5172/8005 1952/5173/8006 1984/5206/8007 1983/5205/8008
f 1952/5173/8009 1953/5174/8010 1985/5207/8011 1984/5206/8012
f 1953/5174/8013 1954/5175/8014 1986/5208/8015 1985/5207/8016
f 1954/5175/8017 1955/5176/8018 1987/5209/8019 1986/5208/8020
f 1955/5176/8021 1956/5177/8022 1988/5210/8023 1987/5209/8024
f 1956/5177/8025 1957/5178/8026 1989/5211/8027 1988/5210/8028
f 1957/5178/8029 1926/5179/8030 1958/5212/8031 1989/5211/8032
f 1958/5180/8033 1959/5181/8034 1991/5214/8035 1990/5213/8036
f 1959/5181/8037 1960/5182/8038 1992/5215/8039 1991/5214/8040
f 1960/5182/8041 1961/5183/8042 1993/5216/8043 1992/5215/8044
f 1961/5183/8045 1962/5184/8046 1994/5217/8047 1993/5216/8048
f 1962/5184/8049 1963/5185/8050 1995/5218/8051 1994/5217/8052
f 1963/5185/8053 1964/5186/8054 1996/5219/8055 1995/5218/8056
f 1964/5186/8057 1965/5187/8058 1997/5220/8059 1996/5219/8060
f 1965/5187/8061 1966/5188/8062 1998/5221/8063 1997/5220/8064
f 1966/5188/8065 1967/5189/8066 1999/5222/8067 1998/5221/8068
f 1967/5189/8069 1968/5190/8070 2000/5223/8071 1999/5222/8072
f 1968/5190/8073 1969/5191/8074 2001/5224/8075 2000/5223/8076
f 1969/5191/8077 1970/5192/8078 2002/5225/8079 2001/5224/8080
f 1970/5192/8081 1971/5193/8082 2003/5226/8083 2002/5225/8084
f 1971/5193/8085 1972/5194/8086 2004/5227/8087 2003/5226/8088
f 1972/5194/8089 1973/5195/8090 2005/5228/8091 2004/5227/8092
f 1973/5195/8093 1974/5196/8094 2006/5229/8095 2005/5228/8096
f 1974/5196/8097 1975/5197/8098 2007/5230/8099 2006/5229/8100
f 1975/5197/8101 1976/5198/8102 2008/5231/8103 2007/5230/8104
f 1976/5198/8105 1977/5199/8106 2009/5232/8107 2008/5231/8108
f 1977/5199/8109 1978/5200/8110 2010/5233/8111 2009/5232/8112
f 1978/5200/8113 1979/5201/8114 2011/5234/8115 2010/5233/8116
f 1979/5201/8117 1980/5202/8118 2012/5235/8119 2011/5234/8120
f 1980/5202/8121 1981/5203/8122 2013/5236/8123 2012/5235/8124
f 1981/5203/8125 1982/5204/8126 2014/5237/8127 2013/5236/8128
f 1982/5204/8129 1983/5205/8130 2015/5238/8131 2014/5237/8132
f 1983/5205/8133 1984/5206/8134 2016/5239/8135 2015/5238/8136
f 1984/5206/8137 1985/5207/8138 2017/5240/8139 2016/5239/8140
f 1985/5207/8141 1986/5208/8142 2018/5241/8143 2017/5240/8144
f 1986/5208/8145 1987/5209/8146 2019/5242/8147 2018/5241/8148
f 1987/5209/8149 1988/5210/8150 2020/5243/8151 2019/5242/8152
f 1988/5210/8153 1989/5211/8154 2021/5244/8155 2020/5243/8156
f 1989/5211/8157 1958/5212/8158 1990/5245/8159 2021/5244/8160
f 1990/5213/8161 1991/5214/8162 2023/5247/8163 2022/5246/8164
f 1991/5214/8165 1992/5215/8166 2024/5248/8167 2023/5247/8168
f 1992/5215/8169 1993/5216/8170 2025/5249/8171 2024/5248/8172
f 1993/5216/8173 1994/5217/8174 2026/5250/8175 2025/5249/8176
f 1994/5217/8177 1995/5218/8178 2027/5251/8179 2026/5250/8180
f 1995/5218/8181 1996/5219/8182 2028/5252/8183 2027/5251/8184
f 1996/5219/8185 1997/5220/8186 2029/5253/8187 2028/5252/8188
f 1997/5220/8189 1998/5221/8190 2030/5254/8191 2029/5253/8192
f 1998/5221/8193 1999/5222/8194 2031/5255/8195 2030/5254/8196
f 1999/5222/8197 2000/5223/8198 2032/5256/8199 2031/5255/8200
f 2000/5223/8201 2001/5224/8202 2033/5257/8203 2032/5256/8204
f 2001/5224/8205 2002/5225/8206 2034/5258/8207 2033/5257/8208
f 2002/5225/8209 2003/5226/8210 2035/5259/8211 2034/5258/8212
f 2003/5226/8213 2004/5227/8214 2036/5260/8215 2035/5259/8216
f 2004/5227/8217 2005/5228/8218 2037/5261/8219 2036/5260/8220
f 2005/5228/8221 2006/5229/8222 2038/5262/8223 2037/5261/8224
f 2006/5229/8225 2007/5230/8226 2039/5263/8227 2038/5262/8228
f 2007/5230/8229 2008/5231/8230 2040/5264/8231 2039/5263/8232
f 2008/5231/8233 2009/5232/8234 2041/5265/8235 2040/5264/8236
f 2009/5232/8237 2010/5233/8238 2042/5266/8239 2041/5265/8240
f 2010/5233/8241 2011/5234/8242 2043/5267/8243 2042/5266/8244
f 2011/5234/8245 2012/5235/8246 2044/5268/8247 2043/5267/8248
f 2012/5235/8249 2013/5236/8250 2045/5269/8251 2044/5268/8252
f 2013/5236/8253 2014/5237/8254 2046/5270/8255 2045/5269/8256
f 2014/5237/8257 2015/5238/8258 2047/5271/8259 2046/5270/8260
f 2015/5238/8261 2016/5239/8262 2048/5272/8263 2047/5271/8264
f 2016/5239/8265 2017/5240/8266 2049/5273/8267 2048/5272/8268
f 2017/5240/8269 2018/5241/8270 2050/5274/8271 2049/5273/8272
f 2018/5241/8273 2019/5242/8274 2051/5275/8275 2050/5274/8276
f 2019/5242/8277 2020/5243/8278 2052/5276/8279 2051/5275/8280
f 2020/5243/8281 2021/5244/8282 2053/5277/8283 2052/5276/8284
f 2021/5244/8285 1990/5245/8286 2022/5278/8287 2053/5277/8288
f 2022/5246/8289 2023/5247/8290 2055/5280/8291 2054/5279/8292
f 2023/5247/8293 2024/5248/8294 2056/5281/8295 2055/5280/8296
f 2024/5248/8297 2025/5249/8298 2057/5282/8299 2056/5281/8300
f 2025/5249/8301 2026/5250/8302 2058/5283/8303 2057/5282/8304
f 2026/5250/8305 2027/5251/8306 2059/5284/8307 2058/5283/8308
f 2027/5251/8309 2028/5252/8310 2060/5285/8311 2059/5284/8312
f 2028/5252/8313 2029/5253/8314 2061/5286/8315 2060/5285/8316
f 2029/5253/8317 2030/5254/8318 2062/5287/8319 2061/5286/8320
f 2030/5254/8321 2031/5255/8322 2063/5288/8323 2062/5287/8324
f 2031/5255/8325 2032/5256/8326 2064/5289/8327 2063/5288/8328
f 2032/5256/8329 2033/5257/8330 2065/5290/8331 2064/5289/8332
f 2033/5257/8333 2034/5258/8334 2066/5291/8335 2065/5290/8336
f 2034/5258/8337 2035/5259/8338 2067/5292/8339 2066/5291/8340
f 2035/5259/8341 2036/5260/8342 2068/5293/8343 2067/5292/8344
f 2036/5260/8345 2037/5261/8346 2069/5294/8347 2068/5293/8348
f 2037/5261/8349 2038/5262/8350 2070/5295/8351 2069/5294/8352
f 2038/5262/8353 2039/5263/8354 2071/5296/8355 2070/5295/8356
f 2039/5263/8357 2040/5264/8358 2072/5297/8359 2071/5296/8360
f 2040/5264/8361 2041/5265/8362 2073/5298/8363 2072/5297/8364
f 2041/5265/8365 2042/5266/8366 2074/5299/8367 2073/5298/8368
f 2042/5266/8369 2043/5267/8370 2075/5300/8371 2074/5299/8372
f 2043/5267/8373 2044/5268/8374 2076/5301/8375 2075/5300/8376
f 2044/5268/8377 2045/5269/8378 2077/5302/8379 2076/5301/8380
f 2045/5269/8381 2046/5270/8382 2078/5303/8383 2077/5302/8384
f 2046/5270/8385 2047/5271/8386 2079/5304/8387 2078/5303/8388
f 2047/5271/8389 2048/5272/8390 2080/5305/8391 2079/5304/8392
f 2048/5272/8393 2049/5273/8394 2081/5306/8395 2080/5305/8396
f 2049/5273/8397 2050/5274/8398 2082/5307/8399 2081/5306/8400
f 2050/5274/8401 2051/5275/8402 2083/5308/8403 2082/5307/8404
f 2051/5275/8405 2052/5276/8406 2084/5309/8407 2083/5308/8408
f 2052/5276/8409 2053/5277/8410 2085/5310/8411 2084/5309/8412
f 2053/5277/8413 2022/5278/8414 2054/5311/8415 2085/5310/8416
f 2086/5312/8417 2054/5279/8418 2055/5280/8419
f 2086/5313/8420 2055/5280/8421 2056/5281/8422
f 2086/5314/8423 2056/5281/8424 2057/5282/8425
f 2086/5315/8426 2057/5282/8427 2058/5283/8428
f 2086/5316/8429 2058/5283/8430 2059/5284/8431
f 2086/5317/8432 2059/5284/8433 2060/5285/8434
f 2086/5318/8435 2060/5285/8436 2061/5286/8437
f 2086/5319/8438 2061/5286/8439 2062/5287/8440
f 2086/5320/8441 2062/5287/8442 2063/5288/8443
f 2086/5321/8444 2063/5288/8445 2064/5289/8446
f 2086/5322/8447 2064/5289/8448 2065/5290/8449
f 2086/5323/8450 2065/5290/8451 2066/5291/8452
f 2086/5324/8453 2066/5291/8454 2067/5292/8455
f 2086/5325/8456 2067/5292/8457 2068/5293/8458
f 2086/5326/8459 2068/5293/8460 2069/5294/8461
f 2086/5327/8462 2069/5294/8463 2070/5295/8464
f 2086/5328/8465 2070/5295/8466 2071/5296/8467
f 2086/5329/8468 2071/5296/8469 2072/5297/8470
f 2086/5330/8471 2072/5297/8472 2073/5298/8473
f 2086/5331/8474 2073/5298/8475 2074/5299/8476
f 2086/5332/8477 2074/5299/8478 2075/5300/8479
f 2086/5333/8480 2075/5300/8481 2076/5301/8482
f 2086/5334/8483 2076/5301/8484 2077/5302/8485
f 2086/5335/8486 2077/5302/8487 2078/5303/8488
f 2086/5336/8489 2078/5303/8490 2079/5304/8491
f 2086/5337/8492 2079/5304/8493 2080/5305/8494
f 2086/5338/8495 2080/5305/8496 2081/5306/8497
f 2086/5339/8498 2081/5306/8499 2082/5307/8500
f 2086/5340/8501 2082/5307/8502 2083/5308/8503
f 2086/5341/8504 2083/5308/8505 2084/5309/8506
f 2086/5342/8507 2084/5309/8508 2085/5310/8509
f 2086/5343/8510 2085/5310/8511 2054/5311/8512
#2688 polygons

usemtl 07 - Default
s 4
f 2087/5419/8513 2102/5434/8514 2103/5435/8515 2088/5420/8516
f 2088/5420/8517 2103/5435/8518 2104/5436/8519 2089/5421/8520
f 2089/5421/8521 2104/5436/8522 2105/5437/8523 2090/5422/8524
f 2090/5422/8525 2105/5437/8526 2106/5438/8527 2091/5423/8528
f 2091/5423/8529 2106/5438/8530 2107/5439/8531 2092/5424/8532
f 2092/5424/8533 2107/5439/8534 2108/5440/8535 2093/5425/8536
f 2093/5425/8537 2108/5440/8538 2109/5441/8539 2094/5426/8540
f 2094/5426/8541 2109/5441/8542 2110/5442/8543 2095/5427/8544
f 2095/5427/8545 2110/5442/8546 2111/5443/8547 2096/5428/8548
f 2096/5428/8549 2111/5443/8550 2112/5444/8551 2097/5429/8552
f 2097/5429/8553 2112/5444/8554 2113/5445/8555 2098/5430/8556
f 2098/5430/8557 2113/5445/8558 2114/5446/8559 2099/5431/8560
f 2099/5431/8561 2114/5446/8562 2115/5447/8563 2100/5432/8564
f 2100/5432/8565 2115/5447/8566 2116/5448/8567 2101/5433/8568
f 2116/5448/8569 2314/5663/8570 2313/5661/8571 2101/5433/8572
f 2102/5434/8573 2117/5449/8574 2118/5450/8575 2103/5435/8576
f 2103/5435/8577 2118/5450/8578 2119/5451/8579 2104/5436/8580
f 2104/5436/8581 2119/5451/8582 2120/5452/8583 2105/5437/8584
f 2105/5437/8585 2120/5452/8586 2121/5453/8587 2106/5438/8588
f 2106/5438/8589 2121/5453/8590 2122/5454/8591 2107/5439/8592
f 2107/5439/8593 2122/5454/8594 2123/5455/8595 2108/5440/8596
f 2108/5440/8597 2123/5455/8598 2124/5456/8599 2109/5441/8600
f 2109/5441/8601 2124/5456/8602 2125/5457/8603 2110/5442/8604
f 2110/5442/8605 2125/5457/8606 2126/5458/8607 2111/5443/8608
f 2111/5443/8609 2126/5458/8610 2127/5459/8611 2112/5444/8612
f 2112/5444/8613 2127/5459/8614 2128/5460/8615 2113/5445/8616
f 2113/5445/8617 2128/5460/8618 2129/5461/8619 2114/5446/8620
f 2114/5446/8621 2129/5461/8622 2130/5462/8623 2115/5447/8624
f 2115/5447/8625 2130/5462/8626 2131/5463/8627 2116/5448/8628
f 2131/5463/8629 2316/5665/8630 2314/5663/8631 2116/5448/8632
f 2117/5449/8633 2132/5464/8634 2133/5465/8635 2118/5450/8636
f 2118/5450/8637 2133/5465/8638 2134/5466/8639 2119/5451/8640
f 2119/5451/8641 2134/5466/8642 2135/5467/8643 2120/5452/8644
f 2120/5452/8645 2135/5467/8646 2136/5468/8647 2121/5453/8648
f 2121/5453/8649 2136/5468/8650 2137/5469/8651 2122/5454/8652
f 2122/5454/8653 2137/5469/8654 2138/5470/8655 2123/5455/8656
f 2123/5455/8657 2138/5470/8658 2139/5471/8659 2124/5456/8660
f 2124/5456/8661 2139/5471/8662 2140/5472/8663 2125/5457/8664
f 2125/5457/8665 2140/5472/8666 2141/5473/8667 2126/5458/8668
f 2126/5458/8669 2141/5473/8670 2142/5474/8671 2127/5459/8672
f 2127/5459/8673 2142/5474/8674 2143/5475/8675 2128/5460/8676
f 2128/5460/8677 2143/5475/8678 2144/5476/8679 2129/5461/8680
f 2129/5461/8681 2144/5476/8682 2145/5477/8683 2130/5462/8684
f 2130/5462/8685 2145/5477/8686 2146/5478/8687 2131/5463/8688
f 2146/5478/8689 2393/5667/8690 2316/5665/8691 2131/5463/8692
f 2132/5464/8693 2147/5479/8694 2148/5480/8695 2133/5465/8696
f 2133/5465/8697 2148/5480/8698 2149/5481/8699 2134/5466/8700
f 2134/5466/8701 2149/5481/8702 2150/5482/8703 2135/5467/8704
f 2135/5467/8705 2150/5482/8706 2151/5483/8707 2136/5468/8708
f 2136/5468/8709 2151/5483/8710 2152/5484/8711 2137/5469/8712
f 2137/5469/8713 2152/5484/8714 2153/5485/8715 2138/5470/8716
f 2138/5470/8717 2153/5485/8718 2154/5486/8719 2139/5471/8720
f 2139/5471/8721 2154/5486/8722 2155/5487/8723 2140/5472/8724
f 2140/5472/8725 2155/5487/8726 2156/5488/8727 2141/5473/8728
f 2141/5473/8729 2156/5488/8730 2157/5489/8731 2142/5474/8732
f 2142/5474/8733 2157/5489/8734 2158/5490/8735 2143/5475/8736
f 2143/5475/8737 2158/5490/8738 2159/5491/8739 2144/5476/8740
f 2144/5476/8741 2159/5491/8742 2160/5492/8743 2145/5477/8744
f 2145/5477/8745 2160/5492/8746 2161/5493/8747 2146/5478/8748
f 2161/5493/8749 2318/5669/8750 2393/5667/8751 2146/5478/8752
f 2147/5479/8753 2162/5494/8754 2163/5495/8755 2148/5480/8756
f 2148/5480/8757 2163/5495/8758 2164/5496/8759 2149/5481/8760
f 2149/5481/8761 2164/5496/8762 2165/5497/8763 2150/5482/8764
f 2150/5482/8765 2165/5497/8766 2166/5498/8767 2151/5483/8768
f 2151/5483/8769 2166/5498/8770 2167/5499/8771 2152/5484/8772
f 2152/5484/8773 2167/5499/8774 2168/5500/8775 2153/5485/8776
f 2153/5485/8777 2168/5500/8778 2169/5501/8779 2154/5486/8780
f 2154/5486/8781 2169/5501/8782 2170/5502/8783 2155/5487/8784
f 2155/5487/8785 2170/5502/8786 2171/5503/8787 2156/5488/8788
f 2156/5488/8789 2171/5503/8790 2172/5504/8791 2157/5489/8792
f 2157/5489/8793 2172/5504/8794 2173/5505/8795 2158/5490/8796
f 2158/5490/8797 2173/5505/8798 2174/5506/8799 2159/5491/8800
f 2159/5491/8801 2174/5506/8802 2175/5507/8803 2160/5492/8804
f 2160/5492/8805 2175/5507/8806 2176/5508/8807 2161/5493/8808
f 2176/5508/8809 2424/5671/8810 2318/5669/8811 2161/5493/8812
f 2162/5494/8813 2177/5509/8814 2178/5510/8815 2163/5495/8816
f 2163/5495/8817 2178/5510/8818 2179/5511/8819 2164/5496/8820
f 2164/5496/8821 2179/5511/8822 2180/5512/8823 2165/5497/8824
f 2165/5497/8825 2180/5512/8826 2181/5513/8827 2166/5498/8828
f 2166/5498/8829 2181/5513/8830 2182/5514/8831 2167/5499/8832
f 2167/5499/8833 2182/5514/8834 2183/5515/8835 2168/5500/8836
f 2168/5500/8837 2183/5515/8838 2184/5516/8839 2169/5501/8840
f 2169/5501/8841 2184/5516/8842 2185/5517/8843 2170/5502/8844
f 2170/5502/8845 2185/5517/8846 2186/5518/8847 2171/5503/8848
f 2171/5503/8849 2186/5518/8850 2187/5519/8851 2172/5504/8852
f 2172/5504/8853 2187/5519/8854 2188/5520/8855 2173/5505/8856
f 2173/5505/8857 2188/5520/8858 2189/5521/8859 2174/5506/8860
f 2174/5506/8861 2189/5521/8862 2190/5522/8863 2175/5507/8864
f 2175/5507/8865 2190/5522/8866 2191/5523/8867 2176/5508/8868
f 2191/5523/8869 2440/5673/8870 2424/5671/8871 2176/5508/8872
f 2177/5509/8873 2192/5524/8874 2193/5525/8875 2178/5510/8876
f 2178/5510/8877 2193/5525/8878 2194/5526/8879 2179/5511/8880
f 2179/5511/8881 2194/5526/8882 2195/5527/8883 2180/5512/8884
f 2180/5512/8885 2195/5527/8886 2196/5528/8887 2181/5513/8888
f 2181/5513/8889 2196/5528/8890 2197/5529/8891 2182/5514/8892
f 2182/5514/8893 2197/5529/8894 2198/5530/8895 2183/5515/8896
f 2183/5515/8897 2198/5530/8898 2199/5531/8899 2184/5516/8900
f 2184/5516/8901 2199/5531/8902 2200/5532/8903 2185/5517/8904
f 2185/5517/8905 2200/5532/8906 2201/5533/8907 2186/5518/8908
f 2186/5518/8909 2201/5533/8910 2202/5534/8911 2187/5519/8912
f 2187/5519/8913 2202/5534/8914 2203/5535/8915 2188/5520/8916
f 2188/5520/8917 2203/5535/8918 2204/5536/8919 2189/5521/8920
f 2189/5521/8921 2204/5536/8922 2205/5537/8923 2190/5522/8924
f 2190/5522/8925 2205/5537/8926 2206/5538/8927 2191/5523/8928
f 2206/5538/8929 2322/5675/8930 2440/5673/8931 2191/5523/8932
f 2192/5524/8933 2207/5539/8934 2208/5540/8935 2193/5525/8936
f 2193/5525/8937 2208/5540/8938 2209/5541/8939 2194/5526/8940
f 2194/5526/8941 2209/5541/8942 2210/5542/8943 2195/5527/8944
f 2195/5527/8945 2210/5542/8946 2211/5543/8947 2196/5528/8948
f 2196/5528/8949 2211/5543/8950 2212/5544/8951 2197/5529/8952
f 2197/5529/8953 2212/5544/8954 2213/5545/8955 2198/5530/8956
f 2198/5530/8957 2213/5545/8958 2214/5546/8959 2199/5531/8960
f 2199/5531/8961 2214/5546/8962 2215/5547/8963 2200/5532/8964
f 2200/5532/8965 2215/5547/8966 2216/5548/8967 2201/5533/8968
f 2201/5533/8969 2216/5548/8970 2217/5549/8971 2202/5534/8972
f 2202/5534/8973 2217/5549/8974 2218/5550/8975 2203/5535/8976
f 2203/5535/8977 2218/5550/8978 2219/5551/8979 2204/5536/8980
f 2204/5536/8981 2219/5551/8982 2220/5552/8983 2205/5537/8984
f 2205/5537/8985 2220/5552/8986 2221/5553/8987 2206/5538/8988
f 2221/5553/8989 2471/5677/8990 2322/5675/8991 2206/5538/8992
f 2207/5539/8993 2222/5554/8994 2223/5555/8995 2208/5540/8996
f 2208/5540/8997 2223/5555/8998 2224/5556/8999 2209/5541/9000
f 2209/5541/9001 2224/5556/9002 2225/5557/9003 2210/5542/9004
f 2210/5542/9005 2225/5557/9006 2226/5558/9007 2211/5543/9008
f 2211/5543/9009 2226/5558/9010 2227/5559/9011 2212/5544/9012
f 2212/5544/9013 2227/5559/9014 2228/5560/9015 2213/5545/9016
f 2213/5545/9017 2228/5560/9018 2229/5561/9019 2214/5546/9020
f 2214/5546/9021 2229/5561/9022 2230/5562/9023 2215/5547/9024
f 2215/5547/9025 2230/5562/9026 2231/5563/9027 2216/5548/9028
f 2216/5548/9029 2231/5563/9030 2232/5564/9031 2217/5549/9032
f 2217/5549/9033 2232/5564/9034 2233/5565/9035 2218/5550/9036
f 2218/5550/9037 2233/5565/9038 2234/5566/9039 2219/5551/9040
f 2219/5551/9041 2234/5566/9042 2235/5567/9043 2220/5552/9044
f 2220/5552/9045 2235/5567/9046 2236/5568/9047 2221/5553/9048
f 2236/5568/9049 2487/5679/9050 2471/5677/9051 2221/5553/9052
f 2222/5554/9053 2237/5569/9054 2238/5570/9055 2223/5555/9056
f 2223/5555/9057 2238/5570/9058 2239/5571/9059 2224/5556/9060
f 2224/5556/9061 2239/5571/9062 2240/5572/9063 2225/5557/9064
f 2225/5557/9065 2240/5572/9066 2241/5573/9067 2226/5558/9068
f 2226/5558/9069 2241/5573/9070 2242/5574/9071 2227/5559/9072
f 2227/5559/9073 2242/5574/9074 2243/5575/9075 2228/5560/9076
f 2228/5560/9077 2243/5575/9078 2244/5576/9079 2229/5561/9080
f 2229/5561/9081 2244/5576/9082 2245/5577/9083 2230/5562/9084
f 2230/5562/9085 2245/5577/9086 2246/5578/9087 2231/5563/9088
f 2231/5563/9089 2246/5578/9090 2247/5579/9091 2232/5564/9092
f 2232/5564/9093 2247/5579/9094 2248/5580/9095 2233/5565/9096
f 2233/5565/9097 2248/5580/9098 2249/5581/9099 2234/5566/9100
f 2234/5566/9101 2249/5581/9102 2250/5582/9103 2235/5567/9104
f 2235/5567/9105 2250/5582/9106 2251/5583/9107 2236/5568/9108
f 2251/5583/9109 2326/5681/9110 2487/5679/9111 2236/5568/9112
f 2237/5569/9113 2252/5584/9114 2253/5585/9115 2238/5570/9116
f 2238/5570/9117 2253/5585/9118 2254/5586/9119 2239/5571/9120
f 2239/5571/9121 2254/5586/9122 2255/5587/9123 2240/5572/9124
f 2240/5572/9125 2255/5587/9126 2256/5588/9127 2241/5573/9128
f 2241/5573/9129 2256/5588/9130 2257/5589/9131 2242/5574/9132
f 2242/5574/9133 2257/5589/9134 2258/5590/9135 2243/5575/9136
f 2243/5575/9137 2258/5590/9138 2259/5591/9139 2244/5576/9140
f 2244/5576/9141 2259/5591/9142 2260/5592/9143 2245/5577/9144
f 2245/5577/9145 2260/5592/9146 2261/5593/9147 2246/5578/9148
f 2246/5578/9149 2261/5593/9150 2262/5594/9151 2247/5579/9152
f 2247/5579/9153 2262/5594/9154 2263/5595/9155 2248/5580/9156
f 2248/5580/9157 2263/5595/9158 2264/5596/9159 2249/5581/9160
f 2249/5581/9161 2264/5596/9162 2265/5597/9163 2250/5582/9164
f 2250/5582/9165 2265/5597/9166 2266/5598/9167 2251/5583/9168
f 2266/5598/9169 2518/5683/9170 2326/5681/9171 2251/5583/9172
f 2252/5584/9173 2267/5599/9174 2268/5600/9175 2253/5585/9176
f 2253/5585/9177 2268/5600/9178 2269/5601/9179 2254/5586/9180
f 2254/5586/9181 2269/5601/9182 2270/5602/9183 2255/5587/9184
f 2255/5587/9185 2270/5602/9186 2271/5603/9187 2256/5588/9188
f 2256/5588/9189 2271/5603/9190 2272/5604/9191 2257/5589/9192
f 2257/5589/9193 2272/5604/9194 2273/5605/9195 2258/5590/9196
f 2258/5590/9197 2273/5605/9198 2274/5606/9199 2259/5591/9200
f 2259/5591/9201 2274/5606/9202 2275/5607/9203 2260/5592/9204
f 2260/5592/9205 2275/5607/9206 2276/5608/9207 2261/5593/9208
f 2261/5593/9209 2276/5608/9210 2277/5609/9211 2262/5594/9212
f 2262/5594/9213 2277/5609/9214 2278/5610/9215 2263/5595/9216
f 2263/5595/9217 2278/5610/9218 2279/5611/9219 2264/5596/9220
f 2264/5596/9221 2279/5611/9222 2280/5612/9223 2265/5597/9224
f 2265/5597/9225 2280/5612/9226 2281/5613/9227 2266/5598/9228
f 2281/5613/9229 2534/5685/9230 2518/5683/9231 2266/5598/9232
f 2267/5599/9233 2282/5614/9234 2283/5615/9235 2268/5600/9236
f 2268/5600/9237 2283/5615/9238 2284/5616/9239 2269/5601/9240
f 2269/5601/9241 2284/5616/9242 2285/5617/9243 2270/5602/9244
f 2270/5602/9245 2285/5617/9246 2286/5618/9247 2271/5603/9248
f 2271/5603/9249 2286/5618/9250 2287/5619/9251 2272/5604/9252
f 2272/5604/9253 2287/5619/9254 2288/5620/9255 2273/5605/9256
f 2273/5605/9257 2288/5620/9258 2289/5621/9259 2274/5606/9260
f 2274/5606/9261 2289/5621/9262 2290/5622/9263 2275/5607/9264
f 2275/5607/9265 2290/5622/9266 2291/5623/9267 2276/5608/9268
f 2276/5608/9269 2291/5623/9270 2292/5624/9271 2277/5609/9272
f 2277/5609/9273 2292/5624/9274 2293/5625/9275 2278/5610/9276
f 2278/5610/9277 2293/5625/9278 2294/5626/9279 2279/5611/9280
f 2279/5611/9281 2294/5626/9282 2295/5627/9283 2280/5612/9284
f 2280/5612/9285 2295/5627/9286 2296/5628/9287 2281/5613/9288
f 2296/5628/9289 2550/5687/9290 2534/5685/9291 2281/5613/9292
f 2282/5614/9293 2297/5629/9294 2298/5630/9295 2283/5615/9296
f 2283/5615/9297 2298/5630/9298 2299/5631/9299 2284/5616/9300
f 2284/5616/9301 2299/5631/9302 2300/5632/9303 2285/5617/9304
f 2285/5617/9305 2300/5632/9306 2301/5633/9307 2286/5618/9308
f 2286/5618/9309 2301/5633/9310 2302/5634/9311 2287/5619/9312
f 2287/5619/9313 2302/5634/9314 2303/5635/9315 2288/5620/9316
f 2288/5620/9317 2303/5635/9318 2304/5636/9319 2289/5621/9320
f 2289/5621/9321 2304/5636/9322 2305/5637/9323 2290/5622/9324
f 2290/5622/9325 2305/5637/9326 2306/5638/9327 2291/5623/9328
f 2291/5623/9329 2306/5638/9330 2307/5639/9331 2292/5624/9332
f 2292/5624/9333 2307/5639/9334 2308/5640/9335 2293/5625/9336
f 2293/5625/9337 2308/5640/9338 2309/5641/9339 2294/5626/9340
f 2294/5626/9341 2309/5641/9342 2310/5642/9343 2295/5627/9344
f 2295/5627/9345 2310/5642/9346 2311/5643/9347 2296/5628/9348
f 2311/5643/9349 2331/5689/9350 2550/5687/9351 2296/5628/9352
f 2312/5644/9353 2087/5419/9354 2566/5645/9355
f 2566/5646/9356 2087/5419/9357 2088/5420/9358
f 2566/5647/9359 2088/5420/9360 2089/5421/9361
f 2566/5648/9362 2089/5421/9363 2090/5422/9364
f 2090/5422/9365 2091/5423/9366 2566/5649/9367
f 2566/5650/9368 2091/5423/9369 2092/5424/9370
f 2092/5424/9371 2093/5425/9372 2566/5651/9373
f 2566/5652/9374 2093/5425/9375 2094/5426/9376
f 2566/5653/9377 2094/5426/9378 2095/5427/9379
f 2095/5427/9380 2096/5428/9381 2566/5654/9382
f 2566/5655/9383 2096/5428/9384 2097/5429/9385
f 2097/5429/9386 2098/5430/9387 2566/5656/9388
f 2566/5657/9389 2098/5430/9390 2099/5431/9391
f 2099/5431/9392 2100/5432/9393 2566/5658/9394
f 2566/5659/9395 2100/5432/9396 2101/5433/9397
f 2566/5660/9398 2101/5433/9399 2313/5661/9400
f 2102/5434/9401 2087/5419/9402 2312/5644/9403 2567/5662/9404
f 2117/5449/9405 2102/5434/9406 2567/5662/9407 2315/5664/9408
f 2132/5464/9409 2117/5449/9410 2315/5664/9411 2568/5666/9412
f 2147/5479/9413 2132/5464/9414 2568/5666/9415 2317/5668/9416
f 2162/5494/9417 2147/5479/9418 2317/5668/9419 2319/5670/9420
f 2177/5509/9421 2162/5494/9422 2319/5670/9423 2320/5672/9424
f 2192/5524/9425 2177/5509/9426 2320/5672/9427 2321/5674/9428
f 2207/5539/9429 2192/5524/9430 2321/5674/9431 2323/5676/9432
f 2222/5554/9433 2207/5539/9434 2323/5676/9435 2324/5678/9436
f 2237/5569/9437 2222/5554/9438 2324/5678/9439 2325/5680/9440
f 2252/5584/9441 2237/5569/9442 2325/5680/9443 2327/5682/9444
f 2267/5599/9445 2252/5584/9446 2327/5682/9447 2328/5684/9448
f 2282/5614/9449 2267/5599/9450 2328/5684/9451 2329/5686/9452
f 2297/5629/9453 2282/5614/9454 2329/5686/9455 2330/5688/9456
f 2332/5690/9457 2297/5629/9458 2330/5688/9459
f 2332/5691/9460 2298/5630/9461 2297/5629/9462
f 2332/5692/9463 2299/5631/9464 2298/5630/9465
f 2332/5693/9466 2300/5632/9467 2299/5631/9468
f 2301/5633/9469 2300/5632/9470 2332/5694/9471
f 2332/5695/9472 2302/5634/9473 2301/5633/9474
f 2303/5635/9475 2302/5634/9476 2332/5696/9477
f 2304/5636/9478 2303/5635/9479 2332/5697/9480
f 2332/5698/9481 2305/5637/9482 2304/5636/9483
f 2306/5638/9484 2305/5637/9485 2332/5699/9486
f 2332/5700/9487 2307/5639/9488 2306/5638/9489
f 2308/5640/9490 2307/5639/9491 2332/5701/9492
f 2332/5702/9493 2309/5641/9494 2308/5640/9495
f 2310/5642/9496 2309/5641/9497 2332/5703/9498
f 2332/5704/9499 2311/5643/9500 2310/5642/9501
f 2331/5689/9502 2311/5643/9503 2332/5705/9504
f 2333/5706/9505 2336/5709/9506 2335/5708/9507 2334/5707/9508
f 2336/5709/9509 2338/5711/9510 2337/5710/9511 2335/5708/9512
f 2338/5711/9513 2340/5713/9514 2339/5712/9515 2337/5710/9516
f 2340/5713/9517 2342/5715/9518 2341/5714/9519 2339/5712/9520
f 2342/5715/9521 2344/5717/9522 2343/5716/9523 2341/5714/9524
f 2344/5717/9525 2346/5719/9526 2345/5718/9527 2343/5716/9528
f 2346/5719/9529 2348/5721/9530 2347/5720/9531 2345/5718/9532
f 2348/5721/9533 2350/5723/9534 2349/5722/9535 2347/5720/9536
f 2350/5723/9537 2352/5725/9538 2351/5724/9539 2349/5722/9540
f 2352/5725/9541 2354/5727/9542 2353/5726/9543 2351/5724/9544
f 2354/5727/9545 2356/5729/9546 2355/5728/9547 2353/5726/9548
f 2356/5729/9549 2358/5731/9550 2357/5730/9551 2355/5728/9552
f 2358/5731/9553 2360/5733/9554 2359/5732/9555 2357/5730/9556
f 2360/5733/9557 2362/5735/9558 2361/5734/9559 2359/5732/9560
f 2313/5737/9561 2314/5736/9562 2361/5734/9563 2362/5735/9564
f 2334/5707/9565 2335/5708/9566 2364/5739/9567 2363/5738/9568
f 2335/5708/9569 2337/5710/9570 2365/5740/9571 2364/5739/9572
f 2337/5710/9573 2339/5712/9574 2366/5741/9575 2365/5740/9576
f 2339/5712/9577 2341/5714/9578 2367/5742/9579 2366/5741/9580
f 2341/5714/9581 2343/5716/9582 2368/5743/9583 2367/5742/9584
f 2343/5716/9585 2345/5718/9586 2369/5744/9587 2368/5743/9588
f 2345/5718/9589 2347/5720/9590 2370/5745/9591 2369/5744/9592
f 2347/5720/9593 2349/5722/9594 2371/5746/9595 2370/5745/9596
f 2349/5722/9597 2351/5724/9598 2372/5747/9599 2371/5746/9600
f 2351/5724/9601 2353/5726/9602 2373/5748/9603 2372/5747/9604
f 2353/5726/9605 2355/5728/9606 2374/5749/9607 2373/5748/9608
f 2355/5728/9609 2357/5730/9610 2375/5750/9611 2374/5749/9612
f 2357/5730/9613 2359/5732/9614 2376/5751/9615 2375/5750/9616
f 2359/5732/9617 2361/5734/9618 2377/5752/9619 2376/5751/9620
f 2314/5736/9621 2316/5753/9622 2377/5752/9623 2361/5734/9624
f 2363/5738/9625 2364/5739/9626 2379/5755/9627 2378/5754/9628
f 2364/5739/9629 2365/5740/9630 2380/5756/9631 2379/5755/9632
f 2365/5740/9633 2366/5741/9634 2381/5757/9635 2380/5756/9636
f 2366/5741/9637 2367/5742/9638 2382/5758/9639 2381/5757/9640
f 2367/5742/9641 2368/5743/9642 2383/5759/9643 2382/5758/9644
f 2368/5743/9645 2369/5744/9646 2384/5760/9647 2383/5759/9648
f 2369/5744/9649 2370/5745/9650 2385/5761/9651 2384/5760/9652
f 2370/5745/9653 2371/5746/9654 2386/5762/9655 2385/5761/9656
f 2371/5746/9657 2372/5747/9658 2387/5763/9659 2386/5762/9660
f 2372/5747/9661 2373/5748/9662 2388/5764/9663 2387/5763/9664
f 2373/5748/9665 2374/5749/9666 2389/5765/9667 2388/5764/9668
f 2374/5749/9669 2375/5750/9670 2390/5766/9671 2389/5765/9672
f 2375/5750/9673 2376/5751/9674 2391/5767/9675 2390/5766/9676
f 2376/5751/9677 2377/5752/9678 2392/5768/9679 2391/5767/9680
f 2316/5753/9681 2393/5769/9682 2392/5768/9683 2377/5752/9684
f 2378/5754/9685 2379/5755/9686 2395/5771/9687 2394/5770/9688
f 2379/5755/9689 2380/5756/9690 2396/5772/9691 2395/5771/9692
f 2380/5756/9693 2381/5757/9694 2397/5773/9695 2396/5772/9696
f 2381/5757/9697 2382/5758/9698 2398/5774/9699 2397/5773/9700
f 2382/5758/9701 2383/5759/9702 2399/5775/9703 2398/5774/9704
f 2383/5759/9705 2384/5760/9706 2400/5776/9707 2399/5775/9708
f 2384/5760/9709 2385/5761/9710 2401/5777/9711 2400/5776/9712
f 2385/5761/9713 2386/5762/9714 2402/5778/9715 2401/5777/9716
f 2386/5762/9717 2387/5763/9718 2403/5779/9719 2402/5778/9720
f 2387/5763/9721 2388/5764/9722 2404/5780/9723 2403/5779/9724
f 2388/5764/9725 2389/5765/9726 2405/5781/9727 2404/5780/9728
f 2389/5765/9729 2390/5766/9730 2406/5782/9731 2405/5781/9732
f 2390/5766/9733 2391/5767/9734 2407/5783/9735 2406/5782/9736
f 2391/5767/9737 2392/5768/9738 2408/5784/9739 2407/5783/9740
f 2393/5769/9741 2318/5785/9742 2408/5784/9743 2392/5768/9744
f 2394/5770/9745 2395/5771/9746 2410/5787/9747 2409/5786/9748
f 2395/5771/9749 2396/5772/9750 2411/5788/9751 2410/5787/9752
f 2396/5772/9753 2397/5773/9754 2412/5789/9755 2411/5788/9756
f 2397/5773/9757 2398/5774/9758 2413/5790/9759 2412/5789/9760
f 2398/5774/9761 2399/5775/9762 2414/5791/9763 2413/5790/9764
f 2399/5775/9765 2400/5776/9766 2415/5792/9767 2414/5791/9768
f 2400/5776/9769 2401/5777/9770 2416/5793/9771 2415/5792/9772
f 2401/5777/9773 2402/5778/9774 2417/5794/9775 2416/5793/9776
f 2402/5778/9777 2403/5779/9778 2418/5795/9779 2417/5794/9780
f 2403/5779/9781 2404/5780/9782 2419/5796/9783 2418/5795/9784
f 2404/5780/9785 2405/5781/9786 2420/5797/9787 2419/5796/9788
f 2405/5781/9789 2406/5782/9790 2421/5798/9791 2420/5797/9792
f 2406/5782/9793 2407/5783/9794 2422/5799/9795 2421/5798/9796
f 2407/5783/9797 2408/5784/9798 2423/5800/9799 2422/5799/9800
f 2318/5785/9801 2424/5801/9802 2423/5800/9803 2408/5784/9804
f 2409/5786/9805 2410/5787/9806 2426/5803/9807 2425/5802/9808
f 2410/5787/9809 2411/5788/9810 2427/5804/9811 2426/5803/9812
f 2411/5788/9813 2412/5789/9814 2428/5805/9815 2427/5804/9816
f 2412/5789/9817 2413/5790/9818 2429/5806/9819 2428/5805/9820
f 2413/5790/9821 2414/5791/9822 2430/5807/9823 2429/5806/9824
f 2414/5791/9825 2415/5792/9826 2431/5808/9827 2430/5807/9828
f 2415/5792/9829 2416/5793/9830 2432/5809/9831 2431/5808/9832
f 2416/5793/9833 2417/5794/9834 2433/5810/9835 2432/5809/9836
f 2417/5794/9837 2418/5795/9838 2434/5811/9839 2433/5810/9840
f 2418/5795/9841 2419/5796/9842 2435/5812/9843 2434/5811/9844
f 2419/5796/9845 2420/5797/9846 2436/5813/9847 2435/5812/9848
f 2420/5797/9849 2421/5798/9850 2437/5814/9851 2436/5813/9852
f 2421/5798/9853 2422/5799/9854 2438/5815/9855 2437/5814/9856
f 2422/5799/9857 2423/5800/9858 2439/5816/9859 2438/5815/9860
f 2424/5801/9861 2440/5817/9862 2439/5816/9863 2423/5800/9864
f 2425/5802/9865 2426/5803/9866 2442/5819/9867 2441/5818/9868
f 2426/5803/9869 2427/5804/9870 2443/5820/9871 2442/5819/9872
f 2427/5804/9873 2428/5805/9874 2444/5821/9875 2443/5820/9876
f 2428/5805/9877 2429/5806/9878 2445/5822/9879 2444/5821/9880
f 2429/5806/9881 2430/5807/9882 2446/5823/9883 2445/5822/9884
f 2430/5807/9885 2431/5808/9886 2447/5824/9887 2446/5823/9888
f 2431/5808/9889 2432/5809/9890 2448/5825/9891 2447/5824/9892
f 2432/5809/9893 2433/5810/9894 2449/5826/9895 2448/5825/9896
f 2433/5810/9897 2434/5811/9898 2450/5827/9899 2449/5826/9900
f 2434/5811/9901 2435/5812/9902 2451/5828/9903 2450/5827/9904
f 2435/5812/9905 2436/5813/9906 2452/5829/9907 2451/5828/9908
f 2436/5813/9909 2437/5814/9910 2453/5830/9911 2452/5829/9912
f 2437/5814/9913 2438/5815/9914 2454/5831/9915 2453/5830/9916
f 2438/5815/9917 2439/5816/9918 2455/5832/9919 2454/5831/9920
f 2440/5817/9921 2322/5833/9922 2455/5832/9923 2439/5816/9924
f 2441/5818/9925 2442/5819/9926 2457/5835/9927 2456/5834/9928
f 2442/5819/9929 2443/5820/9930 2458/5836/9931 2457/5835/9932
f 2443/5820/9933 2444/5821/9934 2459/5837/9935 2458/5836/9936
f 2444/5821/9937 2445/5822/9938 2460/5838/9939 2459/5837/9940
f 2445/5822/9941 2446/5823/9942 2461/5839/9943 2460/5838/9944
f 2446/5823/9945 2447/5824/9946 2462/5840/9947 2461/5839/9948
f 2447/5824/9949 2448/5825/9950 2463/5841/9951 2462/5840/9952
f 2448/5825/9953 2449/5826/9954 2464/5842/9955 2463/5841/9956
f 2449/5826/9957 2450/5827/9958 2465/5843/9959 2464/5842/9960
f 2450/5827/9961 2451/5828/9962 2466/5844/9963 2465/5843/9964
f 2451/5828/9965 2452/5829/9966 2467/5845/9967 2466/5844/9968
f 2452/5829/9969 2453/5830/9970 2468/5846/9971 2467/5845/9972
f 2453/5830/9973 2454/5831/9974 2469/5847/9975 2468/5846/9976
f 2454/5831/9977 2455/5832/9978 2470/5848/9979 2469/5847/9980
f 2322/5833/9981 2471/5849/9982 2470/5848/9983 2455/5832/9984
f 2456/5834/9985 2457/5835/9986 2473/5851/9987 2472/5850/9988
f 2457/5835/9989 2458/5836/9990 2474/5852/9991 2473/5851/9992
f 2458/5836/9993 2459/5837/9994 2475/5853/9995 2474/5852/9996
f 2459/5837/9997 2460/5838/9998 2476/5854/9999 2475/5853/10000
f 2460/5838/10001 2461/5839/10002 2477/5855/10003 2476/5854/10004
f 2461/5839/10005 2462/5840/10006 2478/5856/10007 2477/5855/10008
f 2462/5840/10009 2463/5841/10010 2479/5857/10011 2478/5856/10012
f 2463/5841/10013 2464/5842/10014 2480/5858/10015 2479/5857/10016
f 2464/5842/10017 2465/5843/10018 2481/5859/10019 2480/5858/10020
f 2465/5843/10021 2466/5844/10022 2482/5860/10023 2481/5859/10024
f 2466/5844/10025 2467/5845/10026 2483/5861/10027 2482/5860/10028
f 2467/5845/10029 2468/5846/10030 2484/5862/10031 2483/5861/10032
f 2468/5846/10033 2469/5847/10034 2485/5863/10035 2484/5862/10036
f 2469/5847/10037 2470/5848/10038 2486/5864/10039 2485/5863/10040
f 2471/5849/10041 2487/5865/10042 2486/5864/10043 2470/5848/10044
f 2472/5850/10045 2473/5851/10046 2489/5867/10047 2488/5866/10048
f 2473/5851/10049 2474/5852/10050 2490/5868/10051 2489/5867/10052
f 2474/5852/10053 2475/5853/10054 2491/5869/10055 2490/5868/10056
f 2475/5853/10057 2476/5854/10058 2492/5870/10059 2491/5869/10060
f 2476/5854/10061 2477/5855/10062 2493/5871/10063 2492/5870/10064
f 2477/5855/10065 2478/5856/10066 2494/5872/10067 2493/5871/10068
f 2478/5856/10069 2479/5857/10070 2495/5873/10071 2494/5872/10072
f 2479/5857/10073 2480/5858/10074 2496/5874/10075 2495/5873/10076
f 2480/5858/10077 2481/5859/10078 2497/5875/10079 2496/5874/10080
f 2481/5859/10081 2482/5860/10082 2498/5876/10083 2497/5875/10084
f 2482/5860/10085 2483/5861/10086 2499/5877/10087 2498/5876/10088
f 2483/5861/10089 2484/5862/10090 2500/5878/10091 2499/5877/10092
f 2484/5862/10093 2485/5863/10094 2501/5879/10095 2500/5878/10096
f 2485/5863/10097 2486/5864/10098 2502/5880/10099 2501/5879/10100
f 2487/5865/10101 2326/5881/10102 2502/5880/10103 2486/5864/10104
f 2488/5866/10105 2489/5867/10106 2504/5883/10107 2503/5882/10108
f 2489/5867/10109 2490/5868/10110 2505/5884/10111 2504/5883/10112
f 2490/5868/10113 2491/5869/10114 2506/5885/10115 2505/5884/10116
f 2491/5869/10117 2492/5870/10118 2507/5886/10119 2506/5885/10120
f 2492/5870/10121 2493/5871/10122 2508/5887/10123 2507/5886/10124
f 2493/5871/10125 2494/5872/10126 2509/5888/10127 2508/5887/10128
f 2494/5872/10129 2495/5873/10130 2510/5889/10131 2509/5888/10132
f 2495/5873/10133 2496/5874/10134 2511/5890/10135 2510/5889/10136
f 2496/5874/10137 2497/5875/10138 2512/5891/10139 2511/5890/10140
f 2497/5875/10141 2498/5876/10142 2513/5892/10143 2512/5891/10144
f 2498/5876/10145 2499/5877/10146 2514/5893/10147 2513/5892/10148
f 2499/5877/10149 2500/5878/10150 2515/5894/10151 2514/5893/10152
f 2500/5878/10153 2501/5879/10154 2516/5895/10155 2515/5894/10156
f 2501/5879/10157 2502/5880/10158 2517/5896/10159 2516/5895/10160
f 2326/5881/10161 2518/5897/10162 2517/5896/10163 2502/5880/10164
f 2503/5882/10165 2504/5883/10166 2520/5899/10167 2519/5898/10168
f 2504/5883/10169 2505/5884/10170 2521/5900/10171 2520/5899/10172
f 2505/5884/10173 2506/5885/10174 2522/5901/10175 2521/5900/10176
f 2506/5885/10177 2507/5886/10178 2523/5902/10179 2522/5901/10180
f 2507/5886/10181 2508/5887/10182 2524/5903/10183 2523/5902/10184
f 2508/5887/10185 2509/5888/10186 2525/5904/10187 2524/5903/10188
f 2509/5888/10189 2510/5889/10190 2526/5905/10191 2525/5904/10192
f 2510/5889/10193 2511/5890/10194 2527/5906/10195 2526/5905/10196
f 2511/5890/10197 2512/5891/10198 2528/5907/10199 2527/5906/10200
f 2512/5891/10201 2513/5892/10202 2529/5908/10203 2528/5907/10204
f 2513/5892/10205 2514/5893/10206 2530/5909/10207 2529/5908/10208
f 2514/5893/10209 2515/5894/10210 2531/5910/10211 2530/5909/10212
f 2515/5894/10213 2516/5895/10214 2532/5911/10215 2531/5910/10216
f 2516/5895/10217 2517/5896/10218 2533/5912/10219 2532/5911/10220
f 2518/5897/10221 2534/5913/10222 2533/5912/10223 2517/5896/10224
f 2519/5898/10225 2520/5899/10226 2536/5915/10227 2535/5914/10228
f 2520/5899/10229 2521/5900/10230 2537/5916/10231 2536/5915/10232
f 2521/5900/10233 2522/5901/10234 2538/5917/10235 2537/5916/10236
f 2522/5901/10237 2523/5902/10238 2539/5918/10239 2538/5917/10240
f 2523/5902/10241 2524/5903/10242 2540/5919/10243 2539/5918/10244
f 2524/5903/10245 2525/5904/10246 2541/5920/10247 2540/5919/10248
f 2525/5904/10249 2526/5905/10250 2542/5921/10251 2541/5920/10252
f 2526/5905/10253 2527/5906/10254 2543/5922/10255 2542/5921/10256
f 2527/5906/10257 2528/5907/10258 2544/5923/10259 2543/5922/10260
f 2528/5907/10261 2529/5908/10262 2545/5924/10263 2544/5923/10264
f 2529/5908/10265 2530/5909/10266 2546/5925/10267 2545/5924/10268
f 2530/5909/10269 2531/5910/10270 2547/5926/10271 2546/5925/10272
f 2531/5910/10273 2532/5911/10274 2548/5927/10275 2547/5926/10276
f 2532/5911/10277 2533/5912/10278 2549/5928/10279 2548/5927/10280
f 2534/5913/10281 2550/5929/10282 2549/5928/10283 2533/5912/10284
f 2535/5914/10285 2536/5915/10286 2552/5931/10287 2551/5930/10288
f 2536/5915/10289 2537/5916/10290 2553/5932/10291 2552/5931/10292
f 2537/5916/10293 2538/5917/10294 2554/5933/10295 2553/5932/10296
f 2538/5917/10297 2539/5918/10298 2555/5934/10299 2554/5933/10300
f 2539/5918/10301 2540/5919/10302 2556/5935/10303 2555/5934/10304
f 2540/5919/10305 2541/5920/10306 2557/5936/10307 2556/5935/10308
f 2541/5920/10309 2542/5921/10310 2558/5937/10311 2557/5936/10312
f 2542/5921/10313 2543/5922/10314 2559/5938/10315 2558/5937/10316
f 2543/5922/10317 2544/5923/10318 2560/5939/10319 2559/5938/10320
f 2544/5923/10321 2545/5924/10322 2561/5940/10323 2560/5939/10324
f 2545/5924/10325 2546/5925/10326 2562/5941/10327 2561/5940/10328
f 2546/5925/10329 2547/5926/10330 2563/5942/10331 2562/5941/10332
f 2547/5926/10333 2548/5927/10334 2564/5943/10335 2563/5942/10336
f 2548/5927/10337 2549/5928/10338 2565/5944/10339 2564/5943/10340
f 2550/5929/10341 2331/5945/10342 2565/5944/10343 2549/5928/10344
f 2312/5946/10345 2566/5947/10346 2333/5706/10347
f 2566/5948/10348 2336/5709/10349 2333/5706/10350
f 2566/5949/10351 2338/5711/10352 2336/5709/10353
f 2566/5950/10354 2340/5713/10355 2338/5711/10356
f 2566/5951/10357 2342/5715/10358 2340/5713/10359
f 2566/5952/10360 2344/5717/10361 2342/5715/10362
f 2566/5953/10363 2346/5719/10364 2344/5717/10365
f 2566/5954/10366 2348/5721/10367 2346/5719/10368
f 2566/5955/10369 2350/5723/10370 2348/5721/10371
f 2566/5956/10372 2352/5725/10373 2350/5723/10374
f 2566/5957/10375 2354/5727/10376 2352/5725/10377
f 2566/5958/10378 2356/5729/10379 2354/5727/10380
f 2566/5959/10381 2358/5731/10382 2356/5729/10383
f 2566/5960/10384 2360/5733/10385 2358/5731/10386
f 2566/5961/10387 2362/5735/10388 2360/5733/10389
f 2566/5962/10390 2313/5737/10391 2362/5735/10392
f 2312/5946/10393 2333/5706/10394 2334/5707/10395 2567/5963/10396
f 2567/5963/10397 2334/5707/10398 2363/5738/10399 2315/5964/10400
f 2315/5964/10401 2363/5738/10402 2378/5754/10403 2568/5965/10404
f 2568/5965/10405 2378/5754/10406 2394/5770/10407 2317/5966/10408
f 2317/5966/10409 2394/5770/10410 2409/5786/10411 2319/5967/10412
f 2319/5967/10413 2409/5786/10414 2425/5802/10415 2320/5968/10416
f 2320/5968/10417 2425/5802/10418 2441/5818/10419 2321/5969/10420
f 2321/5969/10421 2441/5818/10422 2456/5834/10423 2323/5970/10424
f 2323/5970/10425 2456/5834/10426 2472/5850/10427 2324/5971/10428
f 2324/5971/10429 2472/5850/10430 2488/5866/10431 2325/5972/10432
f 2325/5972/10433 2488/5866/10434 2503/5882/10435 2327/5973/10436
f 2327/5973/10437 2503/5882/10438 2519/5898/10439 2328/5974/10440
f 2328/5974/10441 2519/5898/10442 2535/5914/10443 2329/5975/10444
f 2329/5975/10445 2535/5914/10446 2551/5930/10447 2330/5976/10448
f 2332/5977/10449 2330/5976/10450 2551/5930/10451
f 2332/5978/10452 2551/5930/10453 2552/5931/10454
f 2332/5979/10455 2552/5931/10456 2553/5932/10457
f 2332/5980/10458 2553/5932/10459 2554/5933/10460
f 2332/5981/10461 2554/5933/10462 2555/5934/10463
f 2332/5982/10464 2555/5934/10465 2556/5935/10466
f 2332/5983/10467 2556/5935/10468 2557/5936/10469
f 2332/5984/10470 2557/5936/10471 2558/5937/10472
f 2332/5985/10473 2558/5937/10474 2559/5938/10475
f 2332/5986/10476 2559/5938/10477 2560/5939/10478
f 2332/5987/10479 2560/5939/10480 2561/5940/10481
f 2332/5988/10482 2561/5940/10483 2562/5941/10484
f 2332/5989/10485 2562/5941/10486 2563/5942/10487
f 2332/5990/10488 2563/5942/10489 2564/5943/10490
f 2332/5991/10491 2564/5943/10492 2565/5944/10493
f 2331/5945/10494 2332/5992/10495 2565/5944/10496
#2688 polygons

