# Blender v2.79 (sub 0) OBJ File: ''
# www.blender.org
mtllib OBJ.mtl
o Root.001
v -3.239130 5.292212 -0.378957
v -3.196437 5.288699 -0.080970
v -3.195136 5.481593 -0.390520
v -3.183466 5.489141 -0.095225
v -3.167895 5.188006 -0.387870
v -3.163407 5.282079 -0.422691
v -3.163407 5.282079 -0.422691
v -3.155189 5.154187 -0.109436
v -3.149087 5.179654 -0.132276
v -3.149087 5.179654 -0.132276
v -3.151001 5.274474 -0.178165
v -3.146159 5.283671 -0.070371
v -3.146159 5.283671 -0.070371
v -3.143013 5.189905 -0.087025
v -3.142674 5.235848 -0.424795
v -3.142674 5.235848 -0.424795
v -3.137548 5.153388 -0.123912
v -3.137548 5.153388 -0.123912
v -3.137248 5.189030 -0.085558
v -3.137248 5.189030 -0.085558
v -3.144229 5.411405 -0.436270
v -3.144229 5.411405 -0.436270
v -3.134188 5.153305 -0.093404
v -3.134188 5.153305 -0.093404
v -3.127796 5.157144 -0.142649
v -3.127796 5.157144 -0.142649
v -3.127796 5.157144 -0.142649
v -3.118304 5.217038 -0.137244
v -3.118304 5.217038 -0.137244
v -3.103302 5.212178 -0.092624
v -3.103302 5.212178 -0.092624
v -3.103302 5.212178 -0.092624
v -3.088022 5.198313 -0.432969
v -3.088022 5.198313 -0.432969
v -3.088647 5.427876 -0.070103
v -3.088647 5.427876 -0.070103
v -3.088647 5.427876 -0.070103
v -3.070817 5.171234 -0.403933
v -3.070817 5.171234 -0.403933
v -3.065485 5.256793 -0.100626
v -3.065485 5.256793 -0.100626
v -3.046387 5.196424 -0.160955
v -3.046387 5.196424 -0.160955
v -3.045122 5.380277 -0.251426
v -3.045122 5.380277 -0.251426
v -3.036450 5.210258 -0.097903
v -3.035183 5.196701 -0.102408
v -3.035183 5.196701 -0.102408
v -3.025163 5.169206 -0.106520
v -3.025163 5.169206 -0.106520
v -3.015000 5.284799 -0.176578
v -3.015000 5.284799 -0.176578
v -3.015000 5.284799 -0.176578
v -2.981816 5.318653 -0.088602
v -2.981816 5.318653 -0.088602
v -2.981816 5.318653 -0.088602
v -2.981816 5.318653 -0.088602
v -2.938918 5.230595 -0.176527
v -2.938918 5.230595 -0.176527
v -2.938918 5.230595 -0.176527
v -2.940111 5.366257 -0.429909
v -2.940111 5.366257 -0.429909
v -2.931835 5.247013 -0.094723
v -2.927869 5.516902 -0.397691
v -2.896288 5.487078 -0.140429
v -2.869370 5.299121 -0.198984
v -2.869370 5.299121 -0.198984
v -2.869370 5.299121 -0.198984
v -2.842633 5.358741 -0.146531
v -2.842633 5.358741 -0.146531
v -2.842633 5.358741 -0.146531
v -2.842633 5.358741 -0.146531
v -2.831300 5.416453 -0.401175
v -2.831300 5.416453 -0.401175
v -2.831300 5.416453 -0.401175
v -2.832034 5.526712 -0.393857
v -2.818098 5.498071 -0.174275
v -2.796853 5.392745 -0.207644
v -2.796853 5.392745 -0.207644
v -2.796853 5.392745 -0.207644
v -2.796853 5.392745 -0.207644
v -2.400321 5.337356 -0.314522
v -2.393507 5.392580 -0.437019
v -2.393507 5.392580 -0.437019
v -2.393018 5.445750 -0.146023
v -2.393018 5.445750 -0.146023
v -2.388253 5.532916 -0.135819
v -2.377470 5.565956 -0.424729
v -2.375814 5.610218 -0.308005
v -2.178143 5.250115 -0.314060
v -2.168257 5.382491 -0.105899
v -2.168257 5.382491 -0.105899
v -2.123333 5.375849 -0.502722
v -2.123333 5.375849 -0.502722
v -2.126263 5.588383 -0.081645
v -2.126637 5.638678 -0.284536
v -2.098315 5.597682 -0.475320
v -1.914569 5.357364 -0.141300
v -1.914569 5.357364 -0.141300
v -1.872666 5.363177 -0.490189
v -1.872666 5.363177 -0.490189
v -1.880251 5.541366 -0.126214
v -1.867747 5.270724 -0.303601
v -1.854131 5.538211 -0.442888
v -1.859063 5.617917 -0.281656
v -1.767841 5.240977 -0.254180
v -1.767841 5.240977 -0.254180
v -1.762260 5.315766 -0.034418
v -1.762260 5.315766 -0.034418
v -1.734859 5.330842 -0.551709
v -1.734859 5.330842 -0.551709
v -1.702202 5.585384 -0.523244
v -1.702202 5.585384 -0.523244
v -1.702202 5.585384 -0.523244
v -1.723851 5.624645 -0.021096
v -1.723851 5.624645 -0.021096
v -1.712787 5.701097 -0.261637
v -1.712787 5.701097 -0.261637
v -1.637965 5.265250 -0.274521
v -1.637965 5.265250 -0.274521
v -1.643250 5.379441 -0.134837
v -1.643250 5.379441 -0.134837
v -1.643250 5.379441 -0.134837
v -1.611746 5.347276 -0.491171
v -1.611746 5.347276 -0.491171
v -1.611746 5.347276 -0.491171
v -1.611746 5.347276 -0.491171
v -1.623656 5.540328 -0.468261
v -1.623656 5.540328 -0.468261
v -1.623656 5.540328 -0.468261
v -1.637388 5.613691 -0.277371
v -1.637388 5.613691 -0.277371
v -1.625531 5.513263 -0.139193
v -1.625531 5.513263 -0.139193
v -0.881043 5.679309 -0.100677
v -0.841751 5.553930 -0.443902
v -0.827856 5.328907 -0.013655
v -0.827856 5.328907 -0.013655
v -0.806296 5.039340 -0.249244
v -0.806296 5.039340 -0.249244
v -0.806296 5.039340 -0.249244
v -0.826238 5.713060 -0.336901
v -0.786532 5.092294 -0.554740
v -0.786532 5.092294 -0.554740
v -0.800089 3.737512 -0.040316
v -0.800089 3.737512 -0.040316
v -0.730082 0.953937 -0.036029
v -0.765684 3.435794 -0.063009
v -0.755937 4.782372 -0.137264
v -0.755937 4.782372 -0.137264
v -0.751783 4.700227 -0.335438
v -0.746736 4.099900 0.007728
v -0.746736 4.099900 0.007728
v -0.745766 4.521744 -0.069293
v -0.745766 4.521744 -0.069293
v -0.732716 4.073798 -0.204044
v -0.731211 4.393693 -0.227167
v -0.725996 4.349479 -0.012341
v -0.725996 4.349479 -0.012341
v -0.711839 2.717155 -0.025827
v -0.733655 5.678451 -0.120658
v -0.733655 5.678451 -0.120658
v -0.708552 5.226858 0.138789
v -0.698124 5.545936 -0.447744
v -0.698124 5.545936 -0.447744
v -0.640345 -0.007011 0.292989
v -0.640345 -0.007011 0.292989
v -0.639857 0.501138 -0.084595
v -0.687203 3.948724 -0.065806
v -0.633573 0.113055 0.292988
v -0.689173 5.701494 -0.340527
v -0.689173 5.701494 -0.340527
v -0.689173 5.701494 -0.340527
v -0.629562 0.539280 0.100453
v -0.678370 5.522273 -0.038892
v -0.676072 3.738937 -0.381877
v -0.639722 1.754756 -0.059235
v -0.630760 1.979155 -0.060120
v -0.606183 0.185601 0.039055
v -0.632623 2.238513 -0.056187
v -0.607325 1.017088 0.137108
v -0.640414 3.451169 0.311990
v -0.585959 0.232098 -0.064546
v -0.585959 0.232098 -0.064546
v -0.590278 0.995654 -0.411007
v -0.628659 3.699502 0.354325
v -0.628659 3.699502 0.354325
v -0.572785 -0.008555 0.628918
v -0.572785 -0.008555 0.628918
v -0.569691 -0.009467 -0.124897
v -0.569691 -0.009467 -0.124897
v -0.568282 -0.005078 0.007054
v -0.568282 -0.005078 0.007054
v -0.591392 1.960657 0.132021
v -0.612120 4.047793 -0.417012
v -0.584850 2.229273 0.146872
v -0.609479 5.707336 -0.142817
v -0.552583 0.341960 0.143042
v -0.552583 0.341960 0.143042
v -0.551801 0.107847 0.628918
v -0.564395 1.682779 0.174152
v -0.590743 3.426863 -0.308141
v -0.537779 0.305590 0.172603
v -0.537041 0.185846 0.413534
v -0.580739 4.371284 -0.406277
v -0.575481 3.939843 -0.412973
v -0.526006 -0.010866 -0.288848
v -0.526006 -0.010866 -0.288848
v -0.569150 5.105114 0.285714
v -0.519452 0.153988 -0.288816
v -0.563465 3.980029 0.291394
v -0.563465 3.980029 0.291394
v -0.557387 4.671537 0.310765
v -0.556678 4.071406 0.354133
v -0.557768 5.715207 -0.335714
v -0.557768 5.715207 -0.335714
v -0.499175 0.470654 -0.406186
v -0.536116 4.704316 -0.463550
v -0.504016 1.753883 -0.289087
v -0.509338 2.257252 -0.270792
v -0.505082 2.031882 -0.260879
v -0.465813 0.246657 -0.339320
v -0.465813 0.246657 -0.339320
v -0.465813 0.246657 -0.339320
v -0.514877 4.303962 0.341009
v -0.511256 5.600168 -0.474675
v -0.493823 5.536973 0.147258
v -0.481516 5.025263 -0.612167
v -0.442689 0.907866 0.225829
v -0.434521 0.496999 0.036721
v -0.434521 0.496999 0.036721
v -0.457511 3.734301 -0.533370
v -0.404461 -0.006263 -0.366693
v -0.404461 -0.006263 -0.366693
v -0.446423 5.367209 -0.603836
v -0.399120 0.141933 -0.366646
v -0.396818 -0.001306 0.748031
v -0.396818 -0.001306 0.748031
v -0.444770 5.277821 0.256811
v -0.395442 0.143767 0.721057
v -0.389471 0.448973 -0.295787
v -0.389471 0.448973 -0.295787
v -0.389471 0.448973 -0.295787
v -0.388616 0.607538 0.270398
v -0.385274 0.214291 0.493410
v -0.406717 1.911890 0.304687
v -0.432072 5.477999 0.156112
v -0.432072 5.477999 0.156112
v -0.379380 0.394943 0.253307
v -0.379380 0.394943 0.253307
v -0.378054 0.304020 0.362145
v -0.423400 4.996453 0.353371
v -0.389365 1.663263 0.246208
v -0.419415 5.770807 -0.135836
v -0.419415 5.770807 -0.135836
v -0.419415 5.770807 -0.135836
v -0.369299 0.458759 0.106088
v -0.369299 0.458759 0.106088
v -0.390787 2.197592 0.309692
v -0.400743 3.681365 0.497815
v -0.370831 3.985496 0.393937
v -0.370831 3.985496 0.393937
v -0.368424 3.522295 0.475242
v -0.354345 4.055002 -0.520730
v -0.304685 0.140620 -0.398830
v -0.352366 5.645807 0.139132
v -0.299484 -0.007956 -0.398376
v -0.299484 -0.007956 -0.398376
v -0.339764 3.411904 -0.407236
v -0.291310 0.449667 -0.330723
v -0.291310 0.449667 -0.330723
v -0.291961 1.749690 -0.330203
v -0.319505 6.329481 -0.112112
v -0.319505 6.329481 -0.112112
v -0.273668 0.962757 -0.433953
v -0.310962 6.244613 -0.111217
v -0.310962 6.244613 -0.111217
v -0.260134 0.479227 -0.431309
v -0.302999 6.359261 -0.046387
v -0.252425 0.256103 -0.412764
v -0.252425 0.256103 -0.412764
v -0.252425 0.256103 -0.412764
v -0.300140 5.807619 -0.332669
v -0.300140 5.807619 -0.332669
v -0.300140 5.807619 -0.332669
v -0.295629 3.717228 -0.510550
v -0.292000 6.190046 -0.065964
v -0.292000 6.190046 -0.065964
v -0.291878 6.454555 -0.036397
v -0.291253 5.752102 0.157811
v -0.291253 5.752102 0.157811
v -0.291264 5.753237 -0.419818
v -0.269742 2.253253 -0.314700
v -0.241274 0.496892 0.052435
v -0.241274 0.496892 0.052435
v -0.288171 3.933516 -0.458140
v -0.284399 5.893665 -0.104169
v -0.284399 5.893665 -0.104169
v -0.284399 5.893665 -0.104169
v -0.284399 5.893665 -0.104169
v -0.284399 5.893665 -0.104169
v -0.284399 5.893665 -0.104169
v -0.282968 6.356871 -0.054718
v -0.282968 6.356871 -0.054718
v -0.233842 0.108319 0.638369
v -0.282056 6.349644 -0.100810
v -0.282056 6.349644 -0.100810
v -0.282056 6.349644 -0.100810
v -0.229246 0.185816 0.405110
v -0.253209 2.028457 -0.308330
v -0.223091 0.347492 0.202351
v -0.223091 0.347492 0.202351
v -0.268896 6.613145 0.099616
v -0.268482 6.151167 -0.049547
v -0.268482 6.151167 -0.049547
v -0.268482 6.151167 -0.049547
v -0.267874 6.635273 -0.118127
v -0.266423 6.352039 -0.014328
v -0.266423 6.352039 -0.014328
v -0.266423 6.352039 -0.014328
v -0.266423 6.352039 -0.014328
v -0.214313 0.143033 -0.370410
v -0.262020 6.242655 -0.112149
v -0.262020 6.242655 -0.112149
v -0.212973 -0.008145 0.640622
v -0.212973 -0.008145 0.640622
v -0.209093 -0.005163 -0.369928
v -0.209093 -0.005163 -0.369928
v -0.257662 6.192689 -0.081496
v -0.257662 6.192689 -0.081496
v -0.256810 5.468725 0.236539
v -0.206510 0.451072 -0.289365
v -0.206510 0.451072 -0.289365
v -0.252728 6.188059 -0.219597
v -0.203379 0.306321 0.183599
v -0.250302 5.629130 0.148236
v -0.250302 5.629130 0.148236
v -0.197371 0.628342 0.136507
v -0.241538 6.313823 0.002464
v -0.241538 6.313823 0.002464
v -0.241538 6.313823 0.002464
v -0.241538 6.313823 0.002464
v -0.241538 6.313823 0.002464
v -0.241538 6.313823 0.002464
v -0.237208 6.329488 -0.235401
v -0.235436 6.286171 0.078573
v -0.235337 6.496166 -0.281675
v -0.233909 5.919075 -0.301300
v -0.233909 5.919075 -0.301300
v -0.233909 5.919075 -0.301300
v -0.233909 5.919075 -0.301300
v -0.233909 5.919075 -0.301300
v -0.232220 6.368405 0.089014
v -0.232220 6.368405 0.089014
v -0.231306 6.670870 -0.060224
v -0.227754 6.431869 0.106657
v -0.178514 0.160467 0.052764
v -0.196279 1.687516 -0.198515
v -0.222448 6.173909 -0.009430
v -0.222448 6.173909 -0.009430
v -0.222448 6.173909 -0.009430
v -0.222448 6.173909 -0.009430
v -0.222053 6.213604 0.080352
v -0.171361 -0.004931 0.021440
v -0.171361 -0.004931 0.021440
v -0.217706 6.160247 -0.052195
v -0.217706 6.160247 -0.052195
v -0.217706 6.160247 -0.052195
v -0.217706 6.160247 -0.052195
v -0.217706 6.160247 -0.052195
v -0.217706 6.160247 -0.052195
v -0.190870 1.933860 0.175288
v -0.216204 6.097994 -0.175449
v -0.215227 6.527409 0.144006
v -0.214062 6.349386 0.179160
v -0.210186 6.293932 0.195722
v -0.208364 6.401500 0.210172
v -0.205328 6.045835 0.083409
v -0.203517 6.050692 -0.162194
v -0.201180 5.142623 0.346264
v -0.200371 4.676811 0.437443
v -0.200172 5.768301 -0.045782
v -0.200172 5.768301 -0.045782
v -0.200172 5.768301 -0.045782
v -0.200172 5.768301 -0.045782
v -0.198338 6.197627 -0.319270
v -0.148280 0.154572 -0.281560
v -0.148369 0.113086 0.310891
v -0.195182 6.351371 0.224202
v -0.195144 6.748807 -0.002928
v -0.141811 -0.010558 -0.280943
v -0.141811 -0.010558 -0.280943
v -0.190878 6.034313 0.006722
v -0.190878 6.034313 0.006722
v -0.160857 1.654462 0.038279
v -0.160857 1.654462 0.038279
v -0.141629 -0.007003 0.311622
v -0.141629 -0.007003 0.311622
v -0.168934 2.220592 -0.210044
v -0.187245 5.810276 -0.132781
v -0.187245 5.810276 -0.132781
v -0.187142 6.589132 0.139382
v -0.185695 6.721768 0.149783
v -0.132078 -0.009262 -0.113743
v -0.132078 -0.009262 -0.113743
v -0.179956 6.027459 -0.143808
v -0.179956 6.027459 -0.143808
v -0.179956 6.027459 -0.143808
v -0.179956 6.027459 -0.143808
v -0.179956 6.027459 -0.143808
v -0.179956 6.027459 -0.143808
v -0.178522 6.415350 0.290705
v -0.178310 6.286521 0.257715
v -0.176732 5.681390 0.066645
v -0.176732 5.681390 0.066645
v -0.176732 5.681390 0.066645
v -0.129166 0.514844 -0.100171
v -0.129166 0.514844 -0.100171
v -0.148763 1.978155 -0.186745
v -0.130310 0.913626 -0.258262
v -0.147260 2.170448 0.052268
v -0.147260 2.170448 0.052268
v -0.168447 6.752522 -0.081649
v -0.167503 6.348106 0.243927
v -0.163253 3.329740 0.358128
v -0.166668 3.728827 -0.575609
v -0.166668 3.728827 -0.575609
v -0.161809 6.484632 0.271785
v -0.161230 5.981063 0.057692
v -0.161230 5.981063 0.057692
v -0.132979 1.920859 0.031470
v -0.132979 1.920859 0.031470
v -0.109374 0.261382 -0.284087
v -0.109374 0.261382 -0.284087
v -0.155714 5.731891 0.030249
v -0.155714 5.731890 0.030249
v -0.151872 6.571419 0.246394
v -0.148820 6.680758 -0.170834
v -0.148006 6.370658 0.301314
v -0.147645 6.324529 -0.327600
v -0.144037 6.318217 0.260968
v -0.138955 6.351426 0.276331
v -0.088700 0.321968 -0.053777
v -0.088700 0.321968 -0.053777
v -0.088700 0.321968 -0.053777
v -0.137503 6.365044 0.279121
v -0.136617 6.075537 0.214354
v -0.133491 3.287889 -0.328976
v -0.134421 6.623004 0.358966
v -0.133074 5.985565 0.177589
v -0.131095 5.883946 -0.273882
v -0.131095 5.883946 -0.273882
v -0.128660 6.483203 -0.369393
v -0.120614 3.629447 0.574443
v -0.120614 3.629447 0.574443
v -0.078307 0.873998 -0.036182
v -0.078307 0.873998 -0.036182
v -0.119163 6.072628 -0.274173
v -0.114921 6.180099 0.273904
v -0.113704 6.267328 0.280388
v -0.109053 6.014824 -0.269937
v -0.107733 6.394860 0.336521
v -0.107555 6.601377 0.239556
v -0.107555 6.601377 0.239556
v -0.106473 6.029693 0.250033
v -0.105403 5.996833 -0.233601
v -0.105403 5.996833 -0.233601
v -0.102648 6.350003 0.281657
v -0.101295 6.373690 0.331064
v -0.101227 6.364672 0.282014
v -0.100005 6.322619 0.272517
v -0.095899 6.559970 0.288982
v -0.094896 6.137063 0.299589
v -0.094896 6.137063 0.299589
v -0.094896 6.137063 0.299589
v -0.094896 6.137063 0.299589
v -0.094896 6.137063 0.299589
v -0.094896 6.137063 0.299589
v -0.094896 6.137063 0.299589
v -0.094896 6.137063 0.299589
v -0.090692 6.672051 -0.318372
v -0.089186 6.486520 0.315881
v -0.078763 6.061022 0.291783
v -0.078763 6.061022 0.291783
v -0.078763 6.061022 0.291783
v -0.078763 6.061022 0.291783
v -0.078763 6.061022 0.291783
v -0.075090 5.682383 0.073008
v -0.075090 5.682383 0.073008
v -0.073446 6.607735 0.321034
v -0.070913 6.744595 0.322563
v -0.064904 6.122341 0.333704
v -0.061853 6.352682 0.267708
v -0.060832 5.980263 0.290822
v -0.060130 6.025352 0.318384
v -0.060031 6.591222 0.375768
v -0.058134 5.946772 0.123836
v -0.058134 5.946772 0.123836
v -0.055374 6.226759 0.305556
v -0.051554 6.315004 0.287262
v -0.050622 6.214834 0.321487
v -0.049675 6.223613 0.356438
v -0.048999 6.258639 0.306910
v -0.044807 3.229865 0.076231
v -0.044807 3.229865 0.076231
v -0.043713 6.405204 0.369529
v -0.043078 6.145466 0.336775
v -0.043078 6.145466 0.336775
v -0.043003 5.958586 0.263393
v -0.037175 6.171830 0.361343
v -0.037175 6.171830 0.361343
v -0.035079 6.355485 0.331290
v -0.031629 6.114749 0.361438
v -0.031629 6.114749 0.361438
v -0.031629 6.114749 0.361438
v -0.031629 6.114749 0.361438
v -0.031629 6.114749 0.361438
v -0.031629 6.114749 0.361438
v -0.028943 4.305465 -0.540583
v -0.028943 4.305465 -0.540583
v -0.026932 3.935878 -0.503397
v -0.026932 3.935878 -0.503397
v -0.026932 3.935878 -0.503397
v -0.026813 6.219524 0.344975
v -0.026813 6.219524 0.344975
v -0.024760 6.342171 0.359735
v -0.024792 3.964902 0.527978
v -0.024792 3.964902 0.527978
v -0.024792 3.964902 0.527978
v -0.023774 6.152472 0.352845
v -0.023774 6.152472 0.352845
v -0.023453 4.654912 -0.560805
v -0.023453 4.654912 -0.560805
v -0.023407 5.027441 -0.619935
v -0.023407 5.027441 -0.619935
v -0.022214 6.280885 0.378958
v -0.021929 3.462869 -0.440925
v -0.021929 3.462869 -0.440925
v -0.020942 3.398573 0.405033
v -0.020942 3.398573 0.405033
v -0.022182 4.674564 0.466507
v -0.022182 4.674564 0.466507
v -0.022187 4.058940 -0.552139
v -0.022187 4.058940 -0.552139
v -0.022187 4.058940 -0.552139
v -0.022196 3.991678 0.449942
v -0.022196 3.991678 0.449942
v -0.022196 3.991678 0.449942
v -0.022137 5.127486 0.401763
v -0.022137 5.127486 0.401763
v -0.022088 5.414527 0.304298
v -0.022088 5.414527 0.304298
v -0.022088 5.414527 0.304298
v -0.022088 5.414527 0.304298
v -0.022088 5.414527 0.304298
v -0.022088 5.414527 0.304298
v -0.019072 6.252291 0.396993
v -0.012007 5.331711 -0.609398
v -0.012007 5.331711 -0.609398
v -0.008851 4.323627 0.468930
v -0.008851 4.323627 0.468930
v -0.007271 5.828490 -0.380991
v -0.007271 5.828490 -0.380991
v -0.007271 5.828490 -0.380991
v -0.006593 5.719752 -0.461308
v -0.006593 5.719752 -0.461308
v -0.006135 5.940716 -0.367225
v -0.006135 5.940716 -0.367225
v -0.006135 5.940716 -0.367225
v -0.006063 5.589465 0.167629
v -0.003584 5.891205 -0.300618
v -0.003584 5.891205 -0.300618
v -0.003584 5.891205 -0.300618
v -0.003520 5.671371 0.081517
v -0.003520 5.671371 0.081517
v -0.003520 5.671371 0.081517
v -0.003520 5.671371 0.081517
v -0.003341 5.933874 0.145783
v -0.003341 5.933874 0.145783
v -0.003341 5.933874 0.145783
v -0.003338 5.953438 0.306696
v -0.003310 5.985695 0.344879
v -0.003292 6.014932 -0.277904
v -0.003292 6.014932 -0.277904
v -0.003292 6.014932 -0.277904
v -0.003267 6.043919 0.353964
v -0.003267 6.043919 0.353964
v -0.003240 6.067320 -0.303744
v -0.003237 6.073783 0.342156
v -0.003237 6.073783 0.342156
v -0.003219 6.117003 0.371913
v -0.003219 6.117003 0.371913
v -0.003196 6.164230 0.376174
v -0.003196 6.164230 0.376174
v -0.003196 6.164230 0.376174
v -0.003196 6.164230 0.376174
v -0.003179 6.181619 -0.384316
v -0.003168 6.212016 0.362548
v -0.003168 6.212016 0.362548
v -0.003163 6.212788 0.385402
v -0.003160 6.225452 0.399083
v -0.003150 6.251128 0.406133
v -0.003145 6.302031 -0.355576
v -0.003140 6.281778 0.392424
v -0.003140 6.281778 0.392424
v -0.003122 6.342927 0.376748
v -0.003122 6.342927 0.376748
v -0.003121 6.144273 0.359342
v -0.003121 6.144273 0.359342
v -0.003115 6.372686 0.359328
v -0.003115 6.372686 0.359328
v -0.003109 6.405243 0.367739
v -0.003109 6.405243 0.367739
v -0.003101 6.449506 -0.388499
v -0.003096 6.485156 0.344831
v -0.003096 6.485156 0.344831
v -0.003090 6.552021 0.327796
v -0.003090 6.552021 0.327796
v -0.003087 6.572554 0.305530
v -0.003087 6.572554 0.305530
v -0.003087 6.572554 0.305530
v -0.003084 6.673830 -0.335140
v -0.003083 6.722068 -0.201565
v -0.003083 6.781663 -0.102630
v -0.003083 6.753311 0.073073
v -0.002221 3.230318 0.073694
v -0.002221 3.230318 0.073694
v -0.002221 3.230318 0.073694
v -0.002221 3.230318 0.073694
v 0.012772 6.252291 0.396993
v 0.015933 6.280885 0.378958
v 0.017424 6.153049 0.352805
v 0.017424 6.153049 0.352805
v 0.018515 6.342171 0.359735
v 0.020485 6.219524 0.344975
v 0.020485 6.219524 0.344975
v 0.025189 6.114749 0.361438
v 0.025189 6.114749 0.361438
v 0.025189 6.114749 0.361438
v 0.025189 6.114749 0.361438
v 0.028840 6.355485 0.331290
v 0.030111 3.630601 0.552148
v 0.030111 3.630601 0.552148
v 0.031352 6.173067 0.360772
v 0.031352 6.173067 0.360772
v 0.036337 5.958585 0.263393
v 0.037498 6.405767 0.367549
v 0.038240 6.145978 0.335557
v 0.038240 6.145978 0.335557
v 0.042241 6.692476 0.367499
v 0.042703 6.258639 0.306910
v 0.043353 6.223613 0.356438
v 0.044288 6.214834 0.321488
v 0.045294 6.315004 0.287262
v 0.049050 6.226759 0.305556
v 0.050870 6.354362 0.267103
v 0.051450 5.946772 0.123836
v 0.051450 5.946772 0.123836
v 0.053570 6.025352 0.318384
v 0.054019 5.972121 0.300944
v 0.063511 6.117476 0.324668
v 0.067938 5.682298 0.072957
v 0.067938 5.682298 0.072957
v 0.028095 0.874934 0.021597
v 0.028095 0.874934 0.021597
v 0.072273 6.061022 0.291783
v 0.072273 6.061022 0.291783
v 0.072273 6.061022 0.291783
v 0.072273 6.061022 0.291783
v 0.072273 6.061022 0.291783
v 0.082962 6.486211 0.308322
v 0.084524 6.672051 -0.314668
v 0.086926 6.322464 0.272010
v 0.088497 6.151316 0.300015
v 0.088497 6.151316 0.300015
v 0.088497 6.151316 0.300015
v 0.088497 6.151316 0.300015
v 0.088497 6.151316 0.300015
v 0.088497 6.151316 0.300015
v 0.088497 6.151316 0.300015
v 0.088497 6.151316 0.300015
v 0.089721 6.559970 0.288982
v 0.042567 0.322636 -0.066815
v 0.042567 0.322636 -0.066815
v 0.042567 0.322636 -0.066815
v 0.090054 3.290109 -0.329940
v 0.091881 6.365285 0.282147
v 0.092108 6.369930 0.311446
v 0.093846 6.351057 0.279743
v 0.098810 5.997044 -0.217838
v 0.098810 5.997044 -0.217838
v 0.101383 6.614310 0.239556
v 0.101383 6.614310 0.239556
v 0.101405 6.405267 0.328839
v 0.102114 6.012223 -0.256853
v 0.105213 6.029693 0.250033
v 0.107301 6.183464 0.277000
v 0.107418 6.267543 0.283462
v 0.083323 1.930337 0.016296
v 0.083323 1.930337 0.016296
v 0.112680 6.074273 -0.268544
v 0.063178 0.251620 -0.297039
v 0.063178 0.251620 -0.297039
v 0.075724 0.886669 -0.270346
v 0.071549 -0.006648 0.298565
v 0.071549 -0.006648 0.298565
v 0.122082 3.729319 -0.549948
v 0.122082 3.729319 -0.549948
v 0.122302 6.460046 -0.340453
v 0.120914 3.329358 0.356602
v 0.102585 2.180874 0.039085
v 0.102585 2.180874 0.039085
v 0.075798 -0.008888 -0.126678
v 0.075798 -0.008888 -0.126678
v 0.100524 1.970440 -0.201280
v 0.126477 5.985565 0.177589
v 0.126914 6.365656 0.279449
v 0.127159 6.352089 0.274481
v 0.078673 0.113462 0.297829
v 0.128253 6.661713 0.270641
v 0.081015 0.536187 -0.019749
v 0.081015 0.536187 -0.019749
v 0.130181 6.076504 0.228171
v 0.133443 6.368363 0.298544
v 0.103688 1.666505 0.020685
v 0.103688 1.666505 0.020685
v 0.134867 6.319123 0.261527
v 0.085497 -0.010252 -0.293838
v 0.085497 -0.010252 -0.293838
v 0.138307 5.816654 -0.231483
v 0.138307 5.816654 -0.231483
v 0.139944 6.197627 -0.320841
v 0.092003 0.154895 -0.294486
v 0.142176 6.335951 -0.309560
v 0.145695 6.571419 0.246394
v 0.118857 1.699115 -0.215693
v 0.148349 5.731632 0.030044
v 0.148349 5.731632 0.030044
v 0.132390 2.232553 -0.222764
v 0.154626 5.981063 0.057692
v 0.154626 5.981063 0.057692
v 0.155426 6.483599 0.261471
v 0.111509 -0.004614 0.008461
v 0.111509 -0.004614 0.008461
v 0.160912 4.676825 0.437893
v 0.161027 6.344918 0.245026
v 0.161496 5.156702 0.375707
v 0.162275 6.711378 -0.165513
v 0.165790 6.288031 0.258508
v 0.166197 5.679737 0.061929
v 0.166197 5.679737 0.061929
v 0.166197 5.679737 0.061929
v 0.118694 0.160831 0.039757
v 0.171430 6.682710 -0.252725
v 0.172629 6.013635 -0.143275
v 0.172629 6.013635 -0.143275
v 0.172629 6.013635 -0.143275
v 0.172629 6.013635 -0.143275
v 0.172629 6.013635 -0.143275
v 0.172629 6.013635 -0.143275
v 0.172629 6.013635 -0.143275
v 0.172778 6.415669 0.290295
v 0.179173 5.811063 -0.125152
v 0.179173 5.811063 -0.125152
v 0.179516 6.719471 0.149783
v 0.180970 6.589132 0.139382
v 0.184312 6.035586 0.006722
v 0.159035 1.939036 0.160238
v 0.188983 6.740334 -0.066292
v 0.192778 5.767108 -0.058299
v 0.192778 5.767108 -0.058299
v 0.192778 5.767108 -0.058299
v 0.192778 5.767108 -0.058299
v 0.147482 0.602506 0.123300
v 0.194892 6.351975 0.221018
v 0.146927 -0.007589 0.627523
v 0.146927 -0.007589 0.627523
v 0.147213 0.306678 0.170533
v 0.198819 6.045834 0.083409
v 0.200202 6.410545 0.213843
v 0.200202 6.410545 0.213843
v 0.152022 0.341169 0.189284
v 0.152022 0.341169 0.189284
v 0.152760 0.001454 -0.382802
v 0.152760 0.001454 -0.382802
v 0.202851 6.288371 0.199514
v 0.206196 6.351039 0.196209
v 0.158012 0.143242 -0.383309
v 0.209044 6.527409 0.144006
v 0.211281 6.160247 -0.052195
v 0.211281 6.160247 -0.052195
v 0.211281 6.160247 -0.052195
v 0.211281 6.160247 -0.052195
v 0.211281 6.160247 -0.052195
v 0.211281 6.160247 -0.052195
v 0.164566 0.197907 0.406045
v 0.215780 6.213604 0.080352
v 0.216035 6.113225 -0.197360
v 0.216038 6.173910 -0.009430
v 0.216038 6.173910 -0.009430
v 0.216038 6.173910 -0.009430
v 0.216038 6.173910 -0.009430
v 0.216192 6.435038 -0.288672
v 0.168967 0.108764 0.625270
v 0.219346 5.917919 -0.280600
v 0.219346 5.917919 -0.280600
v 0.219346 5.917919 -0.280600
v 0.219346 5.917919 -0.280600
v 0.219346 5.917919 -0.280600
v 0.220969 6.067885 -0.162194
v 0.221546 6.431869 0.106657
v 0.222089 6.368405 0.089014
v 0.222089 6.368405 0.089014
v 0.223179 3.701899 -0.473624
v 0.223179 3.701899 -0.473624
v 0.225210 6.687494 -0.079049
v 0.226551 6.295023 -0.215066
v 0.226564 6.286170 0.078573
v 0.225733 3.386760 -0.404414
v 0.225733 3.386760 -0.404414
v 0.183984 0.451090 -0.302590
v 0.183984 0.451090 -0.302590
v 0.235241 6.313823 0.002464
v 0.235241 6.313823 0.002464
v 0.235241 6.313823 0.002464
v 0.235241 6.313823 0.002464
v 0.235241 6.313823 0.002464
v 0.235241 6.313823 0.002464
v 0.235241 6.313823 0.002464
v 0.237956 5.611351 0.151007
v 0.237956 5.611351 0.151007
v 0.190276 0.497844 0.039095
v 0.190276 0.497844 0.039095
v 0.243255 5.468610 0.239858
v 0.243663 3.933544 -0.478943
v 0.245416 5.746554 -0.414489
v 0.251272 6.192689 -0.081496
v 0.251272 6.192689 -0.081496
v 0.253124 5.789784 -0.328142
v 0.253124 5.789784 -0.328142
v 0.253124 5.789784 -0.328142
v 0.255678 6.242655 -0.112149
v 0.255678 6.242655 -0.112149
v 0.206192 0.210828 -0.426289
v 0.206192 0.210828 -0.426289
v 0.256395 6.635273 -0.118127
v 0.256680 6.197309 -0.219597
v 0.236122 2.261382 -0.327051
v 0.218980 0.962652 -0.453376
v 0.260160 6.352039 -0.014328
v 0.260160 6.352039 -0.014328
v 0.260160 6.352039 -0.014328
v 0.260160 6.352039 -0.014328
v 0.214013 0.479313 -0.444584
v 0.262048 6.151167 -0.049547
v 0.262048 6.151167 -0.049547
v 0.262048 6.151167 -0.049547
v 0.262725 6.613145 0.099616
v 0.269293 5.878851 -0.111914
v 0.269293 5.878851 -0.111914
v 0.269293 5.878851 -0.111914
v 0.269293 5.878851 -0.111914
v 0.269293 5.878851 -0.111914
v 0.269293 5.878851 -0.111914
v 0.269959 6.349644 -0.100810
v 0.269959 6.349644 -0.100810
v 0.269959 6.349644 -0.100810
v 0.270870 6.356871 -0.054718
v 0.270870 6.356871 -0.054718
v 0.256550 1.967397 -0.322720
v 0.283184 6.483687 -0.032106
v 0.254558 1.729224 -0.340132
v 0.284106 5.792357 0.171856
v 0.284106 5.792357 0.171856
v 0.285607 6.190048 -0.065964
v 0.285607 6.190048 -0.065964
v 0.240179 0.449971 -0.343945
v 0.240179 0.449971 -0.343945
v 0.243149 -0.007792 -0.411248
v 0.243149 -0.007792 -0.411248
v 0.297624 6.359261 -0.046387
v 0.248395 0.140754 -0.411735
v 0.304621 6.244613 -0.111217
v 0.304621 6.244613 -0.111217
v 0.309381 6.329481 -0.112112
v 0.309381 6.329481 -0.112112
v 0.309824 4.055037 -0.484004
v 0.314469 5.649840 0.147820
v 0.314681 3.605101 0.528484
v 0.324109 3.542210 0.444796
v 0.326277 3.985520 0.393941
v 0.359658 4.992452 0.360908
v 0.330549 1.660004 0.221115
v 0.318286 0.459460 0.092853
v 0.318286 0.459460 0.092853
v 0.321257 0.304020 0.349059
v 0.376759 5.762162 -0.088996
v 0.376759 5.762162 -0.088996
v 0.376759 5.762162 -0.088996
v 0.328750 0.229445 0.467780
v 0.357066 2.195770 0.290592
v 0.353942 1.911272 0.289595
v 0.333298 0.395418 0.240188
v 0.333298 0.395418 0.240188
v 0.338317 0.449414 -0.308983
v 0.338317 0.449414 -0.308983
v 0.341550 0.618864 0.248775
v 0.339628 0.144010 0.707958
v 0.341081 -0.001090 0.734932
v 0.341081 -0.001090 0.734932
v 0.342849 0.142056 -0.379567
v 0.348146 -0.006119 -0.379586
v 0.348146 -0.006119 -0.379586
v 0.399116 5.281864 0.257983
v 0.358268 0.909502 0.222833
v 0.407487 5.474131 0.169053
v 0.407487 5.474131 0.169053
v 0.412728 3.735505 -0.475809
v 0.389769 0.497616 0.023463
v 0.389769 0.497616 0.023463
v 0.441642 5.364717 -0.593417
v 0.459547 5.042687 -0.578315
v 0.435134 1.750587 -0.317642
v 0.419618 0.202021 -0.352876
v 0.419618 0.202021 -0.352876
v 0.477780 5.643728 -0.524361
v 0.481160 5.536664 0.147256
v 0.461325 2.254842 -0.295565
v 0.463268 1.992137 -0.292695
v 0.488450 4.303302 0.344191
v 0.453048 0.470845 -0.419451
v 0.509248 5.734355 -0.304545
v 0.509248 5.734355 -0.304545
v 0.511443 4.687974 0.324961
v 0.511931 4.079845 0.360982
v 0.463195 0.154112 -0.301760
v 0.518684 3.980069 0.285825
v 0.469713 -0.010717 -0.301768
v 0.469713 -0.010717 -0.301768
v 0.521188 5.083017 0.281583
v 0.500651 1.667385 0.132139
v 0.487950 0.305820 0.159526
v 0.492078 0.199005 0.392414
v 0.541978 4.700699 -0.442191
v 0.545455 3.400756 -0.309466
v 0.554646 5.695323 -0.080570
v 0.504755 0.108277 0.615819
v 0.552415 3.450432 0.327581
v 0.506482 0.347888 0.129955
v 0.506482 0.347888 0.129955
v 0.537550 2.220554 0.134526
v 0.561924 3.939860 -0.343432
v 0.513453 -0.009349 -0.137879
v 0.513453 -0.009349 -0.137879
v 0.518024 -0.004962 -0.005972
v 0.518024 -0.004962 -0.005972
v 0.534256 0.996310 -0.423834
v 0.526916 -0.008022 0.615819
v 0.526916 -0.008022 0.615819
v 0.583317 3.788673 0.351419
v 0.584116 4.369917 -0.331696
v 0.559998 1.952567 0.117354
v 0.539774 0.266699 -0.077534
v 0.539774 0.266699 -0.077534
v 0.550014 0.190095 0.026001
v 0.609860 3.739739 -0.380148
v 0.610656 4.046835 -0.326940
v 0.589334 1.743586 -0.071561
v 0.598702 2.212135 -0.068145
v 0.595661 1.970176 -0.074630
v 0.573397 0.480186 -0.097608
v 0.582128 0.528917 0.087236
v 0.592949 0.948265 0.117704
v 0.591104 0.113287 0.279905
v 0.640798 3.948247 -0.061432
v 0.648453 5.734138 -0.311832
v 0.648453 5.734138 -0.311832
v 0.648453 5.734138 -0.311832
v 0.598250 -0.006799 0.279910
v 0.598250 -0.006799 0.279910
v 0.681547 4.080839 -0.186002
v 0.685725 4.402473 -0.188727
v 0.691392 5.585330 -0.537803
v 0.691392 5.585330 -0.537803
v 0.699595 5.704944 -0.077820
v 0.699595 5.704944 -0.077820
v 0.698879 4.114849 0.044259
v 0.698879 4.114849 0.044259
v 0.699861 4.351085 0.029341
v 0.699861 4.351085 0.029341
v 0.685993 2.714945 -0.036026
v 0.703424 5.627238 0.015134
v 0.703424 5.627238 0.015134
v 0.699841 5.223652 0.170638
v 0.701805 4.713917 -0.302056
v 0.707701 4.546288 -0.053293
v 0.707701 4.546288 -0.053293
v 0.708179 3.437505 -0.064886
v 0.716883 4.776272 -0.121810
v 0.716883 4.776272 -0.121810
v 0.735249 3.773677 -0.034918
v 0.735249 3.773677 -0.034918
v 0.696787 0.970941 -0.066453
v 0.767868 5.121491 -0.468255
v 0.767868 5.121491 -0.468255
v 0.767868 5.121491 -0.468255
v 0.772078 5.066300 -0.212988
v 0.772078 5.066300 -0.212988
v 0.772078 5.066300 -0.212988
v 0.821709 5.740595 -0.334701
v 0.835200 5.363339 0.045196
v 0.835200 5.363339 0.045196
v 0.835200 5.363339 0.045196
v 0.851433 5.587646 -0.489870
v 0.858770 5.704469 -0.067412
v 1.608584 5.387300 -0.429272
v 1.608584 5.387300 -0.429272
v 1.608584 5.387300 -0.429272
v 1.608584 5.387300 -0.429272
v 1.654805 5.688324 -0.317072
v 1.654805 5.688324 -0.317072
v 1.655831 5.633591 -0.469100
v 1.655831 5.633591 -0.469100
v 1.655831 5.633591 -0.469100
v 1.651732 5.576209 -0.402731
v 1.651732 5.576209 -0.402731
v 1.651732 5.576209 -0.402731
v 1.668797 5.646490 -0.271450
v 1.668797 5.646490 -0.271450
v 1.663388 5.549624 -0.068977
v 1.663388 5.549624 -0.068977
v 1.675113 5.616845 -0.051491
v 1.675113 5.616845 -0.051491
v 1.641372 5.300147 -0.212368
v 1.641372 5.300147 -0.212368
v 1.665605 5.374879 -0.502123
v 1.665605 5.374879 -0.502123
v 1.688726 5.407019 -0.068466
v 1.688726 5.407019 -0.068466
v 1.688726 5.407019 -0.068466
v 1.683470 5.354620 0.011176
v 1.683470 5.354620 0.011176
v 1.679154 5.286833 -0.210168
v 1.679154 5.286833 -0.210168
v 1.799357 5.570590 -0.406472
v 1.801773 5.392482 -0.452594
v 1.801773 5.392482 -0.452594
v 1.824934 5.649646 -0.245296
v 1.812039 5.297438 -0.268479
v 1.845595 5.570822 -0.090544
v 1.869797 5.382915 -0.107484
v 1.869797 5.382915 -0.107484
v 2.057161 5.618960 -0.430936
v 2.071110 5.392510 -0.447900
v 2.071110 5.392510 -0.447900
v 2.097343 5.581362 -0.057251
v 2.095389 5.678521 -0.261821
v 2.130384 5.398271 -0.083617
v 2.130384 5.398271 -0.083617
v 2.125713 5.263248 -0.293774
v 2.404126 5.609513 -0.247487
v 2.399849 5.564243 -0.383199
v 2.418397 5.530581 -0.106025
v 2.417307 5.442365 -0.117052
v 2.417307 5.442365 -0.117052
v 2.406531 5.387908 -0.410197
v 2.406531 5.387908 -0.410197
v 2.412276 5.332164 -0.287259
v 2.807516 5.381310 -0.164915
v 2.807516 5.381310 -0.164915
v 2.807516 5.381310 -0.164915
v 2.807516 5.381310 -0.164915
v 2.807516 5.381310 -0.164915
v 2.821985 5.488492 -0.129234
v 2.821985 5.488492 -0.129234
v 2.824462 5.517913 -0.348895
v 2.824462 5.517913 -0.348895
v 2.832016 5.407605 -0.358490
v 2.832016 5.407605 -0.358490
v 2.832016 5.407605 -0.358490
v 2.832016 5.407605 -0.358490
v 2.846891 5.364028 -0.101577
v 2.846891 5.364028 -0.101577
v 2.846891 5.364028 -0.101577
v 2.846891 5.364028 -0.101577
v 2.868836 5.303192 -0.154841
v 2.868836 5.303192 -0.154841
v 2.868836 5.303192 -0.154841
v 2.906437 5.490302 -0.097714
v 2.928445 5.518655 -0.356616
v 2.932606 5.367573 -0.388783
v 2.932606 5.367573 -0.388783
v 2.966431 5.258067 -0.054535
v 2.969691 5.241639 -0.136674
v 2.969691 5.241639 -0.136674
v 2.969691 5.241639 -0.136674
v 3.004930 5.388250 -0.213540
v 3.004930 5.388250 -0.213540
v 3.011704 5.176026 -0.068512
v 3.011704 5.176026 -0.068512
v 3.019955 5.327634 -0.050924
v 3.019955 5.327634 -0.050924
v 3.019955 5.327634 -0.050924
v 3.019955 5.327634 -0.050924
v 3.023078 5.203059 -0.064879
v 3.023078 5.203059 -0.064879
v 3.047884 5.292392 -0.140009
v 3.047884 5.292392 -0.140009
v 3.047884 5.292392 -0.140009
v 3.044936 5.175984 -0.367575
v 3.044936 5.175984 -0.367575
v 3.077143 5.423165 -0.035209
v 3.077143 5.423165 -0.035209
v 3.077143 5.423165 -0.035209
v 3.062078 5.202278 -0.397361
v 3.062078 5.202278 -0.397361
v 3.076794 5.199627 -0.062240
v 3.075799 5.202505 -0.125385
v 3.075799 5.202505 -0.125385
v 3.092156 5.215547 -0.057980
v 3.092156 5.215547 -0.057980
v 3.092156 5.215547 -0.057980
v 3.100018 5.261996 -0.066032
v 3.100018 5.261996 -0.066032
v 3.116544 5.404219 -0.402805
v 3.116544 5.404219 -0.402805
v 3.118610 5.237391 -0.391553
v 3.118610 5.237391 -0.391553
v 3.131058 5.191562 -0.053996
v 3.138986 5.285105 -0.037683
v 3.138986 5.285105 -0.037683
v 3.138913 5.275679 -0.145566
v 3.149475 5.219961 -0.104740
v 3.149475 5.219961 -0.104740
v 3.141409 5.282672 -0.390412
v 3.141409 5.282672 -0.390412
v 3.143239 5.188502 -0.355614
v 3.156109 5.159707 -0.110411
v 3.156109 5.159707 -0.110411
v 3.156109 5.159707 -0.110411
v 3.164381 5.155605 -0.061468
v 3.164381 5.155605 -0.061468
v 3.173273 5.480139 -0.064351
v 3.166463 5.155534 -0.092090
v 3.166463 5.155534 -0.092090
v 3.169322 5.191165 -0.053832
v 3.169322 5.191165 -0.053832
v 3.172264 5.472035 -0.359467
v 3.178778 5.181270 -0.100983
v 3.178778 5.181270 -0.100983
v 3.188950 5.287928 -0.050381
v 3.184711 5.155567 -0.078365
v 3.219264 5.289498 -0.349897
vt 0.370084 0.309765
vt 0.371128 0.292827
vt 0.414444 0.343253
vt 0.435742 0.495205
vt 0.385828 0.489454
vt 0.386808 0.463961
vt 0.360677 0.448744
vt 0.532939 0.188995
vt 0.538983 0.255540
vt 0.491918 0.251702
vt 0.547516 0.338950
vt 0.565953 0.384790
vt 0.631069 0.349145
vt 0.662692 0.393309
vt 0.716502 0.381943
vt 0.710016 0.323321
vt 0.345358 0.248145
vt 0.736804 0.439341
vt 0.689675 0.449303
vt 0.644629 0.453642
vt 0.617229 0.398121
vt 0.640272 0.276456
vt 0.441602 0.408530
vt 0.434407 0.463207
vt 0.470803 0.465557
vt 0.466920 0.471750
vt 0.461046 0.459677
vt 0.379319 0.267818
vt 0.356648 0.279869
vt 0.367617 0.301399
vt 0.402655 0.291523
vt 0.388704 0.258170
vt 0.349861 0.338258
vt 0.349751 0.277677
vt 0.367213 0.388896
vt 0.429176 0.249591
vt 0.430826 0.332148
vt 0.650963 0.209406
vt 0.743577 0.308041
vt 0.696659 0.243892
vt 0.387776 0.436919
vt 0.589168 0.221165
vt 0.572424 0.162340
vt 0.402655 0.291523
vt 0.478225 0.413028
vt 0.470355 0.442484
vt 0.547556 0.399542
vt 0.497079 0.345008
vt 0.744914 0.146944
vt 0.742456 0.212238
vt 0.705643 0.175774
vt 0.343494 0.235982
vt 0.400316 0.358281
vt 0.447537 0.373283
vt 0.394615 0.241394
vt 0.406494 0.265556
vt 0.415767 0.197326
vt 0.478568 0.473868
vt 0.342933 0.193455
vt 0.432963 0.178286
vt 0.453331 0.311287
vt 0.655108 0.154783
vt 0.747537 0.249363
vt 0.432055 0.132152
vt 0.340731 0.044145
vt 0.399905 0.013105
vt 0.345871 0.146662
vt 0.705906 0.084945
vt 0.743487 0.012350
vt 0.744122 0.093121
vt 0.666625 0.002396
vt 0.594857 0.006164
vt 0.664831 0.069623
vt 0.606990 0.070621
vt 0.140429 0.603997
vt 0.140759 0.606950
vt 0.141532 0.606963
vt 0.418129 0.233536
vt 0.418242 0.238591
vt 0.419484 0.239475
vt 0.551343 0.011034
vt 0.542381 0.075283
vt 0.529280 0.106233
vt 0.456939 0.005702
vt 0.521981 0.001514
vt 0.414741 0.236479
vt 0.414573 0.232140
vt 0.419152 0.236455
vt 0.294848 0.511715
vt 0.293746 0.548657
vt 0.239691 0.551249
vt 0.321160 0.496542
vt 0.294408 0.663970
vt 0.219958 0.667533
vt 0.190700 0.535873
vt 0.172464 0.666516
vt 0.140718 0.666887
vt 0.151016 0.532045
vt 0.086280 0.666830
vt 0.100331 0.530012
vt 0.055555 0.610879
vt 0.048504 0.666935
vt 0.005562 0.663532
vt 0.006113 0.557626
vt 0.036322 0.496677
vt 0.061721 0.527067
vt 0.006560 0.457872
vt 0.055750 0.317519
vt 0.027962 0.310657
vt 0.005299 0.301916
vt 0.315775 0.336803
vt 0.235456 0.333641
vt 0.055745 0.004289
vt 0.070405 0.041975
vt 0.003873 0.042518
vt 0.083355 0.006014
vt 0.127321 0.046292
vt 0.138404 0.004533
vt 0.198524 0.006925
vt 0.221529 0.007672
vt 0.227100 0.051190
vt 0.196126 0.045884
vt 0.250519 0.006511
vt 0.255071 0.053506
vt 0.284286 0.006857
vt 0.288171 0.053180
vt 0.320730 0.007032
vt 0.315640 0.051930
vt 0.063477 0.117148
vt 0.032114 0.108119
vt 0.008901 0.003823
vt 0.111479 0.123409
vt 0.221267 0.228527
vt 0.170377 0.274106
vt 0.173640 0.219270
vt 0.186683 0.122878
vt 0.231465 0.281883
vt 0.202864 0.280495
vt 0.262499 0.113753
vt 0.253311 0.231527
vt 0.314295 0.234237
vt 0.269076 0.278385
vt 0.314516 0.115077
vt 0.026597 0.223415
vt 0.006137 0.271208
vt 0.005141 0.223472
vt 0.066608 0.223894
vt 0.105493 0.270388
vt 0.056802 0.272778
vt 0.115342 0.223460
vt 0.004382 0.110348
vt 0.166204 0.328396
vt 0.102729 0.316693
vt 0.160594 0.404566
vt 0.027410 0.271728
vt 0.195951 0.325536
vt 0.315381 0.286930
vt 0.222750 0.636504
vt 0.222631 0.635897
vt 0.222785 0.635620
vt 0.222767 0.635235
vt 0.222915 0.635483
vt 0.223102 0.635388
vt 0.222981 0.635661
vt 0.223136 0.635925
vt 0.222935 0.636521
vt 0.223014 0.636636
vt 0.219637 0.589245
vt 0.219716 0.589360
vt 0.219499 0.589550
vt 0.222798 0.636826
vt 0.222836 0.636611
vt 0.222652 0.636493
vt 0.223708 0.121290
vt 0.222926 0.635103
vt 0.321958 0.497381
vt 0.006680 0.452999
vt 0.394381 0.200203
vt 0.406494 0.265556
vt 0.580118 0.431469
vt 0.626347 0.235282
vt 0.589496 0.243052
vt 0.600616 0.293950
vt 0.631803 0.290845
vt 0.685489 0.322976
vt 0.642974 0.307666
vt 0.611103 0.340400
vt 0.631803 0.290845
vt 0.719961 0.378802
vt 0.478696 0.470468
vt 0.478568 0.473868
vt 0.477277 0.464900
vt 0.494310 0.450677
vt 0.394117 0.144625
vt 0.635220 0.375527
vt 0.357084 0.491930
vt 0.379614 0.481446
vt 0.370599 0.420476
vt 0.406318 0.440429
vt 0.712217 0.455037
vt 0.714128 0.497974
vt 0.654817 0.494323
vt 0.734224 0.460497
vt 0.567298 0.237128
vt 0.538115 0.232207
vt 0.532669 0.172776
vt 0.548748 0.321075
vt 0.582250 0.327944
vt 0.451393 0.442244
vt 0.499534 0.434772
vt 0.374096 0.334179
vt 0.440738 0.376351
vt 0.351273 0.249184
vt 0.376964 0.302932
vt 0.380003 0.263699
vt 0.344685 0.469429
vt 0.436137 0.480033
vt 0.439087 0.313056
vt 0.624805 0.411582
vt 0.721120 0.422133
vt 0.629309 0.440107
vt 0.642889 0.455590
vt 0.613226 0.436502
vt 0.630042 0.293893
vt 0.642787 0.255856
vt 0.599080 0.254637
vt 0.589759 0.234012
vt 0.583559 0.209436
vt 0.559824 0.223407
vt 0.743882 0.380029
vt 0.739257 0.267532
vt 0.743102 0.327564
vt 0.678095 0.345808
vt 0.639422 0.316650
vt 0.419324 0.225659
vt 0.349105 0.235223
vt 0.384214 0.230441
vt 0.347320 0.298154
vt 0.495427 0.311818
vt 0.504424 0.264854
vt 0.474183 0.275921
vt 0.511304 0.227340
vt 0.519403 0.158596
vt 0.570200 0.262345
vt 0.613726 0.439004
vt 0.601166 0.396170
vt 0.550418 0.393158
vt 0.377986 0.086657
vt 0.379999 0.177520
vt 0.353600 0.144967
vt 0.641912 0.239332
vt 0.745232 0.230187
vt 0.614025 0.364104
vt 0.551039 0.161105
vt 0.559824 0.223407
vt 0.634857 0.454414
vt 0.641658 0.169699
vt 0.743189 0.180729
vt 0.596956 0.297454
vt 0.356106 0.189536
vt 0.403891 0.165504
vt 0.636301 0.117365
vt 0.743572 0.139454
vt 0.683291 0.009220
vt 0.744084 0.053568
vt 0.349736 0.044897
vt 0.397967 0.016458
vt 0.404636 0.084720
vt 0.465492 0.076305
vt 0.457368 0.017754
vt 0.419484 0.239475
vt 0.352764 0.107174
vt 0.511003 0.009047
vt 0.517650 0.074986
vt 0.533411 0.115532
vt 0.604367 0.002766
vt 0.542374 0.000948
vt 0.425596 0.236001
vt 0.230712 0.542698
vt 0.325190 0.525789
vt 0.286273 0.500281
vt 0.324018 0.455094
vt 0.306831 0.662431
vt 0.220947 0.666634
vt 0.190890 0.527187
vt 0.173453 0.664976
vt 0.138849 0.668207
vt 0.153874 0.524898
vt 0.085840 0.668150
vt 0.120094 0.533146
vt 0.026521 0.592630
vt 0.048064 0.668254
vt 0.003821 0.681766
vt 0.018897 0.598814
vt 0.032199 0.520306
vt 0.027353 0.499939
vt 0.002860 0.518138
vt 0.003829 0.455575
vt 0.038083 0.511548
vt 0.027962 0.310657
vt 0.057729 0.318948
vt 0.242822 0.333531
vt 0.318633 0.341090
vt 0.008901 0.003823
vt 0.003873 0.042518
vt 0.033647 0.000331
vt 0.059740 0.038017
vt 0.124815 0.040691
vt 0.061257 0.002056
vt 0.134446 0.003103
vt 0.192965 0.006043
vt 0.195246 0.046883
vt 0.222812 0.041185
vt 0.220100 0.006243
vt 0.257930 0.050647
vt 0.254807 0.006511
vt 0.283884 0.054609
vt 0.274281 0.006857
vt 0.319928 0.053359
vt 0.320730 0.009890
vt 0.032114 0.108119
vt 0.070623 0.108573
vt 0.129012 0.119269
vt 0.176499 0.217841
vt 0.170487 0.274106
vt 0.205545 0.232814
vt 0.201855 0.118591
vt 0.198137 0.284783
vt 0.231575 0.286171
vt 0.271514 0.112653
vt 0.278091 0.288390
vt 0.317154 0.232808
vt 0.237479 0.234715
vt 0.317374 0.113648
vt 0.005141 0.223472
vt 0.006137 0.271208
vt 0.026597 0.223415
vt 0.063749 0.216747
vt 0.060211 0.267061
vt 0.106043 0.266100
vt 0.113913 0.220602
vt 0.230195 0.123049
vt 0.004382 0.110348
vt 0.117571 0.319551
vt 0.167194 0.331695
vt 0.163986 0.412698
vt 0.027410 0.271728
vt 0.198919 0.329824
vt 0.005299 0.301916
vt 0.318239 0.291217
vt 0.163036 0.590768
vt 0.163234 0.591136
vt 0.163044 0.591946
vt 0.163087 0.590253
vt 0.162862 0.590584
vt 0.162842 0.590077
vt 0.162766 0.590822
vt 0.162607 0.590458
vt 0.162562 0.591174
vt 0.162836 0.591968
vt 0.162724 0.592123
vt 0.163013 0.592376
vt 0.162968 0.592088
vt 0.163206 0.591931
vt 0.581194 0.175849
vt 0.559824 0.223407
vt 0.570200 0.262345
vt 0.485781 0.471071
vt 0.584015 0.184500
vt 0.620088 0.188173
vt 0.582054 0.124366
vt 0.625246 0.157608
vt 0.638971 0.111196
vt 0.620088 0.188173
vt 0.623291 0.098346
vt 0.634857 0.454414
vt 0.623260 0.449646
vt 0.611475 0.438483
vt 0.650567 0.138780
vt 0.578006 0.034107
vt 0.648394 0.479611
vt 0.735261 0.497485
vt 0.416769 0.314264
vt 0.415042 0.282416
vt 0.531919 0.362616
vt 0.537507 0.299243
vt 0.560732 0.343527
vt 0.580030 0.287513
vt 0.038337 0.988069
vt 0.020494 0.957995
vt 0.080400 0.986786
vt 0.099655 0.799286
vt 0.096686 0.872804
vt 0.021980 0.882576
vt 0.013844 0.742732
vt 0.003744 0.799570
vt 0.152627 0.745323
vt 0.198536 0.740915
vt 0.198699 0.780843
vt 0.208107 0.882460
vt 0.209423 0.885445
vt 0.178108 0.837176
vt 0.207903 0.964386
vt 0.143461 0.868064
vt 0.128024 0.824278
vt 0.140482 0.936832
vt 0.137218 0.964354
vt 0.103643 0.937618
vt 0.103839 0.963200
vt 0.106099 0.880087
vt 0.106293 0.903415
vt 0.102721 0.824751
vt 0.114409 0.733598
vt 0.194781 0.720517
vt 0.095125 0.917201
vt 0.133792 0.992146
vt 0.209004 0.993629
vt 0.103787 0.991397
vt 0.209300 0.814866
vt 0.168570 0.784714
vt 0.093845 0.957760
vt 0.021915 0.917069
vt 0.085551 0.742481
vt 0.080400 0.986786
vt 0.152627 0.745323
vt 0.178108 0.837176
vt 0.209423 0.885445
vt 0.207903 0.964386
vt 0.128024 0.824278
vt 0.143461 0.868064
vt 0.140482 0.936832
vt 0.137218 0.964354
vt 0.103643 0.937618
vt 0.103839 0.963200
vt 0.106099 0.880087
vt 0.106293 0.903415
vt 0.102721 0.824751
vt 0.114409 0.733598
vt 0.169180 0.788174
vt 0.053792 0.720557
vt 0.081637 0.988792
vt 0.022230 0.960241
vt 0.039924 0.990065
vt 0.023703 0.885450
vt 0.097788 0.875759
vt 0.100732 0.801357
vt 0.005619 0.803134
vt 0.016264 0.747840
vt 0.169009 0.788036
vt 0.198970 0.785147
vt 0.153264 0.749338
vt 0.178533 0.840427
vt 0.209587 0.888295
vt 0.208283 0.885334
vt 0.208080 0.966579
vt 0.128865 0.827636
vt 0.144174 0.871058
vt 0.141220 0.939254
vt 0.137983 0.966547
vt 0.104688 0.940034
vt 0.104881 0.965403
vt 0.107123 0.882982
vt 0.107315 0.906115
vt 0.103773 0.828105
vt 0.115364 0.737710
vt 0.195068 0.724738
vt 0.198791 0.744966
vt 0.096240 0.919787
vt 0.209172 0.995579
vt 0.134585 0.994108
vt 0.104830 0.993365
vt 0.209465 0.818303
vt 0.023639 0.919655
vt 0.094971 0.960009
vt 0.084600 0.744770
vt 0.050713 0.727667
vt 0.081637 0.988792
vt 0.168853 0.787149
vt 0.209587 0.888295
vt 0.178533 0.840427
vt 0.208080 0.966579
vt 0.144174 0.871058
vt 0.128865 0.827636
vt 0.141220 0.939254
vt 0.137983 0.966547
vt 0.104688 0.940034
vt 0.104881 0.965403
vt 0.107123 0.882982
vt 0.107315 0.906115
vt 0.103773 0.828105
vt 0.153264 0.749338
vt 0.115364 0.737710
vt 0.935582 0.413931
vt 0.886311 0.397765
vt 0.997845 0.348765
vt 0.996777 0.383433
vt 0.854948 0.452355
vt 0.826195 0.446345
vt 0.965807 0.290361
vt 0.996777 0.384022
vt 0.935582 0.413341
vt 0.886311 0.397765
vt 0.856127 0.450587
vt 0.826195 0.445755
vt 0.570200 0.262345
vt 0.402655 0.291523
vt 0.406494 0.265556
vt 0.413973 0.307653
vt 0.474995 0.302312
vt 0.468397 0.344155
vt 0.499608 0.268143
vt 0.438393 0.240972
vt 0.343795 0.135150
vt 0.475627 0.139745
vt 0.425110 0.135110
vt 0.396235 0.135591
vt 0.442522 0.137532
vt 0.504886 0.137983
vt 0.394333 0.162839
vt 0.395014 0.162561
vt 0.394681 0.162836
vt 0.394803 0.162406
vt 0.395971 0.163332
vt 0.395080 0.163252
vt 0.395748 0.163204
vt 0.395080 0.163252
vt 0.395971 0.163332
vt 0.394979 0.163405
vt 0.396207 0.162824
vt 0.395748 0.163204
vt 0.395967 0.162834
vt 0.395715 0.162350
vt 0.395583 0.162555
vt 0.465043 0.312731
vt 0.358304 0.132734
vt 0.457300 0.230861
vt 0.349972 0.244630
vt 0.427526 0.132694
vt 0.478043 0.137329
vt 0.401949 0.134275
vt 0.450434 0.149409
vt 0.502904 0.137766
vt 0.502024 0.265728
vt 0.394681 0.162836
vt 0.395014 0.162561
vt 0.394333 0.162839
vt 0.394803 0.162406
vt 0.395748 0.163204
vt 0.395080 0.163252
vt 0.395971 0.163332
vt 0.394979 0.163405
vt 0.395971 0.163332
vt 0.395080 0.163252
vt 0.395967 0.162834
vt 0.395748 0.163204
vt 0.396207 0.162824
vt 0.395583 0.162555
vt 0.395715 0.162350
vt 0.273809 0.999032
vt 0.256562 0.956204
vt 0.254707 0.999183
vt 0.272177 0.958816
vt 0.282795 0.998693
vt 0.299202 0.960350
vt 0.303666 0.999747
vt 0.281458 0.957581
vt 0.327867 0.999755
vt 0.342501 0.961518
vt 0.347282 0.999463
vt 0.322676 0.959708
vt 0.364323 0.959096
vt 0.362139 0.998067
vt 0.288622 0.853987
vt 0.299523 0.852391
vt 0.282591 0.921484
vt 0.300397 0.923925
vt 0.364952 0.921532
vt 0.333767 0.850401
vt 0.347253 0.923950
vt 0.323963 0.923923
vt 0.272479 0.915664
vt 0.251495 0.917407
vt 0.223449 0.998894
vt 0.223312 0.913208
vt 0.222770 0.952906
vt 0.311578 0.851833
vt 0.249883 0.875947
vt 0.273423 0.878725
vt 0.223681 0.873893
vt 0.302766 0.786572
vt 0.356557 0.785689
vt 0.354456 0.800655
vt 0.365186 0.853054
vt 0.364379 0.801065
vt 0.364374 0.788589
vt 0.271860 0.816799
vt 0.248344 0.799096
vt 0.247423 0.767172
vt 0.219527 0.798020
vt 0.309639 0.747005
vt 0.308291 0.746696
vt 0.308270 0.749397
vt 0.294999 0.796689
vt 0.301971 0.798250
vt 0.294558 0.787308
vt 0.266141 0.705744
vt 0.219164 0.731763
vt 0.264674 0.741196
vt 0.219191 0.706939
vt 0.285020 0.704244
vt 0.287687 0.725925
vt 0.296246 0.738609
vt 0.287632 0.744461
vt 0.287861 0.711919
vt 0.266704 0.676162
vt 0.219201 0.687337
vt 0.266085 0.685354
vt 0.241654 0.675661
vt 0.359977 0.734228
vt 0.364726 0.717967
vt 0.363821 0.744039
vt 0.358995 0.712839
vt 0.285005 0.693362
vt 0.359686 0.692445
vt 0.365481 0.691084
vt 0.359396 0.674001
vt 0.365341 0.674694
vt 0.291020 0.796489
vt 0.287503 0.753389
vt 0.281489 0.755775
vt 0.322007 0.739742
vt 0.320572 0.752645
vt 0.317014 0.737604
vt 0.277979 0.743149
vt 0.291859 0.739566
vt 0.291993 0.742866
vt 0.289871 0.746309
vt 0.294421 0.754224
vt 0.315524 0.755013
vt 0.304477 0.744829
vt 0.279578 0.775401
vt 0.279165 0.775781
vt 0.279165 0.774910
vt 0.279899 0.775832
vt 0.324810 0.717243
vt 0.315159 0.718681
vt 0.277225 0.774910
vt 0.278502 0.775827
vt 0.277225 0.776001
vt 0.278502 0.774910
vt 0.304802 0.719876
vt 0.294564 0.709314
vt 0.265254 0.695368
vt 0.219171 0.693782
vt 0.289258 0.697059
vt 0.295664 0.695931
vt 0.289127 0.676906
vt 0.294556 0.674569
vt 0.282010 0.780588
vt 0.283993 0.782967
vt 0.281817 0.777346
vt 0.281682 0.783347
vt 0.314759 0.673730
vt 0.320652 0.673459
vt 0.308051 0.674496
vt 0.284669 0.776871
vt 0.284859 0.780753
vt 0.221476 0.818048
vt 0.279899 0.775425
vt 0.324533 0.673817
vt 0.279899 0.775106
vt 0.489479 0.994628
vt 0.489609 0.955940
vt 0.491591 0.989924
vt 0.491473 0.956024
vt 0.387200 0.998444
vt 0.384027 0.965671
vt 0.373436 0.964000
vt 0.374687 0.996934
vt 0.477661 0.997527
vt 0.472706 0.965425
vt 0.423167 0.997494
vt 0.425554 0.967962
vt 0.494358 0.995817
vt 0.496862 0.968135
vt 0.374212 0.924866
vt 0.383227 0.926778
vt 0.373659 0.874038
vt 0.495630 0.921337
vt 0.467271 0.926318
vt 0.477762 0.871299
vt 0.428623 0.927225
vt 0.437377 0.873000
vt 0.489622 0.925493
vt 0.491600 0.925148
vt 0.487764 0.992234
vt 0.487861 0.956919
vt 0.487758 0.925570
vt 0.493843 0.879600
vt 0.498316 0.879871
vt 0.489150 0.879057
vt 0.353437 0.795192
vt 0.353168 0.780974
vt 0.298723 0.785733
vt 0.497600 0.675722
vt 0.478583 0.674321
vt 0.496504 0.871541
vt 0.365054 0.782728
vt 0.365190 0.796858
vt 0.498595 0.673826
vt 0.222992 0.792688
vt 0.222547 0.759534
vt 0.250367 0.793710
vt 0.308560 0.751616
vt 0.308581 0.748901
vt 0.309936 0.749213
vt 0.299431 0.796461
vt 0.290589 0.791424
vt 0.290171 0.782512
vt 0.388242 0.674562
vt 0.373809 0.674423
vt 0.400055 0.874634
vt 0.265881 0.738706
vt 0.222648 0.729745
vt 0.267274 0.705028
vt 0.222673 0.706164
vt 0.287743 0.724200
vt 0.285209 0.703603
vt 0.289647 0.709924
vt 0.289262 0.740256
vt 0.296537 0.739843
vt 0.267222 0.685658
vt 0.222683 0.687541
vt 0.267810 0.676926
vt 0.222071 0.674910
vt 0.365073 0.739483
vt 0.365429 0.708203
vt 0.357784 0.737896
vt 0.356126 0.707549
vt 0.285195 0.693265
vt 0.358017 0.690552
vt 0.364456 0.689215
vt 0.360484 0.674392
vt 0.365035 0.673529
vt 0.281855 0.752556
vt 0.287568 0.750290
vt 0.282026 0.791006
vt 0.317349 0.739764
vt 0.320924 0.754881
vt 0.322366 0.741912
vt 0.278520 0.740562
vt 0.287834 0.737158
vt 0.287417 0.747987
vt 0.280934 0.741058
vt 0.287961 0.738926
vt 0.304748 0.747025
vt 0.315850 0.757260
vt 0.279647 0.770734
vt 0.279647 0.771562
vt 0.280039 0.771201
vt 0.280344 0.771610
vt 0.324094 0.708237
vt 0.314394 0.709683
vt 0.277804 0.771771
vt 0.279018 0.771606
vt 0.277804 0.770734
vt 0.279018 0.770734
vt 0.303985 0.710884
vt 0.294749 0.706983
vt 0.266432 0.695171
vt 0.222654 0.693665
vt 0.289236 0.696778
vt 0.296728 0.690979
vt 0.288883 0.673532
vt 0.296481 0.673687
vt 0.282166 0.773048
vt 0.284234 0.778388
vt 0.282350 0.776129
vt 0.282038 0.778750
vt 0.315725 0.673240
vt 0.320737 0.672561
vt 0.308965 0.674001
vt 0.284876 0.772597
vt 0.285056 0.776285
vt 0.475003 0.673689
vt 0.280344 0.771223
vt 0.324231 0.673377
vt 0.280344 0.770920
vt 0.724435 0.633890
vt 0.704608 0.643903
vt 0.724317 0.634192
vt 0.831093 0.569610
vt 0.885875 0.581380
vt 0.878212 0.604643
vt 0.803132 0.548440
vt 0.940369 0.513058
vt 0.947230 0.725894
vt 0.969034 0.719692
vt 0.983003 0.747595
vt 0.786248 0.612353
vt 0.948023 0.710447
vt 0.956611 0.688593
vt 0.899295 0.699645
vt 0.906323 0.659840
vt 0.977830 0.770089
vt 0.848657 0.722055
vt 0.747014 0.600085
vt 0.759921 0.660441
vt 0.830480 0.754712
vt 0.871376 0.733883
vt 0.997359 0.679586
vt 0.983741 0.693818
vt 0.970679 0.651914
vt 0.929118 0.582733
vt 0.997432 0.586172
vt 0.977003 0.606778
vt 0.996797 0.606643
vt 0.977003 0.606778
vt 0.997342 0.542364
vt 0.995542 0.558960
vt 0.951798 0.560968
vt 0.947926 0.540091
vt 0.997432 0.586172
vt 0.929118 0.582733
vt 0.912564 0.733399
vt 0.914885 0.760137
vt 0.912679 0.749579
vt 0.938265 0.754962
vt 0.983416 0.764308
vt 0.541189 0.510623
vt 0.503582 0.639796
vt 0.506893 0.511584
vt 0.530148 0.645965
vt 0.771101 0.503070
vt 0.810003 0.543629
vt 0.749075 0.593901
vt 0.578603 0.653990
vt 0.982497 0.810541
vt 0.995936 0.807333
vt 0.994762 0.870759
vt 0.995291 0.766722
vt 0.996367 0.774482
vt 0.677831 0.619734
vt 0.636480 0.662793
vt 0.983741 0.693818
vt 0.919602 0.776103
vt 0.997576 0.726312
vt 0.983503 0.734463
vt 0.998254 0.734019
vt 0.996642 0.747893
vt 0.707639 0.639286
vt 0.733490 0.629354
vt 0.675946 0.671994
vt 0.997813 0.705539
vt 0.932679 0.494864
vt 0.996777 0.376561
vt 0.932679 0.494864
vt 0.918192 0.407746
vt 0.997359 0.679586
vt 0.821399 0.456962
vt 0.936649 0.895910
vt 0.902527 0.905299
vt 0.894418 0.893816
vt 0.847942 0.908029
vt 0.826895 0.878120
vt 0.879111 0.880891
vt 0.994580 0.896451
vt 0.920968 0.874033
vt 0.680402 0.833829
vt 0.782924 0.777250
vt 0.802930 0.818456
vt 0.879584 0.760267
vt 0.879951 0.776685
vt 0.835105 0.825100
vt 0.873126 0.823086
vt 0.923060 0.805691
vt 0.789059 0.747830
vt 0.818059 0.758279
vt 0.929118 0.582733
vt 0.764766 0.739412
vt 0.764766 0.739412
vt 0.853197 0.759045
vt 0.664664 0.741404
vt 0.667988 0.746263
vt 0.671413 0.750669
vt 0.672892 0.753411
vt 0.661966 0.711153
vt 0.722866 0.774457
vt 0.757036 0.730393
vt 0.929118 0.582733
vt 0.933961 0.612235
vt 0.998291 0.650751
vt 0.789679 0.706759
vt 0.821263 0.735363
vt 0.757036 0.730393
vt 0.953773 0.607789
vt 0.933961 0.612235
vt 0.970679 0.651914
vt 0.963419 0.630274
vt 0.979840 0.632244
vt 0.963419 0.630274
vt 0.977003 0.606778
vt 0.977003 0.606778
vt 0.996797 0.606643
vt 0.979840 0.632244
vt 0.996915 0.632180
vt 0.933961 0.612235
vt 0.998291 0.650751
vt 0.996915 0.632180
vt 0.948292 0.738082
vt 0.933961 0.612235
vt 0.929118 0.582733
vt 0.878150 0.750567
vt 0.679535 0.522075
vt 0.578603 0.653990
vt 0.578603 0.653990
vt 0.636480 0.662793
vt 0.578603 0.653990
vt 0.933961 0.612235
vt 0.977003 0.606778
vt 0.977003 0.606778
vt 0.994249 0.527296
vt 0.995537 0.476246
vt 0.933961 0.612235
vt 0.933961 0.612235
vt 0.933961 0.612235
vt 0.995537 0.475559
vt 0.505264 0.805144
vt 0.558851 0.815078
vt 0.562392 0.894686
vt 0.658557 0.753870
vt 0.601056 0.689895
vt 0.645955 0.724299
vt 0.612665 0.895585
vt 0.618101 0.819240
vt 0.610236 0.755058
vt 0.670671 0.750097
vt 0.649853 0.673154
vt 0.592416 0.670925
vt 0.599271 0.646009
vt 0.599271 0.646009
vt 0.534400 0.671809
vt 0.648191 0.694981
vt 0.664782 0.741102
vt 0.675471 0.751228
vt 0.675312 0.751633
vt 0.557240 0.750829
vt 0.551381 0.696737
vt 0.501105 0.683828
vt 0.649853 0.673154
vt 0.735307 0.780432
vt 0.735307 0.780432
vt 0.693199 0.781081
vt 0.504409 0.887184
vt 0.503582 0.645398
vt 0.526025 0.645383
vt 0.697690 0.946391
vt 0.715446 0.971902
vt 0.624022 0.968074
vt 0.698194 0.996440
vt 0.790751 0.901325
vt 0.671319 0.915403
vt 0.580347 0.945837
vt 0.537096 0.993832
vt 0.538893 0.943834
vt 0.514298 0.944425
vt 0.962739 0.987630
vt 0.817404 0.993217
vt 0.841120 0.952786
vt 0.856381 0.940787
vt 0.864953 0.920534
vt 0.504257 0.742679
vt 0.996767 0.972606
vt 0.943299 0.959115
vt 0.993742 0.935525
vt 0.688241 0.766534
vt 0.701755 0.775035
vt 0.733039 0.765746
vt 0.757036 0.730393
vt 0.764766 0.739412
vt 0.782924 0.777250
vt 0.735307 0.780432
vt 0.675485 0.755112
vt 0.995190 0.906657
vt 0.724633 0.635109
vt 0.707736 0.642438
vt 0.724751 0.634807
vt 0.877009 0.615470
vt 0.885875 0.581380
vt 0.831093 0.569610
vt 0.940369 0.513058
vt 0.803132 0.548440
vt 0.969034 0.719692
vt 0.984124 0.747595
vt 0.983503 0.734463
vt 0.807060 0.615326
vt 0.956611 0.688593
vt 0.948023 0.710447
vt 0.947230 0.725894
vt 0.906323 0.659840
vt 0.897941 0.700419
vt 0.970131 0.769127
vt 0.945983 0.746486
vt 0.843085 0.727234
vt 0.755263 0.658492
vt 0.747014 0.600085
vt 0.874214 0.734578
vt 0.834455 0.757111
vt 0.970714 0.651318
vt 0.982973 0.693972
vt 0.983731 0.606217
vt 0.932202 0.584135
vt 0.953761 0.566014
vt 0.997504 0.564006
vt 0.947926 0.540091
vt 0.932202 0.584135
vt 0.912906 0.733207
vt 0.933906 0.751657
vt 0.904969 0.752023
vt 0.908386 0.760936
vt 0.545999 0.513371
vt 0.503582 0.630175
vt 0.527700 0.640210
vt 0.803132 0.548440
vt 0.782739 0.498861
vt 0.585303 0.650211
vt 0.997876 0.870813
vt 0.997618 0.807333
vt 0.972151 0.811503
vt 0.985659 0.761785
vt 0.998049 0.777846
vt 0.997533 0.764199
vt 0.585303 0.650211
vt 0.643523 0.665113
vt 0.982973 0.693972
vt 0.913321 0.772952
vt 0.997764 0.747893
vt 0.666900 0.684253
vt 0.733490 0.629354
vt 0.701640 0.640680
vt 0.932679 0.494864
vt 0.912781 0.410409
vt 0.932679 0.494864
vt 0.996777 0.375058
vt 0.829129 0.458293
vt 0.880304 0.888754
vt 0.896160 0.902073
vt 0.915623 0.892719
vt 0.822570 0.886623
vt 0.870109 0.874602
vt 0.818603 0.852498
vt 0.920829 0.875388
vt 0.996463 0.898830
vt 0.802930 0.818456
vt 0.782924 0.777250
vt 0.680402 0.833829
vt 0.872804 0.768760
vt 0.878571 0.760541
vt 0.875312 0.821465
vt 0.839832 0.823029
vt 0.927477 0.804555
vt 0.842296 0.818717
vt 0.818781 0.755392
vt 0.932202 0.584135
vt 0.792362 0.743740
vt 0.766286 0.740304
vt 0.766286 0.740304
vt 0.849140 0.750062
vt 0.671462 0.749897
vt 0.669376 0.747684
vt 0.666052 0.742825
vt 0.723350 0.768536
vt 0.660662 0.725728
vt 0.679615 0.758652
vt 0.757036 0.730393
vt 0.757036 0.730393
vt 0.938709 0.620050
vt 0.932202 0.584135
vt 0.998502 0.650681
vt 0.793356 0.710373
vt 0.827037 0.726220
vt 0.757036 0.730393
vt 0.938709 0.620050
vt 0.953773 0.607789
vt 0.987690 0.631683
vt 0.972950 0.631956
vt 0.970714 0.651318
vt 0.983731 0.606217
vt 0.972950 0.631956
vt 0.987690 0.631683
vt 0.983731 0.606217
vt 0.938709 0.620050
vt 0.998502 0.650681
vt 0.938709 0.620050
vt 0.932202 0.584135
vt 0.876936 0.751640
vt 0.585303 0.650211
vt 0.585303 0.650211
vt 0.679535 0.522075
vt 0.643523 0.665113
vt 0.687708 0.624888
vt 0.585303 0.650211
vt 0.938709 0.620050
vt 0.983731 0.606217
vt 0.938709 0.620050
vt 0.938709 0.620050
vt 0.938709 0.620050
vt 0.995537 0.476246
vt 0.562392 0.894686
vt 0.558851 0.815078
vt 0.645955 0.724299
vt 0.601056 0.689895
vt 0.661563 0.754728
vt 0.618101 0.819240
vt 0.612665 0.895585
vt 0.610236 0.755058
vt 0.790751 0.901325
vt 0.670720 0.749324
vt 0.599271 0.646009
vt 0.592416 0.670925
vt 0.649853 0.673154
vt 0.534400 0.671809
vt 0.599271 0.646009
vt 0.648191 0.694981
vt 0.666170 0.742523
vt 0.676717 0.750980
vt 0.676876 0.750575
vt 0.551381 0.696737
vt 0.557240 0.750829
vt 0.649853 0.673154
vt 0.734515 0.778384
vt 0.691778 0.779594
vt 0.734515 0.778384
vt 0.526025 0.645383
vt 0.624022 0.968074
vt 0.715446 0.971902
vt 0.697690 0.946391
vt 0.671319 0.915403
vt 0.580347 0.945837
vt 0.538893 0.943834
vt 0.841120 0.952786
vt 0.856381 0.940787
vt 0.864953 0.920534
vt 0.943299 0.959115
vt 0.702957 0.768141
vt 0.690457 0.767701
vt 0.715354 0.773098
vt 0.757036 0.730393
vt 0.734515 0.778384
vt 0.782924 0.777250
vt 0.766286 0.740304
vt 0.675970 0.753155
vt 0.996491 0.910310
vn 0.0095 0.5671 -0.8236
vn -0.3366 0.9402 -0.0519
vn -0.2302 0.9729 -0.0220
vn -0.1610 0.0007 0.9870
vn -0.1577 0.1398 0.9776
vn -0.0867 0.4645 -0.8813
vn -0.3548 0.2796 -0.8922
vn -0.0131 0.2320 -0.9726
vn -0.0556 0.7599 -0.6477
vn -0.2811 0.8011 -0.5285
vn -0.1759 0.0420 -0.9835
vn -0.2548 0.6883 0.6792
vn -0.4933 0.6248 0.6053
vn 0.0787 0.8015 0.5928
vn 0.1554 0.8490 0.5051
vn -0.9839 -0.1511 0.0957
vn -0.9144 -0.0014 0.4049
vn -0.2500 -0.3715 -0.8941
vn -0.9868 -0.1364 -0.0875
vn -0.3080 0.3534 0.8833
vn -0.2076 -0.3817 -0.9006
vn -0.1911 -0.0537 -0.9801
vn 0.1035 0.7823 0.6143
vn -0.3494 0.4627 0.8148
vn -0.2059 0.2803 0.9376
vn -0.4451 -0.4669 -0.7642
vn -0.9935 -0.1138 0.0007
vn -0.9038 0.0627 0.4233
vn -0.9029 0.0532 0.4266
vn -0.9048 0.0740 0.4193
vn -0.7980 -0.2543 0.5464
vn -0.4893 0.4857 0.7244
vn -0.4910 0.4853 0.7235
vn -0.4871 0.4862 0.7256
vn -0.4360 0.4449 0.7823
vn 0.0460 0.4761 0.8782
vn 0.6891 0.6299 0.3584
vn -0.6054 0.5072 0.6134
vn -0.0795 0.4355 -0.8967
vn -0.8603 -0.0578 0.5065
vn -0.2432 -0.0455 0.9689
vn -0.0944 0.1911 0.9770
vn -0.5080 -0.0794 -0.8577
vn -0.9013 0.0392 0.4313
vn -0.9974 -0.0519 -0.0498
vn -0.2492 -0.1316 -0.9595
vn -0.8342 0.1794 0.5215
vn -0.9113 0.0807 0.4037
vn -0.9841 0.1561 -0.0844
vn -0.9398 0.0222 -0.3411
vn -0.3725 0.1559 -0.9149
vn 0.4556 -0.2943 -0.8401
vn -0.3741 0.0670 -0.9250
vn 0.7309 -0.2755 -0.6244
vn -0.8586 0.1664 0.4848
vn -0.9954 0.0861 0.0419
vn -0.8674 0.1111 0.4850
vn -0.1417 0.0844 -0.9863
vn -0.9978 -0.0001 -0.0660
vn -0.2097 0.1965 -0.9578
vn -0.5692 0.0244 -0.8219
vn -0.0949 0.1118 -0.9892
vn -0.0946 0.0440 -0.9945
vn -0.2897 0.1058 0.9512
vn -0.5242 0.1019 0.8455
vn -0.2247 0.1964 0.9544
vn 0.9571 -0.2824 -0.0651
vn -0.2574 0.2417 0.9356
vn -0.2477 0.1681 0.9541
vn -0.3346 0.0144 0.9423
vn -0.3347 0.0388 0.9415
vn -0.2768 0.1841 0.9431
vn -0.2574 0.3107 0.9150
vn -0.1876 0.2841 0.9403
vn -0.1840 0.2898 0.9392
vn -0.1874 0.2844 0.9402
vn -0.1385 0.4819 0.8652
vn -0.0197 -0.5348 0.8447
vn 0.2780 -0.8627 0.4225
vn -0.1592 0.1699 0.9725
vn -0.5366 0.1432 0.8316
vn -0.4697 0.1025 0.8769
vn -0.9384 0.1487 0.3120
vn -0.9402 0.1455 0.3081
vn -0.8120 -0.0936 -0.5761
vn -0.9412 0.1423 -0.3065
vn -0.4405 -0.1671 -0.8821
vn -0.1457 0.2377 -0.9603
vn -0.1679 0.2376 -0.9567
vn 0.1721 -0.0740 0.9823
vn -0.0032 -0.5375 -0.8433
vn 0.7353 -0.6295 -0.2511
vn -0.0502 -0.3136 -0.9482
vn 0.1307 -0.1285 -0.9831
vn -0.3684 -0.2497 -0.8955
vn 0.7004 -0.1020 -0.7065
vn 0.9906 -0.0935 -0.0997
vn 0.7066 -0.1714 0.6865
vn 0.8611 0.3410 -0.3772
vn -0.1011 -0.0859 -0.9912
vn -0.2966 -0.3135 -0.9021
vn -0.8821 -0.2505 -0.3990
vn -0.9333 -0.3379 0.1216
vn -0.5149 -0.0909 0.8524
vn 0.3544 0.1825 0.9171
vn 0.9574 0.2396 0.1610
vn 0.7772 0.0183 -0.6290
vn 0.9759 0.1728 -0.1331
vn -0.0731 -0.0075 -0.9973
vn -0.1035 -0.0271 -0.9943
vn -0.9031 -0.2089 -0.3753
vn -0.9473 0.0391 0.3178
vn -0.9344 0.1152 0.3371
vn -0.6757 0.0459 0.7357
vn -0.5794 0.0166 0.8148
vn 0.6398 -0.2819 0.7150
vn 0.9144 -0.1929 0.3560
vn 0.9811 -0.1068 -0.1617
vn 0.8258 0.0925 -0.5563
vn -0.1831 0.1019 -0.9778
vn -0.1870 0.0989 -0.9774
vn -0.1828 0.1021 -0.9778
vn -0.1865 0.1242 -0.9746
vn -0.8524 0.0496 -0.5206
vn -0.9361 0.0958 -0.3384
vn -0.3923 -0.2365 0.8889
vn -0.8845 0.4642 -0.0465
vn -0.8472 0.1769 -0.5009
vn -0.9788 -0.0656 0.1942
vn -0.8606 0.0324 -0.5082
vn -0.0543 0.1645 -0.9849
vn -0.1875 0.0984 -0.9773
vn 0.7851 0.1139 -0.6088
vn 0.7931 -0.0627 -0.6059
vn 0.9656 -0.0935 -0.2428
vn 0.5437 0.2182 0.8105
vn -0.8672 0.0013 -0.4980
vn -0.8577 -0.1101 -0.5023
vn -0.1855 -0.0467 -0.9815
vn -0.1810 -0.0414 -0.9826
vn -0.1854 -0.0465 -0.9816
vn -0.3695 -0.0553 -0.9276
vn 0.7359 -0.0931 -0.6707
vn 0.3247 -0.0558 -0.9442
vn 0.5195 -0.1611 0.8392
vn 0.7212 0.2103 0.6601
vn -0.6861 -0.0235 0.7272
vn -0.4928 -0.0997 0.8644
vn -0.9605 -0.1728 0.2181
vn 0.6701 -0.0672 0.7392
vn -0.9097 -0.1614 -0.3827
vn -0.9540 -0.1729 0.2449
vn 0.8863 0.0272 0.4623
vn -0.6497 -0.1307 0.7489
vn 0.4047 -0.1201 0.9065
vn -0.6405 0.0223 0.7677
vn -0.9793 0.0127 0.2019
vn -0.9464 -0.0544 0.3184
vn -0.9735 -0.0105 0.2286
vn -0.8422 -0.0396 -0.5376
vn -0.8335 -0.0755 -0.5473
vn -0.1810 -0.0892 -0.9794
vn -0.1808 -0.0411 -0.9827
vn 0.7251 0.0338 -0.6878
vn 0.5170 -0.0438 0.8549
vn 0.7587 0.0005 -0.6515
vn 0.6691 -0.0386 -0.7422
vn 0.9955 0.0628 -0.0702
vn 0.9736 -0.0570 -0.2212
vn 0.9049 -0.0969 0.4145
vn 0.9281 0.0221 0.3716
vn 0.9214 -0.0867 0.3787
vn -0.7498 -0.6615 0.0124
vn -0.7995 -0.4711 -0.3726
vn 0.3030 -0.6850 -0.6625
vn 0.8331 -0.5329 0.1481
vn 0.8196 -0.5408 0.1892
vn 0.8490 -0.3957 0.3502
vn 0.3214 -0.3135 0.8935
vn 0.3203 -0.3144 0.8936
vn -0.6012 -0.4112 0.6852
vn -0.8752 -0.4427 0.1950
vn -0.4274 -0.1943 0.8829
vn -0.5945 -0.2855 0.7517
vn -0.5675 -0.0439 0.8222
vn 0.5760 -0.0406 0.8164
vn 0.4603 -0.8256 -0.3264
vn 0.9956 0.0779 -0.0516
vn 0.9814 -0.1559 -0.1119
vn 0.0365 -0.8902 0.4541
vn -0.0148 -0.9114 -0.4113
vn 0.6792 0.6424 0.3550
vn 0.6615 0.6323 0.4033
vn -0.1475 0.8323 -0.5344
vn -0.3557 0.4379 0.8257
vn -0.5032 0.4826 0.7169
vn -0.1858 0.3276 0.9264
vn -0.1841 0.2898 0.9392
vn -0.3945 0.0423 0.9179
vn -0.1700 0.1217 -0.9779
vn -0.2891 0.4146 -0.8628
vn -0.6757 0.6558 0.3367
vn -0.6226 0.7455 -0.2378
vn -0.8323 0.5352 -0.1442
vn -0.8271 0.4076 0.3870
vn 0.5233 0.6226 0.5818
vn 0.0951 0.7971 0.5963
vn 0.2229 0.7172 0.6603
vn 0.6687 0.6716 0.3190
vn -0.5265 0.7183 0.4549
vn -0.4507 0.5587 0.6962
vn -0.3162 0.9486 -0.0142
vn -0.3071 0.6800 -0.6658
vn -0.1064 0.9909 0.0823
vn -0.2470 0.4164 -0.8750
vn -0.2745 0.5564 -0.7843
vn -0.4368 0.4262 0.7922
vn -0.8346 -0.2237 0.5034
vn 0.4129 0.0722 0.9079
vn -0.4696 0.0093 0.8828
vn -0.3831 -0.0267 0.9233
vn -0.8192 0.0209 0.5732
vn 0.9845 0.1166 -0.1310
vn 0.8037 0.0283 0.5944
vn 0.9726 0.0991 -0.2101
vn 0.9261 -0.1367 -0.3516
vn -0.9217 -0.1451 -0.3598
vn -0.7572 -0.2170 0.6160
vn 0.2117 0.8925 -0.3983
vn 0.2184 0.8908 -0.3985
vn 0.2137 0.8920 -0.3984
vn 0.1984 0.9716 0.1291
vn -0.0686 0.9804 0.1848
vn 0.1542 0.0127 0.9880
vn 0.1194 0.1274 0.9846
vn 0.0372 0.7677 -0.6398
vn 0.2948 -0.0940 -0.9509
vn 0.2869 -0.0956 -0.9532
vn -0.0277 0.8324 -0.5534
vn 0.2283 0.8623 -0.4521
vn 0.2294 0.8620 -0.4521
vn 0.2190 0.8645 -0.4524
vn 0.3418 -0.0251 -0.9395
vn -0.0640 0.7635 0.6426
vn -0.0623 0.7649 0.6411
vn 0.4375 0.6255 0.6461
vn 0.1327 0.7979 0.5880
vn -0.5574 0.6371 0.5323
vn 0.9811 -0.1925 -0.0184
vn 0.6851 -0.3801 0.6214
vn 0.3829 -0.2605 -0.8863
vn 0.9813 -0.1917 -0.0158
vn 0.3420 0.2732 0.8991
vn 0.2192 -0.3148 -0.9235
vn 0.2096 -0.0598 -0.9760
vn -0.2426 0.5736 0.7824
vn 0.3265 0.5082 0.7969
vn 0.1498 0.3615 0.9202
vn 0.9818 -0.1818 -0.0555
vn 0.9976 -0.0134 -0.0680
vn 0.9976 -0.0135 -0.0679
vn 0.9973 -0.0092 -0.0732
vn 0.8976 0.0926 0.4310
vn 0.9065 0.0239 0.4216
vn 0.3254 0.3853 0.8635
vn 0.3194 0.3027 0.8980
vn -0.0629 0.7644 0.6416
vn -0.7486 0.6223 0.2288
vn 0.4918 0.5804 0.6491
vn -0.0863 0.2499 -0.9644
vn 0.8315 -0.0220 0.5550
vn 0.3057 0.0293 0.9517
vn 0.3053 0.0391 0.9515
vn 0.3057 0.0296 0.9517
vn 0.1775 0.1263 0.9760
vn 0.9937 -0.0663 -0.0909
vn 0.9938 -0.0750 -0.0816
vn 0.9937 -0.0666 -0.0905
vn 0.8993 0.1393 0.4144
vn 0.6581 -0.1618 -0.7353
vn 0.3358 -0.2597 -0.9054
vn 0.8143 0.1281 0.5662
vn 0.9307 0.0144 0.3655
vn 0.9400 -0.0034 -0.3411
vn 0.8848 0.0669 -0.4612
vn 0.8832 0.0766 -0.4627
vn 0.8830 0.0779 -0.4629
vn 0.4618 0.1262 -0.8780
vn 0.4632 0.0250 -0.8859
vn -0.6092 -0.2716 -0.7450
vn 0.8365 0.1882 0.5146
vn 0.9972 -0.0088 -0.0738
vn 0.8594 0.0287 0.5105
vn 0.2457 0.0543 -0.9678
vn 0.8849 0.0659 -0.4610
vn 0.2983 0.1923 -0.9349
vn 0.4288 0.1531 -0.8903
vn 0.2013 0.0816 -0.9761
vn 0.2013 0.0514 -0.9782
vn 0.2463 0.1468 0.9580
vn 0.5019 0.0948 0.8597
vn 0.0903 0.0866 0.9921
vn -0.9817 -0.1677 -0.0902
vn 0.2436 0.2311 0.9419
vn 0.2758 0.1008 0.9559
vn 0.3053 0.0398 0.9514
vn 0.2420 -0.0311 0.9698
vn 0.1512 0.1399 0.9786
vn 0.0829 0.3204 0.9436
vn 0.2956 0.2742 0.9151
vn 0.0971 0.5286 0.8433
vn 0.0845 -0.4492 0.8894
vn -0.2768 -0.8630 0.4226
vn -0.0831 -0.0754 0.9937
vn 0.4852 0.0973 0.8689
vn 0.4896 0.0995 0.8663
vn 0.9423 0.0855 0.3235
vn 0.9242 0.1195 0.3628
vn 0.9542 0.1277 -0.2707
vn 0.8352 -0.0600 -0.5467
vn 0.4002 -0.0698 -0.9138
vn 0.3921 -0.0558 -0.9182
vn 0.0897 -0.0308 -0.9955
vn 0.1596 0.1117 0.9808
vn -0.0515 -0.5632 -0.8247
vn -0.7253 -0.6373 -0.2602
vn 0.0780 -0.2132 -0.9739
vn -0.0045 -0.1310 -0.9914
vn 0.2869 -0.2033 -0.9361
vn -0.6914 -0.1002 -0.7155
vn -0.9709 -0.0623 -0.2312
vn -0.6855 -0.1838 0.7045
vn -0.9667 0.2072 -0.1505
vn 0.1018 -0.0706 -0.9923
vn 0.3039 -0.2645 -0.9153
vn 0.9143 -0.2008 -0.3518
vn 0.9258 -0.3739 0.0549
vn 0.5260 -0.0520 0.8489
vn -0.3255 0.2262 0.9181
vn -0.9179 0.0801 0.3887
vn -0.9176 0.0793 0.3896
vn -0.9179 0.0801 0.3886
vn -0.7868 -0.0031 -0.6172
vn -0.8719 0.3687 -0.3223
vn 0.0953 -0.0191 -0.9953
vn 0.1024 -0.0235 -0.9945
vn 0.0964 -0.0198 -0.9951
vn 0.1037 -0.0243 -0.9943
vn 0.9235 -0.1774 -0.3402
vn 0.9195 -0.0204 0.3927
vn 0.8912 0.1268 0.4355
vn 0.6496 -0.0961 0.7541
vn 0.5675 0.0408 0.8224
vn -0.6467 -0.2395 0.7242
vn -0.8528 -0.1925 0.4855
vn -0.9942 -0.0780 -0.0746
vn -0.6858 0.1374 -0.7147
vn 0.1350 0.0711 -0.9883
vn 0.1060 0.1405 -0.9844
vn 0.8519 -0.0453 -0.5218
vn 0.9066 0.1234 -0.4035
vn 0.4551 -0.2733 0.8474
vn 0.4292 -0.3922 0.8136
vn 0.8354 0.1828 -0.5183
vn 0.9677 -0.1930 0.1621
vn 0.8466 -0.0308 -0.5314
vn 0.0765 0.1489 -0.9859
vn 0.1127 0.0891 -0.9896
vn -0.8011 0.0824 -0.5928
vn -0.6818 0.0590 -0.7292
vn -0.9774 -0.1326 -0.1648
vn -0.5462 0.1056 0.8310
vn 0.8555 0.0019 -0.5178
vn 0.8555 0.0018 -0.5178
vn 0.8562 0.0031 -0.5166
vn 0.8097 -0.0665 -0.5830
vn 0.1386 -0.0052 -0.9903
vn 0.1442 -0.0093 -0.9895
vn 0.1449 -0.0097 -0.9894
vn 0.2858 -0.0326 -0.9577
vn -0.6142 0.0004 -0.7891
vn -0.6141 0.0051 -0.7892
vn -0.6141 0.0052 -0.7892
vn -0.4439 -0.0655 -0.8937
vn -0.5616 -0.1685 0.8101
vn -0.6963 0.1849 0.6936
vn 0.6408 0.0045 0.7677
vn 0.4250 -0.0927 0.9004
vn 0.9292 -0.0138 0.3692
vn -0.4994 0.0628 0.8641
vn 0.9280 -0.1463 -0.3428
vn 0.9691 -0.1331 0.2076
vn -0.9186 0.0817 0.3867
vn 0.6587 -0.1244 0.7420
vn -0.2908 -0.1159 0.9497
vn 0.6548 -0.0098 0.7557
vn 0.9796 0.0700 0.1884
vn 0.8639 -0.0883 0.4959
vn 0.9570 -0.0198 0.2896
vn 0.8548 0.0007 -0.5189
vn 0.8349 -0.0475 -0.5483
vn 0.1363 -0.0667 -0.9884
vn 0.1383 -0.0050 -0.9904
vn -0.6995 -0.0591 -0.7121
vn -0.5527 0.0031 0.8334
vn -0.6141 0.0100 -0.7892
vn -0.6750 -0.0306 -0.7372
vn -0.9917 0.0850 -0.0961
vn -0.9869 -0.0942 -0.1309
vn -0.8982 -0.1038 0.4273
vn -0.8854 0.0259 0.4641
vn -0.8819 -0.0603 0.4675
vn 0.7385 -0.6697 0.0780
vn 0.8109 -0.4958 -0.3107
vn 0.0875 -0.7004 -0.7084
vn 0.3643 -0.8399 -0.4022
vn -0.2783 -0.6913 -0.6668
vn -0.8161 -0.5705 0.0923
vn -0.7768 -0.5949 0.2065
vn -0.8257 -0.3499 0.4425
vn -0.3237 -0.2671 0.9077
vn -0.3233 -0.2673 0.9078
vn -0.3241 -0.2668 0.9076
vn -0.3248 -0.2663 0.9075
vn 0.5761 -0.3381 0.7442
vn 0.8355 -0.4996 0.2289
vn 0.5581 -0.3167 0.7670
vn 0.8177 0.5460 -0.1826
vn 0.5488 -0.0322 0.8353
vn -0.5422 -0.0123 0.8402
vn -0.4353 -0.8410 -0.3212
vn -0.9916 0.1159 -0.0570
vn -0.9940 -0.0624 -0.0901
vn -0.7796 0.5759 0.2462
vn -0.5961 0.7252 0.3445
vn 0.2203 0.8642 -0.4523
vn 0.2793 0.3209 0.9050
vn 0.4466 0.3182 0.8362
vn 0.2975 0.2906 0.9094
vn 0.3555 0.3796 0.8541
vn 0.3977 0.0904 0.9131
vn 0.2142 0.1168 -0.9698
vn 0.3632 0.4068 -0.8383
vn 0.7076 0.6854 0.1720
vn 0.7294 0.6116 -0.3065
vn 0.9264 0.3186 -0.2005
vn 0.9374 0.1464 0.3160
vn -0.5146 0.6309 0.5806
vn 0.0321 0.8051 0.5922
vn -0.1491 0.7227 0.6749
vn -0.7467 0.6518 0.1331
vn 0.4953 0.7272 0.4752
vn 0.2157 0.6642 0.7157
vn 0.3539 0.9323 -0.0753
vn 0.2072 0.8936 -0.3981
vn 0.0079 0.9925 0.1221
vn 0.0044 0.2397 -0.9708
vn -0.1046 0.8213 -0.5608
vn 0.2882 0.3421 0.8944
vn 0.7980 -0.3082 0.5179
vn -0.6623 -0.0227 0.7489
vn 0.4064 0.0171 0.9135
vn 0.4617 0.0415 0.8861
vn 0.8613 0.1005 0.4980
vn -0.9942 0.0949 -0.0507
vn -0.5711 0.0555 0.8190
vn -0.9854 0.0630 -0.1582
vn -0.9415 -0.2053 -0.2673
vn 0.8872 -0.1966 -0.4174
vn 0.8572 -0.2443 0.4533
vn 0.0070 0.3565 -0.9343
vn 0.0848 0.0313 -0.9959
vn 0.0384 -0.0447 -0.9983
vn 0.0897 -0.1561 -0.9837
vn -0.0108 0.0255 -0.9996
vn -0.0170 0.0351 -0.9992
vn -0.0107 0.0255 -0.9996
vn 0.0172 0.3563 -0.9342
vn -0.0160 -0.1567 -0.9875
vn -0.0171 0.0352 -0.9992
vn -0.0162 -0.9999 -0.0004
vn 0.0004 -1.0000 -0.0057
vn 0.0006 -1.0000 -0.0066
vn 0.0004 -1.0000 -0.0070
vn 0.0001 -1.0000 -0.0034
vn 0.0002 -1.0000 -0.0053
vn -0.3598 0.8957 0.2614
vn -0.3321 0.6585 0.6753
vn -0.9132 0.3672 -0.1768
vn -0.8853 0.4636 0.0369
vn -0.8833 0.3828 -0.2706
vn -0.8207 0.5647 -0.0870
vn -0.5165 0.2079 -0.8307
vn -0.5414 0.0217 -0.8405
vn -0.5398 0.0197 -0.8416
vn -0.9585 -0.1498 -0.2425
vn -0.9592 -0.1505 -0.2392
vn -0.9588 -0.1502 -0.2410
vn -0.9558 0.2942 0.0004
vn -0.9943 0.0561 -0.0912
vn -0.9585 -0.1498 -0.2426
vn -0.9565 0.1724 0.2355
vn -0.9788 0.0552 0.1971
vn -0.5282 0.1601 0.8339
vn -0.5605 0.1011 0.8219
vn -0.0008 -0.9994 0.0333
vn -0.3122 0.2173 -0.9248
vn -0.3227 -0.0142 -0.9464
vn -0.2888 0.0107 -0.9573
vn -0.5067 0.7454 0.4331
vn -0.7301 0.6570 0.1879
vn -0.3268 0.8956 0.3019
vn -0.3283 0.2222 -0.9181
vn -0.9655 0.0384 -0.2576
vn 0.0006 -1.0000 0.0077
vn 0.0013 -1.0000 -0.0049
vn -0.0003 -0.9995 0.0319
vn 0.0003 -1.0000 0.0086
vn 0.0020 -0.9984 -0.0560
vn 0.0650 -0.9919 -0.1093
vn 0.3450 0.8921 0.2918
vn 0.1612 0.5811 0.7977
vn 0.9689 0.2385 0.0666
vn 0.9707 0.2294 -0.0713
vn 0.9773 0.1942 0.0850
vn 0.9899 0.1370 0.0354
vn 0.7862 0.1385 -0.6023
vn 0.8003 0.0289 -0.5990
vn 0.7984 0.0265 -0.6015
vn 0.8005 0.0291 -0.5987
vn 0.7981 0.0262 -0.6019
vn 0.9956 0.0261 0.0896
vn 0.9036 0.3469 0.2514
vn 0.9929 0.0614 -0.1018
vn 0.9929 0.0564 -0.1050
vn 0.9929 0.0551 -0.1058
vn 0.9929 0.0621 -0.1013
vn 0.9520 0.1754 0.2510
vn 0.9757 0.0561 0.2118
vn 0.4769 0.1563 0.8650
vn 0.5045 0.1070 0.8567
vn 0.2896 0.1940 -0.9373
vn 0.2998 0.0076 -0.9540
vn 0.3000 0.0075 -0.9539
vn 0.4690 0.7487 0.4685
vn 0.4692 0.7485 0.4687
vn 0.4647 0.7539 0.4644
vn 0.8174 0.4606 0.3460
vn 0.4648 0.7539 0.4644
vn 0.4246 0.2203 -0.8782
vn 0.9975 0.0389 -0.0584
vn -0.0009 -0.9981 0.0620
vn 0.0158 -0.9999 0.0003
vn -0.0011 -1.0000 -0.0061
vn -0.0005 -1.0000 -0.0049
vn -0.0001 -1.0000 -0.0061
vn -0.0013 -1.0000 -0.0039
vn 0.3218 0.8835 0.3405
vn 0.3198 0.6517 0.6878
vn 0.9221 0.3362 -0.1915
vn 0.8814 0.4724 0.0003
vn 0.8878 0.3687 -0.2756
vn 0.8276 0.5532 -0.0948
vn 0.5180 0.1987 -0.8320
vn 0.5404 0.0204 -0.8412
vn 0.5405 0.0205 -0.8411
vn 0.5413 0.0214 -0.8406
vn 0.5395 0.0194 -0.8417
vn 0.9630 -0.1183 -0.2421
vn 0.9660 0.2550 -0.0420
vn 0.9881 0.0588 -0.1421
vn 0.9565 -0.1127 -0.2691
vn 0.9518 0.1814 0.2474
vn 0.9765 0.0581 0.2076
vn 0.5074 0.1624 0.8463
vn 0.5395 0.1028 0.8357
vn 0.0003 -0.9994 0.0332
vn 0.0001 -0.9995 0.0325
vn 0.0001 -0.9995 0.0326
vn 0.3125 0.2113 -0.9261
vn 0.3225 -0.0145 -0.9464
vn 0.2885 0.0104 -0.9574
vn 0.4984 0.7437 0.4454
vn 0.7634 0.6124 0.2054
vn 0.3690 0.7974 0.4776
vn 0.3288 0.2160 -0.9194
vn 0.9654 0.0382 -0.2580
vn -0.0010 -1.0000 0.0082
vn -0.0010 -1.0000 0.0081
vn -0.0009 -1.0000 0.0085
vn 0.0007 -0.9982 0.0592
vn -0.0005 -1.0000 -0.0071
vn -0.0002 -0.9995 0.0317
vn -0.0008 -1.0000 0.0086
vn -0.0023 -0.9985 -0.0553
vn -0.1789 -0.9489 -0.2601
vn -0.3444 0.7850 0.5149
vn -0.1595 0.5835 0.7963
vn -0.9771 0.2125 -0.0111
vn -0.9565 0.2748 -0.0979
vn -0.9521 0.2976 0.0707
vn -0.9789 0.2038 -0.0139
vn -0.7684 0.2222 -0.6002
vn -0.8005 0.0292 -0.5987
vn -0.7991 0.0275 -0.6006
vn -0.9965 0.0283 0.0791
vn -0.9159 0.3280 0.2316
vn -0.9881 0.0577 -0.1426
vn -0.9884 0.0686 -0.1357
vn -0.9468 0.1844 0.2637
vn -0.9730 0.0591 0.2231
vn -0.4568 0.1582 0.8754
vn -0.4840 0.1085 0.8683
vn -0.2891 0.1977 -0.9367
vn -0.2996 0.0076 -0.9540
vn -0.2997 0.0075 -0.9540
vn -0.2998 0.0075 -0.9540
vn -0.2995 0.0077 -0.9541
vn -0.4639 0.7550 0.4634
vn -0.8297 0.4810 0.2833
vn -0.4057 0.8180 0.4077
vn -0.5702 0.2530 -0.7816
vn -0.9975 0.0391 -0.0582
vn -0.0518 0.6934 0.7187
vn 0.0294 0.7238 0.6893
vn -0.4957 0.6340 0.5935
vn -0.1264 0.6179 0.7761
vn -0.0559 0.5990 0.7988
vn -0.0283 0.7247 0.6885
vn 0.1000 0.6702 0.7354
vn 0.1682 0.5973 0.7842
vn 0.1074 0.5470 0.8302
vn 0.6356 0.5509 0.5409
vn -0.6717 0.6801 0.2939
vn 0.6718 0.6930 0.2614
vn 0.0858 0.5923 -0.8011
vn -0.0473 0.5933 -0.8036
vn -0.9114 -0.0955 0.4003
vn -0.8122 -0.0907 -0.5763
vn 0.9393 -0.1817 0.2910
vn 0.8411 -0.1122 -0.5291
vn 0.0250 0.5561 -0.8307
vn 0.0205 0.9939 0.1083
vn 0.0228 0.9889 0.1466
vn 0.0872 0.9831 0.1607
vn 0.0466 0.9873 0.1518
vn 0.0955 0.2535 0.9626
vn 0.1313 0.2577 0.9573
vn 0.1065 0.2548 0.9611
vn -0.2405 -0.9537 -0.1809
vn -0.1960 -0.9268 0.3204
vn 0.0979 0.2434 -0.9650
vn 0.0240 0.1081 -0.9939
vn 0.0966 0.5489 -0.8303
vn -0.0468 0.9128 -0.4056
vn -0.0334 0.9529 0.3013
vn -0.0014 0.9900 0.1411
vn 0.0748 0.2510 0.9651
vn -0.0216 -0.0404 0.9989
vn -0.0083 -0.6315 0.7754
vn -0.1941 -0.9329 -0.3033
vn -0.2369 0.7478 -0.6203
vn -0.6084 0.7559 -0.2418
vn -0.6176 -0.1301 0.7756
vn -0.4360 -0.0446 0.8988
vn -0.7234 -0.6603 0.2017
vn -0.6225 -0.7247 0.2954
vn -0.8449 -0.4646 -0.2652
vn -0.7571 -0.6118 -0.2293
vn -0.6632 0.0635 -0.7457
vn -0.7057 0.1179 -0.6987
vn -0.2745 0.9098 0.3113
vn -0.1353 0.9525 0.2727
vn 0.1904 0.7171 -0.6704
vn -0.0059 0.9909 0.1347
vn -0.0200 0.9916 0.1281
vn -0.0397 0.7658 0.6418
vn 0.2584 -0.9433 -0.2082
vn 0.2259 -0.9327 0.2812
vn 0.0287 -0.0514 -0.9983
vn -0.0722 0.1236 -0.9897
vn -0.0224 0.7099 -0.7040
vn 0.0661 0.9390 -0.3376
vn 0.0984 0.9628 0.2516
vn 0.0595 0.9903 0.1256
vn 0.0150 0.3125 0.9498
vn 0.0414 0.2335 0.9715
vn 0.0234 -0.6587 0.7521
vn 0.2269 -0.9295 -0.2908
vn 0.2904 0.7200 -0.6303
vn 0.9961 -0.0883 0.0076
vn 0.9716 -0.2054 -0.1176
vn 0.7824 -0.0497 0.6208
vn 0.9746 0.1186 -0.1902
vn 0.9987 -0.0449 0.0229
vn 0.9860 -0.1590 -0.0497
vn 0.9421 0.3348 0.0181
vn 0.9688 0.1728 0.1776
vn 0.9224 -0.0617 -0.3813
vn 0.5053 0.8245 0.2549
vn 0.3072 0.9150 0.2617
vn 0.9957 -0.0726 -0.0582
vn 0.6276 -0.3790 -0.6800
vn -0.9979 -0.0649 0.0060
vn -0.9840 -0.1709 0.0502
vn -0.7547 -0.2630 -0.6011
vn -0.7676 -0.0426 -0.6395
vn 0.8168 -0.2340 -0.5272
vn 0.9938 -0.0746 -0.0820
vn 0.8167 -0.0155 -0.5769
vn 0.9875 0.1269 -0.0931
vn -0.8605 0.1001 -0.4995
vn -0.8574 0.1206 -0.5003
vn 0.3344 0.8924 0.3031
vn -0.4066 0.7645 0.5002
vn -0.3411 0.8807 0.3287
vn 0.3580 0.8847 0.2985
vn -0.4620 0.7937 0.3959
vn -0.7768 0.5629 0.2822
vn 0.4311 0.7337 0.5252
vn 0.7783 0.5912 0.2117
vn -0.8148 0.5311 0.2323
vn -0.3058 0.8798 0.3639
vn 0.7801 0.5739 0.2494
vn 0.4153 0.8296 0.3731
vn -0.0978 -0.7723 0.6277
vn 0.0596 -0.8734 0.4834
vn -0.1098 0.1105 -0.9878
vn 0.0122 0.2597 -0.9656
vn 0.1186 0.8080 0.5771
vn 0.0085 0.8966 0.4427
vn -0.0571 0.8943 -0.4438
vn 0.0247 0.9337 -0.3571
vn -0.0267 0.0361 0.9990
vn 0.0409 -0.0892 0.9952
vn -0.2301 0.0900 -0.9690
vn 0.1846 0.2381 -0.9535
vn 0.1273 -0.1046 0.9863
vn -0.1861 -0.0774 0.9795
vn -0.1508 0.9617 -0.2290
vn 0.2460 0.8558 0.4550
vn -0.0086 -0.8436 0.5369
vn 0.0779 0.9770 -0.1984
vn 0.0222 -0.9359 -0.3516
vn -0.0231 -0.8960 -0.4434
vn -0.0562 -0.8952 -0.4421
vn -0.1324 0.9620 0.2387
vn -0.2660 0.8865 0.3788
vn -0.3131 -0.7946 0.5202
vn -0.3159 -0.7918 0.5227
vn -0.3146 -0.7931 0.5215
vn -0.3161 -0.7916 0.5229
vn -0.3338 -0.8523 -0.4028
vn 0.0725 0.9681 0.2399
vn 0.1493 -0.1457 0.9780
vn -0.1905 -0.7904 -0.5821
vn 0.0420 -0.8763 0.4799
vn 0.2670 0.8671 -0.4205
vn 0.0555 0.1162 -0.9917
vn 0.0739 -0.8396 -0.5381
vn -0.0849 0.9885 0.1250
vn -0.1019 -0.3191 0.9422
vn 0.8066 -0.0244 0.5906
vn 0.3809 0.1156 0.9174
vn 0.0280 -0.8412 0.5399
vn 0.4518 -0.8722 -0.1873
vn 0.7749 -0.5762 0.2599
vn 0.0331 0.0664 -0.9972
vn 0.1662 0.1933 -0.9670
vn -0.0779 0.0655 -0.9948
vn -0.0747 0.0756 -0.9943
vn -0.0772 0.0676 -0.9947
vn -0.0742 0.0773 -0.9942
vn 0.4970 -0.7719 -0.3965
vn 0.9868 -0.1521 -0.0548
vn 0.8844 -0.3533 0.3050
vn 0.7160 -0.6976 0.0274
vn -0.6547 0.0177 -0.7557
vn 0.9223 0.3579 -0.1457
vn 0.8953 0.4246 -0.1345
vn -0.1994 0.0819 0.9765
vn -0.2050 0.0808 0.9754
vn -0.2064 0.0805 0.9752
vn -0.1977 0.0823 0.9768
vn 0.8431 0.5313 -0.0832
vn -0.2200 -0.1777 0.9592
vn 0.2268 -0.1629 0.9602
vn 0.1575 -0.0327 0.9870
vn 0.1181 -0.1047 0.9875
vn 0.0916 -0.3929 -0.9150
vn 0.7124 -0.6974 0.0783
vn -0.0889 0.4978 -0.8627
vn 0.0753 0.2027 -0.9763
vn 0.3180 0.0881 0.9440
vn 0.1341 0.5465 0.8267
vn -0.9161 -0.3827 -0.1194
vn -0.5880 -0.6554 0.4740
vn 0.7108 -0.5865 -0.3883
vn -0.3772 -0.9139 -0.1501
vn -0.2142 -0.9755 -0.0494
vn 0.3360 0.1718 0.9261
vn 0.3402 0.1582 0.9269
vn -0.9179 0.3632 0.1597
vn -0.5977 -0.2205 0.7708
vn -0.4515 -0.6343 -0.6275
vn 0.8092 -0.5484 0.2108
vn 0.3229 -0.9337 0.1547
vn 0.3203 -0.9338 0.1593
vn 0.3201 -0.9338 0.1597
vn 0.3234 -0.9337 0.1539
vn -0.5836 0.8070 -0.0904
vn -0.5665 0.8207 -0.0739
vn -0.0003 -0.0853 0.9964
vn -0.1269 -0.0211 0.9917
vn -0.9625 0.2322 0.1406
vn -0.4930 0.0615 -0.8679
vn 0.8086 0.5879 -0.0227
vn 0.9083 0.4109 -0.0784
vn -0.5100 -0.1905 -0.8388
vn -0.5496 -0.3093 -0.7761
vn 0.2272 0.9729 0.0424
vn 0.5555 0.8272 -0.0848
vn -0.1697 -0.9853 0.0203
vn -0.4064 -0.4143 -0.8144
vn -0.2312 -0.7761 -0.5868
vn -0.3259 -0.0511 -0.9440
vn -0.0985 -0.1392 -0.9854
vn 0.5042 -0.8567 0.1085
vn 0.4105 -0.9106 -0.0477
vn -0.7042 0.6247 0.3375
vn -0.6833 0.7296 0.0267
vn 0.0962 0.1179 0.9884
vn 0.1602 -0.1986 0.9669
vn -0.2836 0.1069 -0.9530
vn -0.2897 0.1607 -0.9435
vn -0.2036 0.9691 0.1393
vn -0.1619 -0.9825 -0.0915
vn -0.8752 -0.4779 0.0754
vn -0.1672 -0.9857 0.0189
vn -0.1265 0.9835 0.1295
vn -0.9970 0.0672 0.0377
vn -0.8161 -0.5673 0.1102
vn -0.1042 0.9304 -0.3513
vn -0.0733 0.9329 -0.3527
vn -0.0796 -0.1116 0.9906
vn -0.2028 -0.1029 0.9738
vn -0.0833 -0.9067 -0.4134
vn -0.1096 0.9097 0.4005
vn -0.1062 0.9851 0.1352
vn 0.0031 0.9997 -0.0257
vn -0.1921 0.1416 -0.9711
vn -0.0436 -0.9990 0.0021
vn 0.4433 -0.8949 0.0514
vn -0.7372 -0.4764 -0.4792
vn -0.5737 -0.4664 -0.6733
vn 0.1683 -0.8171 0.5514
vn -0.0153 -0.8808 0.4732
vn -0.0150 0.2505 -0.9680
vn -0.1226 0.1655 -0.9786
vn -0.0540 0.9013 0.4298
vn -0.0952 0.8818 0.4619
vn 0.0229 0.8961 -0.4432
vn 0.0622 0.8765 -0.4773
vn 0.2158 0.0418 0.9755
vn 0.1256 -0.0730 0.9894
vn 0.1124 0.0811 -0.9903
vn 0.0174 0.0758 -0.9970
vn -0.0849 -0.1003 0.9913
vn 0.1309 -0.1181 0.9843
vn 0.1331 -0.1233 0.9834
vn 0.1312 -0.1188 0.9842
vn 0.2191 0.9037 -0.3678
vn -0.0980 0.8814 0.4621
vn 0.0001 -0.8413 0.5405
vn -0.1195 0.9446 -0.3057
vn -0.1306 -0.9266 -0.3526
vn 0.0113 -0.7642 -0.6449
vn -0.0313 -0.8889 -0.4571
vn 0.2036 0.8851 0.4184
vn 0.1722 0.8675 0.4667
vn 0.1872 -0.8283 0.5280
vn 0.1888 -0.8269 0.5298
vn 0.2220 -0.8841 -0.4112
vn -0.0700 0.9008 0.4285
vn -0.1226 -0.1631 0.9790
vn 0.0632 -0.7535 -0.6544
vn -0.0562 -0.8733 0.4838
vn -0.2056 0.8911 -0.4045
vn -0.1373 0.2466 -0.9594
vn -0.1325 -0.8837 -0.4488
vn -0.0600 0.9928 0.1036
vn 0.0653 -0.3231 0.9441
vn -0.8547 -0.0564 0.5160
vn -0.3490 0.1362 0.9272
vn -0.0642 -0.8368 0.5437
vn -0.4088 -0.8960 -0.1734
vn -0.7643 -0.5583 0.3228
vn -0.0744 0.0814 -0.9939
vn -0.2095 0.1981 -0.9575
vn 0.1158 0.0939 -0.9888
vn 0.0963 0.1542 -0.9833
vn -0.4889 -0.7966 -0.3555
vn -0.9793 -0.2019 -0.0157
vn -0.8296 -0.3790 0.4101
vn -0.6612 -0.7473 0.0657
vn 0.5850 0.0371 -0.8102
vn -0.9111 0.3978 -0.1078
vn -0.8808 0.4633 -0.0979
vn 0.2397 0.0900 0.9667
vn 0.2405 0.0899 0.9665
vn -0.8218 0.5676 -0.0490
vn 0.2519 -0.1869 0.9495
vn -0.1933 -0.1526 0.9692
vn -0.1174 -0.0256 0.9928
vn -0.0811 -0.0991 0.9918
vn -0.1087 -0.4410 -0.8909
vn -0.5344 -0.8327 0.1453
vn 0.0830 0.4873 -0.8693
vn -0.1147 0.2038 -0.9723
vn -0.3020 0.1134 0.9465
vn -0.0818 0.5598 0.8246
vn 0.9137 0.1092 -0.3914
vn 0.7392 -0.5141 0.4351
vn -0.7107 -0.6043 -0.3601
vn 0.4950 -0.8628 -0.1025
vn 0.1978 -0.9797 0.0340
vn -0.2791 0.0091 0.9602
vn -0.2502 0.1428 0.9576
vn 0.9388 0.3228 0.1205
vn 0.6192 -0.2462 0.7456
vn 0.2884 -0.4981 -0.8178
vn -0.6909 -0.6010 0.4018
vn -0.3569 -0.9186 0.1696
vn -0.4695 -0.8823 -0.0328
vn 0.6168 0.7787 -0.1147
vn 0.5998 0.7944 -0.0963
vn 0.0300 -0.0748 0.9967
vn 0.1798 -0.0071 0.9837
vn 0.9624 0.2530 0.0987
vn 0.4556 0.0708 -0.8874
vn -0.7824 0.6227 0.0098
vn -0.8920 0.4501 -0.0413
vn 0.4657 -0.2128 -0.8590
vn 0.5026 -0.3332 -0.7977
vn -0.1825 0.9819 0.0498
vn -0.5219 0.8507 -0.0632
vn 0.1252 -0.9920 0.0143
vn 0.1268 -0.9918 0.0150
vn 0.1272 -0.9918 0.0152
vn 0.3535 -0.4319 -0.8298
vn 0.1723 -0.7856 -0.5943
vn 0.2840 -0.0674 -0.9565
vn 0.0518 -0.1447 -0.9881
vn -0.4486 -0.8931 -0.0336
vn -0.4515 -0.8918 -0.0286
vn 0.7442 0.5934 0.3065
vn 0.7150 0.6991 -0.0033
vn -0.0819 0.0908 0.9925
vn -0.1064 -0.1946 0.9751
vn 0.2479 0.0941 -0.9642
vn 0.2568 0.1477 -0.9551
vn 0.1183 0.8722 0.4747
vn 0.1571 -0.9811 -0.1134
vn 0.8559 -0.5157 0.0398
vn 0.1246 -0.9921 0.0140
vn 0.1878 0.9745 0.1227
vn 0.9967 0.0809 -0.0056
vn 0.7945 -0.6024 0.0772
vn 0.1282 0.9396 -0.3175
vn 0.1924 0.9291 -0.3160
vn 0.0440 -0.1244 0.9912
vn 0.1337 -0.1245 0.9832
vn 0.0923 -0.9052 -0.4148
vn 0.2413 0.9615 0.1315
vn 0.0028 0.9911 0.1328
vn 0.0415 0.9988 -0.0276
vn 0.1606 0.1553 -0.9747
vn 0.0000 -1.0000 0.0023
vn -0.4795 -0.8746 0.0718
vn 0.6950 -0.5083 -0.5085
vn 0.5241 -0.4912 -0.6957
vn 0.1829 -0.9304 0.3175
vn -0.8655 -0.2183 0.4508
vn -0.3933 -0.9106 0.1266
vn -0.9096 0.3451 0.2316
vn -0.7698 -0.6049 0.2035
vn -0.8379 -0.2344 0.4929
vn -0.9611 -0.2607 0.0915
vn -0.3858 -0.0630 0.9204
vn -0.9412 0.0512 0.3341
vn -0.6428 -0.2740 0.7154
vn -0.9612 -0.2342 -0.1459
vn -0.3944 0.3388 0.8542
vn -0.4728 0.3762 0.7968
vn -0.3743 -0.5944 0.7117
vn -0.2505 -0.5489 0.7975
vn -0.4939 -0.1337 0.8592
vn -0.5207 -0.8012 0.2947
vn -0.5648 0.2830 0.7752
vn -0.2673 0.2004 0.9426
vn -0.2676 0.2002 0.9425
vn -0.2718 0.1974 0.9419
vn -0.2719 0.1973 0.9419
vn 0.3263 -0.0546 0.9437
vn -0.9249 0.0783 0.3722
vn -0.2116 0.1770 -0.9612
vn -0.4238 0.3884 -0.8182
vn -0.8884 -0.0588 0.4553
vn -0.6423 0.3831 -0.6639
vn 0.0421 0.2753 0.9604
vn -0.5714 0.4147 0.7082
vn -0.7062 0.5075 0.4937
vn -0.9738 -0.2244 -0.0363
vn -0.0505 -0.9683 0.2446
vn -0.2278 -0.9577 0.1758
vn -0.6332 -0.3205 0.7045
vn -0.4971 -0.2296 0.8368
vn -0.4430 0.3662 0.8183
vn -0.5397 0.4059 0.7375
vn -0.5710 0.2040 0.7952
vn -0.6083 0.2144 0.7642
vn -0.6382 -0.0620 0.7674
vn -0.8024 -0.3312 0.4964
vn -0.7969 -0.3060 0.5209
vn -0.5106 -0.6309 0.5842
vn -0.8466 0.2143 0.4873
vn -0.3813 -0.9168 0.1189
vn -0.1431 -0.1780 0.9736
vn -0.3240 -0.9455 0.0321
vn -0.1986 -0.9790 -0.0470
vn -0.3082 -0.6130 0.7275
vn 0.0429 -0.2499 0.9673
vn -0.8381 -0.5401 -0.0768
vn -0.5155 -0.1051 0.8504
vn -0.3553 0.6736 0.6481
vn -0.5021 0.8112 0.2998
vn -0.8688 0.2281 0.4395
vn -0.8439 0.4099 0.3460
vn -0.3065 0.2350 0.9224
vn -0.5561 0.2405 0.7955
vn -0.9143 -0.0470 0.4024
vn -0.9143 -0.0475 0.4023
vn -0.9143 -0.0469 0.4024
vn -0.0720 -0.9745 0.2124
vn -0.9107 0.2978 0.2862
vn -0.4621 0.2828 0.8405
vn -0.9797 0.0129 0.2001
vn -0.9819 0.0166 0.1888
vn -0.4949 0.3380 0.8006
vn -0.8054 -0.0717 0.5883
vn -0.9901 -0.1376 0.0294
vn -0.9956 0.0275 0.0898
vn -0.5795 0.0096 0.8149
vn -0.3168 -0.5252 -0.7898
vn -0.9549 -0.0931 0.2820
vn -0.8738 0.0923 0.4774
vn -0.7201 -0.3030 0.6242
vn -0.3873 -0.3388 0.8574
vn -0.8001 -0.2268 0.5553
vn -0.3373 0.2583 0.9053
vn -0.8753 -0.0786 0.4771
vn -0.3475 -0.0647 0.9354
vn -0.8891 0.0053 0.4578
vn -0.9940 -0.0982 0.0478
vn -0.9804 -0.1788 0.0833
vn -0.6444 -0.1516 0.7495
vn -0.4149 -0.7900 0.4514
vn -0.4860 -0.3538 0.7991
vn -0.5727 -0.2025 0.7943
vn -0.7779 -0.2253 0.5867
vn -0.3855 -0.5814 0.7165
vn -0.5306 0.4016 0.7465
vn -0.3517 0.2769 0.8942
vn -0.1184 0.4161 0.9016
vn -0.5687 0.4448 0.6919
vn -0.4447 -0.5784 0.6838
vn -0.4295 -0.5954 0.6790
vn -0.8270 -0.4259 0.3670
vn -0.3276 0.2977 0.8967
vn -0.8757 -0.0720 0.4775
vn -0.5786 0.2024 0.7901
vn -0.8280 -0.0146 0.5605
vn -0.7262 -0.1940 0.6596
vn -0.5642 -0.1208 0.8167
vn -0.4753 0.2837 0.8329
vn -0.2846 0.4120 0.8656
vn -0.9744 0.1897 0.1209
vn -0.5076 0.0650 0.8591
vn -0.9520 0.0614 0.2998
vn 0.2035 -0.8844 0.4200
vn -0.9197 -0.0493 0.3895
vn -0.9906 0.0264 -0.1344
vn -0.9960 0.0495 -0.0745
vn -0.9702 -0.2346 -0.0597
vn -0.9313 0.0128 -0.3639
vn -0.4171 -0.5679 0.7096
vn -0.2072 0.4054 0.8903
vn -0.2567 0.1983 0.9459
vn -0.6723 0.2947 0.6791
vn -0.6482 -0.3245 0.6889
vn -0.5746 0.3015 0.7609
vn -0.6042 -0.4087 0.6840
vn -0.4714 -0.6735 0.5693
vn -0.4728 -0.8144 0.3363
vn -0.2693 -0.9567 0.1102
vn -0.8115 0.3253 0.4855
vn -0.6894 0.3646 0.6260
vn -0.7750 0.2819 0.5656
vn -0.1976 -0.3865 0.9009
vn -0.8615 -0.1043 0.4969
vn -0.9606 -0.1718 0.2184
vn -0.9122 -0.1312 0.3882
vn -0.9806 -0.0092 0.1956
vn -0.9139 -0.2830 0.2911
vn -0.9219 0.0503 0.3842
vn -0.9775 -0.0053 0.2110
vn -0.9204 -0.1398 0.3651
vn -0.7447 -0.3779 0.5501
vn 0.1612 -0.9360 0.3131
vn -0.2522 -0.9606 0.1168
vn -0.4065 -0.2170 0.8875
vn -0.8854 0.1775 0.4296
vn -0.2188 -0.2240 -0.9497
vn -0.9230 -0.1347 -0.3604
vn -0.9710 -0.0538 -0.2330
vn -0.7173 0.0008 -0.6968
vn -0.7103 -0.1809 -0.6803
vn -0.8845 0.4180 0.2070
vn -0.2632 -0.6684 -0.6957
vn -0.7827 -0.4886 0.3856
vn -0.5764 -0.7792 -0.2460
vn -0.9487 -0.2899 -0.1265
vn 0.0701 -0.6197 -0.7817
vn -0.0195 -0.0125 -0.9997
vn -0.6481 -0.5860 -0.4864
vn -0.9549 -0.2112 -0.2085
vn -0.2392 -0.4600 -0.8551
vn -0.7377 -0.5235 0.4263
vn -0.7582 -0.3564 -0.5461
vn -0.9295 -0.1591 0.3328
vn -0.9209 -0.1514 0.3591
vn -0.9959 -0.0898 -0.0056
vn -0.9372 0.1145 -0.3294
vn -0.2027 -0.2133 -0.9557
vn -0.6392 -0.1235 -0.7591
vn -0.1884 0.0108 -0.9820
vn -0.7303 -0.5158 -0.4480
vn -0.8468 0.3099 -0.4323
vn -0.7243 -0.1755 -0.6668
vn -0.0670 -0.4413 -0.8948
vn -0.6399 -0.7123 -0.2884
vn -0.0372 -0.5249 -0.8504
vn -0.2505 -0.1143 -0.9614
vn -0.7983 0.5503 -0.2447
vn -0.1751 0.9845 -0.0129
vn -0.9907 0.1357 0.0091
vn -0.5036 0.6145 -0.6073
vn -0.5036 0.6156 -0.6062
vn -0.5040 0.6062 -0.6153
vn -0.7744 0.6238 0.1055
vn -0.3317 0.6980 -0.6347
vn -0.9751 0.0302 -0.2197
vn -0.0838 0.9372 -0.3385
vn -0.1756 0.9844 -0.0134
vn -0.0939 0.9793 0.1792
vn -0.7434 0.5158 0.4258
vn -0.4920 -0.5246 0.6948
vn -0.2115 0.8372 -0.5043
vn -0.5040 0.6059 -0.6156
vn -0.1875 0.2273 -0.9556
vn -0.7612 0.5566 -0.3328
vn -0.0725 0.2737 -0.9591
vn -0.3024 0.9371 -0.1744
vn -0.5785 0.3191 -0.7507
vn -0.7462 0.6627 0.0638
vn -0.4458 -0.7745 0.4488
vn -0.2919 0.2221 -0.9303
vn -0.4682 -0.8711 -0.1481
vn -0.9701 0.0152 0.2424
vn -0.0859 0.9836 0.1587
vn -0.7998 0.5995 0.0284
vn -0.9311 0.3448 0.1187
vn -0.8093 -0.5824 -0.0766
vn -0.6423 0.1444 0.7527
vn -0.0323 -0.8970 -0.4409
vn -0.8714 -0.2580 0.4172
vn -0.9435 0.0673 -0.3245
vn -0.3801 0.8746 -0.3008
vn 0.0538 0.9867 -0.1536
vn 0.1427 0.9880 0.0597
vn -0.6674 -0.1110 0.7364
vn -0.8487 -0.4013 0.3444
vn -0.9394 -0.2968 0.1718
vn 0.2148 0.1426 -0.9662
vn -0.5014 0.2953 0.8132
vn -0.3472 0.2943 0.8904
vn -0.2154 0.7179 0.6620
vn -0.2151 0.7221 0.6575
vn -0.2153 0.7191 0.6607
vn -0.2151 0.7231 0.6565
vn -0.9788 0.0508 0.1983
vn -0.9141 -0.0380 0.4037
vn 0.5247 -0.0192 0.8511
vn -0.1565 -0.9774 0.1418
vn -0.3045 -0.5487 -0.7786
vn -0.3931 -0.8892 0.2340
vn -0.0245 -0.9832 0.1807
vn -0.0797 -0.0166 0.9967
vn -0.1497 -0.3260 0.9334
vn -0.7463 -0.0563 0.6632
vn -0.1497 -0.1831 0.9716
vn 0.3273 -0.2706 0.9053
vn -0.1830 -0.9304 0.3176
vn 0.8681 -0.2678 0.4180
vn 0.3930 -0.9108 0.1265
vn 0.8467 0.2138 0.4873
vn 0.7693 -0.6056 0.2033
vn 0.8396 -0.2898 0.4595
vn 0.9608 -0.2616 0.0914
vn 0.3485 -0.0723 0.9345
vn 0.9520 0.0608 0.2999
vn 0.6192 -0.2126 0.7559
vn 0.9597 -0.2376 -0.1498
vn 0.4042 0.3187 0.8574
vn 0.4705 0.3807 0.7960
vn 0.3742 -0.5946 0.7116
vn 0.2504 -0.5491 0.7974
vn 0.4939 -0.1344 0.8591
vn 0.4017 -0.9054 0.1372
vn 0.5649 0.2820 0.7754
vn 0.2236 0.2782 0.9341
vn 0.3155 0.2242 0.9221
vn -0.2906 -0.1983 0.9361
vn 0.9412 0.0506 0.3341
vn 0.5219 0.1774 -0.8343
vn 0.4975 0.1555 -0.8534
vn 0.8955 -0.0779 0.4382
vn 0.6733 0.2012 -0.7114
vn 0.0009 0.2756 0.9613
vn 0.5714 0.4145 0.7083
vn 0.7063 0.5072 0.4938
vn 0.9722 -0.2302 -0.0420
vn 0.0505 -0.9683 0.2446
vn 0.2020 -0.9675 0.1518
vn 0.6331 -0.3210 0.7044
vn 0.4971 -0.2299 0.8367
vn 0.4431 0.3659 0.8184
vn 0.5398 0.4056 0.7377
vn 0.6084 0.2141 0.7642
vn 0.5710 0.2037 0.7952
vn 0.6381 -0.0627 0.7674
vn 0.8270 -0.3384 0.4489
vn 0.7897 -0.1850 0.5849
vn 0.5105 -0.6311 0.5840
vn 0.9098 0.3445 0.2317
vn 0.3810 -0.9169 0.1189
vn 0.1439 -0.1783 0.9734
vn 0.3239 -0.9456 0.0319
vn 0.1986 -0.9790 -0.0470
vn 0.0078 -0.2501 0.9682
vn 0.3303 -0.5888 0.7377
vn 0.8386 -0.5377 -0.0868
vn 0.5185 -0.1071 0.8484
vn 0.4283 0.5560 0.7123
vn 0.6315 0.7041 0.3247
vn 0.8692 0.1757 0.4623
vn 0.8440 0.4098 0.3460
vn 0.3778 0.2285 0.8972
vn 0.5774 0.1572 0.8012
vn 0.9225 -0.0961 0.3739
vn 0.0057 -0.9904 0.1384
vn 0.8883 0.3521 0.2950
vn 0.4160 0.3114 0.8544
vn 0.9865 0.0534 0.1549
vn 0.9814 -0.0435 0.1868
vn 0.4979 0.4434 0.7453
vn 0.7474 -0.0913 0.6581
vn 0.9881 -0.1408 0.0615
vn 0.9912 0.0378 0.1268
vn 0.5876 -0.0808 0.8051
vn 0.3168 -0.5254 -0.7897
vn 0.9786 -0.0528 0.1990
vn 0.8738 0.0916 0.4776
vn 0.7158 -0.3101 0.6257
vn -0.1344 -0.8893 0.4372
vn 0.7485 -0.1923 0.6346
vn 0.3376 0.2579 0.9053
vn 0.9203 -0.2785 0.2746
vn 0.4129 -0.0704 0.9081
vn 0.8447 -0.0736 0.5302
vn 0.9939 -0.0996 0.0469
vn 0.9872 -0.1451 0.0670
vn 0.6443 -0.1521 0.7495
vn 0.6566 -0.4390 0.6133
vn 0.2449 -0.4793 0.8428
vn 0.4879 -0.2604 0.8332
vn 0.8103 -0.1959 0.5523
vn 0.4031 -0.5665 0.7187
vn 0.6473 0.3075 0.6974
vn 0.1096 0.4158 0.9028
vn 0.3518 0.2731 0.8953
vn 0.5549 0.1818 0.8118
vn 0.4506 -0.5827 0.6764
vn 0.4603 -0.5713 0.6795
vn 0.4497 -0.4869 0.7488
vn 0.2818 0.2957 0.9128
vn 0.2820 0.2960 0.9126
vn 0.2815 0.2954 0.9129
vn 0.9022 -0.0699 0.4257
vn 0.7777 0.3692 0.5088
vn 0.7964 0.0327 0.6038
vn 0.6301 -0.1519 0.7615
vn 0.5641 -0.1219 0.8167
vn 0.4931 0.3176 0.8099
vn 0.3503 0.4188 0.8378
vn 0.9745 0.1889 0.1208
vn 0.4732 0.0569 0.8791
vn 0.9249 0.0778 0.3722
vn 0.8758 -0.3723 0.3071
vn 0.9455 0.0320 0.3240
vn 0.9950 0.0520 -0.0851
vn 0.9817 0.0147 -0.1901
vn 0.9732 -0.2274 -0.0356
vn 0.9334 -0.0020 -0.3588
vn 0.5352 -0.4986 0.6819
vn 0.2874 0.3035 0.9085
vn 0.2469 0.4138 0.8762
vn 0.6671 0.2899 0.6863
vn 0.6730 -0.2915 0.6798
vn 0.5747 0.3004 0.7612
vn 0.5491 -0.2560 0.7956
vn 0.2992 -0.7290 0.6157
vn 0.3211 -0.9291 0.1837
vn 0.2693 -0.9567 0.1101
vn 0.7446 0.3203 0.5857
vn 0.6879 0.3727 0.6228
vn 0.5638 0.2367 0.7913
vn 0.1806 -0.3228 0.9291
vn 0.8238 -0.0800 0.5613
vn 0.9712 -0.1396 0.1930
vn 0.9093 -0.0269 0.4153
vn 0.9091 -0.0313 0.4154
vn 0.9091 -0.0315 0.4154
vn 0.9878 0.0344 0.1520
vn 0.8936 -0.0823 0.4412
vn 0.9093 -0.0266 0.4153
vn 0.9803 -0.0421 0.1930
vn 0.9394 -0.0435 0.3399
vn 0.5270 -0.6445 0.5540
vn -0.3173 -0.9178 0.2386
vn 0.2521 -0.9606 0.1168
vn 0.4066 -0.2175 0.8873
vn 0.8550 0.2169 0.4711
vn 0.3344 -0.1769 -0.9257
vn 0.9500 -0.0953 -0.2972
vn 0.9686 -0.0557 -0.2423
vn 0.7734 0.2652 -0.5757
vn 0.6319 -0.3235 -0.7043
vn 0.8477 -0.3066 0.4330
vn 0.2632 -0.6685 -0.6955
vn 0.7330 -0.4878 0.4741
vn 0.6220 -0.6859 -0.3776
vn 0.9676 -0.0803 -0.2392
vn -0.0701 -0.6197 -0.7817
vn 0.0195 -0.0116 -0.9997
vn 0.6168 -0.4189 -0.6664
vn 0.9682 -0.1872 -0.1660
vn 0.2861 -0.4269 -0.8578
vn 0.7376 -0.4837 0.4711
vn 0.6782 -0.4029 -0.6146
vn 0.9263 -0.1135 0.3592
vn 0.9615 -0.1359 0.2387
vn 0.9954 -0.0958 -0.0047
vn 0.9089 0.1157 -0.4006
vn 0.3652 -0.2029 -0.9086
vn 0.4471 -0.1480 -0.8822
vn 0.2855 0.0733 -0.9556
vn 0.5815 -0.4588 -0.6719
vn 0.6544 0.0510 -0.7544
vn 0.6109 -0.2458 -0.7525
vn 0.1654 -0.4364 -0.8844
vn 0.4742 -0.8333 -0.2841
vn 0.0372 -0.5249 -0.8503
vn 0.2954 -0.2252 -0.9284
vn 0.7242 0.5848 -0.3656
vn 0.2583 0.9065 -0.3341
vn 0.9858 0.1676 -0.0116
vn 0.6695 0.7236 -0.1676
vn 0.6879 0.6510 -0.3209
vn 0.1261 0.9463 -0.2978
vn 0.9661 0.0249 -0.2570
vn 0.0980 0.9360 -0.3380
vn 0.1400 0.9850 0.1012
vn 0.1510 0.9857 0.0755
vn 0.4398 0.7234 0.5322
vn 0.3685 0.2350 0.8994
vn 0.1656 0.8448 -0.5089
vn 0.8579 0.2223 -0.4632
vn 0.2260 0.2254 -0.9477
vn 0.5148 0.2135 -0.8303
vn 0.3397 0.1730 -0.9245
vn 0.1164 0.9386 -0.3249
vn 0.5529 0.1970 -0.8096
vn 0.8666 0.4984 0.0255
vn 0.4697 -0.6928 0.5473
vn 0.3757 0.2150 -0.9014
vn 0.5804 -0.5361 0.6130
vn -0.2270 0.3048 0.9250
vn 0.1793 0.9712 0.1567
vn 0.8026 0.5915 0.0776
vn 0.8314 0.5484 0.0894
vn 0.4924 -0.6550 0.5732
vn 0.7785 0.3700 0.5070
vn 0.0477 -0.9323 -0.3586
vn 0.8278 -0.2137 0.5188
vn 0.8446 0.2815 -0.4555
vn 0.3518 0.8747 -0.3334
vn -0.0402 0.9872 -0.1540
vn -0.1157 0.9894 0.0877
vn 0.6580 -0.1012 0.7462
vn 0.8438 -0.3867 0.3721
vn 0.8802 -0.3372 0.3340
vn -0.2108 0.1308 -0.9687
vn 0.5370 0.2002 0.8195
vn 0.3626 0.2051 0.9091
vn 0.2154 0.7179 0.6620
vn 0.2183 0.6306 0.7448
vn 0.9777 0.0481 0.2043
vn 0.9180 -0.0343 0.3950
vn 0.3972 0.9157 0.0619
vn 0.4505 -0.6539 0.6078
vn 0.3926 -0.5300 -0.7516
vn 0.5935 -0.5350 0.6012
vn 0.0225 -0.9874 0.1564
vn 0.0775 -0.1556 0.9848
vn 0.1580 -0.2933 0.9429
vn 0.6001 -0.2655 0.7546
vn 0.1571 -0.3371 0.9283
vn -0.2903 -0.1837 0.9391
usemtl g0m0.001
s 1
f 164/1/1 136/2/1 172/3/1
f 283/4/2 215/5/2 197/6/2
f 161/7/3 197/6/3 215/5/3
f 561/8/4 542/9/4 381/10/4
f 549/11/5 381/10/5 542/9/5
f 566/12/6 235/13/6 226/14/6
f 165/15/7 235/13/7 144/16/7
f 143/17/8 136/2/8 164/1/8
f 226/14/9 173/18/9 216/19/9
f 285/20/10 292/21/10 216/19/10
f 235/13/11 228/22/11 144/16/11
f 197/6/12 247/23/12 254/24/12
f 337/25/13 255/26/13 248/27/13
f 452/28/14 571/29/14 567/30/14
f 351/31/15 401/32/15 452/28/15
f 139/33/16 149/34/16 137/35/16
f 213/36/17 209/37/17 149/34/17
f 228/22/18 218/38/18 144/16/18
f 141/39/19 144/16/19 151/40/19
f 161/7/20 137/35/20 175/41/20
f 228/22/21 533/42/21 218/38/21
f 520/43/22 218/38/22 533/42/22
f 452/28/23 567/30/23 348/44/23
f 331/45/24 336/46/24 247/23/24
f 554/47/25 331/45/25 380/48/25
f 144/16/26 218/38/26 151/40/26
f 159/49/27 155/50/27 157/51/27
f 154/52/28 213/36/29 149/34/30
f 209/37/31 163/53/31 149/34/31
f 175/41/32 163/53/33 247/23/34
f 209/37/35 239/54/35 163/53/35
f 197/6/36 161/7/36 175/41/36
f 385/55/37 298/56/37 290/57/37
f 337/25/38 302/58/38 255/26/38
f 566/12/39 226/14/39 292/21/39
f 213/36/40 158/59/40 225/60/40
f 561/8/41 381/10/41 225/60/41
f 252/61/42 381/10/42 380/48/42
f 151/40/43 218/38/43 205/62/43
f 158/59/44 213/36/29 154/52/28
f 157/51/45 155/50/45 150/63/45
f 205/62/46 218/38/46 520/43/46
f 158/59/47 214/64/47 225/60/47
f 145/65/48 186/66/48 152/67/48
f 156/68/49 146/69/49 153/70/49
f 176/71/50 146/69/50 156/68/50
f 232/72/51 195/73/51 264/74/51
f 187/75/52 212/76/52 262/77/52
f 195/73/53 205/62/53 264/74/53
f 545/78/54 523/79/54 427/80/54
f 152/67/55 186/66/55 214/64/55
f 157/51/56 153/70/56 159/49/56
f 152/67/57 214/64/57 158/59/57
f 232/72/58 264/74/58 426/81/58
f 156/68/59 153/70/59 157/51/59
f 264/74/60 205/62/60 520/43/60
f 232/72/61 176/71/61 195/73/61
f 426/81/62 264/74/62 544/82/62
f 264/74/63 520/43/63 544/82/63
f 528/83/64 225/60/64 214/64/64
f 260/84/65 214/64/65 186/66/65
f 455/85/66 528/83/66 260/84/66
f 527/86/67 454/87/67 548/88/67
f 528/83/68 214/64/68 260/84/68
f 561/8/69 225/60/69 528/83/69
f 252/61/70 213/36/70 381/10/70
f 225/60/71 381/10/71 213/36/71
f 380/48/72 381/10/72 549/11/72
f 554/47/73 380/48/73 549/11/73
f 239/54/74 380/48/75 331/45/76
f 554/47/77 336/46/77 331/45/77
f 425/89/78 539/90/78 263/91/78
f 425/89/79 505/92/79 539/90/79
f 263/91/80 546/93/80 261/94/80
f 182/95/81 263/91/81 261/94/81
f 182/95/82 261/94/82 211/96/82
f 169/97/83 182/95/83 211/96/83
f 148/98/84 182/95/84 169/97/84
f 206/99/85 202/100/85 148/98/85
f 206/99/86 148/98/86 169/97/86
f 286/101/87 202/100/87 206/99/87
f 286/101/88 206/99/88 296/102/88
f 286/101/89 296/102/89 522/103/89
f 539/90/90 546/93/90 263/91/90
f 538/104/91 448/105/91 269/106/91
f 538/104/92 504/107/92 448/105/92
f 269/106/93 286/101/93 538/104/93
f 538/104/94 286/101/94 522/103/94
f 269/106/95 202/100/95 286/101/95
f 293/108/96 448/105/96 399/109/96
f 421/110/97 399/109/97 504/107/97
f 422/111/98 425/89/98 259/112/98
f 433/113/99 278/114/99 417/115/99
f 280/116/100 217/117/100 278/114/100
f 280/116/101 222/118/101 217/117/101
f 222/118/102 183/119/102 217/117/102
f 198/120/103 174/121/103 168/122/103
f 198/120/104 250/123/104 244/124/104
f 250/123/105 312/125/105 338/126/105
f 445/127/106 418/128/106 338/126/106
f 278/114/107 275/129/107 420/130/107
f 443/131/108 433/113/108 417/115/108
f 278/114/109 185/132/109 275/129/109
f 278/114/110 217/117/110 185/132/110
f 183/119/111 168/122/111 217/117/111
f 201/133/112 178/134/112 177/135/112
f 147/136/113 201/133/113 177/135/113
f 201/133/114 246/137/114 194/138/114
f 174/121/115 244/124/115 229/139/115
f 253/140/116 396/141/116 372/142/116
f 338/126/117 418/128/117 457/143/117
f 358/144/118 431/145/118 395/146/118
f 275/129/119 272/147/119 358/144/119
f 272/147/120 221/148/121 310/149/122
f 275/129/123 219/150/123 272/147/123
f 219/150/124 178/134/124 221/148/124
f 185/132/125 147/136/125 177/135/125
f 253/140/126 246/137/126 201/133/126
f 168/122/127 174/121/127 229/139/127
f 185/132/128 177/135/128 219/150/128
f 201/133/129 194/138/129 178/134/129
f 177/135/130 178/134/130 219/150/130
f 275/129/131 185/132/131 219/150/131
f 219/150/132 221/148/121 272/147/120
f 420/130/133 275/129/133 358/144/133
f 272/147/134 310/149/134 358/144/134
f 456/151/135 417/115/135 420/130/135
f 244/124/136 338/126/136 229/139/136
f 180/152/137 220/153/137 178/134/137
f 180/152/138 160/154/138 220/153/138
f 221/148/139 220/153/140 310/149/141
f 220/153/142 202/100/142 269/106/142
f 310/149/143 419/155/143 358/144/143
f 293/108/144 269/106/144 448/105/144
f 253/140/145 372/142/145 246/137/145
f 372/142/146 422/111/146 259/112/146
f 246/137/147 196/156/147 194/138/147
f 259/112/148 263/91/148 182/95/148
f 180/152/149 196/156/149 160/154/149
f 229/139/150 396/141/150 253/140/150
f 217/117/151 168/122/151 185/132/151
f 183/119/152 198/120/152 168/122/152
f 312/125/153 445/127/153 338/126/153
f 259/112/154 182/95/154 196/156/154
f 259/112/155 425/89/155 263/91/155
f 259/112/156 196/156/156 246/137/156
f 194/138/157 196/156/157 178/134/157
f 160/154/158 182/95/158 148/98/158
f 178/134/159 196/156/159 180/152/159
f 178/134/160 220/153/160 221/148/160
f 160/154/161 202/100/161 220/153/161
f 293/108/162 220/153/162 269/106/162
f 310/149/141 220/153/140 293/108/163
f 310/149/164 293/108/164 399/109/164
f 372/142/165 259/112/165 246/137/165
f 310/149/166 399/109/166 419/155/166
f 433/113/167 280/116/167 278/114/167
f 431/145/168 399/109/168 421/110/168
f 399/109/169 448/105/169 504/107/169
f 422/111/170 505/92/170 425/89/170
f 432/157/171 422/111/171 372/142/171
f 396/141/172 432/157/172 372/142/172
f 332/158/173 444/159/173 294/160/173
f 294/160/174 444/159/174 311/161/174
f 258/162/175 199/163/175 231/164/175
f 231/164/176 199/163/176 184/165/176
f 231/164/177 184/165/177 243/166/177
f 224/167/178 243/166/178 184/165/178
f 242/168/179 223/169/179 281/170/179
f 243/166/180 282/171/180 271/172/180
f 271/172/181 282/171/181 434/173/181
f 332/158/182 434/173/182 444/159/182
f 271/172/183 434/173/183 332/158/183
f 181/174/184 168/122/184 229/139/184
f 198/120/185 244/124/185 174/121/185
f 244/124/186 250/123/186 338/126/186
f 258/162/187 249/175/187 199/163/187
f 419/155/188 399/109/188 431/145/188
f 419/155/189 431/145/189 358/144/189
f 539/90/190 505/92/190 628/176/190
f 504/107/191 538/104/191 627/177/191
f 290/57/192 416/178/192 385/55/192
f 385/55/193 401/32/193 301/179/193
f 563/180/194 292/21/194 285/20/194
f 247/23/195 239/54/195 331/45/195
f 175/41/32 137/35/196 163/53/33
f 209/37/197 252/61/197 380/48/197
f 239/54/74 209/37/198 380/48/75
f 209/37/199 213/36/199 252/61/199
f 569/181/200 564/182/200 284/183/200
f 284/183/201 349/184/201 569/181/201
f 291/185/202 300/186/202 256/187/202
f 300/186/203 284/183/203 256/187/203
f 300/186/204 350/188/204 284/183/204
f 256/187/205 266/189/205 291/185/205
f 337/25/206 382/190/206 297/191/206
f 414/192/207 382/190/207 337/25/207
f 553/193/208 414/192/208 337/25/208
f 290/57/209 551/194/209 416/178/209
f 266/189/210 256/187/210 227/195/210
f 247/23/211 197/6/211 175/41/211
f 283/4/212 197/6/212 254/24/212
f 216/19/213 292/21/213 226/14/213
f 161/7/214 215/5/214 171/196/214
f 235/13/215 165/15/215 226/14/215
f 165/15/216 173/18/216 226/14/216
f 163/53/217 239/54/217 247/23/217
f 163/53/218 137/35/218 149/34/218
f 229/139/219 338/126/219 396/141/219
f 181/174/220 229/139/220 253/140/220
f 201/133/221 181/174/221 253/140/221
f 147/136/222 181/174/222 201/133/222
f 395/146/223 456/151/223 358/144/223
f 338/126/224 457/143/224 396/141/224
f 456/151/225 420/130/225 358/144/225
f 278/114/226 420/130/226 417/115/226
f 185/132/227 168/122/227 147/136/227
f 168/122/228 181/174/228 147/136/228
f 932/197/229 983/198/230 926/199/231
f 946/200/232 933/201/232 841/202/232
f 933/201/233 946/200/233 986/203/233
f 745/204/234 541/205/234 560/206/234
f 550/207/235 745/204/235 747/208/235
f 836/209/236 926/199/236 565/210/236
f 983/198/237 1006/211/237 921/212/237
f 1005/213/238 984/214/238 1014/215/238
f 932/197/239 976/216/239 983/198/239
f 932/197/240 836/209/241 839/217/242
f 1006/211/243 922/218/243 921/212/243
f 946/200/244 916/219/245 993/220/244
f 917/221/246 898/222/246 830/223/246
f 568/224/247 572/225/247 730/226/247
f 763/227/248 770/228/248 859/229/248
f 1013/230/249 1000/231/249 1009/232/249
f 1000/231/250 994/233/250 940/234/250
f 1006/211/251 944/235/251 922/218/251
f 999/236/252 995/237/252 1007/238/252
f 992/239/253 1012/240/253 1015/241/253
f 944/235/254 532/242/254 922/218/254
f 532/242/255 944/235/255 519/243/255
f 807/244/256 568/224/256 730/226/256
f 916/219/257 831/245/257 834/246/257
f 747/208/258 834/246/258 555/247/258
f 1007/238/259 995/237/259 1006/211/259
f 981/248/260 982/249/261 989/250/262
f 1000/231/263 934/251/263 997/252/263
f 934/251/264 1000/231/264 940/234/264
f 916/219/265 914/253/265 994/233/265
f 994/233/266 914/253/266 940/234/266
f 993/220/244 986/203/267 946/200/244
f 873/254/268 864/255/268 770/228/268
f 898/222/269 861/256/269 830/223/269
f 565/210/270 926/199/270 921/212/270
f 930/257/271 990/258/271 934/251/271
f 930/257/272 934/251/273 745/204/274
f 747/208/275 745/204/275 892/259/275
f 996/260/276 982/249/277 999/236/278
f 997/252/279 934/251/279 990/258/279
f 944/235/280 995/237/280 961/261/280
f 519/243/281 944/235/281 961/261/281
f 930/257/282 935/262/282 990/258/282
f 988/263/283 960/264/283 1002/265/283
f 981/248/284 1001/266/284 966/267/284
f 967/268/285 981/248/286 966/267/287
f 887/269/288 967/268/288 918/270/288
f 887/269/289 961/261/289 967/268/289
f 707/271/290 523/79/290 545/78/290
f 935/262/291 960/264/291 988/263/291
f 989/250/262 987/272/292 981/248/260
f 990/258/293 935/262/293 988/263/293
f 708/273/294 887/269/294 918/270/294
f 961/261/295 981/248/286 967/268/285
f 519/243/296 961/261/296 887/269/296
f 967/268/297 966/267/297 918/270/297
f 543/274/298 887/269/298 708/273/298
f 543/274/299 519/243/299 887/269/299
f 529/275/300 930/257/300 560/206/300
f 960/264/301 935/262/301 889/276/301
f 889/276/302 529/275/302 643/277/302
f 548/88/303 642/278/303 527/86/303
f 889/276/304 935/262/304 529/275/304
f 529/275/305 935/262/305 930/257/305
f 745/204/274 934/251/273 892/259/306
f 930/257/307 745/204/307 560/206/307
f 550/207/308 541/205/308 745/204/308
f 550/207/309 747/208/309 555/247/309
f 940/234/310 747/208/310 892/259/310
f 834/246/311 831/245/311 555/247/311
f 890/279/312 540/280/312 710/281/312
f 540/280/313 629/282/313 710/281/313
f 890/279/314 547/283/314 540/280/314
f 891/284/315 890/279/315 948/285/315
f 937/286/316 891/284/316 948/285/316
f 937/286/317 948/285/317 975/287/317
f 975/287/318 948/285/318 998/288/318
f 975/287/319 998/288/319 952/289/319
f 952/289/320 998/288/320 945/290/320
f 952/289/321 945/290/321 815/291/321
f 835/292/322 952/289/322 815/291/322
f 521/293/323 835/292/323 814/294/323
f 890/279/324 891/284/324 547/283/324
f 819/295/325 686/296/325 537/297/325
f 686/296/326 626/298/326 537/297/326
f 537/297/327 814/294/327 819/295/327
f 521/293/328 814/294/328 537/297/328
f 815/291/329 945/290/329 820/299/329
f 739/300/330 686/296/330 848/301/330
f 626/298/331 686/296/331 739/300/331
f 901/302/332 710/281/332 712/303/332
f 683/304/333 721/305/333 702/306/333
f 854/307/334 931/308/334 844/309/334
f 931/308/335 924/310/335 844/309/335
f 931/308/336 964/311/336 924/310/336
f 971/312/337 972/313/337 950/314/337
f 907/315/338 904/316/338 950/314/338
f 774/317/339 783/318/339 904/316/339
f 774/317/340 722/319/341 685/320/342
f 704/321/343 849/322/343 854/307/343
f 721/305/344 854/307/344 702/306/344
f 849/322/345 957/323/346 854/307/347
f 957/323/346 931/308/348 854/307/347
f 931/308/349 971/312/349 964/311/349
f 968/324/350 970/325/350 941/326/350
f 968/324/351 941/326/351 1003/327/351
f 962/328/352 902/329/352 941/326/352
f 915/330/353 907/315/353 972/313/353
f 768/331/354 726/332/354 893/333/354
f 665/334/355 722/319/355 774/317/355
f 725/335/356 699/336/356 736/337/356
f 736/337/357 872/338/357 849/322/357
f 870/339/358 929/340/358 872/338/358
f 872/338/359 923/341/359 849/322/359
f 929/340/360 970/325/360 923/341/360
f 968/324/361 1003/327/361 957/323/361
f 941/326/362 902/329/362 893/333/362
f 973/342/363 915/330/363 971/312/363
f 923/341/364 968/324/364 957/323/364
f 970/325/365 962/328/365 941/326/365
f 923/341/366 970/325/366 968/324/366
f 923/341/367 957/323/367 849/322/367
f 872/338/368 929/340/368 923/341/368
f 736/337/369 849/322/369 704/321/369
f 736/337/370 870/339/370 872/338/370
f 704/321/371 721/305/371 664/343/371
f 915/330/372 774/317/372 907/315/372
f 970/325/373 928/344/374 969/345/375
f 928/344/376 945/290/376 991/346/376
f 870/339/377 928/344/378 929/340/379
f 820/299/380 945/290/380 928/344/380
f 736/337/381 715/347/382 870/339/383
f 686/296/384 820/299/384 848/301/384
f 902/329/385 768/331/385 893/333/385
f 901/302/386 712/303/386 768/331/386
f 962/328/387 951/348/387 902/329/387
f 948/285/388 890/279/388 901/302/388
f 998/288/389 948/285/389 991/346/389
f 915/330/390 726/332/390 774/317/390
f 957/323/391 971/312/391 931/308/391
f 971/312/392 950/314/392 964/311/392
f 774/317/340 685/320/342 783/318/393
f 951/348/394 948/285/394 901/302/394
f 890/279/395 710/281/395 901/302/395
f 902/329/396 951/348/396 901/302/396
f 970/325/397 951/348/397 962/328/397
f 991/346/398 948/285/398 951/348/398
f 969/345/399 951/348/399 970/325/399
f 929/340/400 928/344/374 970/325/373
f 991/346/401 945/290/401 998/288/401
f 820/299/402 928/344/402 848/301/402
f 848/301/403 928/344/378 870/339/377
f 739/300/404 848/301/404 870/339/404
f 902/329/405 901/302/405 768/331/405
f 715/347/382 739/300/406 870/339/383
f 854/307/407 844/309/407 702/306/407
f 711/349/408 739/300/408 699/336/408
f 711/349/409 626/298/409 739/300/409
f 710/281/410 629/282/410 712/303/410
f 768/331/411 712/303/411 700/350/411
f 768/331/412 700/350/412 726/332/412
f 833/351/413 684/352/413 822/353/413
f 782/354/414 684/352/414 833/351/414
f 895/355/415 782/354/415 833/351/415
f 903/356/416 782/354/416 895/355/416
f 919/357/417 949/358/417 895/355/417
f 963/359/418 949/358/418 919/357/418
f 905/360/419 963/359/419 919/357/419
f 963/359/420 905/360/420 925/361/420
f 845/362/421 925/361/422 905/360/423
f 877/363/424 845/362/421 905/360/423
f 703/364/425 845/362/425 877/363/425
f 684/352/426 703/364/426 822/353/426
f 822/353/427 703/364/427 877/363/427
f 915/330/428 972/313/428 971/312/428
f 972/313/429 907/315/429 950/314/429
f 774/317/430 904/316/430 907/315/430
f 949/358/431 903/356/431 895/355/431
f 699/336/432 739/300/432 715/347/432
f 736/337/433 699/336/433 715/347/433
f 770/228/434 750/365/434 873/254/434
f 860/366/435 805/367/435 763/227/435
f 839/217/242 836/209/241 562/368/436
f 834/246/437 747/208/437 914/253/437
f 994/233/438 1013/230/438 993/220/438
f 914/253/439 747/208/439 940/234/439
f 916/219/440 834/246/440 914/253/440
f 892/259/441 934/251/441 940/234/441
f 840/369/442 564/182/442 569/181/442
f 569/181/443 809/370/443 840/369/443
f 897/371/444 862/372/444 874/373/444
f 897/371/445 840/369/445 862/372/445
f 840/369/446 808/374/446 862/372/446
f 874/373/447 888/375/447 897/371/447
f 863/376/448 771/377/448 830/223/448
f 830/223/449 771/377/449 751/378/449
f 830/223/450 751/378/450 555/247/450
f 750/365/451 552/379/451 873/254/451
f 927/380/452 897/371/452 888/375/452
f 916/219/453 946/200/453 899/381/453
f 899/381/454 946/200/454 841/202/454
f 926/199/231 836/209/455 932/197/229
f 978/382/456 933/201/456 986/203/456
f 926/199/457 983/198/457 921/212/457
f 984/214/458 977/383/458 1010/384/458
f 993/220/459 916/219/459 994/233/459
f 1000/231/460 1013/230/460 994/233/460
f 893/333/461 726/332/461 915/330/461
f 893/333/462 915/330/462 973/342/462
f 893/333/463 973/342/463 941/326/463
f 941/326/464 973/342/464 1003/327/464
f 736/337/465 664/343/465 725/335/465
f 726/332/466 665/334/466 774/317/466
f 736/337/467 704/321/467 664/343/467
f 721/305/468 704/321/468 854/307/468
f 1003/327/469 971/312/469 957/323/469
f 1003/327/470 973/342/470 971/312/470
f 558/385/471 565/210/471 921/212/471
f 534/386/472 558/385/472 922/218/472
f 921/212/473 922/218/473 558/385/473
f 534/386/474 922/218/474 532/242/474
f 559/387/475 228/22/476 235/13/477
f 235/13/478 566/12/478 559/387/478
f 228/22/479 535/388/479 533/42/479
f 228/22/476 559/387/475 535/388/480
f 267/389/481 391/390/481 233/391/481
f 166/392/482 192/393/483 364/394/484
f 325/395/485 166/392/482 397/396/486
f 200/397/487 240/398/487 245/399/487
f 257/400/488 230/401/488 203/402/488
f 241/403/489 203/402/489 230/401/489
f 179/404/490 170/405/490 203/402/490
f 210/406/491 179/404/491 241/403/491
f 203/402/492 241/403/492 179/404/492
f 236/407/493 210/406/493 241/403/493
f 210/406/494 236/407/494 208/408/494
f 234/409/495 208/408/495 236/407/495
f 179/404/496 210/406/497 193/410/498
f 191/411/499 193/410/499 210/406/499
f 170/405/500 179/404/500 167/412/500
f 193/410/498 167/412/501 179/404/496
f 200/397/502 170/405/502 189/413/502
f 167/412/503 189/413/503 170/405/503
f 240/398/504 200/397/504 238/414/504
f 189/413/505 238/414/505 200/397/505
f 190/415/506 364/394/506 192/393/506
f 265/416/507 236/407/507 270/417/507
f 268/418/508 236/407/508 265/416/508
f 236/407/509 268/418/509 234/409/509
f 203/402/510 251/419/510 257/400/510
f 170/405/511 200/397/511 204/420/511
f 245/399/512 204/420/512 200/397/512
f 236/407/513 241/403/513 270/417/513
f 208/408/514 191/411/514 210/406/514
f 207/421/515 391/390/515 404/422/515
f 188/423/516 166/392/516 325/395/516
f 364/394/484 397/396/486 166/392/482
f 190/415/517 404/422/517 364/394/517
f 207/421/518 404/422/518 190/415/518
f 391/390/519 207/421/519 233/391/519
f 327/424/520 391/390/520 267/389/520
f 245/399/521 240/398/521 305/425/521
f 335/426/522 295/427/522 257/400/522
f 295/427/523 335/426/523 333/428/523
f 335/426/524 388/429/524 357/430/524
f 333/428/525 357/430/525 387/431/525
f 357/430/526 333/428/526 335/426/526
f 333/428/527 387/431/527 322/432/527
f 392/433/528 322/432/529 387/431/530
f 322/432/529 392/433/528 328/434/531
f 365/435/532 387/431/532 357/430/532
f 387/431/533 365/435/533 405/436/533
f 398/437/534 357/430/535 388/429/536
f 357/430/535 398/437/534 365/435/537
f 326/438/538 388/429/538 305/425/538
f 388/429/539 326/438/539 398/437/539
f 238/414/540 305/425/540 240/398/540
f 305/425/541 238/414/541 326/438/541
f 270/417/542 322/432/542 265/416/542
f 265/416/543 322/432/543 268/418/543
f 328/434/544 268/418/544 322/432/544
f 257/400/545 251/419/546 335/426/547
f 335/426/548 309/439/548 388/429/548
f 309/439/549 335/426/547 251/419/546
f 270/417/550 333/428/550 322/432/550
f 387/431/551 405/436/551 392/433/551
f 237/440/552 188/423/552 325/395/552
f 912/441/553 728/442/553 879/443/553
f 743/444/554 955/445/554 979/446/554
f 705/447/555 979/446/556 776/448/557
f 943/449/558 900/450/558 947/451/558
f 942/452/559 920/453/559 894/454/559
f 920/453/560 942/452/560 906/455/560
f 942/452/561 974/456/561 965/457/561
f 906/455/562 965/457/562 936/458/562
f 965/457/563 906/455/563 942/452/563
f 906/455/564 936/458/564 911/459/564
f 939/460/565 911/459/566 936/458/567
f 911/459/566 939/460/565 913/461/568
f 956/462/569 936/458/569 965/457/569
f 936/458/570 956/462/570 954/463/570
f 980/464/571 965/457/571 974/456/571
f 965/457/572 980/464/572 956/462/572
f 959/465/573 974/456/573 947/451/573
f 974/456/574 959/465/574 980/464/574
f 910/466/575 947/451/575 908/467/575
f 947/451/576 910/466/576 959/465/576
f 955/445/577 743/444/578 953/468/579
f 878/469/580 911/459/580 882/470/580
f 882/470/581 911/459/581 880/471/581
f 913/461/582 880/471/582 911/459/582
f 894/454/583 896/472/583 942/452/583
f 943/449/584 947/451/584 974/456/584
f 900/450/585 943/449/585 896/472/585
f 878/469/586 906/455/586 911/459/586
f 936/458/587 954/463/587 939/460/587
f 713/473/588 728/442/589 938/474/590
f 776/448/591 958/475/591 909/476/591
f 776/448/557 979/446/556 958/475/557
f 979/446/556 705/447/555 743/444/592
f 743/444/578 713/473/593 953/468/579
f 953/468/594 713/473/588 938/474/590
f 912/441/595 938/474/595 728/442/595
f 879/443/596 728/442/596 784/477/596
f 796/478/597 900/450/597 896/472/597
f 894/454/598 832/479/598 778/480/598
f 821/481/599 778/480/599 832/479/599
f 753/482/600 719/483/600 778/480/600
f 733/484/601 753/482/601 821/481/601
f 778/480/602 821/481/602 753/482/602
f 788/485/603 733/484/603 821/481/603
f 733/484/604 788/485/604 729/486/604
f 785/487/605 729/486/605 788/485/605
f 753/482/606 733/484/606 744/488/606
f 714/489/607 744/488/607 733/484/607
f 719/483/608 753/482/608 706/490/608
f 744/488/609 706/490/609 753/482/609
f 804/491/610 719/483/610 777/492/610
f 706/490/611 777/492/611 719/483/611
f 908/467/612 804/491/612 910/466/612
f 777/492/613 910/466/613 804/491/613
f 882/470/614 788/485/614 878/469/614
f 880/471/615 788/485/616 882/470/617
f 788/485/616 880/471/615 785/487/618
f 778/480/619 896/472/619 894/454/619
f 719/483/620 796/478/620 778/480/620
f 896/472/621 778/480/621 796/478/621
f 788/485/622 821/481/622 878/469/622
f 729/486/623 714/489/623 733/484/623
f 489/493/624 415/494/624 570/495/624
f 574/496/625 489/493/625 570/495/625
f 435/497/626 384/498/626 415/494/626
f 556/499/627 570/495/627 415/494/627
f 435/497/628 415/494/628 489/493/628
f 577/500/629 570/495/629 663/501/629
f 570/495/630 752/502/630 663/501/630
f 752/502/631 570/495/631 556/499/631
f 663/501/632 752/502/632 738/503/632
f 752/502/633 773/504/633 738/503/633
f 730/226/634 763/227/634 806/505/634
f 352/506/635 299/507/635 401/32/635
f 562/368/636 836/209/636 565/210/636
f 566/12/637 292/21/637 563/180/637
f 160/154/638 196/156/638 182/95/638
f 160/154/639 148/98/639 202/100/639
f 991/346/640 951/348/640 969/345/640
f 928/344/641 991/346/641 969/345/641
f 142/508/642 172/3/642 136/2/642
f 172/3/643 135/509/643 162/510/643
f 135/509/644 172/3/645 142/508/646
f 138/511/647 162/510/648 135/509/649
f 143/17/650 140/512/650 110/513/650
f 109/514/651 106/515/651 140/512/651
f 143/17/652 114/516/652 136/2/652
f 114/516/653 143/17/653 110/513/653
f 136/2/654 114/516/654 142/508/654
f 118/517/655 142/508/655 114/516/655
f 116/518/656 135/509/656 118/517/656
f 142/508/646 118/517/657 135/509/644
f 135/509/649 116/518/658 138/511/647
f 109/514/659 138/511/659 116/518/659
f 140/512/660 138/511/660 109/514/660
f 106/515/661 110/513/661 140/512/661
f 107/519/662 121/520/662 119/521/662
f 121/520/663 107/519/663 108/522/663
f 113/523/664 124/524/664 129/525/664
f 125/526/665 112/527/665 111/528/665
f 117/529/666 128/530/666 131/531/666
f 128/530/667 117/529/667 112/527/667
f 115/532/668 131/531/668 133/533/668
f 131/531/669 115/532/669 117/529/669
f 108/522/670 133/533/670 121/520/670
f 133/533/671 108/522/671 115/532/671
f 111/528/672 119/521/672 125/526/672
f 119/521/673 111/528/673 107/519/673
f 1014/215/674 984/214/674 1010/384/674
f 985/534/675 1015/241/675 1010/384/675
f 1010/384/676 977/383/676 985/534/676
f 1015/241/677 985/534/677 992/239/677
f 1036/535/678 1008/536/678 1004/537/678
f 1008/536/679 1043/538/679 1041/539/679
f 1014/215/680 1022/540/680 1005/213/680
f 1036/535/681 1005/213/681 1022/540/681
f 1010/384/682 1022/540/682 1014/215/682
f 1022/540/683 1010/384/683 1020/541/683
f 1020/541/684 1015/241/684 1032/542/684
f 1015/241/685 1020/541/685 1010/384/685
f 1012/240/686 1032/542/686 1015/241/686
f 1032/542/687 1012/240/687 1041/539/687
f 1041/539/688 1011/543/688 1008/536/688
f 1008/536/689 1036/535/689 1043/538/689
f 1035/544/690 1040/545/690 1044/546/690
f 1042/547/691 1044/546/691 1040/545/691
f 1027/548/692 1019/549/692 1024/550/692
f 1037/551/693 1023/552/693 1018/553/693
f 1029/554/694 1026/555/694 1021/556/694
f 1023/552/695 1021/556/695 1026/555/695
f 1031/557/696 1029/554/696 1033/558/696
f 1021/556/697 1033/558/697 1029/554/697
f 1040/545/698 1031/557/698 1042/547/698
f 1033/558/699 1042/547/699 1031/557/699
f 1018/553/700 1035/544/700 1037/551/700
f 1044/546/701 1037/551/701 1035/544/701
f 999/236/702 982/249/702 995/237/702
f 995/237/703 944/235/703 1006/211/703
f 150/63/704 151/40/704 157/51/704
f 141/39/705 151/40/705 150/63/705
f 205/62/706 157/51/706 151/40/706
f 156/68/707 157/51/707 205/62/707
f 961/261/708 995/237/708 982/249/708
f 982/249/277 996/260/276 989/250/709
f 961/261/710 982/249/710 981/248/710
f 987/272/711 1001/266/711 981/248/711
f 195/73/712 156/68/712 205/62/712
f 195/73/713 176/71/713 156/68/713
f 309/439/714 245/399/714 305/425/714
f 204/420/715 245/399/715 251/419/715
f 804/491/716 908/467/716 900/450/716
f 900/450/717 908/467/717 947/451/717
f 251/419/718 203/402/718 204/420/718
f 170/405/719 204/420/719 203/402/719
f 245/399/720 309/439/720 251/419/720
f 309/439/721 305/425/721 388/429/721
f 719/483/722 804/491/722 796/478/722
f 900/450/723 796/478/723 804/491/723
f 942/452/724 943/449/724 974/456/724
f 943/449/725 942/452/725 896/472/725
f 122/559/726 103/560/726 120/561/726
f 103/560/727 122/559/727 98/562/727
f 127/563/728 104/564/728 130/565/728
f 104/564/729 127/563/729 101/566/729
f 132/567/730 102/568/730 134/569/730
f 102/568/731 132/567/731 105/570/731
f 105/570/732 130/565/732 104/564/732
f 130/565/733 105/570/733 132/567/733
f 134/569/734 99/571/734 123/572/734
f 99/571/735 134/569/735 102/568/735
f 84/573/736 88/574/736 94/575/736
f 104/564/737 101/566/737 97/576/737
f 102/568/738 92/577/738 99/571/738
f 87/578/739 92/577/739 95/579/739
f 97/576/740 88/574/740 96/580/740
f 105/570/741 95/579/741 102/568/741
f 98/562/742 91/581/742 90/582/742
f 96/580/743 105/570/743 97/576/743
f 120/561/744 103/560/744 126/583/744
f 103/560/745 93/584/745 100/585/745
f 100/585/746 126/583/746 103/560/746
f 95/579/747 96/580/747 89/586/747
f 89/586/748 87/578/748 95/579/748
f 90/582/749 91/581/750 82/587/751
f 85/588/752 82/587/751 91/581/750
f 83/589/753 90/582/753 82/587/753
f 105/570/754 96/580/754 95/579/754
f 102/568/755 95/579/755 92/577/755
f 83/589/756 93/584/756 90/582/756
f 98/562/757 90/582/757 103/560/757
f 104/564/758 97/576/758 105/570/758
f 101/566/759 94/575/759 97/576/759
f 103/560/760 90/582/760 93/584/760
f 64/590/761 65/591/761 77/592/761
f 86/593/762 77/592/762 81/594/762
f 81/594/763 77/592/763 72/595/763
f 65/591/764 72/595/764 77/592/764
f 85/588/765 79/596/765 82/587/765
f 78/597/766 61/598/766 73/599/766
f 67/600/767 80/601/767 70/602/767
f 75/603/768 64/590/768 76/604/768
f 64/590/769 75/603/769 62/605/769
f 75/603/770 76/604/771 84/573/772
f 88/574/773 84/573/772 76/604/771
f 11/606/774 21/607/774 44/608/774
f 21/607/775 11/606/775 6/609/775
f 12/610/776 44/608/776 35/611/776
f 44/608/777 12/610/777 11/606/777
f 3/612/778 22/613/778 7/614/778
f 49/615/779 33/616/779 47/617/779
f 33/616/780 49/615/780 38/618/780
f 4/619/781 13/620/782 37/621/783
f 2/622/784 13/620/782 4/619/781
f 31/623/785 11/606/785 12/610/785
f 14/624/786 13/620/786 2/622/786
f 13/620/787 14/624/787 32/625/787
f 50/626/788 32/625/788 14/624/788
f 32/625/789 50/626/789 48/627/789
f 66/628/790 59/629/790 45/630/790
f 60/631/791 68/632/791 63/633/791
f 64/590/792 22/613/792 3/612/792
f 22/613/793 64/590/793 62/605/793
f 65/591/794 37/621/794 72/595/794
f 37/621/795 65/591/795 4/619/795
f 52/634/796 35/611/796 44/608/796
f 35/611/797 52/634/797 55/635/797
f 66/628/798 61/598/798 78/597/798
f 61/598/799 66/628/799 45/630/799
f 21/607/800 61/598/800 44/608/800
f 56/636/801 69/637/801 36/638/801
f 71/639/802 57/640/802 63/633/802
f 8/641/803 19/642/803 9/643/803
f 19/642/804 8/641/804 23/644/804
f 59/629/805 52/634/805 45/630/805
f 63/633/806 68/632/806 71/639/806
f 63/633/807 43/645/808 60/631/809
f 43/645/808 63/633/807 46/646/810
f 51/647/811 40/648/811 54/649/811
f 40/648/812 51/647/812 28/650/812
f 57/640/813 46/646/813 63/633/813
f 46/646/814 57/640/814 41/651/814
f 2/622/815 3/612/815 1/652/815
f 3/612/816 7/614/816 1/652/816
f 30/653/817 6/609/817 11/606/817
f 6/609/818 30/653/818 15/654/818
f 16/655/819 1/652/819 7/614/819
f 1/652/820 16/655/820 5/656/820
f 47/617/821 15/654/821 30/653/821
f 15/654/822 47/617/822 33/616/822
f 14/624/823 5/656/823 50/626/823
f 34/657/824 5/656/824 16/655/824
f 5/656/825 34/657/825 39/658/825
f 53/659/826 42/660/826 29/661/826
f 42/660/827 53/659/827 58/662/827
f 24/663/828 43/645/828 46/646/828
f 43/645/829 24/663/829 18/664/829
f 9/643/830 40/648/830 28/650/830
f 40/648/831 9/643/831 19/642/831
f 20/665/832 46/646/832 41/651/832
f 46/646/833 20/665/833 24/663/833
f 42/660/834 10/666/834 29/661/834
f 10/666/835 42/660/835 26/667/835
f 76/604/836 77/592/836 89/586/836
f 82/587/837 79/596/837 74/668/837
f 14/624/838 2/622/838 5/656/838
f 50/626/839 5/656/839 39/658/839
f 65/591/840 64/590/840 3/612/840
f 4/619/841 3/612/841 2/622/841
f 2/622/842 1/652/842 5/656/842
f 88/574/843 76/604/843 89/586/843
f 96/580/844 88/574/844 89/586/844
f 77/592/845 86/593/845 87/578/845
f 92/577/846 87/578/846 86/593/846
f 82/587/847 74/668/847 83/589/847
f 89/586/848 77/592/848 87/578/848
f 64/590/849 77/592/849 76/604/849
f 4/619/850 65/591/850 3/612/850
f 88/574/851 97/576/851 94/575/851
f 23/644/852 8/641/852 17/669/852
f 43/645/853 18/664/853 27/670/853
f 25/671/854 17/669/854 9/643/854
f 8/641/855 9/643/855 17/669/855
f 1034/672/856 1049/673/856 1038/674/856
f 1051/675/857 1038/674/857 1049/673/857
f 1025/676/858 1045/677/858 1046/678/858
f 1046/678/859 1016/679/859 1025/676/859
f 1030/680/860 1050/681/860 1028/682/860
f 1048/683/861 1028/682/861 1050/681/861
f 1045/677/862 1025/676/862 1048/683/862
f 1028/682/863 1048/683/863 1025/676/863
f 1039/684/864 1052/685/864 1030/680/864
f 1050/681/865 1030/680/865 1052/685/865
f 1054/686/866 1053/687/866 1066/688/866
f 1053/687/867 1054/686/867 1046/678/867
f 1052/685/868 1059/689/868 1050/681/868
f 1056/690/869 1059/689/870 1063/691/871
f 1057/692/872 1061/693/872 1053/687/872
f 1050/681/873 1056/690/873 1048/683/873
f 1060/694/874 1058/695/874 1051/675/874
f 1053/687/875 1048/683/875 1057/692/875
f 1017/696/876 1049/673/876 1034/672/876
f 1047/697/877 1055/698/877 1060/694/877
f 1049/673/878 1017/696/878 1047/697/878
f 1063/691/879 1057/692/879 1056/690/879
f 1057/692/880 1063/691/880 1061/693/880
f 1068/699/881 1058/695/881 1060/694/881
f 1058/695/882 1068/699/882 1065/700/882
f 1068/699/883 1060/694/883 1067/701/883
f 1056/690/884 1057/692/884 1048/683/884
f 1059/689/885 1056/690/885 1050/681/885
f 1060/694/886 1055/698/886 1067/701/886
f 1049/673/887 1060/694/887 1051/675/887
f 1048/683/888 1053/687/888 1045/677/888
f 1045/677/889 1053/687/889 1046/678/889
f 1047/697/890 1060/694/890 1049/673/890
f 1074/702/891 1089/703/891 1090/704/891
f 1072/705/892 1075/706/892 1064/707/892
f 1085/708/893 1074/702/893 1071/709/893
f 1074/702/894 1085/708/894 1089/703/894
f 1068/699/895 1073/710/895 1065/700/895
f 1078/711/896 1091/712/896 1069/713/896
f 1083/714/897 1070/715/897 1087/716/897
f 1076/717/898 1090/704/898 1079/718/898
f 1092/719/899 1079/718/899 1090/704/899
f 1066/688/900 1077/720/900 1080/721/900
f 1077/720/901 1066/688/901 1062/722/901
f 1097/723/902 1125/724/902 1132/725/902
f 1135/726/903 1132/725/903 1125/724/903
f 1113/727/904 1097/723/904 1130/728/904
f 1132/725/905 1130/728/905 1097/723/905
f 1136/729/906 1126/730/906 1148/731/906
f 1105/732/907 1115/733/907 1099/734/907
f 1110/735/908 1099/734/908 1115/733/908
f 1114/736/909 1131/737/909 1143/738/909
f 1143/738/910 1131/737/910 1151/739/910
f 1130/728/911 1132/725/911 1121/740/911
f 1151/739/912 1131/737/912 1129/741/912
f 1122/742/913 1129/741/913 1131/737/913
f 1129/741/914 1122/742/914 1100/743/914
f 1106/744/915 1100/743/915 1122/742/915
f 1098/745/916 1095/746/916 1086/747/916
f 1093/748/917 1088/749/917 1096/750/917
f 1148/731/918 1126/730/918 1090/704/918
f 1092/719/919 1090/704/919 1126/730/919
f 1085/708/920 1114/736/920 1089/703/920
f 1143/738/921 1089/703/921 1114/736/921
f 1097/723/922 1113/727/922 1108/751/922
f 1102/752/923 1108/751/923 1113/727/923
f 1069/713/924 1091/712/924 1086/747/924
f 1098/745/925 1086/747/925 1091/712/925
f 1097/723/926 1091/712/926 1125/724/926
f 1112/753/927 1082/754/927 1103/755/927
f 1093/748/928 1104/756/928 1084/757/928
f 1149/758/929 1146/759/929 1152/760/929
f 1141/761/930 1152/760/930 1146/759/930
f 1098/745/931 1108/751/931 1095/746/931
f 1084/757/932 1088/749/932 1093/748/932
f 1096/750/933 1119/762/933 1093/748/933
f 1117/763/934 1093/748/934 1119/762/934
f 1101/764/935 1123/765/935 1107/766/935
f 1133/767/936 1107/766/936 1123/765/936
f 1093/748/937 1117/763/937 1104/756/937
f 1124/768/938 1104/756/938 1117/763/938
f 1153/769/939 1148/731/939 1151/739/939
f 1153/769/940 1136/729/940 1148/731/940
f 1132/725/941 1135/726/941 1120/770/941
f 1127/771/942 1120/770/942 1135/726/942
f 1136/729/943 1153/769/943 1128/772/943
f 1137/773/944 1128/772/944 1153/769/944
f 1120/770/945 1127/771/945 1105/732/945
f 1115/733/946 1105/732/946 1127/771/946
f 1100/743/947 1137/773/948 1129/741/949
f 1128/772/950 1137/773/950 1116/774/950
f 1111/775/951 1116/774/951 1137/773/951
f 1134/776/952 1118/777/952 1109/778/952
f 1094/779/953 1109/778/953 1118/777/953
f 1117/763/954 1119/762/954 1142/780/954
f 1145/781/955 1142/780/955 1119/762/955
f 1133/767/956 1123/765/956 1149/758/956
f 1146/759/957 1149/758/957 1123/765/957
f 1124/768/958 1117/763/958 1147/782/958
f 1142/780/959 1147/782/959 1117/763/959
f 1134/776/960 1150/783/960 1118/777/960
f 1139/784/961 1118/777/961 1150/783/961
f 1061/693/962 1063/691/962 1075/706/962
f 1081/785/963 1073/710/963 1068/699/963
f 1137/773/964 1151/739/964 1129/741/964
f 1111/775/965 1137/773/948 1100/743/947
f 1148/731/966 1090/704/966 1089/703/966
f 1151/739/967 1148/731/967 1143/738/967
f 1137/773/968 1153/769/968 1151/739/968
f 1061/693/969 1077/720/969 1062/722/969
f 1061/693/970 1062/722/970 1053/687/970
f 1063/691/971 1064/707/971 1075/706/971
f 1064/707/972 1063/691/871 1059/689/870
f 1067/701/973 1081/785/973 1068/699/973
f 1061/693/974 1075/706/974 1077/720/974
f 1076/717/975 1074/702/975 1090/704/975
f 1148/731/976 1089/703/976 1143/738/976
f 1066/688/977 1053/687/977 1062/722/977
f 1144/786/978 1152/760/978 1141/761/978
f 1140/787/979 1145/781/979 1119/762/979
f 1149/758/980 1144/786/980 1138/788/980
f 1144/786/981 1149/758/981 1152/760/981
f 371/789/982 360/790/982 316/791/982
f 450/792/983 465/793/983 447/794/983
f 450/792/984 430/795/984 509/796/984
f 503/797/985 502/798/985 536/799/985
f 450/792/986 378/800/986 430/795/986
f 447/794/987 378/800/987 450/792/987
f 499/801/988 501/802/988 502/798/988
f 460/803/989 459/804/989 503/797/989
f 512/805/990 503/797/990 536/799/990
f 447/794/991 459/804/991 413/806/991
f 393/807/992 378/800/992 362/808/992
f 389/809/993 413/806/993 441/810/993
f 598/811/994 524/812/994 510/813/994
f 486/814/995 589/815/995 517/816/995
f 589/815/996 592/817/996 518/818/996
f 582/819/997 586/820/997 495/821/997
f 509/796/998 494/822/998 450/792/998
f 495/821/999 590/823/999 487/824/999
f 471/825/1000 441/810/1001 460/803/1002
f 441/810/1001 413/806/1003 460/803/1002
f 470/826/1004 468/827/1004 493/828/1004
f 512/805/1005 536/799/1005 526/829/1005
f 451/830/1006 584/831/1006 573/832/1006
f 584/831/1007 451/830/1007 467/833/1007
f 383/834/1008 429/835/1008 394/836/1008
f 411/837/1009 467/833/1009 451/830/1009
f 506/838/1010 612/839/1010 615/840/1010
f 606/841/1011 610/842/1011 526/829/1011
f 610/842/1012 512/805/1012 526/829/1012
f 394/836/1013 359/843/1013 367/844/1013
f 502/798/1014 501/802/1014 525/845/1014
f 493/828/1015 469/846/1015 470/826/1015
f 502/798/1016 601/847/1016 557/848/1016
f 602/849/1017 557/848/1017 601/847/1017
f 602/849/1018 604/850/1018 557/848/1018
f 604/850/1019 536/799/1019 557/848/1019
f 536/799/1020 604/850/1020 606/841/1020
f 526/829/1021 536/799/1021 606/841/1021
f 315/851/1022 361/852/1022 288/853/1022
f 494/822/1023 465/793/1023 450/792/1023
f 495/821/1024 465/793/1024 494/822/1024
f 502/798/1025 600/854/1025 601/847/1025
f 502/798/1026 557/848/1026 536/799/1026
f 430/795/1027 498/855/1027 509/796/1027
f 575/856/1028 497/857/1028 488/858/1028
f 525/845/1029 599/859/1029 600/854/1029
f 525/845/1030 600/854/1030 502/798/1030
f 512/805/1031 610/842/1031 506/838/1031
f 506/838/1032 610/842/1032 612/839/1032
f 393/807/1033 430/795/1033 378/800/1033
f 436/860/1034 488/858/1034 429/835/1034
f 472/861/1035 464/862/1035 437/863/1035
f 437/863/1036 464/862/1036 402/864/1036
f 437/863/1037 374/865/1037 428/866/1037
f 437/863/1038 402/864/1038 374/865/1038
f 615/840/1039 617/867/1039 482/868/1039
f 482/868/1040 472/861/1040 437/863/1040
f 289/869/1041 353/870/1042 356/871/1043
f 446/872/1044 469/846/1044 439/873/1044
f 428/866/1045 377/874/1045 412/875/1045
f 412/875/1046 462/876/1046 482/868/1046
f 346/877/1047 375/878/1047 353/870/1047
f 377/874/1048 356/871/1048 353/870/1048
f 482/868/1049 428/866/1049 412/875/1049
f 483/879/1050 447/794/1050 465/793/1050
f 339/880/1051 362/808/1051 346/877/1051
f 346/877/1052 353/870/1052 340/881/1052
f 441/810/1053 424/882/1053 389/809/1053
f 314/883/1054 287/884/1054 330/885/1054
f 273/886/1055 276/887/1055 279/888/1055
f 342/889/1056 276/887/1056 288/853/1056
f 276/887/1057 342/889/1057 279/888/1057
f 462/876/1058 469/846/1058 506/838/1058
f 447/794/1059 484/890/1059 477/891/1059
f 598/811/1060 510/813/1060 593/892/1060
f 378/800/1061 447/794/1061 363/893/1061
f 459/804/1062 460/803/1062 413/806/1062
f 389/809/1063 376/894/1063 413/806/1063
f 362/808/1064 378/800/1064 363/893/1064
f 362/808/1065 363/893/1065 346/877/1065
f 361/852/1066 341/895/1066 288/853/1066
f 389/809/1067 424/882/1067 439/873/1067
f 439/873/1068 469/846/1068 462/876/1068
f 412/875/1069 439/873/1069 462/876/1069
f 492/896/1070 476/897/1070 484/890/1070
f 511/898/1071 508/899/1071 530/900/1071
f 507/901/1072 492/896/1072 513/902/1072
f 516/903/1073 591/904/1073 531/905/1073
f 608/906/1074 531/905/1074 591/904/1074
f 507/901/1075 480/907/1075 492/896/1075
f 595/908/1076 530/900/1076 609/909/1076
f 595/908/1077 511/898/1077 530/900/1077
f 506/838/1078 493/828/1078 512/805/1078
f 500/910/1079 460/803/1079 503/797/1079
f 383/834/1080 436/860/1080 429/835/1080
f 478/911/1081 499/801/1081 459/804/1081
f 495/821/1082 485/912/1082 465/793/1082
f 442/913/1083 424/882/1083 441/810/1083
f 429/835/1084 488/858/1084 497/857/1084
f 462/876/1085 506/838/1085 482/868/1085
f 482/868/1086 506/838/1086 615/840/1086
f 503/797/1087 499/801/1087 502/798/1087
f 503/797/1088 459/804/1088 499/801/1088
f 500/910/1089 503/797/1089 512/805/1089
f 506/838/1090 469/846/1090 493/828/1090
f 500/910/1091 512/805/1091 493/828/1091
f 400/914/1092 383/834/1092 410/915/1092
f 406/916/1093 383/834/1093 394/836/1093
f 406/916/1094 394/836/1094 366/917/1094
f 407/918/1095 451/830/1095 400/914/1095
f 479/919/1096 508/899/1096 511/898/1096
f 493/828/1097 471/825/1097 500/910/1097
f 471/825/1098 460/803/1098 500/910/1098
f 531/905/1099 507/901/1099 514/920/1099
f 515/921/1100 492/896/1100 484/890/1100
f 495/821/1101 586/820/1101 590/823/1101
f 582/819/1102 495/821/1102 494/822/1102
f 582/819/1103 494/822/1103 581/922/1103
f 581/922/1104 494/822/1104 509/796/1104
f 578/923/1105 509/796/1105 498/855/1105
f 474/924/1106 501/802/1106 499/801/1106
f 510/813/1107 524/812/1107 501/802/1107
f 510/813/1108 501/802/1108 473/925/1108
f 442/913/1109 441/810/1109 471/825/1109
f 475/926/1110 459/804/1110 447/794/1110
f 346/877/1111 363/893/1111 376/894/1111
f 377/874/1112 375/878/1112 389/809/1112
f 375/878/1113 377/874/1113 353/870/1113
f 363/893/1114 447/794/1114 376/894/1114
f 389/809/1115 375/878/1115 376/894/1115
f 375/878/1116 346/877/1116 376/894/1116
f 389/809/1117 412/875/1117 377/874/1117
f 389/809/1118 439/873/1118 412/875/1118
f 446/872/1119 439/873/1119 424/882/1119
f 578/923/1120 581/922/1120 509/796/1120
f 575/856/1121 580/927/1121 497/857/1121
f 428/866/1122 374/865/1122 377/874/1122
f 603/928/1123 440/929/1123 453/930/1123
f 306/931/1124 373/932/1124 323/933/1124
f 347/934/1125 345/935/1125 289/869/1125
f 334/936/1126 345/935/1126 440/929/1126
f 345/935/1127 347/934/1127 440/929/1127
f 402/864/1128 289/869/1128 374/865/1128
f 277/937/1129 330/885/1129 287/884/1129
f 368/938/1130 379/939/1130 409/940/1130
f 408/941/1131 379/939/1131 461/942/1131
f 379/939/1132 329/943/1132 373/932/1132
f 370/944/1133 314/883/1133 330/885/1133
f 274/945/1134 324/946/1134 277/937/1134
f 386/947/1135 458/948/1135 373/932/1135
f 323/933/1136 373/932/1136 329/943/1136
f 386/947/1137 588/949/1137 458/948/1137
f 369/950/1138 329/943/1138 379/939/1138
f 373/932/1139 461/942/1139 379/939/1139
f 353/870/1140 289/869/1140 318/951/1140
f 321/952/1141 289/869/1141 303/953/1141
f 303/953/1142 289/869/1142 306/931/1142
f 306/931/1143 289/869/1143 345/935/1143
f 603/928/1144 453/930/1144 614/954/1144
f 440/929/1145 347/934/1145 453/930/1145
f 386/947/1146 440/929/1146 603/928/1146
f 386/947/1147 373/932/1147 334/936/1147
f 386/947/1148 334/936/1148 440/929/1148
f 461/942/1149 373/932/1149 458/948/1149
f 583/955/1150 461/942/1150 588/949/1150
f 408/941/1151 461/942/1151 466/956/1151
f 324/946/1152 330/885/1152 277/937/1152
f 588/949/1153 461/942/1153 458/948/1153
f 355/957/1154 390/958/1154 423/959/1154
f 423/959/1155 390/958/1155 624/960/1155
f 289/869/1156 313/961/1156 317/962/1156
f 317/962/1157 423/959/1158 438/963/1159
f 317/962/1160 355/957/1160 423/959/1160
f 438/963/1161 423/959/1161 623/964/1161
f 317/962/1162 347/934/1162 289/869/1162
f 481/965/1163 623/964/1163 622/966/1163
f 491/967/1164 625/968/1164 403/969/1164
f 403/969/1165 625/968/1165 390/958/1165
f 403/969/1166 449/970/1166 491/967/1166
f 402/864/1167 313/961/1167 289/869/1167
f 624/960/1168 623/964/1168 423/959/1168
f 438/963/1159 347/934/1169 317/962/1157
f 622/966/1170 614/954/1170 481/965/1170
f 347/934/1171 438/963/1171 481/965/1171
f 481/965/1172 614/954/1172 453/930/1172
f 438/963/1173 623/964/1173 481/965/1173
f 453/930/1174 347/934/1174 481/965/1174
f 313/961/1175 355/957/1175 317/962/1175
f 402/864/1176 463/971/1176 313/961/1176
f 386/947/1177 603/928/1177 597/972/1177
f 496/973/1178 490/974/1178 619/975/1178
f 491/967/1179 490/974/1179 496/973/1179
f 390/958/1180 625/968/1180 624/960/1180
f 403/969/1181 355/957/1181 313/961/1181
f 355/957/1182 403/969/1182 390/958/1182
f 449/970/1183 403/969/1183 463/971/1183
f 313/961/1184 463/971/1184 403/969/1184
f 466/956/1185 461/942/1185 583/955/1185
f 376/894/1186 447/794/1186 413/806/1186
f 334/936/1187 306/931/1187 345/935/1187
f 279/888/1188 308/976/1188 273/886/1188
f 279/888/1189 304/977/1189 308/976/1189
f 320/978/1190 304/977/1190 279/888/1190
f 320/978/1191 279/888/1191 344/979/1191
f 343/980/1192 354/981/1192 319/982/1192
f 334/936/1193 373/932/1193 306/931/1193
f 274/945/1194 307/983/1194 324/946/1194
f 482/868/1195 437/863/1195 428/866/1195
f 482/868/1196 617/867/1196 472/861/1196
f 617/867/1197 620/984/1198 472/861/1199
f 472/861/1199 620/984/1198 464/862/1200
f 377/874/1201 374/865/1201 356/871/1201
f 289/869/1041 356/871/1043 374/865/1202
f 490/974/1203 491/967/1203 449/970/1203
f 463/971/1204 490/974/1204 449/970/1204
f 588/949/1205 386/947/1205 597/972/1205
f 463/971/1206 619/975/1206 490/974/1206
f 470/826/1207 469/846/1207 446/872/1207
f 446/872/1208 468/827/1208 470/826/1208
f 468/827/1209 442/913/1209 471/825/1209
f 446/872/1210 424/882/1210 442/913/1210
f 446/872/1211 442/913/1211 468/827/1211
f 468/827/1212 471/825/1212 493/828/1212
f 857/985/1213 800/986/1213 794/987/1213
f 723/988/1214 696/989/1214 716/990/1214
f 646/991/1215 740/992/1215 716/990/1215
f 652/993/1216 631/994/1216 630/995/1216
f 740/992/1217 779/996/1217 716/990/1217
f 716/990/1218 779/996/1218 723/988/1218
f 652/993/1219 653/997/1219 655/998/1219
f 651/999/1220 697/1000/1220 698/1001/1220
f 641/1002/1221 651/999/1221 654/1003/1221
f 749/1004/1222 697/1000/1222 723/988/1222
f 802/1005/1223 779/996/1223 767/1006/1223
f 727/1007/1224 749/1004/1224 775/1008/1224
f 645/1009/1225 636/1010/1225 598/811/1225
f 637/1011/1226 589/815/1226 666/1012/1226
f 637/1011/1227 592/817/1227 589/815/1227
f 659/1013/1228 587/1014/1228 582/819/1228
f 716/990/1229 660/1015/1229 646/991/1229
f 667/1016/1230 590/823/1230 659/1013/1230
f 698/1001/1231 727/1007/1231 673/1017/1231
f 698/1001/1232 749/1004/1232 727/1007/1232
f 656/1018/1233 689/1019/1233 687/1020/1233
f 641/1002/1234 631/994/1234 651/999/1234
f 731/1021/1235 585/1022/1235 691/1023/1235
f 585/1022/1236 731/1021/1236 573/832/1236
f 767/1006/1237 741/1024/1237 772/1025/1237
f 731/1021/1238 691/1023/1238 755/1026/1238
f 616/1027/1239 613/1028/1239 647/1029/1239
f 634/1030/1240 611/1031/1240 607/1032/1240
f 634/1030/1241 641/1002/1241 611/1031/1241
f 761/1033/1242 792/1034/1242 767/1006/1242
f 635/1035/1243 653/997/1243 652/993/1243
f 687/1020/1244 688/1036/1244 656/1018/1244
f 630/995/1245 601/847/1245 652/993/1245
f 601/847/1246 630/995/1246 602/849/1246
f 630/995/1247 605/1037/1247 602/849/1247
f 630/995/1248 631/994/1248 605/1037/1248
f 634/1030/1249 607/1032/1249 631/994/1249
f 607/1032/1250 605/1037/1250 631/994/1250
f 875/1038/1251 801/1039/1251 856/1040/1251
f 716/990/1252 696/989/1252 660/1015/1252
f 660/1015/1253 696/989/1253 659/1013/1253
f 601/847/1254 600/854/1254 652/993/1254
f 652/993/1255 651/999/1255 631/994/1255
f 646/991/1256 657/1041/1256 740/992/1256
f 662/1042/1257 658/1043/1257 576/1044/1257
f 600/854/1258 599/859/1258 635/1035/1258
f 652/993/1259 600/854/1259 635/1035/1259
f 647/1029/1260 613/1028/1260 611/1031/1260
f 647/1029/1261 611/1031/1261 641/1002/1261
f 779/996/1262 740/992/1262 767/1006/1262
f 741/1024/1263 662/1042/1263 737/1045/1263
f 735/1046/1264 693/1047/1264 682/1048/1264
f 766/1049/1265 693/1047/1265 735/1046/1265
f 742/1050/1266 789/1051/1266 735/1046/1266
f 789/1051/1267 766/1049/1267 735/1046/1267
f 671/1052/1268 618/1053/1268 616/1027/1268
f 735/1046/1269 682/1048/1269 671/1052/1269
f 811/1054/1270 813/1055/1270 871/1056/1270
f 724/1057/1271 688/1036/1271 717/1058/1271
f 762/1059/1272 780/1060/1272 742/1050/1272
f 671/1052/1273 694/1061/1273 762/1059/1273
f 813/1055/1274 781/1062/1274 787/1063/1274
f 813/1055/1275 811/1054/1275 781/1062/1275
f 762/1059/1276 742/1050/1276 671/1052/1276
f 696/989/1277 723/988/1277 669/1064/1277
f 818/1065/1278 802/1005/1278 827/1066/1278
f 829/1067/1279 813/1055/1279 818/1065/1279
f 775/1008/1280 746/1068/1280 727/1007/1280
f 838/1069/1281 876/1070/1281 855/1071/1281
f 881/1072/1282 883/1073/1282 886/1074/1282
f 875/1038/1283 883/1073/1283 823/1075/1283
f 881/1072/1284 826/1076/1284 883/1073/1284
f 647/1029/1285 656/1018/1285 688/1036/1285
f 679/1077/1286 668/1078/1286 723/988/1286
f 594/1079/1287 645/1009/1287 598/811/1287
f 797/1080/1288 786/1081/1288 723/988/1288
f 749/1004/1289 698/1001/1289 697/1000/1289
f 749/1004/1290 786/1081/1290 775/1008/1290
f 797/1080/1291 779/996/1291 802/1005/1291
f 818/1065/1292 797/1080/1292 802/1005/1292
f 875/1038/1293 828/1082/1293 801/1039/1293
f 762/1059/1294 724/1057/1294 775/1008/1294
f 694/1061/1295 688/1036/1295 724/1057/1295
f 694/1061/1296 724/1057/1296 762/1059/1296
f 668/1078/1297 675/1083/1297 661/1084/1297
f 633/1085/1298 648/1086/1298 644/1087/1298
f 640/1088/1299 661/1084/1299 649/1089/1299
f 632/1090/1300 608/906/1300 591/904/1300
f 591/904/1301 638/1091/1301 632/1090/1301
f 661/1084/1302 674/1092/1302 649/1089/1302
f 596/1093/1303 633/1085/1303 644/1087/1303
f 609/909/1304 633/1085/1304 596/1093/1304
f 694/1061/1305 647/1029/1305 688/1036/1305
f 654/1003/1306 698/1001/1307 673/1017/1308
f 741/1024/1309 737/1045/1309 772/1025/1309
f 681/1094/1310 655/998/1310 653/997/1310
f 696/989/1311 670/1095/1311 659/1013/1311
f 727/1007/1312 746/1068/1312 718/1096/1312
f 658/1043/1313 662/1042/1313 741/1024/1313
f 671/1052/1314 647/1029/1314 694/1061/1314
f 616/1027/1315 647/1029/1315 671/1052/1315
f 652/993/1316 655/998/1316 651/999/1316
f 655/998/1317 697/1000/1317 651/999/1317
f 641/1002/1318 634/1030/1318 631/994/1318
f 641/1002/1319 656/1018/1319 647/1029/1319
f 656/1018/1320 641/1002/1320 654/1003/1320
f 757/1097/1321 767/1006/1321 772/1025/1321
f 760/1098/1322 772/1025/1322 764/1099/1322
f 795/1100/1323 799/1101/1323 767/1006/1323
f 764/1099/1324 731/1021/1324 756/1102/1324
f 644/1087/1325 648/1086/1325 676/1103/1325
f 654/1003/1306 651/999/1326 698/1001/1307
f 656/1018/1327 654/1003/1327 673/1017/1327
f 638/1091/1328 649/1089/1328 632/1090/1328
f 668/1078/1329 661/1084/1329 639/1104/1329
f 590/823/1330 587/1014/1330 659/1013/1330
f 660/1015/1331 659/1013/1331 582/819/1331
f 581/922/1332 660/1015/1332 582/819/1332
f 646/991/1333 660/1015/1333 581/922/1333
f 657/1041/1334 646/991/1334 578/923/1334
f 678/1105/1335 653/997/1335 645/1009/1335
f 653/997/1336 636/1010/1336 645/1009/1336
f 680/1106/1337 697/1000/1337 655/998/1337
f 673/1017/1338 727/1007/1338 718/1096/1338
f 723/988/1339 697/1000/1339 677/1107/1339
f 786/1081/1340 797/1080/1340 818/1065/1340
f 775/1008/1341 787/1063/1342 780/1060/1343
f 818/1065/1344 813/1055/1344 787/1063/1344
f 797/1080/1345 723/988/1345 779/996/1345
f 786/1081/1346 787/1063/1342 775/1008/1341
f 786/1081/1347 818/1065/1347 787/1063/1347
f 780/1060/1348 762/1059/1348 775/1008/1348
f 775/1008/1349 724/1057/1349 746/1068/1349
f 746/1068/1350 724/1057/1350 717/1058/1350
f 646/991/1351 581/922/1351 578/923/1351
f 658/1043/1352 579/1108/1352 576/1044/1352
f 780/1060/1353 789/1051/1353 742/1050/1353
f 709/1109/1354 734/1110/1354 603/928/1354
f 842/1111/1355 798/1112/1355 865/1113/1355
f 871/1056/1356 817/1114/1356 803/1115/1356
f 734/1110/1357 817/1114/1357 847/1116/1357
f 734/1110/1358 803/1115/1358 817/1114/1358
f 789/1051/1359 871/1056/1359 858/1117/1359
f 876/1070/1360 838/1069/1360 884/1118/1360
f 758/1119/1361 810/1120/1361 793/1121/1361
f 695/1122/1362 810/1120/1362 759/1123/1362
f 798/1112/1363 837/1124/1363 810/1120/1363
f 838/1069/1364 855/1071/1364 791/1125/1364
f 884/1118/1365 843/1126/1365 885/1127/1365
f 798/1112/1366 701/1128/1366 732/1129/1366
f 837/1124/1367 798/1112/1367 842/1111/1367
f 701/1128/1368 588/949/1368 732/1129/1368
f 810/1120/1369 837/1124/1369 790/1130/1369
f 810/1120/1370 695/1122/1370 798/1112/1370
f 852/1131/1371 871/1056/1371 813/1055/1371
f 869/1132/1372 871/1056/1372 853/1133/1372
f 865/1113/1373 871/1056/1373 869/1132/1373
f 817/1114/1374 871/1056/1374 865/1113/1374
f 614/954/1375 709/1109/1375 603/928/1375
f 709/1109/1376 803/1115/1376 734/1110/1376
f 603/928/1377 734/1110/1377 732/1129/1377
f 847/1116/1378 798/1112/1378 732/1129/1378
f 734/1110/1379 847/1116/1379 732/1129/1379
f 701/1128/1380 798/1112/1380 695/1122/1380
f 588/949/1381 695/1122/1381 583/955/1381
f 690/1134/1382 695/1122/1382 759/1123/1382
f 884/1118/1383 838/1069/1383 843/1126/1383
f 701/1128/1384 695/1122/1384 588/949/1384
f 748/1135/1385 769/1136/1385 816/1137/1385
f 624/960/1386 769/1136/1386 748/1135/1386
f 846/1138/1387 858/1117/1387 871/1056/1387
f 754/1139/1388 748/1135/1388 846/1138/1388
f 748/1135/1389 816/1137/1389 846/1138/1389
f 623/964/1390 748/1135/1390 754/1139/1390
f 871/1056/1391 803/1115/1391 846/1138/1391
f 622/966/1392 623/964/1392 672/1140/1392
f 765/1141/1393 769/1136/1393 625/968/1393
f 765/1141/1394 625/968/1394 491/967/1394
f 491/967/1395 720/1142/1395 765/1141/1395
f 789/1051/1396 858/1117/1396 766/1049/1396
f 748/1135/1397 623/964/1397 624/960/1397
f 846/1138/1398 803/1115/1398 754/1139/1398
f 672/1140/1399 614/954/1399 622/966/1399
f 709/1109/1400 754/1139/1400 803/1115/1400
f 709/1109/1401 614/954/1401 672/1140/1401
f 672/1140/1402 623/964/1402 754/1139/1402
f 672/1140/1403 754/1139/1403 709/1109/1403
f 846/1138/1404 816/1137/1404 858/1117/1404
f 858/1117/1405 692/1143/1405 766/1049/1405
f 597/972/1406 603/928/1406 732/1129/1406
f 619/975/1407 650/1144/1407 496/973/1407
f 496/973/1408 650/1144/1408 491/967/1408
f 624/960/1409 625/968/1409 769/1136/1409
f 858/1117/1410 816/1137/1410 765/1141/1410
f 769/1136/1411 765/1141/1411 816/1137/1411
f 692/1143/1412 858/1117/1412 720/1142/1412
f 765/1141/1413 720/1142/1413 858/1117/1413
f 583/955/1414 695/1122/1414 690/1134/1414
f 749/1004/1415 723/988/1415 786/1081/1415
f 817/1114/1416 865/1113/1416 847/1116/1416
f 886/1074/1417 867/1145/1417 881/1072/1417
f 867/1145/1418 868/1146/1418 881/1072/1418
f 881/1072/1419 868/1146/1419 850/1147/1419
f 824/1148/1420 881/1072/1420 850/1147/1420
f 851/1149/1421 812/1150/1421 825/1151/1421
f 865/1113/1422 798/1112/1422 847/1116/1422
f 843/1126/1423 866/1152/1423 885/1127/1423
f 742/1050/1424 735/1046/1424 671/1052/1424
f 682/1048/1425 618/1053/1425 671/1052/1425
f 682/1048/1426 621/1153/1426 618/1053/1426
f 693/1047/1427 621/1153/1427 682/1048/1427
f 811/1054/1428 789/1051/1428 780/1060/1428
f 789/1051/1429 811/1054/1429 871/1056/1429
f 720/1142/1430 491/967/1430 650/1144/1430
f 720/1142/1431 650/1144/1431 692/1143/1431
f 597/972/1432 732/1129/1432 588/949/1432
f 650/1144/1433 619/975/1433 692/1143/1433
f 717/1058/1434 688/1036/1434 687/1020/1434
f 687/1020/1435 689/1019/1435 717/1058/1435
f 673/1017/1436 718/1096/1436 689/1019/1436
f 718/1096/1437 746/1068/1437 717/1058/1437
f 689/1019/1438 718/1096/1438 717/1058/1438
f 656/1018/1439 673/1017/1439 689/1019/1439
